source	file	line	shape	replacement	first accepting configuration	first refusal when none
snowghost@2377817	renderer/url/base.wf	26	clamp	clamped_e <= href_len	none	INV-1:UndischargedLocalInvariant
snowghost@2377817	renderer/url/base.wf	31	clamp	clamped_s <= clamped_e	none	INV-1:UndischargedLocalInvariant
snowghost@2377817	renderer/url/base.wf	125	else-exit guard	length >= 2_u64	none	INV-1:UndischargedLocalInvariant
snowghost@2377817	renderer/url/base.wf	132	else-exit guard	inner_end <= length	v0.78	
snowghost@2377817	renderer/url/base.wf	243	else-exit guard	length > 1_u64	none	INV-1:UndischargedLocalInvariant
snowghost@2377817	renderer/url/base.wf	249	else-exit guard	seg_end <= length	v0.78	
snowghost@2377817	renderer/url/base.wf	261	else-exit guard	piece_len >= 2_u64	none	INV-1:UndischargedLocalInvariant
snowghost@2377817	renderer/url/base.wf	282	else-exit guard	length > 1_u64	none	INV-1:UndischargedLocalInvariant
snowghost@2377817	renderer/url/base.wf	288	else-exit guard	seg_end <= length	v0.78	
snowghost@2377817	renderer/url/builder.wf	96	else-exit guard	pos < length	none	REF-4:UndischargedRangeFormationObligation
snowghost@2377817	renderer/url/builder.wf	111	clamp	result <= length	b,a	
snowghost@2377817	renderer/url/builder.wf	115	clamp	result >= start	none	REF-4:UndischargedRangeFormationObligation
snowghost@2377817	renderer/url/builder.wf	127	else-exit guard	v >= 10_u64	none	INV-1:UndischargedLocalInvariant
snowghost@2377817	renderer/url/builder.wf	153	clamp	bounded_count <= 20_u64	none	INV-1:UndischargedLocalInvariant
snowghost@2377817	renderer/url/builder.wf	161	clamp	bounded_remaining <= 19_u64	none	INV-1:UndischargedLocalInvariant
snowghost@2377817	renderer/url/builder.wf	167	skip guard	safe_divisor == 0_u64	none	INV-1:UndischargedLocalInvariant
snowghost@2377817	renderer/url/builder.wf	283	then-exit guard	href.inner.len <= 268435456_u64	none	INV-1:UndischargedLocalInvariant
snowghost@2377817	renderer/url/bytes.wf	18	skip guard	length >= capacity	none	INV-1:UndischargedLocalInvariant
snowghost@2377817	renderer/url/bytes.wf	24	else-exit guard	capacity <= limit	none	INV-1:UndischargedLocalInvariant
snowghost@2377817	renderer/url/bytes.wf	46	skip guard	length >= capacity	none	INV-1:UndischargedLocalInvariant
snowghost@2377817	renderer/url/bytes.wf	52	else-exit guard	capacity <= limit	none	INV-1:UndischargedLocalInvariant
snowghost@2377817	renderer/url/bytes.wf	128	clamp	next <= length	none	INV-1:UndischargedLocalInvariant
snowghost@2377817	renderer/url/bytes.wf	132	skip guard	next <= pos	none	INV-1:UndischargedLocalInvariant
snowghost@2377817	renderer/url/bytes.wf	145	then-exit guard	lead > 127_u8	none	INV-1:UndischargedLocalInvariant
snowghost@2377817	renderer/url/bytes.wf	211	else-exit guard	index < need	none	INV-1:UndischargedLocalInvariant
snowghost@2377817	renderer/url/bytes.wf	218	else-exit guard	at < length	none	INV-1:UndischargedLocalInvariant
snowghost@2377817	renderer/url/bytes.wf	238	else-exit guard	byte >= lo and byte <= hi	none	INV-1:UndischargedLocalInvariant
snowghost@2377817	renderer/url/classify.wf	99	then-exit guard	nibble > 9_u8	none	INV-1:UndischargedLocalInvariant
snowghost@2377817	renderer/url/classify.wf	280	then-exit guard	cp >= 128_u32	none	INV-1:UndischargedLocalInvariant
snowghost@2377817	renderer/url/classify.wf	292	then-exit guard	cp >= 2048_u32	none	INV-1:UndischargedLocalInvariant
snowghost@2377817	renderer/url/classify.wf	299	then-exit guard	cp >= 65536_u32	none	INV-1:UndischargedLocalInvariant
snowghost@2377817	renderer/url/host.wf	20	else-exit guard	pos < length	none	INV-1:UndischargedLocalInvariant
snowghost@2377817	renderer/url/host.wf	28	skip guard	byte == 37_u8	none	INV-1:UndischargedLocalInvariant
snowghost@2377817	renderer/url/host.wf	34	skip guard	hi_pos < length and lo_pos < length	none	INV-1:UndischargedLocalInvariant
snowghost@2377817	renderer/url/host.wf	57	clamp	clamped <= length	none	INV-1:UndischargedLocalInvariant
snowghost@2377817	renderer/url/host.wf	74	else-exit guard	pos < length	none	INV-1:UndischargedLocalInvariant
snowghost@2377817	renderer/url/host.wf	92	else-exit guard	cp < 128_u32	none	INV-1:UndischargedLocalInvariant
snowghost@2377817	renderer/url/host.wf	141	else-exit guard	codepoints^.len <= 16777216_u64	none	INV-1:UndischargedLocalInvariant
snowghost@2377817	renderer/url/host.wf	173	else-exit guard	produced_len >= entry_len	none	INV-1:UndischargedLocalInvariant
snowghost@2377817	renderer/url/host.wf	198	else-exit guard	pos < length	none	INV-1:UndischargedLocalInvariant
snowghost@2377817	renderer/url/host.wf	221	else-exit guard	length > 0_u64	none	INV-1:UndischargedLocalInvariant
snowghost@2377817	renderer/url/host.wf	247	else-exit guard	last_index >= 1_u64 and last_index <= length	none	INV-1:UndischargedLocalInvariant
snowghost@2377817	renderer/url/host.wf	310	else-exit guard	ascii_len > 0_u64	none	INV-1:UndischargedLocalInvariant
snowghost@2377817	renderer/url/ipv4.wf	13	skip guard	length >= 2_u64	none	INV-1:UndischargedLocalInvariant
snowghost@2377817	renderer/url/ipv4.wf	44	else-exit guard	digit < radix	none	INV-1:UndischargedLocalInvariant
snowghost@2377817	renderer/url/ipv4.wf	76	else-exit guard	pos < length	none	INV-1:UndischargedLocalInvariant
snowghost@2377817	renderer/url/ipv4.wf	91	clamp	result <= length	b,a	
snowghost@2377817	renderer/url/ipv4.wf	95	clamp	result >= start	none	INV-1:UndischargedLocalInvariant
snowghost@2377817	renderer/url/ipv4.wf	104	then-exit guard	v0 < ipv4_number_ceiling	none	INV-1:UndischargedLocalInvariant
snowghost@2377817	renderer/url/ipv4.wf	114	else-exit guard	v0 <= 255_u64	none	INV-1:UndischargedLocalInvariant
snowghost@2377817	renderer/url/ipv4.wf	120	else-exit guard	v1 < threshold	none	INV-1:UndischargedLocalInvariant
snowghost@2377817	renderer/url/ipv4.wf	135	else-exit guard	v0 <= 255_u64 and v1 <= 255_u64	none	INV-1:UndischargedLocalInvariant
snowghost@2377817	renderer/url/ipv4.wf	141	else-exit guard	v2 < threshold	none	INV-1:UndischargedLocalInvariant
snowghost@2377817	renderer/url/ipv4.wf	161	else-exit guard	v0 <= 255_u64 and v1 <= 255_u64 and v2 <= 255_u64	none	INV-1:UndischargedLocalInvariant
snowghost@2377817	renderer/url/ipv4.wf	167	else-exit guard	v3 < threshold	none	INV-1:UndischargedLocalInvariant
snowghost@2377817	renderer/url/ipv4.wf	200	then-exit guard	cursor < length	none	INV-1:UndischargedLocalInvariant
snowghost@2377817	renderer/url/ipv4.wf	205	else-exit guard	seg_start <= length	v0.78	
snowghost@2377817	renderer/url/ipv4.wf	246	then-exit guard	count <= 4_u64	none	INV-1:UndischargedLocalInvariant
snowghost@2377817	renderer/url/ipv4.wf	249	skip guard	count == 1_u64	none	TYPE-6:DeclarationCollision
snowghost@2377817	renderer/url/ipv4.wf	261	skip guard	count == 2_u64	none	TYPE-6:DeclarationCollision
snowghost@2377817	renderer/url/ipv4.wf	265	else-exit guard	s1 <= e1 and e1 <= length	none	INV-1:UndischargedLocalInvariant
snowghost@2377817	renderer/url/ipv4.wf	288	skip guard	count == 3_u64	none	TYPE-6:DeclarationCollision
snowghost@2377817	renderer/url/ipv4.wf	296	else-exit guard	s1 <= e1 and e1 <= length and s2 <= e2 and e2 <= length	none	INV-1:UndischargedLocalInvariant
snowghost@2377817	renderer/url/ipv4.wf	407	skip guard	last_byte == 46_u8	none	INV-1:UndischargedLocalInvariant
snowghost@2377817	renderer/url/ipv4.wf	414	skip guard	byte == 46_u8	none	INV-1:UndischargedLocalInvariant
snowghost@2377817	renderer/url/ipv4.wf	420	skip guard	last_dot < trimmed_end	none	INV-1:UndischargedLocalInvariant
snowghost@2377817	renderer/url/ipv4.wf	471	skip guard	hundreds > 0_u32	none	TYPE-6:DeclarationCollision
snowghost@2377817	renderer/url/ipv6.wf	17	else-exit guard	pos < length	none	INV-1:UndischargedLocalInvariant
snowghost@2377817	renderer/url/ipv6.wf	21	skip guard	numbers_seen > 0_u64	none	INV-1:UndischargedLocalInvariant
snowghost@2377817	renderer/url/ipv6.wf	33	else-exit guard	pos < length	none	INV-1:UndischargedLocalInvariant
snowghost@2377817	renderer/url/ipv6.wf	47	else-exit guard	pos < length	none	INV-1:UndischargedLocalInvariant
snowghost@2377817	renderer/url/ipv6.wf	71	then-exit guard	octet <= 255_u32	none	INV-1:UndischargedLocalInvariant
snowghost@2377817	renderer/url/ipv6.wf	91	else-exit guard	numbers_seen == 4_u64	none	INV-1:UndischargedLocalInvariant
snowghost@2377817	renderer/url/ipv6.wf	108	skip guard	length > 0_u64	none	INV-1:UndischargedLocalInvariant
snowghost@2377817	renderer/url/ipv6.wf	111	skip guard	b0 == 58_u8	none	INV-1:UndischargedLocalInvariant
snowghost@2377817	renderer/url/ipv6.wf	113	else-exit guard	length >= 2_u64	none	INV-1:UndischargedLocalInvariant
snowghost@2377817	renderer/url/ipv6.wf	119	else-exit guard	b1 == 58_u8	none	INV-1:UndischargedLocalInvariant
snowghost@2377817	renderer/url/ipv6.wf	131	else-exit guard	pos < length	none	INV-1:UndischargedLocalInvariant
snowghost@2377817	renderer/url/ipv6.wf	155	else-exit guard	digit_count < 4_u64	none	INV-1:UndischargedLocalInvariant
snowghost@2377817	renderer/url/ipv6.wf	160	else-exit guard	pos < length	none	INV-1:UndischargedLocalInvariant
snowghost@2377817	renderer/url/ipv6.wf	194	then-exit guard	piece_index <= 6_u64	none	INV-1:UndischargedLocalInvariant
snowghost@2377817	renderer/url/ipv6.wf	200	else-exit guard	piece_index < 8_u64	v0.78	
snowghost@2377817	renderer/url/ipv6.wf	207	else-exit guard	next_index < 8_u64	v0.78	
snowghost@2377817	renderer/url/ipv6.wf	222	then-exit guard	pos < length	none	INV-1:UndischargedLocalInvariant
snowghost@2377817	renderer/url/ipv6.wf	226	else-exit guard	piece_index < 8_u64	none	INV-1:UndischargedLocalInvariant
snowghost@2377817	renderer/url/ipv6.wf	234	else-exit guard	piece_index < 8_u64	none	INV-1:UndischargedLocalInvariant
snowghost@2377817	renderer/url/ipv6.wf	247	else-exit guard	compress_index <= piece_index	none	INV-1:UndischargedLocalInvariant
snowghost@2377817	renderer/url/ipv6.wf	266	else-exit guard	write_index < 8_u64 and src_index < 8_u64	none	INV-1:UndischargedLocalInvariant
snowghost@2377817	renderer/url/ipv6.wf	279	else-exit guard	piece_index == 8_u64	none	INV-1:UndischargedLocalInvariant
snowghost@2377817	renderer/url/ipv6.wf	307	skip guard	found_size > longest_size	none	INV-1:UndischargedLocalInvariant
snowghost@2377817	renderer/url/ipv6.wf	317	skip guard	found_size > longest_size	none	INV-1:UndischargedLocalInvariant
snowghost@2377817	renderer/url/ipv6.wf	333	skip guard	digit3 > 0_u32	none	TYPE-6:DeclarationCollision
snowghost@2377817	renderer/url/ipv6.wf	363	then-exit guard	narrow > 9_u8	none	INV-1:UndischargedLocalInvariant
snowghost@2377817	renderer/url/parser.wf	11	else-exit guard	lo < length	none	INV-1:UndischargedLocalInvariant
snowghost@2377817	renderer/url/parser.wf	30	else-exit guard	hi > lo	none	INV-1:UndischargedLocalInvariant
snowghost@2377817	renderer/url/parser.wf	36	else-exit guard	at < length	v0.78	
snowghost@2377817	renderer/url/parser.wf	50	else-exit guard	lo <= hi	none	INV-1:UndischargedLocalInvariant
snowghost@2377817	renderer/url/parser.wf	55	else-exit guard	hi <= length	#172	
snowghost@2377817	renderer/url/parser.wf	81	else-exit guard	colon_pos < cleaned_len	none	INV-1:UndischargedLocalInvariant
snowghost@2377817	renderer/url/parser.wf	166	skip guard	length > 0_u64	none	INV-1:UndischargedLocalInvariant
snowghost@2377817	renderer/url/parser.wf	218	then-exit guard	pos >= length	none	INV-1:UndischargedLocalInvariant
snowghost@2377817	renderer/url/parser.wf	278	skip guard	pos < length	none	INV-1:UndischargedLocalInvariant
snowghost@2377817	renderer/url/parser.wf	322	else-exit guard	pos <= length	v0.78	
snowghost@2377817	renderer/url/parser.wf	329	else-exit guard	pos <= host_end	v0.78	
snowghost@2377817	renderer/url/parser.wf	444	then-exit guard	pos >= length	none	INV-1:UndischargedLocalInvariant
snowghost@2377817	renderer/url/parser.wf	460	skip guard	pos < length	none	INV-1:UndischargedLocalInvariant
snowghost@2377817	renderer/url/parser.wf	556	else-exit guard	p < length	none	INV-1:UndischargedLocalInvariant
snowghost@2377817	renderer/url/parser.wf	574	clamp	clamped_p <= length	#172	
snowghost@2377817	renderer/url/parser.wf	593	else-exit guard	pos < length	none	REF-4:UndischargedRangeFormationObligation
snowghost@2377817	renderer/url/parser.wf	615	clamp	result <= length	b,a	
snowghost@2377817	renderer/url/parser.wf	619	clamp	result >= start	none	REF-4:UndischargedRangeFormationObligation
snowghost@2377817	renderer/url/parser.wf	649	else-exit guard	pos < seg_end	none	INV-1:UndischargedLocalInvariant
snowghost@2377817	renderer/url/parser.wf	654	else-exit guard	pos < length	v0.78	
snowghost@2377817	renderer/url/parser.wf	674	clamp	clamped <= seg_end	none	INV-1:UndischargedLocalInvariant
snowghost@2377817	renderer/url/parser.wf	696	else-exit guard	scan_pos < length	none	INV-1:UndischargedLocalInvariant
snowghost@2377817	renderer/url/parser.wf	704	else-exit guard	host_start <= scan_pos	none	INV-1:UndischargedLocalInvariant
snowghost@2377817	renderer/url/parser.wf	710	else-exit guard	scan_pos <= length	v0.78	
snowghost@2377817	renderer/url/parser.wf	741	clamp	scan_pos_clamped <= length	#172	
snowghost@2377817	renderer/url/parser.wf	747	clamp	host_start_clamped <= scan_pos	none	INV-1:UndischargedLocalInvariant
snowghost@2377817	renderer/url/parser.wf	759	else-exit guard	host_end <= scan_pos	v0.78	
snowghost@2377817	renderer/url/parser.wf	765	else-exit guard	host_start <= host_end	v0.78	
snowghost@2377817	renderer/url/parser.wf	771	then-exit guard	host_end >= scan_pos	none	INV-1:UndischargedLocalInvariant
snowghost@2377817	renderer/url/parser.wf	822	else-exit guard	pos < terminator	none	INV-1:UndischargedLocalInvariant
snowghost@2377817	renderer/url/parser.wf	835	skip guard	c == 91_u8	none	INV-1:UndischargedLocalInvariant
snowghost@2377817	renderer/url/parser.wf	838	skip guard	c == 93_u8	none	INV-1:UndischargedLocalInvariant
snowghost@2377817	renderer/url/parser.wf	847	clamp	result <= terminator	b,a	
snowghost@2377817	renderer/url/parser.wf	851	clamp	result >= host_start	none	INV-1:UndischargedLocalInvariant
snowghost@2377817	renderer/url/parser.wf	867	else-exit guard	digit_end < length	none	INV-1:UndischargedLocalInvariant
snowghost@2377817	renderer/url/parser.wf	883	clamp	digit_end_clamped <= length	#172	
snowghost@2377817	renderer/url/parser.wf	888	skip guard	digit_end < length	none	TYPE-6:DeclarationCollision
snowghost@2377817	renderer/url/parser.wf	905	else-exit guard	pos <= digit_end	none	INV-1:UndischargedLocalInvariant
snowghost@2377817	renderer/url/parser.wf	911	skip guard	digit_end > pos	none	INV-1:UndischargedLocalInvariant
snowghost@2377817	renderer/url/parser.wf	948	then-exit guard	pos >= length	none	INV-1:UndischargedLocalInvariant
snowghost@2377817	renderer/url/parser.wf	964	then-exit guard	pos >= length	none	INV-1:UndischargedLocalInvariant
snowghost@2377817	renderer/url/parser.wf	1035	clamp	clamped2 <= length	v0.78	
snowghost@2377817	renderer/url/parser.wf	1060	else-exit guard	scan_pos < length	none	INV-1:UndischargedLocalInvariant
snowghost@2377817	renderer/url/parser.wf	1100	clamp	clamped <= length	v0.78	
snowghost@2377817	renderer/url/parser.wf	1110	clamp	clamped2 <= length	v0.78	
snowghost@2377817	renderer/url/parser.wf	1135	else-exit guard	scan_pos < length	none	INV-1:UndischargedLocalInvariant
snowghost@2377817	renderer/url/parser.wf	1151	clamp	clamped <= length	v0.78	
snowghost@2377817	renderer/url/parser.wf	1171	else-exit guard	scan_pos < length	none	INV-1:UndischargedLocalInvariant
snowghost@2377817	renderer/url/parser.wf	1179	clamp	clamped <= length	v0.78	
snowghost@2377817	renderer/url/path.wf	96	skip guard	length >= capacity	none	INV-1:UndischargedLocalInvariant
snowghost@2377817	renderer/url/path.wf	104	else-exit guard	capacity <= limit	none	INV-1:UndischargedLocalInvariant
snowghost@2377817	renderer/url/path.wf	121	skip guard	count > 0_u64	none	INV-1:UndischargedLocalInvariant
snowghost@2377817	renderer/url/path.wf	132	else-exit guard	count == 1_u64	none	INV-1:UndischargedLocalInvariant
snowghost@2377817	renderer/url/path.wf	153	else-exit guard	length >= 2_u64	none	INV-1:UndischargedLocalInvariant
snowghost@2377817	renderer/url/path.wf	179	else-exit guard	end >= seg_start	none	INV-1:UndischargedLocalInvariant
snowghost@2377817	renderer/url/path.wf	210	skip guard	count == 0_u64	none	INV-1:UndischargedLocalInvariant
snowghost@2377817	renderer/url/path.wf	213	skip guard	seg_len == 2_u64	none	INV-1:UndischargedLocalInvariant
snowghost@2377817	renderer/url/path.wf	220	skip guard	second_index < text_len	none	INV-1:UndischargedLocalInvariant
snowghost@2377817	renderer/url/path.wf	274	else-exit guard	pos <= seg_end	v0.78	
snowghost@2377817	renderer/url/path.wf	282	then-exit guard	seg_end < length	none	INV-1:UndischargedLocalInvariant
snowghost@2377817	renderer/url/path.wf	328	else-exit guard	count >= 2_u64	none	INV-1:UndischargedLocalInvariant
snowghost@2377817	renderer/url/scheme.wf	30	else-exit guard	la == lb	none	INV-1:UndischargedLocalInvariant
snowghost@2377817	renderer/url/scheme.wf	38	else-exit guard	x == y	none	INV-1:UndischargedLocalInvariant
snowghost@2377817	renderer/url/scheme.wf	160	else-exit guard	length > 0_u64	none	INV-1:UndischargedLocalInvariant
snowghost@2377817	renderer/url/scheme.wf	175	else-exit guard	pos < length	none	INV-1:UndischargedLocalInvariant
snowghost@2377817	renderer/url/scheme.wf	196	else-exit guard	pos < length	none	INV-1:UndischargedLocalInvariant
snowghost@2377817	renderer/url/scheme.wf	212	else-exit guard	length == 2_u64	none	INV-1:UndischargedLocalInvariant
snowghost@2377817	renderer/url/scheme.wf	229	else-exit guard	length >= 2_u64	none	INV-1:UndischargedLocalInvariant
snowghost@dc0defa	renderer/text/line_break/decide.wf	153	skip guard	r == class_gl	none	INV-1:UndischargedLocalInvariant
snowghost@dc0defa	renderer/text/line_break/decide.wf	186	skip guard	r == class_ns	none	INV-1:UndischargedLocalInvariant
snowghost@dc0defa	renderer/text/line_break/decide.wf	192	skip guard	r == class_b2	none	INV-1:UndischargedLocalInvariant
snowghost@dc0defa	renderer/text/line_break/decide.wf	207	skip guard	r == class_qu_pf	none	INV-1:UndischargedLocalInvariant
snowghost@dc0defa	renderer/text/line_break/decide.wf	215	skip guard	l == class_sp	none	INV-1:UndischargedLocalInvariant
snowghost@dc0defa	renderer/text/line_break/decide.wf	216	skip guard	r == class_is	none	INV-1:UndischargedLocalInvariant
snowghost@dc0defa	renderer/text/line_break/decide.wf	305	skip guard	prev_class2 == class_hl	none	INV-1:UndischargedLocalInvariant
snowghost@dc0defa	renderer/text/line_break/decide.wf	307	else-exit guard	r == class_hl	none	INV-1:UndischargedLocalInvariant
snowghost@dc0defa	renderer/text/line_break/decide.wf	313	skip guard	l == class_sy	none	INV-1:UndischargedLocalInvariant
snowghost@dc0defa	renderer/text/line_break/decide.wf	332	skip guard	l == class_nu	none	INV-1:UndischargedLocalInvariant
snowghost@dc0defa	renderer/text/line_break/decide.wf	338	skip guard	l == class_pr	none	INV-1:UndischargedLocalInvariant
snowghost@dc0defa	renderer/text/line_break/decide.wf	382	skip guard	l == class_po	none	INV-1:UndischargedLocalInvariant
snowghost@dc0defa	renderer/text/line_break/decide.wf	386	skip guard	r == class_op	none	INV-1:UndischargedLocalInvariant
snowghost@dc0defa	renderer/text/line_break/decide.wf	392	skip guard	after1 == class_is	none	INV-1:UndischargedLocalInvariant
snowghost@dc0defa	renderer/text/line_break/decide.wf	401	skip guard	l == class_pr	none	INV-1:UndischargedLocalInvariant
snowghost@dc0defa	renderer/text/line_break/decide.wf	405	skip guard	r == class_op	none	INV-1:UndischargedLocalInvariant
snowghost@dc0defa	renderer/text/line_break/decide.wf	411	skip guard	after1b == class_is	none	INV-1:UndischargedLocalInvariant
snowghost@dc0defa	renderer/text/line_break/decide.wf	420	skip guard	l == class_hy	none	INV-1:UndischargedLocalInvariant
snowghost@dc0defa	renderer/text/line_break/decide.wf	425	skip guard	l == class_is	none	INV-1:UndischargedLocalInvariant
snowghost@dc0defa	renderer/text/line_break/decide.wf	435	skip guard	l == class_jl	none	INV-1:UndischargedLocalInvariant
snowghost@dc0defa	renderer/text/line_break/decide.wf	472	skip guard	l == class_pr	none	INV-1:UndischargedLocalInvariant
snowghost@dc0defa	renderer/text/line_break/decide.wf	490	skip guard	l == class_ap	none	INV-1:UndischargedLocalInvariant
snowghost@dc0defa	renderer/text/line_break/decide.wf	505	skip guard	l == class_vi	none	INV-1:UndischargedLocalInvariant
snowghost@dc0defa	renderer/text/line_break/decide.wf	525	skip guard	l == class_is	none	INV-1:UndischargedLocalInvariant
snowghost@dc0defa	renderer/text/line_break/decide.wf	534	skip guard	r == class_op	none	INV-1:UndischargedLocalInvariant
snowghost@dc0defa	renderer/text/line_break/decide.wf	542	skip guard	l == class_cp	none	INV-1:UndischargedLocalInvariant
snowghost@dc0defa	renderer/text/line_break/decide.wf	559	skip guard	l == class_ri	none	INV-1:UndischargedLocalInvariant
snowghost@dc0defa	renderer/text/line_break/decide.wf	567	skip guard	r == class_em	none	INV-1:UndischargedLocalInvariant
snowghost@dc0defa	renderer/text/line_break/line_break.wf	25	else-exit guard	n > 0_u64	none	INV-1:UndischargedLocalInvariant
snowghost@dc0defa	renderer/text/line_break/line_break.wf	70	skip guard	r < starts_len	none	INV-1:UndischargedLocalInvariant
snowghost@dc0defa	renderer/text/line_break/line_break.wf	71	skip guard	r < ends_len	none	INV-1:UndischargedLocalInvariant
snowghost@dc0defa	renderer/text/line_break/line_break.wf	75	skip guard	end >= 1_u64	none	INV-1:UndischargedLocalInvariant
snowghost@dc0defa	renderer/text/line_break/line_break.wf	79	skip guard	start <= last_pos	none	INV-1:UndischargedLocalInvariant
snowghost@dc0defa	renderer/text/line_break/line_break.wf	80	skip guard	last_pos < opp_len	none	INV-1:UndischargedLocalInvariant
snowghost@dc0defa	renderer/text/line_break/line_break.wf	116	skip guard	runs.classes.inner.len >= 1_u64	none	INV-1:UndischargedLocalInvariant
snowghost@dc0defa	renderer/text/line_break/lookup.wf	26	else-exit guard	block < index_len	v0.78	
snowghost@dc0defa	renderer/text/line_break/lookup.wf	36	else-exit guard	position < bytes_len	v0.78	
snowghost@dc0defa	renderer/text/line_break/rules.wf	13	then-exit guard	index >= count	none	INV-1:UndischargedLocalInvariant
snowghost@dc0defa	renderer/text/line_break/rules.wf	24	then-exit guard	index >= count	none	INV-1:UndischargedLocalInvariant
snowghost@dc0defa	renderer/text/line_break/rules.wf	35	then-exit guard	index >= count	none	INV-1:UndischargedLocalInvariant
snowghost@dc0defa	renderer/text/line_break/rules.wf	46	then-exit guard	index >= count	none	INV-1:UndischargedLocalInvariant
snowghost@dc0defa	renderer/text/line_break/runs.wf	126	skip guard	runs^.classes.inner.len < runs^.classes.inner.cap	none	INV-1:UndischargedLocalInvariant
snowghost@dc0defa	renderer/text/line_break/runs.wf	127	skip guard	runs^.base_cps.inner.len < runs^.base_cps.inner.cap	none	INV-1:UndischargedLocalInvariant
snowghost@dc0defa	renderer/text/line_break/runs.wf	128	skip guard	runs^.ends_zwj.inner.len < runs^.ends_zwj.inner.cap	none	INV-1:UndischargedLocalInvariant
snowghost@dc0defa	renderer/text/line_break/runs.wf	129	skip guard	runs^.starts.inner.len < runs^.starts.inner.cap	none	INV-1:UndischargedLocalInvariant
snowghost@dc0defa	renderer/text/line_break/runs.wf	130	skip guard	runs^.ends.inner.len < runs^.ends.inner.cap	none	INV-1:UndischargedLocalInvariant
snowghost@dc0defa	renderer/text/line_break/runs.wf	131	skip guard	runs^.wide.inner.len < runs^.wide.inner.cap	none	INV-1:UndischargedLocalInvariant
snowghost@dc0defa	renderer/text/line_break/runs.wf	153	skip guard	ends_len > 0_u64	none	INV-1:UndischargedLocalInvariant
snowghost@dc0defa	renderer/text/line_break/runs.wf	157	skip guard	zwj_len > 0_u64	none	INV-1:UndischargedLocalInvariant
snowghost@2377817	renderer/text/normalization/buffer.wf	10	skip guard	length >= capacity	none	INV-1:UndischargedLocalInvariant
snowghost@2377817	renderer/text/normalization/buffer.wf	25	else-exit guard	target <= output_ceiling	none	INV-1:UndischargedLocalInvariant
snowghost@2377817	renderer/text/normalization/buffer.wf	30	skip guard	target > capacity	none	INV-1:UndischargedLocalInvariant
snowghost@2377817	renderer/text/normalization/buffer.wf	35	then-exit guard	output^.inner.len >= output^.inner.cap	none	INV-1:UndischargedLocalInvariant
snowghost@2377817	renderer/text/normalization/compose.wf	25	else-exit guard	read_pos < total	none	INV-1:UndischargedLocalInvariant
snowghost@2377817	renderer/text/normalization/compose.wf	61	skip guard	starter_pos < output^.inner.len	none	INV-1:UndischargedLocalInvariant
snowghost@2377817	renderer/text/normalization/compose.wf	67	skip guard	write_pos < output^.inner.len	none	INV-1:UndischargedLocalInvariant
snowghost@2377817	renderer/text/normalization/decompose.wf	73	else-exit guard	at < total	none	INV-1:UndischargedLocalInvariant
snowghost@2377817	renderer/text/normalization/decompose.wf	96	then-exit guard	span > 1_u64	none	INV-1:UndischargedLocalInvariant
snowghost@2377817	renderer/text/normalization/decompose.wf	103	skip guard	i < output^.inner.len	none	INV-1:UndischargedLocalInvariant
snowghost@2377817	renderer/text/normalization/decompose.wf	123	skip guard	scratch.inner.len < scratch.inner.cap	none	INV-1:UndischargedLocalInvariant
snowghost@2377817	renderer/text/normalization/decompose.wf	129	skip guard	i < output^.inner.len	none	INV-1:UndischargedLocalInvariant
snowghost@2377817	renderer/text/normalization/decompose.wf	135	skip guard	slot < scratch.inner.len	none	INV-1:UndischargedLocalInvariant
snowghost@2377817	renderer/text/normalization/decompose.wf	147	skip guard	dest < output^.inner.len and k < scratch.inner.len	none	INV-1:UndischargedLocalInvariant
snowghost@2377817	renderer/text/normalization/decompose.wf	161	else-exit guard	pos < total	none	INV-1:UndischargedLocalInvariant
snowghost@2377817	renderer/text/normalization/decompose.wf	175	skip guard	span <= 1073741824_u64	none	INV-1:UndischargedLocalInvariant
snowghost@2377817	renderer/text/normalization/lookup.wf	9	else-exit guard	block < index_len	none	INV-1:UndischargedLocalInvariant
snowghost@2377817	renderer/text/normalization/lookup.wf	20	else-exit guard	pos < bytes_len	v0.78	
snowghost@2377817	renderer/text/normalization/lookup.wf	34	else-exit guard	block < index_len	none	INV-1:UndischargedLocalInvariant
snowghost@2377817	renderer/text/normalization/lookup.wf	46	else-exit guard	pos < ids_len	v0.78	
snowghost@2377817	renderer/text/normalization/lookup.wf	53	else-exit guard	id > 0_u16	none	INV-1:UndischargedLocalInvariant
snowghost@2377817	renderer/text/normalization/lookup.wf	65	else-exit guard	idx < offsets_len and idx < lengths_len	v0.78	
snowghost@2377817	renderer/text/normalization/lookup.wf	82	else-exit guard	k < values_len	none	INV-1:UndischargedLocalInvariant
snowghost@2377817	renderer/text/normalization/lookup.wf	96	else-exit guard	block < index_len	none	INV-1:UndischargedLocalInvariant
snowghost@2377817	renderer/text/normalization/lookup.wf	107	else-exit guard	pos < ids_len	v0.78	
snowghost@2377817	renderer/text/normalization/lookup.wf	113	else-exit guard	id > 0_u16	none	INV-1:UndischargedLocalInvariant
snowghost@2377817	renderer/text/normalization/lookup.wf	124	else-exit guard	slot < offsets_len and slot < counts_len	v0.78	
snowghost@2377817	renderer/text/normalization/lookup.wf	139	skip guard	idx < combining_len and idx < composed_len	none	INV-1:UndischargedLocalInvariant
snowghost@2377817	renderer/text/idna/bidi_rule.wf	43	else-exit guard	at > 0_u64	none	INV-1:UndischargedLocalInvariant
snowghost@2377817	renderer/text/idna/bidi_rule.wf	77	skip guard	class == bidi_en	none	INV-1:UndischargedLocalInvariant
snowghost@2377817	renderer/text/idna/bidi_rule.wf	81	skip guard	class == bidi_an	none	INV-1:UndischargedLocalInvariant
snowghost@2377817	renderer/text/idna/bidi_rule.wf	118	else-exit guard	at > 0_u64	none	INV-1:UndischargedLocalInvariant
snowghost@2377817	renderer/text/idna/bidi_rule.wf	143	else-exit guard	length > 0_u64	none	INV-1:UndischargedLocalInvariant
snowghost@2377817	renderer/text/idna/buffer.wf	14	skip guard	length >= capacity	none	INV-1:UndischargedLocalInvariant
snowghost@2377817	renderer/text/idna/buffer.wf	29	else-exit guard	target <= codepoint_ceiling	none	INV-1:UndischargedLocalInvariant
snowghost@2377817	renderer/text/idna/buffer.wf	34	skip guard	target > capacity	none	INV-1:UndischargedLocalInvariant
snowghost@2377817	renderer/text/idna/buffer.wf	39	then-exit guard	buffer^.inner.len >= buffer^.inner.cap	none	INV-1:UndischargedLocalInvariant
snowghost@2377817	renderer/text/idna/buffer.wf	65	skip guard	length >= capacity	none	INV-1:UndischargedLocalInvariant
snowghost@2377817	renderer/text/idna/buffer.wf	80	else-exit guard	target <= byte_ceiling	none	INV-1:UndischargedLocalInvariant
snowghost@2377817	renderer/text/idna/buffer.wf	85	skip guard	target > capacity	none	INV-1:UndischargedLocalInvariant
snowghost@2377817	renderer/text/idna/buffer.wf	90	then-exit guard	buffer^.inner.len >= buffer^.inner.cap	none	INV-1:UndischargedLocalInvariant
snowghost@2377817	renderer/text/idna/contextj.wf	8	else-exit guard	pos > 0_u64	none	INV-1:UndischargedLocalInvariant
snowghost@2377817	renderer/text/idna/contextj.wf	15	else-exit guard	before < length	none	INV-1:UndischargedLocalInvariant
snowghost@2377817	renderer/text/idna/contextj.wf	29	else-exit guard	at > 0_u64	none	INV-1:UndischargedLocalInvariant
snowghost@2377817	renderer/text/idna/contextj.wf	36	else-exit guard	prev < length	none	INV-1:UndischargedLocalInvariant
snowghost@2377817	renderer/text/idna/contextj.wf	61	else-exit guard	at < length	none	INV-1:UndischargedLocalInvariant
snowghost@2377817	renderer/text/idna/contextj.wf	108	skip guard	value == zwnj	none	TYPE-6:DeclarationCollision
snowghost@2377817	renderer/text/idna/contextj.wf	116	skip guard	value == zwj	none	INV-1:UndischargedLocalInvariant
snowghost@2377817	renderer/text/idna/idna.wf	64	skip guard	label_len >= xn_prefix_len	none	INV-1:UndischargedLocalInvariant
snowghost@2377817	renderer/text/idna/idna.wf	70	else-exit guard	remainder_start <= end	none	INV-1:UndischargedLocalInvariant
snowghost@2377817	renderer/text/idna/idna.wf	130	skip guard	content^.len > 0_u64	none	INV-1:UndischargedLocalInvariant
snowghost@2377817	renderer/text/idna/idna.wf	143	then-exit guard	end < total	none	INV-1:UndischargedLocalInvariant
snowghost@2377817	renderer/text/idna/idna.wf	177	skip guard	content^.len > 0_u64	none	INV-1:UndischargedLocalInvariant
snowghost@2377817	renderer/text/idna/idna.wf	185	then-exit guard	end < total	none	INV-1:UndischargedLocalInvariant
snowghost@2377817	renderer/text/idna/idna.wf	244	then-exit guard	end < total	none	INV-1:UndischargedLocalInvariant
snowghost@2377817	renderer/text/idna/idna.wf	273	else-exit guard	mapped_len <= 268435456_u64	none	INV-1:UndischargedLocalInvariant
snowghost@2377817	renderer/text/idna/labels.wf	25	else-exit guard	at < length	none	FN-8:UndischargedCallRequirement
snowghost@2377817	renderer/text/idna/labels.wf	45	else-exit guard	length >= xn_prefix_len	none	INV-1:UndischargedLocalInvariant
snowghost@2377817	renderer/text/idna/labels.wf	69	else-exit guard	value < ascii_ceiling	none	INV-1:UndischargedLocalInvariant
snowghost@2377817	renderer/text/idna/labels.wf	82	else-exit guard	a_len == b_len	none	INV-1:UndischargedLocalInvariant
snowghost@2377817	renderer/text/idna/labels.wf	90	else-exit guard	av == bv	none	INV-1:UndischargedLocalInvariant
snowghost@2377817	renderer/text/idna/lookup.wf	51	else-exit guard	block < index_len	none	INV-1:UndischargedLocalInvariant
snowghost@2377817	renderer/text/idna/lookup.wf	62	else-exit guard	pos < bytes_len	v0.78	
snowghost@2377817	renderer/text/idna/lookup.wf	76	else-exit guard	block < index_len	none	INV-1:UndischargedLocalInvariant
snowghost@2377817	renderer/text/idna/lookup.wf	88	else-exit guard	pos < ids_len	v0.78	
snowghost@2377817	renderer/text/idna/lookup.wf	95	else-exit guard	id > 0_u16	none	INV-1:UndischargedLocalInvariant
snowghost@2377817	renderer/text/idna/lookup.wf	107	else-exit guard	idx < offsets_len and idx < lengths_len	v0.78	
snowghost@2377817	renderer/text/idna/lookup.wf	124	else-exit guard	k < values_len	none	INV-1:UndischargedLocalInvariant
snowghost@2377817	renderer/text/idna/lookup.wf	138	else-exit guard	block < index_len	none	INV-1:UndischargedLocalInvariant
snowghost@2377817	renderer/text/idna/lookup.wf	149	else-exit guard	pos < bytes_len	v0.78	
snowghost@2377817	renderer/text/idna/lookup.wf	163	else-exit guard	block < index_len	none	INV-1:UndischargedLocalInvariant
snowghost@2377817	renderer/text/idna/lookup.wf	174	else-exit guard	pos < bytes_len	v0.78	
snowghost@2377817	renderer/text/idna/lookup.wf	188	else-exit guard	block < index_len	none	INV-1:UndischargedLocalInvariant
snowghost@2377817	renderer/text/idna/lookup.wf	199	else-exit guard	pos < bytes_len	v0.78	
snowghost@2377817	renderer/text/idna/lookup.wf	214	else-exit guard	block < index_len	none	INV-1:UndischargedLocalInvariant
snowghost@2377817	renderer/text/idna/lookup.wf	225	else-exit guard	pos < bytes_len	v0.78	
snowghost@2377817	renderer/text/idna/punycode.wf	73	then-exit guard	digit >= 26_u32	none	INV-1:UndischargedLocalInvariant
snowghost@2377817	renderer/text/idna/punycode.wf	83	then-exit guard	k > bias	none	INV-1:UndischargedLocalInvariant
snowghost@2377817	renderer/text/idna/punycode.wf	88	then-exit guard	k < ceiling	none	INV-1:UndischargedLocalInvariant
snowghost@2377817	renderer/text/idna/punycode.wf	132	else-exit guard	d > threshold	none	INV-1:UndischargedLocalInvariant
snowghost@2377817	renderer/text/idna/punycode.wf	170	skip guard	length >= capacity	none	INV-1:UndischargedLocalInvariant
snowghost@2377817	renderer/text/idna/punycode.wf	185	else-exit guard	target <= codepoint_ceiling	none	INV-1:UndischargedLocalInvariant
snowghost@2377817	renderer/text/idna/punycode.wf	190	skip guard	target > capacity	none	INV-1:UndischargedLocalInvariant
snowghost@2377817	renderer/text/idna/punycode.wf	214	else-exit guard	at > 0_u64	none	INV-1:UndischargedLocalInvariant
snowghost@2377817	renderer/text/idna/punycode.wf	242	else-exit guard	basic_length <= length	none	INV-1:UndischargedLocalInvariant
snowghost@2377817	renderer/text/idna/punycode.wf	248	else-exit guard	at < length	v0.78	
snowghost@2377817	renderer/text/idna/punycode.wf	254	else-exit guard	value < 128_u32	none	INV-1:UndischargedLocalInvariant
snowghost@2377817	renderer/text/idna/punycode.wf	275	then-exit guard	pos < length	none	INV-1:UndischargedLocalInvariant
snowghost@2377817	renderer/text/idna/punycode.wf	286	else-exit guard	cursor < length	none	INV-1:UndischargedLocalInvariant
snowghost@2377817	renderer/text/idna/punycode.wf	293	else-exit guard	digit < punycode_no_digit	none	INV-1:UndischargedLocalInvariant
snowghost@2377817	renderer/text/idna/punycode.wf	334	then-exit guard	digit32 >= t	none	INV-1:UndischargedLocalInvariant
snowghost@2377817	renderer/text/idna/punycode.wf	382	else-exit guard	insert_pos <= output^.inner.len	none	INV-1:UndischargedLocalInvariant
snowghost@2377817	renderer/text/idna/punycode.wf	405	skip guard	value < 128_u32	none	INV-1:UndischargedLocalInvariant
snowghost@2377817	renderer/text/idna/punycode.wf	416	skip guard	basic_count > 0_u64	none	TYPE-6:DeclarationCollision
snowghost@2377817	renderer/text/idna/punycode.wf	425	else-exit guard	length <= 4294967295_u64	none	INV-1:UndischargedLocalInvariant
snowghost@2377817	renderer/text/idna/punycode.wf	430	else-exit guard	basic_count <= 4294967295_u64	none	INV-1:UndischargedLocalInvariant
snowghost@2377817	renderer/text/idna/punycode.wf	441	then-exit guard	h < total	none	INV-1:UndischargedLocalInvariant
snowghost@2377817	renderer/text/idna/punycode.wf	473	skip guard	value < n	none	INV-1:UndischargedLocalInvariant
snowghost@2377817	renderer/text/idna/punycode.wf	484	skip guard	value == n	none	INV-1:UndischargedLocalInvariant
snowghost@2377817	renderer/text/idna/punycode.wf	491	then-exit guard	q >= t	none	INV-1:UndischargedLocalInvariant
snowghost@2377817	renderer/text/idna/punycode.wf	568	skip guard	value >= floor	none	INV-1:UndischargedLocalInvariant
snowghost@2377817	renderer/text/idna/validate.wf	10	else-exit guard	length > 0_u64	none	INV-1:UndischargedLocalInvariant
snowghost@2377817	renderer/text/idna/validate.wf	39	else-exit guard	st == status_valid	none	INV-1:UndischargedLocalInvariant
snowghost@2377817	renderer/text/idna/validate.wf	52	else-exit guard	length <= normalize_ceiling	none	INV-1:UndischargedLocalInvariant
snowghost@dc0defa	renderer/base/atom/atom.wf	61	then-exit guard	count < atom_ceiling	none	INV-1:UndischargedLocalInvariant
snowghost@dc0defa	renderer/base/atom/atom.wf	68	then-exit guard	length <= room	none	INV-1:UndischargedLocalInvariant
snowghost@dc0defa	renderer/base/atom/atom.wf	78	then-exit guard	table^.index.inner.len < link_ceiling	none	INV-1:UndischargedLocalInvariant
snowghost@dc0defa	renderer/base/atom/atom.wf	119	skip guard	start <= end	none	INV-1:UndischargedLocalInvariant
snowghost@dc0defa	renderer/base/atom/atom.wf	120	then-exit guard	end > length	none	INV-1:UndischargedLocalInvariant
snowghost@dc0defa	renderer/base/atom/atom.wf	133	then-exit guard	start <= end	none	INV-1:UndischargedLocalInvariant
snowghost@dc0defa	renderer/base/atom/atom.wf	136	then-exit guard	end <= length	none	INV-1:UndischargedLocalInvariant
snowghost@dc0defa	renderer/base/atom/atom.wf	140	else-exit guard	size == name^.len	none	INV-1:UndischargedLocalInvariant
snowghost@dc0defa	renderer/base/atom/atom.wf	160	then-exit guard	size <= count	none	INV-1:UndischargedLocalInvariant
snowghost@dc0defa	renderer/base/atom/atom.wf	171	then-exit guard	size > count	none	INV-1:UndischargedLocalInvariant
snowghost@dc0defa	renderer/base/atom/atom.wf	183	then-exit guard	atom < count	none	INV-1:UndischargedLocalInvariant
snowghost@dc0defa	renderer/base/atom/atom.wf	204	then-exit guard	heads >= 8_u64	none	FN-8:UndischargedCallRequirement
snowghost@dc0defa	renderer/base/atom/atom.wf	207	then-exit guard	heads < 2147483648_u64	none	FN-8:UndischargedCallRequirement
snowghost@dc0defa	renderer/base/atom/atom.wf	230	skip guard	index^.inner.cap < size	none	FN-8:UndischargedCallRequirement
snowghost@dc0defa	renderer/base/atom/atom.wf	294	then-exit guard	end > capacity	none	INV-1:UndischargedLoopInvariant
snowghost@dc0defa	renderer/base/atom/atom.wf	298	then-exit guard	capacity <= spare	none	INV-1:UndischargedLocalInvariant
snowghost@dc0defa	renderer/base/atom/atom.wf	303	then-exit guard	doubled <= end	none	INV-1:UndischargedLocalInvariant
snowghost@dc0defa	renderer/base/atom/atom.wf	318	skip guard	length >= capacity	none	INV-1:UndischargedLocalInvariant
snowghost@dc0defa	renderer/base/geometry/geometry.wf	71	then-exit guard	a > b	none	INV-1:UndischargedLocalInvariant
snowghost@dc0defa	renderer/base/geometry/geometry.wf	82	then-exit guard	a < b	none	INV-1:UndischargedLocalInvariant
snowghost@dc0defa	renderer/dom/dom.wf	22	skip guard	count > 0_u64	none	INV-1:UndischargedLocalInvariant
snowghost@dc0defa	renderer/dom/dom.wf	38	then-exit guard	length <= room	none	INV-1:UndischargedLocalInvariant
snowghost@dc0defa	renderer/dom/dom.wf	54	then-exit guard	count < node_ceiling	none	INV-1:UndischargedLocalInvariant
snowghost@dc0defa	renderer/dom/dom.wf	177	then-exit guard	document^.nodes.inner.len < node_ceiling	none	INV-1:UndischargedLocalInvariant
snowghost@dc0defa	renderer/dom/dom.wf	238	then-exit guard	index >= document^.nodes.inner.len	none	EFF-2:EffectMismatch
snowghost@dc0defa	renderer/dom/dom.wf	422	then-exit guard	length <= room	none	INV-1:UndischargedLocalInvariant
snowghost@dc0defa	renderer/dom/dom.wf	427	skip guard	start <= end	none	INV-1:UndischargedLocalInvariant
snowghost@dc0defa	renderer/dom/dom.wf	428	then-exit guard	end > length	none	INV-1:UndischargedLocalInvariant
snowghost@dc0defa	renderer/dom/dom.wf	440	then-exit guard	kept <= spare	none	INV-1:UndischargedLocalInvariant
snowghost@dc0defa	renderer/dom/dom.wf	496	then-exit guard	end > capacity	none	FN-8:UndischargedCallRequirement
snowghost@dc0defa	renderer/dom/dom.wf	500	then-exit guard	capacity <= spare	none	INV-1:UndischargedLocalInvariant
snowghost@dc0defa	renderer/dom/dom.wf	505	then-exit guard	doubled <= end	none	INV-1:UndischargedLocalInvariant
snowghost@dc0defa	renderer/dom/dom.wf	535	skip guard	length >= capacity	none	INV-1:UndischargedLocalInvariant
snowghost@dc0defa	renderer/dom/dom.wf	566	then-exit guard	count < attribute_ceiling	none	INV-1:UndischargedLocalInvariant
snowghost@dc0defa	renderer/dom/dom.wf	580	skip guard	length >= capacity	none	INV-1:UndischargedLocalInvariant
snowghost@dc0defa	renderer/css/rules/buffers.wf	10	skip guard	length >= capacity	none	INV-1:UndischargedLocalInvariant
snowghost@dc0defa	renderer/css/rules/buffers.wf	16	else-exit guard	capacity <= items_growth_limit	none	INV-1:UndischargedLocalInvariant
snowghost@dc0defa	renderer/css/rules/lists.wf	52	else-exit guard	pos < limit	none	INV-1:UndischargedLocalInvariant
snowghost@dc0defa	renderer/css/rules/lists.wf	100	else-exit guard	pos < limit	none	INV-1:UndischargedLocalInvariant
snowghost@dc0defa	renderer/css/rules/lists.wf	145	else-exit guard	pos < limit	none	INV-1:UndischargedLocalInvariant
snowghost@dc0defa	renderer/css/rules/one.wf	8	else-exit guard	pos < limit	none	INV-1:UndischargedLocalInvariant
snowghost@dc0defa	renderer/css/rules/one.wf	22	then-exit guard	trailing >= limit	none	INV-1:UndischargedLocalInvariant
snowghost@dc0defa	renderer/css/rules/one.wf	34	then-exit guard	trailing >= limit	none	INV-1:UndischargedLocalInvariant
snowghost@dc0defa	renderer/css/rules/one.wf	54	else-exit guard	pos < limit	none	INV-1:UndischargedLocalInvariant
snowghost@dc0defa	renderer/css/rules/scan.wf	25	then-exit guard	x >= lo	none	FN-8:UndischargedCallRequirement
snowghost@dc0defa	renderer/css/rules/scan.wf	28	then-exit guard	x <= hi	none	FN-8:UndischargedCallRequirement
snowghost@dc0defa	renderer/css/rules/scan.wf	50	then-exit guard	end_wide > count	none	INV-1:UndischargedLocalInvariant
snowghost@dc0defa	renderer/css/rules/scan.wf	51	then-exit guard	start_wide > end_wide	none	INV-1:UndischargedLocalInvariant
snowghost@dc0defa	renderer/css/rules/scan.wf	56	then-exit guard	start_wide > count	none	INV-1:UndischargedLocalInvariant
snowghost@dc0defa	renderer/css/rules/scan.wf	72	else-exit guard	pos < limit	none	INV-1:UndischargedLocalInvariant
snowghost@dc0defa	renderer/css/rules/scan.wf	100	else-exit guard	pos < limit	none	INV-1:UndischargedLocalInvariant
snowghost@dc0defa	renderer/css/rules/scan.wf	125	else-exit guard	pos < limit	none	INV-1:UndischargedLocalInvariant
snowghost@dc0defa	renderer/css/rules/scan.wf	159	else-exit guard	pos < limit	none	FN-8:UndischargedCallRequirement
snowghost@dc0defa	renderer/css/rules/scan.wf	203	else-exit guard	pos < limit	none	FN-8:UndischargedCallRequirement
snowghost@dc0defa	renderer/css/rules/scan.wf	244	else-exit guard	end64 == expected_end	none	INV-1:UndischargedLocalInvariant
snowghost@dc0defa	renderer/css/rules/scan.wf	249	else-exit guard	end64 <= values^.text.inner.len	none	INV-1:UndischargedLocalInvariant
snowghost@dc0defa	renderer/css/rules/scan.wf	256	else-exit guard	i < 9_u64	none	INV-1:UndischargedLocalInvariant
snowghost@dc0defa	renderer/css/rules/scan.wf	265	else-exit guard	lowered == expected	none	INV-1:UndischargedLocalInvariant
snowghost@dc0defa	renderer/css/rules/scan.wf	286	else-exit guard	pos < limit	none	INV-1:UndischargedLocalInvariant
snowghost@dc0defa	renderer/css/rules/scan.wf	309	else-exit guard	last_start < values^.components.inner.len	none	INV-1:UndischargedLocalInvariant
snowghost@dc0defa	renderer/css/rules/scan.wf	334	else-exit guard	prev_start < values^.components.inner.len	none	INV-1:UndischargedLocalInvariant
snowghost@dc0defa	renderer/css/rules/scan.wf	356	else-exit guard	name_pos < limit	none	INV-1:UndischargedLocalInvariant
snowghost@dc0defa	renderer/css/rules/scan.wf	368	else-exit guard	colon_pos < limit	none	INV-1:UndischargedLocalInvariant
snowghost@dc0defa	renderer/css/rules/step.wf	122	then-exit guard	candidate <= at	none	INV-1:UndischargedLocalInvariant
snowghost@dc0defa	renderer/css/rules/step.wf	123	then-exit guard	candidate > limit	none	INV-1:UndischargedLocalInvariant
snowghost@dc0defa	renderer/css/rules/step.wf	129	then-exit guard	fallback > limit	none	INV-1:UndischargedLocalInvariant
snowghost@dc0defa	renderer/css/syntax/buffers.wf	22	skip guard	length >= capacity	none	INV-1:UndischargedLocalInvariant
snowghost@dc0defa	renderer/css/syntax/buffers.wf	28	else-exit guard	capacity <= limit	none	INV-1:UndischargedLocalInvariant
snowghost@dc0defa	renderer/css/syntax/buffers.wf	81	then-exit guard	cp >= 128_u32	none	INV-1:UndischargedLocalInvariant
snowghost@dc0defa	renderer/css/syntax/buffers.wf	86	then-exit guard	cp >= 2048_u32	none	INV-1:UndischargedLocalInvariant
snowghost@dc0defa	renderer/css/syntax/buffers.wf	93	then-exit guard	cp >= 65536_u32	none	INV-1:UndischargedLocalInvariant
snowghost@dc0defa	renderer/css/syntax/decode.wf	10	then-exit guard	lead > 127_u8	none	INV-1:UndischargedLocalInvariant
snowghost@dc0defa	renderer/css/syntax/decode.wf	76	else-exit guard	index < need	none	INV-1:UndischargedLocalInvariant
snowghost@dc0defa	renderer/css/syntax/decode.wf	83	else-exit guard	at < length	none	INV-1:UndischargedLocalInvariant
snowghost@dc0defa	renderer/css/syntax/decode.wf	103	else-exit guard	byte >= lo and byte <= hi	none	INV-1:UndischargedLocalInvariant
snowghost@dc0defa	renderer/css/syntax/decode.wf	131	then-exit guard	after >= length	none	INV-1:UndischargedLocalInvariant
snowghost@dc0defa	renderer/css/syntax/decode.wf	157	else-exit guard	pos < length	none	INV-1:UndischargedLocalInvariant
snowghost@dc0defa	renderer/css/syntax/decode.wf	163	else-exit guard	b0 == 92_u8	none	INV-1:UndischargedLocalInvariant
snowghost@dc0defa	renderer/css/syntax/decode.wf	169	else-exit guard	pos1 < length	none	INV-1:UndischargedLocalInvariant
snowghost@dc0defa	renderer/css/syntax/decode.wf	184	else-exit guard	pos < length	none	INV-1:UndischargedLocalInvariant
snowghost@dc0defa	renderer/css/syntax/decode.wf	201	else-exit guard	after0 < length	none	INV-1:UndischargedLocalInvariant
snowghost@dc0defa	renderer/css/syntax/decode.wf	223	else-exit guard	pos < length	none	INV-1:UndischargedLocalInvariant
snowghost@dc0defa	renderer/css/syntax/decode.wf	238	else-exit guard	count < 6_u64	none	INV-1:UndischargedLocalInvariant
snowghost@dc0defa	renderer/css/syntax/decode.wf	243	else-exit guard	cur < length	none	INV-1:UndischargedLocalInvariant
snowghost@dc0defa	renderer/css/syntax/decode.wf	261	skip guard	cur < length	none	INV-1:UndischargedLocalInvariant
snowghost@dc0defa	renderer/css/syntax/decode.wf	294	else-exit guard	pos < length	none	INV-1:UndischargedLocalInvariant
snowghost@dc0defa	renderer/css/syntax/numbers.wf	15	skip guard	bit == 1_u64	none	INV-1:UndischargedLocalInvariant
snowghost@dc0defa	renderer/css/syntax/numbers.wf	37	else-exit guard	pos < length	none	INV-1:UndischargedLocalInvariant
snowghost@dc0defa	renderer/css/syntax/numbers.wf	53	else-exit guard	pos1 < length	none	INV-1:UndischargedLocalInvariant
snowghost@dc0defa	renderer/css/syntax/numbers.wf	66	else-exit guard	pos2 < length	none	INV-1:UndischargedLocalInvariant
snowghost@dc0defa	renderer/css/syntax/numbers.wf	79	else-exit guard	pos1 < length	none	INV-1:UndischargedLocalInvariant
snowghost@dc0defa	renderer/css/syntax/numbers.wf	103	skip guard	pos < length	none	TYPE-6:DeclarationCollision
snowghost@dc0defa	renderer/css/syntax/numbers.wf	145	skip guard	pos < length	none	TYPE-6:DeclarationCollision
snowghost@dc0defa	renderer/css/syntax/numbers.wf	148	skip guard	b == 46_u8	none	INV-1:UndischargedLocalInvariant
snowghost@dc0defa	renderer/css/syntax/numbers.wf	151	skip guard	pos1 < length	none	INV-1:UndischargedLocalInvariant
snowghost@dc0defa	renderer/css/syntax/numbers.wf	197	skip guard	pos < length	none	INV-1:UndischargedLocalInvariant
snowghost@dc0defa	renderer/css/syntax/numbers.wf	205	skip guard	pos1 < length	none	INV-1:UndischargedLocalInvariant
snowghost@dc0defa	renderer/css/syntax/numbers.wf	217	skip guard	pos2 < length	none	INV-1:UndischargedLocalInvariant
snowghost@dc0defa	renderer/css/syntax/numbers.wf	239	skip guard	pos < length	none	INV-1:UndischargedLocalInvariant
snowghost@dc0defa	renderer/css/syntax/numbers.wf	246	skip guard	sb == 45_u8	none	INV-1:UndischargedLocalInvariant
snowghost@dc0defa	renderer/css/syntax/numbers.wf	264	skip guard	exp_value < exponent_ceiling	none	INV-1:UndischargedLocalInvariant
snowghost@dc0defa	renderer/css/syntax/strings.wf	18	else-exit guard	pos < length	none	INV-1:UndischargedLocalInvariant
snowghost@dc0defa	renderer/css/syntax/strings.wf	74	else-exit guard	pos < length	none	INV-1:UndischargedLocalInvariant
snowghost@dc0defa	renderer/css/syntax/strings.wf	125	else-exit guard	pos < length	none	INV-1:UndischargedLocalInvariant
snowghost@dc0defa	renderer/css/syntax/tokenizer.wf	12	then-exit guard	index >= components^.inner.len	none	EFF-2:EffectMismatch
snowghost@dc0defa	renderer/css/syntax/tokenizer.wf	52	else-exit guard	pos < length	none	INV-1:UndischargedLocalInvariant
snowghost@dc0defa	renderer/css/syntax/tokenizer.wf	58	skip guard	b == 42_u8	none	INV-1:UndischargedLocalInvariant
snowghost@dc0defa	renderer/css/syntax/tokenizer.wf	61	skip guard	pos1 < length	none	INV-1:UndischargedLocalInvariant
snowghost@dc0defa	renderer/css/syntax/tokenizer.wf	154	else-exit guard	end64 == expected_end	none	INV-1:UndischargedLocalInvariant
snowghost@dc0defa	renderer/css/syntax/tokenizer.wf	159	else-exit guard	end64 <= text^.inner.len	none	INV-1:UndischargedLocalInvariant
snowghost@dc0defa	renderer/css/syntax/tokenizer.wf	191	skip guard	after_name < length	none	INV-1:UndischargedLocalInvariant
snowghost@dc0defa	renderer/css/syntax/tokenizer.wf	194	skip guard	b == 40_u8	none	INV-1:UndischargedLocalInvariant
snowghost@dc0defa	renderer/css/syntax/tokenizer.wf	210	skip guard	probe < length	none	INV-1:UndischargedLocalInvariant
snowghost@dc0defa	renderer/css/syntax/tokenizer.wf	240	skip guard	after < length	none	INV-1:UndischargedLocalInvariant
snowghost@dc0defa	renderer/css/syntax/tokenizer.wf	273	else-exit guard	count < 6_u64	none	INV-1:UndischargedLocalInvariant
snowghost@dc0defa	renderer/css/syntax/tokenizer.wf	278	else-exit guard	pos < length	none	INV-1:UndischargedLocalInvariant
snowghost@dc0defa	renderer/css/syntax/tokenizer.wf	300	else-exit guard	wild_count < remaining	none	INV-1:UndischargedLocalInvariant
snowghost@dc0defa	renderer/css/syntax/tokenizer.wf	305	else-exit guard	pos < length	none	INV-1:UndischargedLocalInvariant
snowghost@dc0defa	renderer/css/syntax/tokenizer.wf	311	else-exit guard	b == 63_u8	none	INV-1:UndischargedLocalInvariant
snowghost@dc0defa	renderer/css/syntax/tokenizer.wf	321	then-exit guard	wild_count <= 0_u64	none	INV-1:UndischargedLocalInvariant
snowghost@dc0defa	renderer/css/syntax/tokenizer.wf	334	skip guard	pos < length	none	INV-1:UndischargedLocalInvariant
snowghost@dc0defa	renderer/css/syntax/tokenizer.wf	337	skip guard	b == 45_u8	none	INV-1:UndischargedLocalInvariant
snowghost@dc0defa	renderer/css/syntax/tokenizer.wf	340	skip guard	pos1 < length	none	INV-1:UndischargedLocalInvariant
snowghost@dc0defa	renderer/css/syntax/tokenizer.wf	349	else-exit guard	ecount < 6_u64	none	INV-1:UndischargedLocalInvariant
snowghost@dc0defa	renderer/css/syntax/tokenizer.wf	354	else-exit guard	epos < length	none	INV-1:UndischargedLocalInvariant
snowghost@dc0defa	renderer/css/syntax/tokenizer.wf	389	skip guard	after < length	none	INV-1:UndischargedLocalInvariant
snowghost@dc0defa	renderer/css/syntax/tokenizer.wf	392	skip guard	b1 == 43_u8	none	INV-1:UndischargedLocalInvariant
snowghost@dc0defa	renderer/css/syntax/tokenizer.wf	395	skip guard	pos2 < length	none	INV-1:UndischargedLocalInvariant
snowghost@dc0defa	renderer/css/syntax/tokenizer.wf	421	skip guard	after < length	none	INV-1:UndischargedLocalInvariant
snowghost@dc0defa	renderer/css/syntax/tokenizer.wf	466	skip guard	after < length	none	INV-1:UndischargedLocalInvariant
snowghost@dc0defa	renderer/css/syntax/tokenizer.wf	469	skip guard	b1 == 61_u8	none	INV-1:UndischargedLocalInvariant
snowghost@dc0defa	renderer/css/syntax/tokenizer.wf	509	skip guard	pos1 < length	none	INV-1:UndischargedLocalInvariant
snowghost@dc0defa	renderer/css/syntax/tokenizer.wf	512	skip guard	b1 == 45_u8	none	INV-1:UndischargedLocalInvariant
snowghost@dc0defa	renderer/css/syntax/tokenizer.wf	515	skip guard	pos2 < length	none	INV-1:UndischargedLocalInvariant
snowghost@dc0defa	renderer/css/syntax/tokenizer.wf	518	skip guard	b2 == 62_u8	none	INV-1:UndischargedLocalInvariant
snowghost@dc0defa	renderer/css/syntax/tokenizer.wf	547	skip guard	after < length	none	INV-1:UndischargedLocalInvariant
snowghost@dc0defa	renderer/css/syntax/tokenizer.wf	550	skip guard	b1 == 42_u8	none	INV-1:UndischargedLocalInvariant
snowghost@dc0defa	renderer/css/syntax/tokenizer.wf	570	skip guard	after < length	none	INV-1:UndischargedLocalInvariant
snowghost@dc0defa	renderer/css/syntax/tokenizer.wf	573	skip guard	b1 == 33_u8	none	INV-1:UndischargedLocalInvariant
snowghost@dc0defa	renderer/css/syntax/tokenizer.wf	576	skip guard	p2 < length	none	INV-1:UndischargedLocalInvariant
snowghost@dc0defa	renderer/css/syntax/tokenizer.wf	579	skip guard	b2 == 45_u8	none	INV-1:UndischargedLocalInvariant
snowghost@dc0defa	renderer/css/syntax/tokenizer.wf	582	skip guard	p3 < length	none	INV-1:UndischargedLocalInvariant
snowghost@dc0defa	renderer/css/syntax/tokenizer.wf	585	skip guard	b3 == 45_u8	none	INV-1:UndischargedLocalInvariant
snowghost@dc0defa	renderer/css/syntax/tokenizer.wf	627	skip guard	after < length	none	INV-1:UndischargedLocalInvariant
snowghost@dc0defa	renderer/css/syntax/tokenizer.wf	822	else-exit guard	pos < length	none	INV-1:UndischargedLocalInvariant
snowghost@dc0defa	renderer/css/syntax/tokenizer.wf	836	skip guard	depth > 0_u64	none	INV-1:UndischargedLocalInvariant
snowghost@dc0defa	renderer/css/syntax/tokenizer.wf	841	skip guard	cp == closing	none	INV-1:UndischargedLocalInvariant
snowghost@dc0defa	renderer/css/syntax/tokenizer.wf	867	else-exit guard	depth > 0_u64	none	INV-1:UndischargedLocalInvariant
snowghost@dc0defa	renderer/css/selectors/anb.wf	547	else-exit guard	start <= end and end <= text_len	none	INV-1:UndischargedLocalInvariant
snowghost@dc0defa	renderer/css/selectors/anb.wf	553	else-exit guard	span_len == size	none	INV-1:UndischargedLocalInvariant
snowghost@dc0defa	renderer/css/selectors/anb.wf	560	else-exit guard	idx < text_len	none	INV-1:UndischargedLocalInvariant
snowghost@dc0defa	renderer/css/selectors/anb.wf	568	else-exit guard	have == want	none	INV-1:UndischargedLocalInvariant
snowghost@dc0defa	renderer/css/selectors/anb.wf	621	then-exit guard	magnitude <= bound	none	INV-1:UndischargedLocalInvariant
snowghost@dc0defa	renderer/css/selectors/anb.wf	645	else-exit guard	start < end	none	INV-1:UndischargedLocalInvariant
snowghost@dc0defa	renderer/css/selectors/anb.wf	659	else-exit guard	start < end	none	INV-1:UndischargedLocalInvariant
snowghost@dc0defa	renderer/css/selectors/anb.wf	664	else-exit guard	end <= values^.text.inner.len	none	INV-1:UndischargedLocalInvariant
snowghost@dc0defa	renderer/css/selectors/anb.wf	694	else-exit guard	body_start < end	none	INV-1:UndischargedLocalInvariant
snowghost@dc0defa	renderer/css/selectors/anb.wf	701	else-exit guard	n_byte == 110_u8	none	INV-1:UndischargedLocalInvariant
snowghost@dc0defa	renderer/css/selectors/anb.wf	712	else-exit guard	dash_byte == 45_u8	none	INV-1:UndischargedLocalInvariant
snowghost@dc0defa	renderer/css/selectors/anb.wf	739	else-exit guard	pos < limit	none	INV-1:UndischargedLocalInvariant
snowghost@dc0defa	renderer/css/selectors/anb.wf	865	then-exit guard	end_wide > count	none	INV-1:UndischargedLocalInvariant
snowghost@dc0defa	renderer/css/selectors/anb.wf	867	then-exit guard	start_wide > end_wide	none	INV-1:UndischargedLocalInvariant
snowghost@dc0defa	renderer/css/selectors/anb.wf	873	then-exit guard	start_wide > count	none	INV-1:UndischargedLocalInvariant
snowghost@dc0defa	renderer/css/selectors/anb.wf	886	else-exit guard	after_a < limit	none	INV-1:UndischargedLocalInvariant
snowghost@dc0defa	renderer/css/selectors/anb.wf	913	else-exit guard	after_a < limit	none	INV-1:UndischargedLocalInvariant
snowghost@dc0defa	renderer/css/selectors/anb.wf	936	else-exit guard	before_number < limit	none	INV-1:UndischargedLocalInvariant
snowghost@dc0defa	renderer/css/selectors/anb.wf	968	else-exit guard	pos < limit	none	INV-1:UndischargedLocalInvariant
snowghost@dc0defa	renderer/css/selectors/anb.wf	1101	else-exit guard	next < limit	none	INV-1:UndischargedLocalInvariant
snowghost@dc0defa	renderer/css/selectors/anb.wf	1117	else-exit guard	s == 1_i32	none	INV-1:UndischargedLocalInvariant
snowghost@dc0defa	renderer/css/selectors/anb.wf	1127	else-exit guard	s == 1_i32	none	INV-1:UndischargedLocalInvariant
snowghost@dc0defa	renderer/css/selectors/anb.wf	1139	else-exit guard	s == 1_i32	none	INV-1:UndischargedLocalInvariant
snowghost@dc0defa	renderer/css/selectors/dom_walk.wf	22	else-exit guard	index < count	none	INV-1:UndischargedLocalInvariant
snowghost@dc0defa	renderer/css/selectors/dom_walk.wf	35	else-exit guard	index < count	none	INV-1:UndischargedLocalInvariant
snowghost@dc0defa	renderer/css/selectors/dom_walk.wf	85	else-exit guard	count > 0_u64	none	INV-1:UndischargedLocalInvariant
snowghost@dc0defa	renderer/css/selectors/dom_walk.wf	267	else-exit guard	index < count	none	INV-1:UndischargedLocalInvariant
snowghost@dc0defa	renderer/css/selectors/dom_walk.wf	324	else-exit guard	index < count	none	INV-1:UndischargedLocalInvariant
snowghost@dc0defa	renderer/css/selectors/intern.wf	22	else-exit guard	slice^.len <= intern_ceiling	none	INV-1:UndischargedLocalInvariant
snowghost@dc0defa	renderer/css/selectors/intern.wf	45	else-exit guard	size <= intern_ceiling	none	INV-1:UndischargedLocalInvariant
snowghost@dc0defa	renderer/css/selectors/intern.wf	55	skip guard	buffer.len < buffer.cap	none	INV-1:UndischargedLocalInvariant
snowghost@dc0defa	renderer/css/selectors/intern.wf	100	then-exit guard	start > end	none	EFF-2:EffectMismatch
snowghost@dc0defa	renderer/css/selectors/intern.wf	102	then-exit guard	end > values^.text.inner.len	none	EFF-2:EffectMismatch
snowghost@dc0defa	renderer/css/selectors/match.wf	54	else-exit guard	index < count	none	INV-1:UndischargedLocalInvariant
snowghost@dc0defa	renderer/css/selectors/match.wf	62	else-exit guard	start <= end	none	INV-1:UndischargedLocalInvariant
snowghost@dc0defa	renderer/css/selectors/match.wf	68	then-exit guard	end > text_len	none	INV-1:UndischargedLocalInvariant
snowghost@dc0defa	renderer/css/selectors/match.wf	82	else-exit guard	start <= end	none	INV-1:UndischargedLocalInvariant
snowghost@dc0defa	renderer/css/selectors/match.wf	88	then-exit guard	end > text_len	none	INV-1:UndischargedLocalInvariant
snowghost@dc0defa	renderer/css/selectors/match.wf	365	skip guard	value_len > arg_len	none	INV-1:UndischargedLocalInvariant
snowghost@dc0defa	renderer/css/selectors/match.wf	368	skip guard	dash_at < document^.text.inner.len	none	INV-1:UndischargedLocalInvariant
snowghost@dc0defa	renderer/css/selectors/match.wf	770	else-exit guard	k < list^.instr_order.inner.len	none	INV-1:UndischargedLocalInvariant
snowghost@dc0defa	renderer/css/selectors/match.wf	777	else-exit guard	actual_k_wide < list^.instrs.inner.len	none	INV-1:UndischargedLocalInvariant
snowghost@dc0defa	renderer/css/selectors/match.wf	809	then-exit guard	stack^.len >= stack^.cap	none	INV-1:UndischargedLocalInvariant
snowghost@dc0defa	renderer/css/selectors/match.wf	823	skip guard	result == result_restart_later_sibling	none	INV-1:UndischargedLocalInvariant
snowghost@dc0defa	renderer/css/selectors/match.wf	827	then-exit guard	stack^.len >= stack^.cap	none	INV-1:UndischargedLocalInvariant
snowghost@dc0defa	renderer/css/selectors/match.wf	848	else-exit guard	comp_start < comp_end	none	INV-1:UndischargedLocalInvariant
snowghost@dc0defa	renderer/css/selectors/match.wf	860	else-exit guard	i_wide < list^.compound_order.inner.len	none	INV-1:UndischargedLocalInvariant
snowghost@dc0defa	renderer/css/selectors/match.wf	867	else-exit guard	actual_i_wide < list^.compounds.inner.len	none	INV-1:UndischargedLocalInvariant
snowghost@dc0defa	renderer/css/selectors/match.wf	990	else-exit guard	i < list^.alt_order.inner.len	none	INV-1:UndischargedLocalInvariant
snowghost@dc0defa	renderer/css/selectors/match.wf	997	else-exit guard	actual_i_wide < list^.alts.inner.len	none	INV-1:UndischargedLocalInvariant
snowghost@dc0defa	renderer/css/selectors/nth.wf	16	then-exit guard	position <= 2147483647_u64	none	INV-1:UndischargedLocalInvariant
snowghost@dc0defa	renderer/css/selectors/nth.wf	30	else-exit guard	rem == 0_i32	none	INV-1:UndischargedLocalInvariant
snowghost@dc0defa	renderer/css/selectors/nth.wf	69	else-exit guard	step < node_count	none	INV-1:UndischargedLocalInvariant
snowghost@dc0defa	renderer/css/selectors/parse.wf	161	else-exit guard	cur < limit	none	INV-1:UndischargedLocalInvariant
snowghost@dc0defa	renderer/css/selectors/parse.wf	178	skip guard	after_step > before_step	none	INV-1:UndischargedLocalInvariant
snowghost@dc0defa	renderer/css/selectors/parse.wf	262	else-exit guard	cur <= limit	none	INV-1:UndischargedLocalInvariant
snowghost@dc0defa	renderer/css/selectors/parse.wf	297	then-exit guard	count <= max_compounds_per_selector	none	INV-1:UndischargedLocalInvariant
snowghost@dc0defa	renderer/css/selectors/parse.wf	303	else-exit guard	cur <= limit	none	INV-1:UndischargedLocalInvariant
snowghost@dc0defa	renderer/css/selectors/parse.wf	313	then-exit guard	cur < limit	none	INV-1:UndischargedLocalInvariant
snowghost@dc0defa	renderer/css/selectors/parse.wf	329	then-exit guard	cur < limit	none	INV-1:UndischargedLocalInvariant
snowghost@dc0defa	renderer/css/selectors/parse.wf	376	then-exit guard	depth <= max_nesting_depth	none	INV-1:UndischargedLocalInvariant
snowghost@dc0defa	renderer/css/selectors/parse.wf	384	else-exit guard	cur <= limit	none	INV-1:UndischargedLocalInvariant
snowghost@dc0defa	renderer/css/selectors/parse_attr.wf	18	else-exit guard	pos < limit	none	INV-1:UndischargedLocalInvariant
snowghost@dc0defa	renderer/css/selectors/parse_attr.wf	41	else-exit guard	after_bar < limit	none	INV-1:UndischargedLocalInvariant
snowghost@dc0defa	renderer/css/selectors/parse_attr.wf	65	else-exit guard	after_bar < limit	none	INV-1:UndischargedLocalInvariant
snowghost@dc0defa	renderer/css/selectors/parse_attr.wf	300	else-exit guard	start <= end	none	INV-1:UndischargedLocalInvariant
snowghost@dc0defa	renderer/css/selectors/parse_attr.wf	305	else-exit guard	end <= values^.text.inner.len	none	INV-1:UndischargedLocalInvariant
snowghost@dc0defa	renderer/css/selectors/parse_attr.wf	311	else-exit guard	one == 1_u64	none	INV-1:UndischargedLocalInvariant
snowghost@dc0defa	renderer/css/selectors/parse_attr.wf	316	else-exit guard	start < values^.text.inner.len	none	INV-1:UndischargedLocalInvariant
snowghost@dc0defa	renderer/css/selectors/parse_attr.wf	341	else-exit guard	pos < limit	none	INV-1:UndischargedLocalInvariant
snowghost@dc0defa	renderer/css/selectors/parse_attr.wf	390	skip guard	after_name >= content_end	none	TYPE-6:DeclarationCollision
snowghost@dc0defa	renderer/css/selectors/parse_attr.wf	407	else-exit guard	name_start <= name_end	none	INV-1:UndischargedLocalInvariant
snowghost@dc0defa	renderer/css/selectors/parse_attr.wf	413	else-exit guard	name_end <= values^.text.inner.len	none	INV-1:UndischargedLocalInvariant
snowghost@dc0defa	renderer/css/selectors/parse_attr.wf	422	else-exit guard	before_value < content_end	none	INV-1:UndischargedLocalInvariant
snowghost@dc0defa	renderer/css/selectors/parse_attr.wf	435	skip guard	before_flag >= content_end	none	TYPE-6:DeclarationCollision
snowghost@dc0defa	renderer/css/selectors/parse_attr.wf	455	else-exit guard	trailing >= content_end	none	INV-1:UndischargedLocalInvariant
snowghost@dc0defa	renderer/css/selectors/parse_pseudo.wf	310	else-exit guard	arg_pos < content_end	none	INV-1:UndischargedLocalInvariant
snowghost@dc0defa	renderer/css/selectors/parse_pseudo.wf	328	else-exit guard	start64 <= end64	none	INV-1:UndischargedLocalInvariant
snowghost@dc0defa	renderer/css/selectors/parse_pseudo.wf	334	else-exit guard	end64 <= values^.text.inner.len	none	INV-1:UndischargedLocalInvariant
snowghost@dc0defa	renderer/css/selectors/parse_pseudo.wf	380	else-exit guard	of_pos < content_end	none	INV-1:UndischargedLocalInvariant
snowghost@dc0defa	renderer/css/selectors/parse_pseudo.wf	512	else-exit guard	pos < limit	none	INV-1:UndischargedLocalInvariant
snowghost@dc0defa	renderer/css/selectors/parse_pseudo.wf	540	else-exit guard	name_pos < limit	none	INV-1:UndischargedLocalInvariant
snowghost@dc0defa	renderer/css/selectors/parse_simple.wf	76	else-exit guard	pos < limit	none	INV-1:UndischargedLocalInvariant
snowghost@dc0defa	renderer/css/selectors/parse_simple.wf	95	else-exit guard	after_bar < limit	none	INV-1:UndischargedLocalInvariant
snowghost@dc0defa	renderer/css/selectors/parse_simple.wf	147	else-exit guard	after_bar < limit	none	INV-1:UndischargedLocalInvariant
snowghost@dc0defa	renderer/css/selectors/parse_simple.wf	231	else-exit guard	pos < limit	none	INV-1:UndischargedLocalInvariant
snowghost@dc0defa	renderer/css/selectors/parse_simple.wf	272	else-exit guard	pos < limit	none	INV-1:UndischargedLocalInvariant
snowghost@dc0defa	renderer/css/selectors/parse_simple.wf	286	else-exit guard	after_dot < limit	none	INV-1:UndischargedLocalInvariant
snowghost@dc0defa	renderer/css/selectors/scan.wf	26	then-exit guard	end_wide > count	none	INV-1:UndischargedLocalInvariant
snowghost@dc0defa	renderer/css/selectors/scan.wf	28	then-exit guard	start_wide > end_wide	none	INV-1:UndischargedLocalInvariant
snowghost@dc0defa	renderer/css/selectors/scan.wf	34	then-exit guard	start_wide > count	none	INV-1:UndischargedLocalInvariant
snowghost@dc0defa	renderer/css/selectors/scan.wf	491	then-exit guard	wide <= at	none	INV-1:UndischargedLocalInvariant
snowghost@dc0defa	renderer/css/selectors/scan.wf	493	then-exit guard	wide > limit	none	INV-1:UndischargedLocalInvariant
snowghost@dc0defa	renderer/css/selectors/scan.wf	499	then-exit guard	fallback > limit	none	INV-1:UndischargedLocalInvariant
snowghost@dc0defa	renderer/css/selectors/scan.wf	506	then-exit guard	fallback > limit	none	INV-1:UndischargedLocalInvariant
snowghost@dc0defa	renderer/css/selectors/scan.wf	611	else-exit guard	pos < limit	none	INV-1:UndischargedLocalInvariant
snowghost@dc0defa	renderer/css/selectors/scan.wf	634	then-exit guard	x >= lo	none	FN-8:UndischargedCallRequirement
snowghost@dc0defa	renderer/css/selectors/scan.wf	637	then-exit guard	x <= hi	none	FN-8:UndischargedCallRequirement
snowghost@dc0defa	renderer/css/selectors/text_cmp.wf	4	else-exit guard	hay^.len == needle^.len	none	INV-1:UndischargedLocalInvariant
snowghost@dc0defa	renderer/css/selectors/text_cmp.wf	37	else-exit guard	n > 0_u64	none	INV-1:UndischargedLocalInvariant
snowghost@dc0defa	renderer/css/selectors/text_cmp.wf	42	else-exit guard	hay^.len >= n	none	INV-1:UndischargedLocalInvariant
snowghost@dc0defa	renderer/css/selectors/text_cmp.wf	55	else-exit guard	n > 0_u64	none	INV-1:UndischargedLocalInvariant
snowghost@dc0defa	renderer/css/selectors/text_cmp.wf	61	else-exit guard	h >= n	none	INV-1:UndischargedLocalInvariant
snowghost@dc0defa	renderer/css/selectors/text_cmp.wf	67	else-exit guard	start <= h	none	INV-1:UndischargedLocalInvariant
snowghost@dc0defa	renderer/css/selectors/text_cmp.wf	80	else-exit guard	n > 0_u64	none	INV-1:UndischargedLocalInvariant
snowghost@dc0defa	renderer/css/selectors/text_cmp.wf	86	else-exit guard	h >= n	none	INV-1:UndischargedLocalInvariant
snowghost@dc0defa	renderer/css/selectors/text_cmp.wf	95	else-exit guard	at <= ending	none	INV-1:UndischargedLocalInvariant
snowghost@dc0defa	renderer/css/selectors/text_cmp.wf	100	else-exit guard	ending <= h	none	INV-1:UndischargedLocalInvariant
snowghost@dc0defa	renderer/css/selectors/text_cmp.wf	139	else-exit guard	n > 0_u64	none	INV-1:UndischargedLocalInvariant
snowghost@dc0defa	renderer/css/selectors/text_cmp.wf	148	then-exit guard	skip_start < h	none	INV-1:UndischargedLocalInvariant
snowghost@dc0defa	renderer/css/selectors/text_cmp.wf	153	then-exit guard	word_start < h	none	INV-1:UndischargedLocalInvariant
snowghost@dc0defa	renderer/css/selectors/text_cmp.wf	158	else-exit guard	word_start <= word_end	none	INV-1:UndischargedLocalInvariant
snowghost@dc0defa	renderer/css/selectors/text_cmp.wf	163	else-exit guard	word_end <= hay^.len	none	INV-1:UndischargedLocalInvariant
snowghost@dc0defa	renderer/css/selectors/text_cmp.wf	185	else-exit guard	pos < limit	none	INV-1:UndischargedLocalInvariant
snowghost@dc0defa	renderer/css/selectors/text_cmp.wf	209	else-exit guard	pos < limit	none	INV-1:UndischargedLocalInvariant
snowghost@dc0defa	renderer/css/selectors/text_cmp.wf	233	else-exit guard	h > n	none	INV-1:UndischargedLocalInvariant
snowghost@dc0defa	renderer/css/selectors/types.wf	16	skip guard	length >= capacity	none	INV-1:UndischargedLocalInvariant
snowghost@dc0defa	renderer/css/selectors/types.wf	22	else-exit guard	capacity <= array_growth_limit	none	INV-1:UndischargedLocalInvariant
snowghost@dc0defa	renderer/css/selectors/types.wf	32	else-exit guard	length <= 4294967295_u64	none	INV-1:UndischargedLocalInvariant
snowghost@dc0defa	renderer/css/selectors/types.wf	47	skip guard	length >= capacity	none	INV-1:UndischargedLocalInvariant
snowghost@dc0defa	renderer/css/selectors/types.wf	53	else-exit guard	capacity <= array_growth_limit	none	INV-1:UndischargedLocalInvariant
snowghost@dc0defa	renderer/css/selectors/types.wf	63	else-exit guard	length <= 4294967295_u64	none	INV-1:UndischargedLocalInvariant
snowghost@dc0defa	renderer/css/selectors/types.wf	78	skip guard	length >= capacity	none	INV-1:UndischargedLocalInvariant
snowghost@dc0defa	renderer/css/selectors/types.wf	84	else-exit guard	capacity <= array_growth_limit	none	INV-1:UndischargedLocalInvariant
snowghost@dc0defa	renderer/css/selectors/types.wf	94	else-exit guard	length <= 4294967295_u64	none	INV-1:UndischargedLocalInvariant
snowghost@dc0defa	renderer/css/selectors/types.wf	116	else-exit guard	k < collected^.inner.len	v0.78	
snowghost@dc0defa	renderer/css/selectors/types.wf	141	skip guard	length >= capacity	none	INV-1:UndischargedLocalInvariant
snowghost@dc0defa	renderer/css/selectors/types.wf	147	else-exit guard	capacity <= array_growth_limit	none	INV-1:UndischargedLocalInvariant
snowghost@dc0defa	renderer/css/selectors/types.wf	157	else-exit guard	length <= 4294967295_u64	none	INV-1:UndischargedLocalInvariant
snowghost@dc0defa	renderer/image/png/bits.wf	61	skip guard	position <= length	none	INV-1:UndischargedLocalInvariant
snowghost@dc0defa	renderer/image/png/bits.wf	63	then-exit guard	rest < 8_u64	none	INV-1:UndischargedLocalInvariant
snowghost@dc0defa	renderer/image/png/checksums.wf	74	then-exit guard	left >= 8_u64	none	INV-1:UndischargedLocalInvariant
snowghost@dc0defa	renderer/image/png/chunks.wf	132	then-exit guard	area <= 67108864_u64	none	INV-1:UndischargedLocalInvariant
snowghost@dc0defa	renderer/image/png/chunks.wf	148	else-exit guard	held <= 1073741824_u64	none	INV-1:UndischargedLocalInvariant
snowghost@dc0defa	renderer/image/png/chunks.wf	153	else-exit guard	count <= 1073741824_u64	none	INV-1:UndischargedLocalInvariant
snowghost@dc0defa	renderer/image/png/chunks.wf	159	else-exit guard	total <= 1073741824_u64	none	INV-1:UndischargedLocalInvariant
snowghost@dc0defa	renderer/image/png/chunks.wf	164	skip guard	total > capacity	none	INV-1:UndischargedLocalInvariant
snowghost@dc0defa	renderer/image/png/chunks.wf	193	then-exit guard	length <= 1073741824_u64	none	INV-1:UndischargedLocalInvariant
snowghost@dc0defa	renderer/image/png/chunks.wf	199	skip guard	total > capacity	none	INV-1:UndischargedLocalInvariant
snowghost@dc0defa	renderer/image/png/chunks.wf	235	then-exit guard	remaining >= 12_u64	none	INV-1:UndischargedLocalInvariant
snowghost@dc0defa	renderer/image/png/chunks.wf	243	else-exit guard	chunk_length <= framed	none	INV-1:UndischargedLocalInvariant
snowghost@dc0defa	renderer/image/png/chunks.wf	253	else-exit guard	computed_crc == stored_crc	none	INV-1:UndischargedLocalInvariant
snowghost@dc0defa	renderer/image/png/chunks.wf	280	else-exit guard	chunk_index == 0_u64 and chunk_length == 13_u64	none	INV-1:UndischargedLocalInvariant
snowghost@dc0defa	renderer/image/png/expand.wf	21	else-exit guard	width <= src^.len	none	INV-1:UndischargedLocalInvariant
snowghost@dc0defa	renderer/image/png/expand.wf	28	else-exit guard	index < count	none	INV-1:UndischargedLocalInvariant
snowghost@dc0defa	renderer/image/png/expand.wf	60	else-exit guard	byte_at < src_length	none	INV-1:UndischargedLocalInvariant
snowghost@dc0defa	renderer/image/png/expand.wf	73	else-exit guard	index < count	none	INV-1:UndischargedLocalInvariant
snowghost@dc0defa	renderer/image/png/expand.wf	97	else-exit guard	src_need <= src^.len	none	INV-1:UndischargedLocalInvariant
snowghost@dc0defa	renderer/image/png/expand.wf	136	else-exit guard	src_need <= src^.len	none	INV-1:UndischargedLocalInvariant
snowghost@dc0defa	renderer/image/png/expand.wf	159	else-exit guard	src_need <= src^.len	none	INV-1:UndischargedLocalInvariant
snowghost@dc0defa	renderer/image/png/expand.wf	203	else-exit guard	src_need <= src^.len	none	INV-1:UndischargedLocalInvariant
snowghost@dc0defa	renderer/image/png/expand.wf	241	skip guard	red_wide == key_red and green_wide == key_green and blue_wide == key_blue	none	INV-1:UndischargedLocalInvariant
snowghost@dc0defa	renderer/image/png/expand.wf	257	else-exit guard	src_need <= src^.len	none	INV-1:UndischargedLocalInvariant
snowghost@dc0defa	renderer/image/png/expand.wf	309	else-exit guard	need <= src^.len	none	INV-1:UndischargedLocalInvariant
snowghost@dc0defa	renderer/image/png/expand.wf	326	else-exit guard	src_need <= src^.len	none	INV-1:UndischargedLocalInvariant
snowghost@dc0defa	renderer/image/png/expand.wf	351	else-exit guard	dst_need <= dst^.len	none	INV-1:UndischargedLocalInvariant
snowghost@dc0defa	renderer/image/png/filter.wf	52	then-exit guard	pb > pc	none	INV-1:UndischargedLocalInvariant
snowghost@dc0defa	renderer/image/png/geometry.wf	88	then-exit guard	pixel_bits >= 8_u64	none	INV-1:UndischargedLocalInvariant
snowghost@dc0defa	renderer/image/png/geometry.wf	139	else-exit guard	start < size	none	INV-1:UndischargedLocalInvariant
snowghost@dc0defa	renderer/image/png/geometry.wf	175	skip guard	pass_width > 0_u64	none	INV-1:UndischargedLocalInvariant
snowghost@dc0defa	renderer/image/png/huffman.wf	45	then-exit guard	symbol >= 256_u64	none	INV-1:UndischargedLocalInvariant
snowghost@dc0defa	renderer/image/png/huffman.wf	53	then-exit guard	index >= 29_u64	none	INV-1:UndischargedLocalInvariant
snowghost@dc0defa	renderer/image/png/huffman.wf	59	then-exit guard	symbol >= 30_u64	none	INV-1:UndischargedLocalInvariant
snowghost@dc0defa	renderer/image/png/huffman.wf	108	then-exit guard	length <= 15_u64	none	INV-1:UndischargedLocalInvariant
snowghost@dc0defa	renderer/image/png/huffman.wf	112	skip guard	length > 0_u64	none	INV-1:UndischargedLocalInvariant
snowghost@dc0defa	renderer/image/png/huffman.wf	125	then-exit guard	left >= 0_i64	none	INV-1:UndischargedLocalInvariant
snowghost@dc0defa	renderer/image/png/huffman.wf	135	skip guard	left > 0_i64	none	INV-1:UndischargedLocalInvariant
snowghost@dc0defa	renderer/image/png/huffman.wf	165	skip guard	length > 0_u64	none	INV-1:UndischargedLocalInvariant
snowghost@dc0defa	renderer/image/png/huffman.wf	175	else-exit guard	slot < size	none	INV-1:UndischargedLocalInvariant
snowghost@dc0defa	renderer/image/png/inflate.wf	15	else-exit guard	buffered <= position	none	INV-1:UndischargedLocalInvariant
snowghost@dc0defa	renderer/image/png/inflate.wf	21	else-exit guard	start <= end	none	INV-1:UndischargedLocalInvariant
snowghost@dc0defa	renderer/image/png/inflate.wf	27	then-exit guard	available >= 4_u64	none	INV-1:UndischargedLocalInvariant
snowghost@dc0defa	renderer/image/png/inflate.wf	43	else-exit guard	complement == expected	none	INV-1:UndischargedLocalInvariant
snowghost@dc0defa	renderer/image/png/inflate.wf	51	else-exit guard	length <= data_available	none	INV-1:UndischargedLocalInvariant
snowghost@dc0defa	renderer/image/png/inflate.wf	57	else-exit guard	length <= room	none	INV-1:UndischargedLocalInvariant
snowghost@dc0defa	renderer/image/png/inflate.wf	90	else-exit guard	literal_count <= 286_u64 and distance_count <= 30_u64	none	INV-1:UndischargedLocalInvariant
snowghost@dc0defa	renderer/image/png/inflate.wf	143	else-exit guard	repeat <= remaining	none	INV-1:UndischargedLocalInvariant
snowghost@dc0defa	renderer/image/png/inflate.wf	233	skip guard	position > end	none	INV-1:UndischargedLocalInvariant
snowghost@dc0defa	renderer/image/png/inflate.wf	235	then-exit guard	over < 8_u64	none	INV-1:UndischargedLocalInvariant
snowghost@dc0defa	renderer/image/png/inflate.wf	241	then-exit guard	over_bits <= buffered	none	INV-1:UndischargedLocalInvariant
snowghost@dc0defa	renderer/image/png/inflate_codes.wf	38	else-exit guard	at < out_length	none	INV-1:UndischargedLoopInvariant
snowghost@dc0defa	renderer/image/png/inflate_codes.wf	76	else-exit guard	distance_kind == entry_base	none	INV-1:UndischargedLocalInvariant
snowghost@dc0defa	renderer/image/png/inflate_codes.wf	93	else-exit guard	distance <= at	none	INV-1:UndischargedLocalInvariant
snowghost@dc0defa	renderer/image/png/inflate_codes.wf	99	else-exit guard	copy_end <= out_length	none	INV-1:UndischargedLoopInvariant
snowghost@dc0defa	renderer/image/png/pixels.wf	116	skip guard	source_end <= entry_bytes	none	INV-1:UndischargedLocalInvariant
snowghost@dc0defa	renderer/image/png/pixels.wf	150	skip guard	chunk_length == 2_u64	none	INV-1:UndischargedLocalInvariant
snowghost@dc0defa	renderer/image/png/pixels.wf	156	skip guard	chunk_length == 6_u64	none	INV-1:UndischargedLocalInvariant
snowghost@dc0defa	renderer/image/png/pixels.wf	198	skip guard	level == wide_sample	none	INV-1:UndischargedLocalInvariant
snowghost@dc0defa	renderer/image/png/pixels.wf	231	then-exit guard	bit_depth > 8_u8	none	INV-1:UndischargedLocalInvariant
snowghost@dc0defa	renderer/image/png/png.wf	5	then-exit guard	data^.len >= 8_u64	none	INV-1:UndischargedLocalInvariant
snowghost@dc0defa	renderer/image/png/png.wf	34	then-exit guard	area <= 67108864_u64	none	INV-1:UndischargedLocalInvariant
snowghost@dc0defa	renderer/image/png/png.wf	38	then-exit guard	width <= 67108864_u64	none	INV-1:UndischargedLocalInvariant
snowghost@dc0defa	renderer/image/png/png.wf	42	then-exit guard	height <= 67108864_u64	none	INV-1:UndischargedLocalInvariant
snowghost@dc0defa	renderer/image/png/png.wf	54	then-exit guard	bit_depth >= 1_u8	none	INV-1:UndischargedLocalInvariant
snowghost@dc0defa	renderer/image/png/png.wf	58	then-exit guard	bit_depth <= 16_u8	none	INV-1:UndischargedLocalInvariant
snowghost@dc0defa	renderer/image/png/png.wf	73	then-exit guard	raw_size <= 1073741824_u64	none	INV-1:UndischargedLocalInvariant
snowghost@dc0defa	renderer/image/png/rows.wf	22	else-exit guard	dst_need <= dst^.len	none	INV-1:UndischargedLocalInvariant
snowghost@dc0defa	renderer/image/png/rows.wf	33	else-exit guard	column < width	none	INV-1:UndischargedLocalInvariant
snowghost@dc0defa	renderer/image/png/rows.wf	38	then-exit guard	rest >= 4_u64	none	INV-1:UndischargedLocalInvariant
snowghost@dc0defa	renderer/image/png/rows.wf	109	else-exit guard	pass_bytes <= raw^.len	none	INV-1:UndischargedLocalInvariant
snowghost@dc0defa	renderer/image/png/rows.wf	117	else-exit guard	pixel_need <= pixels^.len	none	INV-1:UndischargedLocalInvariant
snowghost@dc0defa	renderer/image/png/rows.wf	135	else-exit guard	image_row < height	none	INV-1:UndischargedLocalInvariant
snowghost@dc0defa	renderer/image/png/zlib.wf	7	then-exit guard	length >= 6_u64	none	INV-1:UndischargedLocalInvariant
snowghost@dc0defa	renderer/image/png/zlib.wf	28	else-exit guard	method == 8_u8 and window_bits <= 7_u8 and check_value == 0_u32 and preset_dictionary == 0_u8	none	INV-1:UndischargedLocalInvariant
snowghost@dc0defa	renderer/image/png/zlib.wf	39	else-exit guard	written == out^.len	none	INV-1:UndischargedLocalInvariant
snowghost@dc0defa	renderer/html/tokenizer/buffers.wf	28	skip guard	capacity < ceiling	none	INV-1:UndischargedLocalInvariant
snowghost@dc0defa	renderer/html/tokenizer/buffers.wf	34	skip guard	raw_doubled > capacity	none	INV-1:UndischargedLocalInvariant
snowghost@dc0defa	renderer/html/tokenizer/buffers.wf	61	then-exit guard	cp > 127_u32	none	INV-1:UndischargedLocalInvariant
snowghost@dc0defa	renderer/html/tokenizer/buffers.wf	67	then-exit guard	cp > 2047_u32	none	INV-1:UndischargedLocalInvariant
snowghost@dc0defa	renderer/html/tokenizer/buffers.wf	79	then-exit guard	cp > 65535_u32	none	INV-1:UndischargedLocalInvariant
snowghost@dc0defa	renderer/html/tokenizer/charref.wf	16	then-exit guard	value <= max_scalar	none	INV-1:UndischargedLocalInvariant
snowghost@dc0defa	renderer/html/tokenizer/charref.wf	29	else-exit guard	at < count	none	INV-1:UndischargedLocalInvariant
snowghost@dc0defa	renderer/html/tokenizer/charref.wf	76	else-exit guard	at < length	none	INV-1:UndischargedLocalInvariant
snowghost@dc0defa	renderer/html/tokenizer/charref.wf	106	else-exit guard	at < length	none	INV-1:UndischargedLocalInvariant
snowghost@dc0defa	renderer/html/tokenizer/charref.wf	133	else-exit guard	start < length	none	INV-1:UndischargedLocalInvariant
snowghost@dc0defa	renderer/html/tokenizer/charref.wf	140	else-exit guard	bucket < 256_u64	v0.78	
snowghost@dc0defa	renderer/html/tokenizer/charref.wf	151	else-exit guard	index < bucket_end	none	INV-1:UndischargedLocalInvariant
snowghost@dc0defa	renderer/html/tokenizer/charref.wf	156	skip guard	index < table_len	none	INV-1:UndischargedLocalInvariant
snowghost@dc0defa	renderer/html/tokenizer/charref.wf	184	else-exit guard	i < name_len	none	INV-1:UndischargedLocalInvariant
snowghost@dc0defa	renderer/html/tokenizer/charref.wf	189	else-exit guard	i < 32_u64	none	INV-1:UndischargedLocalInvariant
snowghost@dc0defa	renderer/html/tokenizer/charref.wf	195	else-exit guard	src_index < source^.len	none	INV-1:UndischargedLocalInvariant
snowghost@dc0defa	renderer/html/tokenizer/charref.wf	202	then-exit guard	left == right	none	INV-1:UndischargedLocalInvariant
snowghost@dc0defa	renderer/html/tokenizer/charref.wf	215	else-exit guard	amp_next < length	none	INV-1:UndischargedLocalInvariant
snowghost@dc0defa	renderer/html/tokenizer/charref.wf	224	else-exit guard	hash_next < length	none	INV-1:UndischargedLocalInvariant
snowghost@dc0defa	renderer/html/tokenizer/data_state.wf	10	else-exit guard	second_index < length	none	INV-1:UndischargedLocalInvariant
snowghost@dc0defa	renderer/html/tokenizer/data_state.wf	15	else-exit guard	pos < length	none	INV-1:UndischargedLocalInvariant
snowghost@dc0defa	renderer/html/tokenizer/data_state.wf	48	else-exit guard	i < 7_u64	none	INV-1:UndischargedLocalInvariant
snowghost@dc0defa	renderer/html/tokenizer/data_state.wf	54	else-exit guard	idx < length	none	INV-1:UndischargedLocalInvariant
snowghost@dc0defa	renderer/html/tokenizer/data_state.wf	61	then-exit guard	byte == want	none	INV-1:UndischargedLocalInvariant
snowghost@dc0defa	renderer/html/tokenizer/data_state.wf	86	else-exit guard	i < 7_u64	none	INV-1:UndischargedLocalInvariant
snowghost@dc0defa	renderer/html/tokenizer/data_state.wf	92	else-exit guard	idx < length	none	INV-1:UndischargedLocalInvariant
snowghost@dc0defa	renderer/html/tokenizer/data_state.wf	101	then-exit guard	lowered == want_lowered	none	INV-1:UndischargedLocalInvariant
snowghost@dc0defa	renderer/html/tokenizer/data_state.wf	139	else-exit guard	i < 7_u64	none	INV-1:UndischargedLocalInvariant
snowghost@dc0defa	renderer/html/tokenizer/data_state.wf	245	then-exit guard	produced <= 0_u64	none	INV-1:UndischargedLocalInvariant
snowghost@dc0defa	renderer/html/tokenizer/data_state.wf	262	then-exit guard	pending_len <= 0_u64	none	INV-1:UndischargedLocalInvariant
snowghost@dc0defa	renderer/html/tokenizer/decode.wf	9	then-exit guard	pos < length	none	INV-1:UndischargedLocalInvariant
snowghost@dc0defa	renderer/html/tokenizer/decode.wf	14	then-exit guard	lead > 127_u8	none	INV-1:UndischargedLocalInvariant
snowghost@dc0defa	renderer/html/tokenizer/decode.wf	27	skip guard	c1_pos < length	none	INV-1:UndischargedLocalInvariant
snowghost@dc0defa	renderer/html/tokenizer/decode.wf	57	skip guard	c1_pos < length	none	INV-1:UndischargedLocalInvariant
snowghost@dc0defa	renderer/html/tokenizer/decode.wf	69	skip guard	c2_pos < length	none	INV-1:UndischargedLocalInvariant
snowghost@dc0defa	renderer/html/tokenizer/decode.wf	107	skip guard	c1_pos < length	none	INV-1:UndischargedLocalInvariant
snowghost@dc0defa	renderer/html/tokenizer/decode.wf	119	skip guard	c2_pos < length	none	INV-1:UndischargedLocalInvariant
snowghost@dc0defa	renderer/html/tokenizer/decode.wf	131	skip guard	c3_pos < length	none	INV-1:UndischargedLocalInvariant
snowghost@dc0defa	renderer/html/tokenizer/doctype.wf	40	else-exit guard	i < 6_u64	none	INV-1:UndischargedLocalInvariant
snowghost@dc0defa	renderer/html/tokenizer/doctype.wf	46	else-exit guard	idx < length	none	INV-1:UndischargedLocalInvariant
snowghost@dc0defa	renderer/html/tokenizer/doctype.wf	55	then-exit guard	lowered == want_lowered	none	INV-1:UndischargedLocalInvariant
snowghost@dc0defa	renderer/html/tokenizer/script_data.wf	62	then-exit guard	produced <= 0_u64	none	INV-1:UndischargedLocalInvariant
snowghost@dc0defa	renderer/html/tokenizer/tags.wf	159	else-exit guard	left_start <= left_end and right_start <= right_end	none	INV-1:UndischargedLocalInvariant
snowghost@dc0defa	renderer/html/tokenizer/tags.wf	166	else-exit guard	left_len == right_len	none	INV-1:UndischargedLocalInvariant
snowghost@dc0defa	renderer/html/tokenizer/tags.wf	174	else-exit guard	left_end <= length and right_end <= length	none	INV-1:UndischargedLocalInvariant
snowghost@dc0defa	renderer/html/tokenizer/tags.wf	181	else-exit guard	i < left_len	none	INV-1:UndischargedLocalInvariant
snowghost@dc0defa	renderer/html/tokenizer/tags.wf	190	else-exit guard	li < output^.text.inner.len and ri < output^.text.inner.len	none	INV-1:UndischargedLocalInvariant
snowghost@dc0defa	renderer/html/tokenizer/tags.wf	197	then-exit guard	lb == rb	none	INV-1:UndischargedLocalInvariant
snowghost@dc0defa	renderer/html/tokenizer/tags.wf	211	else-exit guard	i < name_end	none	INV-1:UndischargedLocalInvariant
snowghost@dc0defa	renderer/html/tokenizer/tags.wf	216	skip guard	i < output^.text.inner.len	none	INV-1:UndischargedLocalInvariant
snowghost@dc0defa	renderer/html/tokenizer/tags.wf	255	then-exit guard	total >= size	none	INV-1:UndischargedLocalInvariant
snowghost@dc0defa	renderer/html/tokenizer/tags.wf	258	then-exit guard	size <= attribute_index_doubling_limit	none	INV-1:UndischargedLocalInvariant
snowghost@dc0defa	renderer/html/tokenizer/tags.wf	309	skip guard	idx < output^.attributes.inner.len	none	INV-1:UndischargedLocalInvariant
snowghost@dc0defa	renderer/html/tokenizer/tags.wf	564	else-exit guard	name_start <= name_end	none	INV-1:UndischargedLocalInvariant
snowghost@dc0defa	renderer/html/tokenizer/tags.wf	579	else-exit guard	i < copy_len	none	INV-1:UndischargedLocalInvariant
snowghost@dc0defa	renderer/html/tokenizer/tags.wf	585	skip guard	src_index < output^.text.inner.len	none	INV-1:UndischargedLocalInvariant
snowghost@dc0defa	renderer/html/tokenizer/text_states.wf	4	else-exit guard	name_start <= name_end	none	INV-1:UndischargedLocalInvariant
snowghost@dc0defa	renderer/html/tokenizer/text_states.wf	11	else-exit guard	name_len == tag_len	none	INV-1:UndischargedLocalInvariant
snowghost@dc0defa	renderer/html/tokenizer/text_states.wf	17	else-exit guard	name_end <= text_len	none	INV-1:UndischargedLocalInvariant
snowghost@dc0defa	renderer/html/tokenizer/text_states.wf	24	else-exit guard	i < name_len	none	INV-1:UndischargedLocalInvariant
snowghost@dc0defa	renderer/html/tokenizer/text_states.wf	32	else-exit guard	src_index < output^.text.inner.len and i < tokenizer^.last_start_tag.inner.len	none	INV-1:UndischargedLocalInvariant
snowghost@dc0defa	renderer/html/tokenizer/text_states.wf	39	then-exit guard	a == b	none	INV-1:UndischargedLocalInvariant
snowghost@dc0defa	renderer/html/tokenizer/text_states.wf	50	else-exit guard	name_start <= name_end	none	INV-1:UndischargedLocalInvariant
snowghost@dc0defa	renderer/html/tokenizer/text_states.wf	58	else-exit guard	i < len	none	INV-1:UndischargedLocalInvariant
snowghost@dc0defa	renderer/html/tokenizer/text_states.wf	67	skip guard	out_idx < output^.text.inner.len and src_idx < source^.len	none	INV-1:UndischargedLocalInvariant
snowghost@dc0defa	renderer/html/tokenizer/text_states.wf	92	then-exit guard	pending_len <= 0_u64	none	INV-1:UndischargedLocalInvariant
snowghost@dc0defa	renderer/html/tokenizer/text_states.wf	117	then-exit guard	produced <= 0_u64	none	INV-1:UndischargedLocalInvariant
snowghost@dc0defa	renderer/html/tokenizer/text_states.wf	213	then-exit guard	produced <= 0_u64	none	INV-1:UndischargedLocalInvariant
snowghost@dc0defa	renderer/html/tokenizer/text_states.wf	241	then-exit guard	produced <= 0_u64	none	INV-1:UndischargedLocalInvariant
snowghost@dc0defa	renderer/html/tokenizer/text_states.wf	275	then-exit guard	pending_len <= 0_u64	none	INV-1:UndischargedLocalInvariant
snowghost@dc0defa	renderer/html/tokenizer/text_states.wf	345	else-exit guard	pos < length and i1 < length and i2 < length	none	INV-1:UndischargedLocalInvariant
snowghost@5edc2f7	renderer/proto/style/checksum.wf	294	else-exit guard	results^.len == count	none	INV-1:UndischargedLocalInvariant
snowghost@5edc2f7	renderer/proto/style/checksum.wf	300	else-exit guard	field == 0_u64	none	INV-1:UndischargedLocalInvariant
snowghost@5edc2f7	renderer/proto/style/checksum.wf	311	else-exit guard	positions^.len == count	none	INV-1:UndischargedLocalInvariant
snowghost@5edc2f7	renderer/proto/style/checksum.wf	318	else-exit guard	position < results^.len	none	INV-1:UndischargedLocalInvariant
snowghost@5edc2f7	renderer/proto/style/checksum.wf	323	else-exit guard	field == 0_u64	none	INV-1:UndischargedLocalInvariant
snowghost@5edc2f7	renderer/proto/style/driver.wf	116	else-exit guard	text^.len == size	none	INV-1:UndischargedLocalInvariant
snowghost@5edc2f7	renderer/proto/style/driver.wf	245	else-exit guard	count >= 4_u64	none	INV-1:UndischargedLocalInvariant
snowghost@5edc2f7	renderer/proto/style/driver.wf	261	else-exit guard	length <= page_ceiling	none	INV-1:UndischargedLocalInvariant
snowghost@5edc2f7	renderer/proto/style/driver.wf	308	else-exit guard	size <= 16777216_u64	none	INV-1:UndischargedLocalInvariant
snowghost@5edc2f7	renderer/proto/style/driver.wf	482	else-exit guard	code == 0_u8	none	INV-1:UndischargedLocalInvariant
snowghost@5edc2f7	renderer/proto/style/driver.wf	550	else-exit guard	level_field == 0_u64	none	INV-1:UndischargedLocalInvariant
snowghost@5edc2f7	renderer/proto/style/driver.wf	556	else-exit guard	halving_field == 0_u64	none	INV-1:UndischargedLocalInvariant
snowghost@5edc2f7	renderer/proto/style/intern.wf	27	then-exit guard	group >= 2_u64	none	INV-1:UndischargedLocalInvariant
snowghost@5edc2f7	renderer/proto/style/intern.wf	105	else-exit guard	item < 4294967296_u64	none	INV-1:UndischargedLocalInvariant
snowghost@5edc2f7	renderer/proto/style/intern.wf	113	else-exit guard	end <= stored	none	INV-1:UndischargedLocalInvariant
snowghost@5edc2f7	renderer/proto/style/intern.wf	168	else-exit guard	item < 4294967295_u64	none	INV-1:UndischargedLocalInvariant
snowghost@5edc2f7	renderer/proto/style/intern.wf	177	else-exit guard	end <= stored	none	INV-1:UndischargedLocalInvariant
snowghost@5edc2f7	renderer/proto/style/intern.wf	212	else-exit guard	ids^.len == total	none	INV-1:UndischargedLocalInvariant
snowghost@5edc2f7	renderer/proto/style/intern.wf	236	else-exit guard	count <= 4294967294_u64	none	INV-1:UndischargedLocalInvariant
snowghost@5edc2f7	renderer/proto/style/intern.wf	271	else-exit guard	count <= 4294967294_u64	none	INV-1:UndischargedLocalInvariant
snowghost@5edc2f7	renderer/proto/style/intern.wf	277	else-exit guard	ids^.len == total	none	INV-1:UndischargedLocalInvariant
snowghost@5edc2f7	renderer/proto/style/intern.wf	292	else-exit guard	item < distinct	none	INV-1:UndischargedLocalInvariant
snowghost@5edc2f7	renderer/proto/style/intern.wf	305	else-exit guard	item < 4294967296_u64	none	INV-1:UndischargedLocalInvariant
snowghost@5edc2f7	renderer/proto/style/intern.wf	312	else-exit guard	end <= stored	none	INV-1:UndischargedLocalInvariant
snowghost@5edc2f7	renderer/proto/style/intern.wf	324	else-exit guard	wide == item	none	INV-1:UndischargedLocalInvariant
snowghost@5edc2f7	renderer/proto/style/keywords.wf	126	else-exit guard	text^.len == size	none	INV-1:UndischargedLocalInvariant
snowghost@5edc2f7	renderer/proto/style/shapes.wf	43	else-exit guard	count <= 4294967294_u64	none	INV-1:UndischargedLocalInvariant
snowghost@5edc2f7	renderer/proto/style/shapes.wf	55	else-exit guard	traversal^.level_elements.inner.len == slots and traversal^.level_parents.inner.len == slots and bounds >= 2_u64	none	INV-1:UndischargedLocalInvariant
snowghost@5edc2f7	renderer/proto/style/shapes.wf	74	else-exit guard	previous <= low and low <= high and high <= slots	none	INV-1:UndischargedLocalInvariant
snowghost@5edc2f7	renderer/proto/style/shapes.wf	104	else-exit guard	first < traversal^.elements.inner.len and first < traversal^.child_start.inner.len and first < traversal^.child_end.inner.len	none	INV-1:UndischargedLocalInvariant
snowghost@5edc2f7	renderer/proto/style/shapes.wf	123	then-exit guard	child_hi > child_lo	none	INV-1:UndischargedLocalInvariant
snowghost@5edc2f7	renderer/proto/style/shapes.wf	129	else-exit guard	child_lo < traversal^.children.inner.len	none	INV-1:UndischargedLocalInvariant
snowghost@5edc2f7	renderer/proto/style/shapes.wf	135	else-exit guard	only == run_first	none	INV-1:UndischargedLocalInvariant
snowghost@5edc2f7	renderer/proto/style/shapes.wf	145	else-exit guard	middle < traversal^.children.inner.len	none	INV-1:UndischargedLocalInvariant
snowghost@5edc2f7	renderer/proto/style/shapes.wf	151	else-exit guard	split_first >= run_first	none	INV-1:UndischargedLocalInvariant
snowghost@5edc2f7	renderer/proto/style/shapes.wf	157	else-exit guard	offset <= length	none	INV-1:UndischargedLocalInvariant
snowghost@5edc2f7	renderer/proto/style/shapes.wf	175	else-exit guard	count <= 4294967294_u64 and count < traversal^.child_start.inner.len and count < traversal^.child_end.inner.len	none	INV-1:UndischargedLocalInvariant
snowghost@5edc2f7	renderer/proto/style/shapes.wf	200	else-exit guard	words <= words_ceiling and count <= 4294967296_u64	none	INV-1:UndischargedLocalInvariant
snowghost@5edc2f7	renderer/proto/style/shapes.wf	206	else-exit guard	bits^.len == total	none	INV-1:UndischargedLocalInvariant
snowghost@5edc2f7	renderer/proto/style/shapes.wf	232	else-exit guard	words <= words_ceiling and count <= 4294967296_u64	none	INV-1:UndischargedLocalInvariant
snowghost@5edc2f7	renderer/proto/style/shapes.wf	238	else-exit guard	bits^.len == total	none	INV-1:UndischargedLocalInvariant
snowghost@5edc2f7	renderer/proto/style/shapes.wf	275	else-exit guard	count <= 4294967294_u64 and rules <= 4194304_u64	none	INV-1:UndischargedLocalInvariant
snowghost@5edc2f7	renderer/proto/style/shapes.wf	280	else-exit guard	traversal^.parents.inner.len == count	none	INV-1:UndischargedLocalInvariant
snowghost@5edc2f7	renderer/proto/style/shapes.wf	321	then-exit guard	element >= count	none	INV-1:UndischargedLocalInvariant
snowghost@5edc2f7	renderer/proto/style/store.wf	42	then-exit guard	length >= capacity	none	INV-1:UndischargedLocalInvariant
snowghost@5edc2f7	renderer/proto/style/store.wf	46	then-exit guard	capacity < ceiling	none	INV-1:UndischargedLocalInvariant
snowghost@5edc2f7	renderer/proto/style/store.wf	88	else-exit guard	count <= component_ceiling	none	INV-1:UndischargedLocalInvariant
snowghost@5edc2f7	renderer/proto/style/store.wf	354	then-exit guard	last > first	none	INV-1:UndischargedLocalInvariant
snowghost@5edc2f7	renderer/proto/style/store.wf	359	else-exit guard	at < list^.components.inner.len	none	INV-1:UndischargedLocalInvariant
snowghost@5edc2f7	renderer/proto/style/store.wf	383	else-exit guard	size == 1_u64	none	INV-1:UndischargedLocalInvariant
snowghost@5edc2f7	renderer/proto/style/store.wf	525	then-exit guard	group >= 2_u64	none	INV-1:UndischargedLocalInvariant
snowghost@5edc2f7	renderer/proto/style/store.wf	729	else-exit guard	length <= sheet_ceiling	none	INV-1:UndischargedLocalInvariant
snowghost@5edc2f7	renderer/proto/style/store.wf	745	else-exit guard	index < count	none	INV-1:UndischargedLocalInvariant
snowghost@5edc2f7	renderer/proto/style/store.wf	786	then-exit guard	index >= count	none	INV-1:UndischargedLocalInvariant
snowghost@5edc2f7	renderer/proto/style/store.wf	798	else-exit guard	index < count	none	INV-1:UndischargedLocalInvariant
snowghost@5edc2f7	renderer/proto/style/store.wf	881	else-exit guard	start <= end and end <= length	none	INV-1:UndischargedLocalInvariant
snowghost@5edc2f7	renderer/proto/style/traversal.wf	42	then-exit guard	value > 4294967295_u64	none	INV-1:UndischargedLocalInvariant
snowghost@5edc2f7	renderer/proto/style/traversal.wf	66	else-exit guard	listed == count and measured == count	none	INV-1:UndischargedLocalInvariant
snowghost@5edc2f7	renderer/proto/style/traversal.wf	71	else-exit guard	count <= element_ceiling	none	INV-1:UndischargedLocalInvariant
snowghost@5edc2f7	renderer/proto/style/traversal.wf	79	skip guard	raw == unvisited	none	INV-1:UndischargedLocalInvariant
snowghost@5edc2f7	renderer/proto/style/traversal.wf	84	else-exit guard	deepest <= depth_ceiling	none	INV-1:UndischargedLocalInvariant
snowghost@5edc2f7	renderer/proto/style/traversal.wf	105	then-exit guard	index >= count	none	INV-1:UndischargedLocalInvariant
snowghost@5edc2f7	renderer/proto/style/traversal.wf	117	else-exit guard	index < count	none	INV-1:UndischargedLocalInvariant
snowghost@5edc2f7	renderer/proto/style/traversal.wf	192	else-exit guard	nodes <= node_ceiling	none	INV-1:UndischargedLocalInvariant
snowghost@5edc2f7	renderer/proto/style/traversal.wf	237	else-exit guard	index < order.inner.len	none	INV-1:UndischargedLocalInvariant
snowghost@5edc2f7	renderer/proto/style/traversal.wf	247	else-exit guard	position < element_ceiling	none	INV-1:UndischargedLocalInvariant
snowghost@5edc2f7	renderer/proto/style/traversal.wf	266	else-exit guard	parent_index < order.inner.len	none	INV-1:UndischargedLocalInvariant
snowghost@5edc2f7	renderer/proto/style/traversal.wf	277	else-exit guard	wide < depths.inner.len	none	INV-1:UndischargedLocalInvariant
snowghost@5edc2f7	renderer/proto/style/traversal.wf	283	else-exit guard	above < depth_ceiling	none	INV-1:UndischargedLocalInvariant
snowghost@5edc2f7	renderer/proto/style/traversal.wf	291	else-exit guard	depth <= depth_ceiling	none	INV-1:UndischargedLocalInvariant
snowghost@5edc2f7	renderer/proto/style/traversal.wf	341	then-exit guard	wide >= at	none	INV-1:UndischargedLocalInvariant
snowghost@5edc2f7	renderer/proto/style/traversal.wf	357	else-exit guard	parent < counts.inner.len	none	INV-1:UndischargedLocalInvariant
snowghost@5edc2f7	renderer/proto/style/traversal.wf	363	else-exit guard	seen < count	none	INV-1:UndischargedLocalInvariant
snowghost@5edc2f7	renderer/proto/style/traversal.wf	380	else-exit guard	total <= count	none	INV-1:UndischargedLocalInvariant
snowghost@5edc2f7	renderer/proto/style/traversal.wf	390	else-exit guard	parent < fill.inner.len	none	INV-1:UndischargedLocalInvariant
snowghost@5edc2f7	renderer/proto/style/traversal.wf	396	else-exit guard	place < children.inner.len	none	INV-1:UndischargedLocalInvariant
snowghost@5edc2f7	renderer/proto/style/traversal.wf	427	else-exit guard	depth <= deepest	none	INV-1:UndischargedLocalInvariant
snowghost@5edc2f7	renderer/proto/style/traversal.wf	434	else-exit guard	seen < count	none	INV-1:UndischargedLocalInvariant
snowghost@5edc2f7	renderer/proto/style/traversal.wf	450	else-exit guard	total <= slots	none	INV-1:UndischargedLocalInvariant
snowghost@5edc2f7	renderer/proto/style/traversal.wf	463	else-exit guard	depth <= deepest	none	INV-1:UndischargedLocalInvariant
snowghost@5edc2f7	renderer/proto/style/traversal.wf	470	else-exit guard	position < slots	none	INV-1:UndischargedLocalInvariant
snowghost@5edc2f7	renderer/proto/style/traversal.wf	483	else-exit guard	parent < at	none	INV-1:UndischargedLocalInvariant
snowghost@5edc2f7	renderer/proto/style/traversal.wf	490	else-exit guard	previous_start <= parent_position	none	INV-1:UndischargedLocalInvariant
snowghost@dc0defa	renderer/html/tree_builder/adoption.wf	22	then-exit guard	scan_from <= len	none	INV-1:UndischargedLocalInvariant
snowghost@dc0defa	renderer/html/tree_builder/adoption.wf	30	else-exit guard	idx > scan_from	none	INV-1:UndischargedLocalInvariant
snowghost@dc0defa	renderer/html/tree_builder/adoption.wf	57	else-exit guard	idx < len	none	INV-1:UndischargedLocalInvariant
snowghost@dc0defa	renderer/html/tree_builder/adoption.wf	76	else-exit guard	len > 0_u64	none	INV-1:UndischargedLocalInvariant
snowghost@dc0defa	renderer/html/tree_builder/adoption.wf	85	else-exit guard	idx > 0_u64	none	INV-1:UndischargedLocalInvariant
snowghost@dc0defa	renderer/html/tree_builder/adoption.wf	137	then-exit guard	outer < 8_u64	none	INV-1:UndischargedLocalInvariant
snowghost@dc0defa	renderer/html/tree_builder/adoption.wf	150	else-exit guard	fidx < fidx_len	none	INV-1:UndischargedLocalInvariant
snowghost@dc0defa	renderer/html/tree_builder/adoption.wf	169	else-exit guard	stack_idx > 0_u64	none	INV-1:UndischargedLocalInvariant
snowghost@dc0defa	renderer/html/tree_builder/adoption.wf	182	skip guard	fidx < fidx_len2	none	INV-1:UndischargedLocalInvariant
snowghost@dc0defa	renderer/html/tree_builder/adoption.wf	190	else-exit guard	common_ancestor_idx < open_len_check	none	INV-1:UndischargedLocalInvariant
snowghost@dc0defa	renderer/html/tree_builder/adoption.wf	195	else-exit guard	furthest_idx < open_len_check	none	INV-1:UndischargedLocalInvariant
snowghost@dc0defa	renderer/html/tree_builder/adoption.wf	215	else-exit guard	node_idx < open_len_now	none	INV-1:UndischargedLocalInvariant
snowghost@dc0defa	renderer/html/tree_builder/adoption.wf	224	else-exit guard	afe_i < afe_len_now	none	INV-1:UndischargedLocalInvariant
snowghost@dc0defa	renderer/html/tree_builder/adoption.wf	251	else-exit guard	node_idx > 0_u64	none	INV-1:UndischargedLocalInvariant
snowghost@dc0defa	renderer/html/tree_builder/adoption.wf	263	else-exit guard	node_idx < node_len	none	INV-1:UndischargedLocalInvariant
snowghost@dc0defa	renderer/html/tree_builder/adoption.wf	285	skip guard	drop_idx < drop_len	none	INV-1:UndischargedLocalInvariant
snowghost@dc0defa	renderer/html/tree_builder/adoption.wf	299	skip guard	node_idx < open_len_now	none	INV-1:UndischargedLocalInvariant
snowghost@dc0defa	renderer/html/tree_builder/adoption.wf	315	else-exit guard	afe_i < afe_i_len	none	INV-1:UndischargedLocalInvariant
snowghost@dc0defa	renderer/html/tree_builder/adoption.wf	359	else-exit guard	fe_afe_i < fe_afe_len_now	none	INV-1:UndischargedLocalInvariant
snowghost@dc0defa	renderer/html/tree_builder/adoption.wf	388	else-exit guard	fe_stack_now < fe_stack_len	none	INV-1:UndischargedLocalInvariant
snowghost@dc0defa	renderer/html/tree_builder/adoption.wf	398	skip guard	furthest_now < furthest_now_len	none	INV-1:UndischargedLocalInvariant
snowghost@dc0defa	renderer/html/tree_builder/afe.wf	17	then-exit guard	length < capacity	none	INV-1:UndischargedLocalInvariant
snowghost@dc0defa	renderer/html/tree_builder/afe.wf	26	then-exit guard	doubled <= ceiling	none	INV-1:UndischargedLocalInvariant
snowghost@dc0defa	renderer/html/tree_builder/afe.wf	28	then-exit guard	capacity >= ceiling	none	INV-1:UndischargedLocalInvariant
snowghost@dc0defa	renderer/html/tree_builder/afe.wf	37	then-exit guard	doubled <= capacity	none	INV-1:UndischargedLocalInvariant
snowghost@dc0defa	renderer/html/tree_builder/afe.wf	56	else-exit guard	i < count	none	INV-1:UndischargedLocalInvariant
snowghost@dc0defa	renderer/html/tree_builder/afe.wf	76	else-exit guard	i < count	none	INV-1:UndischargedLocalInvariant
snowghost@dc0defa	renderer/html/tree_builder/afe.wf	93	else-exit guard	idx64 < len	none	INV-1:UndischargedLocalInvariant
snowghost@dc0defa	renderer/html/tree_builder/afe.wf	105	else-exit guard	i < count	none	INV-1:UndischargedLocalInvariant
snowghost@dc0defa	renderer/html/tree_builder/afe.wf	208	then-exit guard	attr_idx >= count	none	INV-1:UndischargedLocalInvariant
snowghost@dc0defa	renderer/html/tree_builder/afe.wf	238	else-exit guard	existing_count == new_count	none	INV-1:UndischargedLocalInvariant
snowghost@dc0defa	renderer/html/tree_builder/afe.wf	247	else-exit guard	i < existing_count	none	INV-1:UndischargedLocalInvariant
snowghost@dc0defa	renderer/html/tree_builder/afe.wf	295	else-exit guard	i < count	none	INV-1:UndischargedLocalInvariant
snowghost@dc0defa	renderer/html/tree_builder/afe.wf	337	skip guard	length >= capacity	none	INV-1:UndischargedLocalInvariant
snowghost@dc0defa	renderer/html/tree_builder/afe.wf	384	else-exit guard	idx < len	none	INV-1:UndischargedLocalInvariant
snowghost@dc0defa	renderer/html/tree_builder/afe.wf	407	else-exit guard	len > 0_u64	none	INV-1:UndischargedLocalInvariant
snowghost@dc0defa	renderer/html/tree_builder/afe.wf	416	else-exit guard	idx > 0_u64	none	INV-1:UndischargedLocalInvariant
snowghost@dc0defa	renderer/html/tree_builder/afe.wf	451	else-exit guard	idx < len	none	INV-1:UndischargedLocalInvariant
snowghost@dc0defa	renderer/html/tree_builder/afe.wf	471	skip guard	earliest < len_now	none	INV-1:UndischargedLocalInvariant
snowghost@dc0defa	renderer/html/tree_builder/afe.wf	485	else-exit guard	len > 0_u64	none	INV-1:UndischargedLocalInvariant
snowghost@dc0defa	renderer/html/tree_builder/elements.wf	95	else-exit guard	idx < end64	none	INV-1:UndischargedLocalInvariant
snowghost@dc0defa	renderer/html/tree_builder/elements.wf	100	else-exit guard	idx < attrs_len	none	INV-1:UndischargedLocalInvariant
snowghost@dc0defa	renderer/html/tree_builder/elements.wf	116	skip guard	name_start <= name_end and name_end <= text_len and value_start <= value_end and value_end <= text_len	none	INV-1:UndischargedLocalInvariant
snowghost@dc0defa	renderer/html/tree_builder/elements.wf	122	skip guard	name_bytes^.len <= 65536_u64 and value_bytes^.len <= 1073741824_u64	none	INV-1:UndischargedLocalInvariant
snowghost@dc0defa	renderer/html/tree_builder/elements.wf	229	else-exit guard	idx < len	none	INV-1:UndischargedLocalInvariant
snowghost@dc0defa	renderer/html/tree_builder/elements.wf	254	else-exit guard	len > 0_u64	none	INV-1:UndischargedLocalInvariant
snowghost@dc0defa	renderer/html/tree_builder/elements.wf	265	else-exit guard	i < count	none	INV-1:UndischargedLocalInvariant
snowghost@dc0defa	renderer/html/tree_builder/entry.wf	87	else-exit guard	i < len	none	INV-1:UndischargedLocalInvariant
snowghost@dc0defa	renderer/html/tree_builder/entry.wf	106	skip guard	idx64 < spans_len	none	INV-1:UndischargedLocalInvariant
snowghost@dc0defa	renderer/html/tree_builder/foreign.wf	34	else-exit guard	idx64 < len	none	INV-1:UndischargedLocalInvariant
snowghost@dc0defa	renderer/html/tree_builder/foreign.wf	44	else-exit guard	i < count	none	INV-1:UndischargedLocalInvariant
snowghost@dc0defa	renderer/html/tree_builder/foreign.wf	162	else-exit guard	idx64 < span_count	none	INV-1:UndischargedLocalInvariant
snowghost@dc0defa	renderer/html/tree_builder/foreign.wf	173	else-exit guard	start64 <= end64 and end64 <= text_len	none	INV-1:UndischargedLocalInvariant
snowghost@dc0defa	renderer/html/tree_builder/foreign.wf	293	else-exit guard	idx < end64	none	INV-1:UndischargedLocalInvariant
snowghost@dc0defa	renderer/html/tree_builder/foreign.wf	298	else-exit guard	idx < attrs_len	none	INV-1:UndischargedLocalInvariant
snowghost@dc0defa	renderer/html/tree_builder/foreign.wf	331	skip guard	start64 <= end64 and end64 <= len	none	INV-1:UndischargedLocalInvariant
snowghost@dc0defa	renderer/html/tree_builder/foreign.wf	377	else-exit guard	len > 0_u64	none	INV-1:UndischargedLocalInvariant
snowghost@dc0defa	renderer/html/tree_builder/foreign.wf	387	else-exit guard	idx > 0_u64	none	INV-1:UndischargedLocalInvariant
snowghost@dc0defa	renderer/html/tree_builder/foreign.wf	417	skip guard	bytes^.len <= 1073741824_u64	none	INV-1:UndischargedLocalInvariant
snowghost@dc0defa	renderer/html/tree_builder/foreign.wf	431	skip guard	bytes2^.len <= 1073741824_u64	none	INV-1:UndischargedLocalInvariant
snowghost@dc0defa	renderer/html/tree_builder/insert.wf	33	else-exit guard	idx64 < len	none	INV-1:UndischargedLocalInvariant
snowghost@dc0defa	renderer/html/tree_builder/insert.wf	65	else-exit guard	idx64 < len	none	INV-1:UndischargedLocalInvariant
snowghost@dc0defa	renderer/html/tree_builder/insert.wf	78	else-exit guard	idx64 < len	none	INV-1:UndischargedLocalInvariant
snowghost@dc0defa	renderer/html/tree_builder/insert.wf	176	then-exit guard	len0 <= 0_u64	none	INV-1:UndischargedLocalInvariant
snowghost@dc0defa	renderer/html/tree_builder/insert.wf	258	else-exit guard	len > 0_u64	none	INV-1:UndischargedLocalInvariant
snowghost@dc0defa	renderer/html/tree_builder/insert.wf	267	else-exit guard	idx > 0_u64	none	INV-1:UndischargedLocalInvariant
snowghost@dc0defa	renderer/html/tree_builder/insert.wf	297	else-exit guard	idx < len	none	INV-1:UndischargedLocalInvariant
snowghost@dc0defa	renderer/html/tree_builder/insert.wf	305	then-exit guard	idx <= 0_u64	none	INV-1:UndischargedLocalInvariant
snowghost@dc0defa	renderer/html/tree_builder/insert.wf	426	else-exit guard	i < len	none	INV-1:UndischargedLocalInvariant
snowghost@dc0defa	renderer/html/tree_builder/insert.wf	447	else-exit guard	j < len	none	INV-1:UndischargedLocalInvariant
snowghost@dc0defa	renderer/html/tree_builder/insert.wf	464	then-exit guard	buf_len > 1073741824_u64	none	INV-1:UndischargedLocalInvariant
snowghost@dc0defa	renderer/html/tree_builder/insert.wf	482	else-exit guard	i < len	none	INV-1:UndischargedLocalInvariant
snowghost@dc0defa	renderer/html/tree_builder/insert.wf	503	else-exit guard	j < len	none	INV-1:UndischargedLocalInvariant
snowghost@dc0defa	renderer/html/tree_builder/insert.wf	521	then-exit guard	buf_len > 1073741824_u64	none	INV-1:UndischargedLocalInvariant
snowghost@dc0defa	renderer/html/tree_builder/insert.wf	544	else-exit guard	j < len	none	INV-1:UndischargedLocalInvariant
snowghost@dc0defa	renderer/html/tree_builder/insert.wf	561	then-exit guard	buf_len > 1073741824_u64	none	INV-1:UndischargedLocalInvariant
snowghost@dc0defa	renderer/html/tree_builder/mode_after.wf	36	skip guard	bytes2^.len <= 1073741824_u64	none	INV-1:UndischargedLocalInvariant
snowghost@dc0defa	renderer/html/tree_builder/mode_after.wf	37	skip guard	len > 0_u64	none	INV-1:UndischargedLocalInvariant
snowghost@dc0defa	renderer/html/tree_builder/mode_after.wf	91	skip guard	bytes^.len <= 1073741824_u64	none	INV-1:UndischargedLocalInvariant
snowghost@dc0defa	renderer/html/tree_builder/mode_after.wf	141	then-exit guard	len > 1_u64	none	INV-1:UndischargedLocalInvariant
snowghost@dc0defa	renderer/html/tree_builder/mode_after.wf	186	skip guard	bytes^.len <= 1073741824_u64	none	INV-1:UndischargedLocalInvariant
snowghost@dc0defa	renderer/html/tree_builder/mode_after.wf	242	skip guard	bytes^.len <= 1073741824_u64	none	INV-1:UndischargedLocalInvariant
snowghost@dc0defa	renderer/html/tree_builder/mode_after.wf	299	skip guard	bytes^.len <= 1073741824_u64	none	INV-1:UndischargedLocalInvariant
snowghost@dc0defa	renderer/html/tree_builder/mode_body_end.wf	56	then-exit guard	state^.template_modes.inner.len <= 0_u64	none	INV-1:UndischargedLocalInvariant
snowghost@dc0defa	renderer/html/tree_builder/mode_body_end.wf	178	else-exit guard	len > 0_u64	none	INV-1:UndischargedLocalInvariant
snowghost@dc0defa	renderer/html/tree_builder/mode_body_end.wf	185	else-exit guard	idx > 0_u64	none	INV-1:UndischargedLocalInvariant
snowghost@dc0defa	renderer/html/tree_builder/mode_body_end.wf	192	else-exit guard	prev < len2	none	INV-1:UndischargedLocalInvariant
snowghost@dc0defa	renderer/html/tree_builder/mode_body_end.wf	217	else-exit guard	len > 0_u64	none	INV-1:UndischargedLocalInvariant
snowghost@dc0defa	renderer/html/tree_builder/mode_body_helpers.wf	14	skip guard	len > 0_u64	none	FN-1:UnreachableStatement
snowghost@dc0defa	renderer/html/tree_builder/mode_body_helpers.wf	62	else-exit guard	idx < end64	none	INV-1:UndischargedLocalInvariant
snowghost@dc0defa	renderer/html/tree_builder/mode_body_helpers.wf	67	else-exit guard	idx < attrs_len	none	INV-1:UndischargedLocalInvariant
snowghost@dc0defa	renderer/html/tree_builder/mode_body_helpers.wf	99	skip guard	bytes^.len <= 1073741824_u64	none	INV-1:UndischargedLocalInvariant
snowghost@dc0defa	renderer/html/tree_builder/mode_body_helpers.wf	121	skip guard	bytes^.len > 0_u64	none	INV-1:UndischargedLocalInvariant
snowghost@dc0defa	renderer/html/tree_builder/mode_body_helpers.wf	137	skip guard	len > 0_u64	none	INV-1:UndischargedLocalInvariant
snowghost@dc0defa	renderer/html/tree_builder/mode_body_helpers.wf	180	skip guard	len > 0_u64	none	INV-1:UndischargedLocalInvariant
snowghost@dc0defa	renderer/html/tree_builder/mode_body_main.wf	54	skip guard	bytes^.len <= 1073741824_u64	none	INV-1:UndischargedLocalInvariant
snowghost@dc0defa	renderer/html/tree_builder/mode_body_main.wf	75	then-exit guard	state^.template_modes.inner.len <= 0_u64	none	INV-1:UndischargedLocalInvariant
snowghost@dc0defa	renderer/html/tree_builder/mode_body_start.wf	46	skip guard	len >= 2_u64	none	INV-1:UndischargedLocalInvariant
snowghost@dc0defa	renderer/html/tree_builder/mode_body_start.wf	60	else-exit guard	i < count	none	INV-1:UndischargedLocalInvariant
snowghost@dc0defa	renderer/html/tree_builder/mode_body_start.wf	82	skip guard	len2 >= 2_u64	none	INV-1:UndischargedLocalInvariant
snowghost@dc0defa	renderer/html/tree_builder/mode_body_start.wf	208	skip guard	fidx < fidx_len	none	INV-1:UndischargedLocalInvariant
snowghost@dc0defa	renderer/html/tree_builder/mode_body_start.wf	216	skip guard	si < si_len	none	INV-1:UndischargedLocalInvariant
snowghost@dc0defa	renderer/html/tree_builder/mode_body_start.wf	228	skip guard	ssi < len3	none	INV-1:UndischargedLocalInvariant
snowghost@dc0defa	renderer/html/tree_builder/mode_caption_colgroup.wf	103	skip guard	bytes^.len <= 1073741824_u64	none	INV-1:UndischargedLocalInvariant
snowghost@dc0defa	renderer/html/tree_builder/mode_caption_colgroup.wf	114	skip guard	ws_end2 > 0_u64	none	INV-1:UndischargedLocalInvariant
snowghost@dc0defa	renderer/html/tree_builder/mode_caption_colgroup.wf	115	skip guard	ws_end2 <= 1073741824_u64	none	INV-1:UndischargedLocalInvariant
snowghost@dc0defa	renderer/html/tree_builder/mode_caption_colgroup.wf	122	skip guard	ws_end2 <= 1073741824_u64	none	INV-1:UndischargedLocalInvariant
snowghost@dc0defa	renderer/html/tree_builder/mode_head.wf	75	skip guard	ws_end3 <= 1073741824_u64	none	INV-1:UndischargedLocalInvariant
snowghost@dc0defa	renderer/html/tree_builder/mode_head.wf	110	skip guard	bytes^.len <= 1073741824_u64	none	INV-1:UndischargedLocalInvariant
snowghost@dc0defa	renderer/html/tree_builder/mode_head2.wf	28	skip guard	ws_prefix^.len <= 1073741824_u64	none	INV-1:UndischargedLocalInvariant
snowghost@dc0defa	renderer/html/tree_builder/mode_head2.wf	30	skip guard	ws_end > 0_u64	none	INV-1:UndischargedLocalInvariant
snowghost@dc0defa	renderer/html/tree_builder/mode_head3.wf	20	skip guard	ws_prefix^.len <= 1073741824_u64	none	INV-1:UndischargedLocalInvariant
snowghost@dc0defa	renderer/html/tree_builder/mode_head3.wf	21	skip guard	ws_end > 0_u64	none	INV-1:UndischargedLocalInvariant
snowghost@dc0defa	renderer/html/tree_builder/mode_head3.wf	147	skip guard	idx < len	none	INV-1:UndischargedLocalInvariant
snowghost@dc0defa	renderer/html/tree_builder/mode_head4.wf	109	skip guard	bytes^.len <= 1073741824_u64	none	INV-1:UndischargedLocalInvariant
snowghost@dc0defa	renderer/html/tree_builder/mode_initial.wf	45	skip guard	bytes^.len <= 1073741824_u64	none	FN-1:UnreachableStatement
snowghost@dc0defa	renderer/html/tree_builder/mode_initial.wf	93	skip guard	bytes2^.len <= 1073741824_u64	none	INV-1:UndischargedLocalInvariant
snowghost@dc0defa	renderer/html/tree_builder/mode_simple.wf	81	skip guard	bytes^.len <= 1073741824_u64	none	INV-1:UndischargedLocalInvariant
snowghost@dc0defa	renderer/html/tree_builder/mode_simple.wf	128	skip guard	ws_end2 <= 1073741824_u64	none	INV-1:UndischargedLocalInvariant
snowghost@dc0defa	renderer/html/tree_builder/mode_table.wf	270	skip guard	bytes^.len <= 1073741824_u64	none	INV-1:UndischargedLocalInvariant
snowghost@dc0defa	renderer/html/tree_builder/mode_table.wf	275	else-exit guard	i < blen	none	INV-1:UndischargedLocalInvariant
snowghost@dc0defa	renderer/html/tree_builder/mode_table.wf	326	skip guard	len <= 1073741824_u64 and len > 0_u64	none	INV-1:UndischargedLocalInvariant
snowghost@dc0defa	renderer/html/tree_builder/mode_table.wf	335	skip guard	len2 <= 1073741824_u64	none	INV-1:UndischargedLocalInvariant
snowghost@dc0defa	renderer/html/tree_builder/mode_table_body.wf	401	else-exit guard	len > 0_u64	none	INV-1:UndischargedLocalInvariant
snowghost@dc0defa	renderer/html/tree_builder/reconstruct.wf	53	then-exit guard	idx >= len_check	none	INV-1:UndischargedLocalInvariant
snowghost@dc0defa	renderer/html/tree_builder/reconstruct.wf	86	else-exit guard	idx < len_now	none	INV-1:UndischargedLocalInvariant
snowghost@dc0defa	renderer/html/tree_builder/reset_mode.wf	8	then-exit guard	len <= 0_u64	none	INV-1:UndischargedLocalInvariant
snowghost@dc0defa	renderer/html/tree_builder/reset_mode.wf	22	else-exit guard	len > 0_u64	none	INV-1:UndischargedLocalInvariant
snowghost@dc0defa	renderer/html/tree_builder/stack.wf	31	then-exit guard	len <= 0_u64	none	INV-1:UndischargedLocalInvariant
snowghost@dc0defa	renderer/html/tree_builder/stack.wf	62	skip guard	count > 0_u64	none	INV-1:UndischargedLocalInvariant
snowghost@dc0defa	renderer/html/tree_builder/stack.wf	99	skip guard	len > 0_u64	none	INV-1:UndischargedLocalInvariant
snowghost@dc0defa	renderer/html/tree_builder/stack.wf	113	else-exit guard	idx < len	none	INV-1:UndischargedLocalInvariant
snowghost@dc0defa	renderer/html/tree_builder/stack.wf	135	else-exit guard	idx < len	none	INV-1:UndischargedLocalInvariant
snowghost@dc0defa	renderer/html/tree_builder/stack.wf	177	skip guard	length >= capacity	none	INV-1:UndischargedLocalInvariant
snowghost@dc0defa	renderer/html/tree_builder/stack.wf	222	else-exit guard	len > 0_u64	none	INV-1:UndischargedLocalInvariant
snowghost@dc0defa	renderer/html/tree_builder/stack.wf	243	else-exit guard	len > 1_u64	none	INV-1:UndischargedLocalInvariant
snowghost@dc0defa	renderer/html/tree_builder/stack.wf	257	else-exit guard	len > 0_u64	none	INV-1:UndischargedLocalInvariant
snowghost@dc0defa	renderer/html/tree_builder/stack.wf	379	else-exit guard	len > 0_u64	none	INV-1:UndischargedLocalInvariant
snowghost@dc0defa	renderer/html/tree_builder/stack.wf	388	else-exit guard	idx > 0_u64	none	INV-1:UndischargedLocalInvariant
snowghost@dc0defa	renderer/html/tree_builder/stack.wf	412	else-exit guard	len > 0_u64	none	INV-1:UndischargedLocalInvariant
snowghost@dc0defa	renderer/html/tree_builder/stack.wf	421	else-exit guard	idx > 0_u64	none	INV-1:UndischargedLocalInvariant
snowghost@dc0defa	renderer/html/tree_builder/tokhelp.wf	33	else-exit guard	start64 <= end64 and end64 <= len	none	INV-1:UndischargedLocalInvariant
snowghost@dc0defa	renderer/html/tree_builder/tokhelp.wf	40	skip guard	bytes^.len <= 65536_u64	none	FN-1:UnreachableStatement
snowghost@dc0defa	renderer/html/tree_builder/types.wf	157	then-exit guard	length < capacity	none	INV-1:UndischargedLocalInvariant
snowghost@dc0defa	renderer/html/tree_builder/types.wf	166	then-exit guard	doubled <= ceiling	none	INV-1:UndischargedLocalInvariant
snowghost@dc0defa	renderer/html/tree_builder/types.wf	168	then-exit guard	capacity >= ceiling	none	INV-1:UndischargedLocalInvariant
snowghost@dc0defa	renderer/html/tree_builder/types.wf	177	then-exit guard	doubled <= capacity	none	INV-1:UndischargedLocalInvariant
snowghost@dc0defa	renderer/html/tree_builder/types.wf	493	skip guard	len > 0_u64	none	INV-1:UndischargedLocalInvariant
snowghost@dc0defa	renderer/html/tree_builder/util.wf	6	else-exit guard	la == lb	none	INV-1:UndischargedLocalInvariant
snowghost@dc0defa	renderer/html/tree_builder/util.wf	15	else-exit guard	idx < la	none	INV-1:UndischargedLocalInvariant
snowghost@dc0defa	renderer/html/tree_builder/util.wf	22	then-exit guard	ca == cb	none	INV-1:UndischargedLocalInvariant
snowghost@dc0defa	renderer/html/tree_builder/util.wf	49	else-exit guard	la == lb	none	INV-1:UndischargedLocalInvariant
snowghost@dc0defa	renderer/html/tree_builder/util.wf	58	else-exit guard	idx < la	none	INV-1:UndischargedLocalInvariant
snowghost@dc0defa	renderer/html/tree_builder/util.wf	67	then-exit guard	la_byte == lb_byte	none	INV-1:UndischargedLocalInvariant
snowghost@dc0defa	renderer/html/tree_builder/util.wf	80	else-exit guard	lp <= lt	none	INV-1:UndischargedLocalInvariant
snowghost@dc0defa	renderer/html/tree_builder/util.wf	106	else-exit guard	i < len	none	INV-1:UndischargedLocalInvariant
snowghost@dc0defa	renderer/html/tree_builder/util.wf	133	else-exit guard	i < len	none	INV-1:UndischargedLocalInvariant
snowghost@dc0defa	renderer/html/tree_builder/util.wf	156	else-exit guard	i < len	none	INV-1:UndischargedLocalInvariant
snowghost@dc0defa	renderer/html/tree_builder/util.wf	183	else-exit guard	i < len	none	REF-4:UndischargedRangeFormationObligation
snowghost@dc0defa	renderer/html/tree_builder/util.wf	210	else-exit guard	i < len	none	INV-1:UndischargedLocalInvariant
snowghost@3773a1d	renderer/font/bytes.wf	4	skip guard	base <= length	none	INV-1:UndischargedLocalInvariant
snowghost@3773a1d	renderer/font/bytes.wf	6	skip guard	offset <= room	none	INV-1:UndischargedLocalInvariant
snowghost@3773a1d	renderer/font/bytes.wf	8	then-exit guard	rest < 2_u64	none	INV-1:UndischargedLocalInvariant
snowghost@3773a1d	renderer/font/bytes.wf	33	skip guard	base <= length	none	INV-1:UndischargedLocalInvariant
snowghost@3773a1d	renderer/font/bytes.wf	35	skip guard	offset <= room	none	INV-1:UndischargedLocalInvariant
snowghost@3773a1d	renderer/font/bytes.wf	37	then-exit guard	rest < 4_u64	none	INV-1:UndischargedLocalInvariant
snowghost@3773a1d	renderer/font/bytes.wf	63	skip guard	base <= length	none	INV-1:UndischargedLocalInvariant
snowghost@3773a1d	renderer/font/bytes.wf	65	then-exit guard	offset > room	none	INV-1:UndischargedLocalInvariant
snowghost@3773a1d	renderer/font/bytes.wf	128	then-exit guard	length >= capacity	none	INV-1:UndischargedLocalInvariant
snowghost@3773a1d	renderer/font/bytes.wf	132	then-exit guard	length < limit	none	INV-1:UndischargedLocalInvariant
snowghost@3773a1d	renderer/font/bytes.wf	152	then-exit guard	length >= 4294967295_u64	none	INV-1:UndischargedLocalInvariant
snowghost@3773a1d	renderer/font/bytes.wf	164	then-exit guard	length >= first	none	INV-1:UndischargedLocalInvariant
snowghost@3773a1d	renderer/font/bytes.wf	186	skip guard	start <= end	none	INV-1:UndischargedLocalInvariant
snowghost@3773a1d	renderer/font/bytes.wf	187	then-exit guard	end > length	none	INV-1:UndischargedLocalInvariant
snowghost@3773a1d	renderer/font/cmap.wf	22	then-exit guard	version == 0_u16	none	INV-1:UndischargedLocalInvariant
snowghost@3773a1d	renderer/font/cmap.wf	45	skip guard	pair == wanted	none	INV-1:UndischargedLocalInvariant
snowghost@3773a1d	renderer/font/cmap.wf	89	then-exit guard	glyphs_at <= subtable_size	none	INV-1:UndischargedLocalInvariant
snowghost@3773a1d	renderer/font/cmap.wf	126	then-exit guard	last_glyph < glyph_count	none	INV-1:UndischargedLocalInvariant
snowghost@3773a1d	renderer/font/cmap.wf	142	then-exit guard	offset_parity == 0_u64 and reach >= segment_count	none	INV-1:UndischargedLocalInvariant
snowghost@3773a1d	renderer/font/cmap.wf	148	then-exit guard	last_index < array_count	none	INV-1:UndischargedLocalInvariant
snowghost@3773a1d	renderer/font/cmap.wf	164	then-exit guard	previous_end == 65535_u64	none	INV-1:UndischargedLocalInvariant
snowghost@3773a1d	renderer/font/cmap.wf	180	then-exit guard	wide < glyph_count	none	INV-1:UndischargedLocalInvariant
snowghost@3773a1d	renderer/font/cmap.wf	200	then-exit guard	group_count <= available	none	INV-1:UndischargedLocalInvariant
snowghost@3773a1d	renderer/font/cmap.wf	232	then-exit guard	last_glyph < glyph_count	none	INV-1:UndischargedLocalInvariant
snowghost@3773a1d	renderer/font/cmap.wf	262	then-exit guard	scalar <= last_scalar	none	INV-1:UndischargedLocalInvariant
snowghost@3773a1d	renderer/font/cmap.wf	281	then-exit guard	low < high	none	INV-1:UndischargedLocalInvariant
snowghost@3773a1d	renderer/font/cmap.wf	291	then-exit guard	scalar >= first	none	INV-1:UndischargedLocalInvariant
snowghost@3773a1d	renderer/font/cmap.wf	294	then-exit guard	scalar <= last	none	INV-1:UndischargedLocalInvariant
snowghost@3773a1d	renderer/font/cmap.wf	321	then-exit guard	position >= count	none	INV-1:UndischargedLocalInvariant
snowghost@3773a1d	renderer/font/directory.wf	56	then-exit guard	directory_end <= length	none	INV-1:UndischargedLocalInvariant
snowghost@3773a1d	renderer/font/directory.wf	69	then-exit guard	end <= length	none	INV-1:UndischargedLocalInvariant
snowghost@3773a1d	renderer/font/directory.wf	87	skip guard	record_tag == tag	none	INV-1:UndischargedLocalInvariant
snowghost@3773a1d	renderer/font/face.wf	157	then-exit guard	index >= count	none	INV-1:UndischargedLocalInvariant
snowghost@3773a1d	renderer/font/face.wf	168	else-exit guard	index < count	none	INV-1:UndischargedLocalInvariant
snowghost@3773a1d	renderer/font/gdef.wf	29	then-exit guard	major == 1_u16	none	INV-1:UndischargedLocalInvariant
snowghost@3773a1d	renderer/font/gdef.wf	82	then-exit guard	stop <= length	none	INV-1:UndischargedLocalInvariant
snowghost@3773a1d	renderer/font/gdef.wf	97	then-exit guard	class > 4_u16	none	INV-1:UndischargedLocalInvariant
snowghost@3773a1d	renderer/font/gdef.wf	115	then-exit guard	format == 1_u16	none	INV-1:UndischargedLocalInvariant
snowghost@3773a1d	renderer/font/gdef.wf	139	then-exit guard	earlier < sets^.inner.len	none	INV-1:UndischargedLocalInvariant
snowghost@3773a1d	renderer/font/gdef.wf	149	skip guard	coverage_at < memo.inner.len	none	INV-1:UndischargedLocalInvariant
snowghost@3773a1d	renderer/font/layout.wf	70	then-exit guard	major == 1_u16	none	INV-1:UndischargedLocalInvariant
snowghost@3773a1d	renderer/font/layout.wf	167	then-exit guard	feature < feature_count	none	INV-1:UndischargedLocalInvariant
snowghost@3773a1d	renderer/font/layout.wf	199	then-exit guard	lookup < lookup_count	none	INV-1:UndischargedLocalInvariant
snowghost@3773a1d	renderer/font/matching.wf	18	then-exit guard	glyph > last	none	INV-1:UndischargedLocalInvariant
snowghost@3773a1d	renderer/font/matching.wf	34	skip guard	count > 0_u64	none	INV-1:UndischargedLocalInvariant
snowghost@3773a1d	renderer/font/matching.wf	81	then-exit guard	end <= 65536_u64	none	INV-1:UndischargedLocalInvariant
snowghost@3773a1d	renderer/font/metrics.wf	38	then-exit guard	length >= head_size	none	INV-1:UndischargedLocalInvariant
snowghost@3773a1d	renderer/font/metrics.wf	84	then-exit guard	length >= hhea_size	none	INV-1:UndischargedLocalInvariant
snowghost@3773a1d	renderer/font/metrics.wf	94	else-exit guard	major == 1_u32 and data_format == 0_u16	none	INV-1:UndischargedLocalInvariant
snowghost@3773a1d	renderer/font/metrics.wf	123	then-exit guard	needed <= length	none	INV-1:UndischargedLocalInvariant
snowghost@3773a1d	renderer/font/metrics.wf	161	then-exit guard	length >= needed	none	INV-1:UndischargedLocalInvariant
snowghost@3773a1d	renderer/font/positioning.wf	212	then-exit guard	format == 1_u16	none	INV-1:UndischargedLocalInvariant
snowghost@3773a1d	renderer/font/substitution.wf	32	then-exit guard	format == 1_u16	none	INV-1:UndischargedLocalInvariant
snowghost@3773a1d	renderer/font/substitution.wf	67	then-exit guard	format == 1_u16	none	INV-1:UndischargedLocalInvariant
snowghost@3773a1d	renderer/font/subtables.wf	17	skip guard	at < builder^.memo.inner.len	none	INV-1:UndischargedLocalInvariant
snowghost@3773a1d	renderer/font/subtables.wf	32	skip guard	at < builder^.memo.inner.len	none	INV-1:UndischargedLocalInvariant
snowghost@3773a1d	renderer/font/subtables.wf	37	skip guard	entry_value == 0_u32 and index < memo_index_mask	none	INV-1:UndischargedLocalInvariant
snowghost@3773a1d	renderer/font/subtables.wf	54	skip guard	earlier < builder^.layout.subtables.inner.len	none	INV-1:UndischargedLocalInvariant
snowghost@3773a1d	renderer/font/subtables.wf	117	then-exit guard	known == 0_u32	none	INV-1:UndischargedLocalInvariant
snowghost@3773a1d	renderer/font/subtables.wf	135	then-exit guard	known == 0_u32	none	INV-1:UndischargedLocalInvariant
snowghost@3773a1d	renderer/font/subtables.wf	193	then-exit guard	lookup_index < lookup_count	none	INV-1:UndischargedLocalInvariant
whitefoot@9c4579fba	lib/std/collections/vector/grow-vector.wf	16	then-exit guard	current < total	none	INV-1:UndischargedLocalInvariant
whitefoot@9c4579fba	lib/std/collections/vector/grow-vector.wf	31	then-exit guard	spare <= 0_u64	none	INV-1:UndischargedLocalInvariant
whitefoot@9c4579fba	lib/std/collections/vector/grow-vector.wf	43	skip guard	current <= 9223372036854775807_u64	none	INV-1:UndischargedLocalInvariant
whitefoot@9c4579fba	lib/std/collections/vector/grow-vector.wf	45	then-exit guard	doubled > ceiling	none	INV-1:UndischargedLocalInvariant
whitefoot@9c4579fba	lib/std/collections/vector/grow-vector.wf	67	then-exit guard	spare <= 0_u64	none	INV-1:UndischargedLocalInvariant
whitefoot@9c4579fba	lib/std/collections/vector/grow-vector.wf	79	skip guard	current <= 9223372036854775807_u64	none	INV-1:UndischargedLocalInvariant
whitefoot@9c4579fba	lib/std/collections/vector/grow-vector.wf	81	then-exit guard	doubled > ceiling	none	INV-1:UndischargedLocalInvariant
whitefoot@9c4579fba	lib/std/collections/vector/grow-vector.wf	144	then-exit guard	values^.storage.inner.len > retained	none	INV-1:UndischargedLocalInvariant
whitefoot@9c4579fba	lib/std/collections/deque/deque.wf	93	then-exit guard	values.inner.len > 0_u64	none	INV-1:UndischargedLocalInvariant
whitefoot@9c4579fba	lib/std/collections/slab/slab.wf	16	then-exit guard	index >= slab^.cells.inner.len	none	INV-1:UndischargedLocalInvariant
whitefoot@9c4579fba	lib/std/collections/slab/slab.wf	19	then-exit guard	generation > generation_limit	none	INV-1:UndischargedLocalInvariant
whitefoot@9c4579fba	lib/std/collections/slab/slab.wf	30	then-exit guard	materialized >= slab^.cells.inner.cap	none	INV-1:UndischargedLocalInvariant
whitefoot@9c4579fba	lib/std/collections/slab/slab.wf	46	skip guard	index < slab^.cells.inner.len	none	INV-1:UndischargedLocalInvariant
whitefoot@9c4579fba	lib/std/collections/slab/slab.wf	59	skip guard	index < slab^.cells.inner.len	none	INV-1:UndischargedLocalInvariant
whitefoot@9c4579fba	lib/std/collections/slab/slab.wf	76	skip guard	index < slab^.cells.inner.len	none	INV-1:UndischargedLocalInvariant
whitefoot@9c4579fba	lib/std/collections/slab/slab.wf	93	skip guard	index < slab^.cells.inner.len	none	INV-1:UndischargedLocalInvariant
whitefoot@9c4579fba	lib/std/collections/slab/slab.wf	98	skip guard	generation < generation_limit	none	INV-1:UndischargedLocalInvariant
whitefoot@9c4579fba	lib/std/collections/slab/slab.wf	120	skip guard	storage.len > 0_u64	none	INV-1:UndischargedLocalInvariant
whitefoot@9c4579fba	lib/std/collections/hash_map/hash-map.wf	7	skip guard	cells^.inner.cap < target	none	INV-1:UndischargedLocalInvariant
whitefoot@9c4579fba	lib/std/collections/hash_map/hash-map.wf	49	then-exit guard	step < remaining	none	OP-4:UndischargedBoundsObligation
whitefoot@9c4579fba	lib/std/collections/hash_map/hash-map.wf	193	skip guard	available == count	none	INV-1:UndischargedLocalInvariant
whitefoot@9c4579fba	lib/std/collections/hash_map/hash-map.wf	199	skip guard	available == count	none	INV-1:UndischargedLocalInvariant
whitefoot@9c4579fba	lib/std/collections/hash_map/hash-map.wf	207	skip guard	available < count	none	INV-1:UndischargedLocalInvariant
whitefoot@9c4579fba	lib/std/collections/hash_map/hash-map.wf	209	then-exit guard	before >= ceiling	none	INV-1:UndischargedLocalInvariant
whitefoot@9c4579fba	lib/std/collections/hash_map/hash-map.wf	236	then-exit guard	capacity <= ceiling	none	INV-1:UndischargedLocalInvariant
whitefoot@9c4579fba	lib/std/collections/hash_map/hash-map.wf	240	then-exit guard	capacity >= old_count	none	INV-1:UndischargedLocalInvariant
whitefoot@9c4579fba	lib/std/collections/hash_map/hash-map.wf	297	then-exit guard	capacity <= ceiling	none	INV-1:UndischargedLocalInvariant
whitefoot@9c4579fba	lib/std/collections/hash_map/hash-map.wf	300	then-exit guard	capacity > map^.cells.inner.len	none	INV-1:UndischargedLocalInvariant
whitefoot@9c4579fba	lib/std/collections/hash_map/hash-map.wf	327	then-exit guard	count < ceiling	none	INV-1:UndischargedLocalInvariant
whitefoot@9c4579fba	lib/std/collections/hash_map/hash-map.wf	336	skip guard	doubled <= ceiling	none	INV-1:UndischargedLocalInvariant
whitefoot@9c4579fba	lib/std/collections/priority_queue/priority-queue.wf	26	then-exit guard	current < total	none	INV-1:UndischargedLocalInvariant
whitefoot@9c4579fba	lib/std/collections/priority_queue/priority-queue.wf	40	then-exit guard	spare <= 0_u64	none	INV-1:UndischargedLocalInvariant
whitefoot@9c4579fba	lib/std/collections/priority_queue/priority-queue.wf	48	skip guard	current <= 9223372036854775807_u64	none	INV-1:UndischargedLocalInvariant
whitefoot@9c4579fba	lib/std/collections/priority_queue/priority-queue.wf	50	then-exit guard	doubled > ceiling	none	INV-1:UndischargedLocalInvariant
whitefoot@9c4579fba	lib/std/collections/priority_queue/priority-queue.wf	83	then-exit guard	order > 0_i32	none	INV-1:UndischargedLocalInvariant
whitefoot@9c4579fba	lib/std/collections/priority_queue/priority-queue.wf	114	skip guard	right < queue^.storage.inner.len	none	INV-1:UndischargedLocalInvariant
whitefoot@9c4579fba	lib/std/collections/priority_queue/priority-queue.wf	116	then-exit guard	order >= 0_i32	none	INV-1:UndischargedLocalInvariant
whitefoot@9c4579fba	lib/std/collections/priority_queue/priority-queue.wf	141	then-exit guard	at < parents	none	INV-1:UndischargedLocalInvariant
whitefoot@9c4579fba	lib/std/collections/priority_queue/priority-queue.wf	153	then-exit guard	order > 0_i32	none	INV-1:UndischargedLocalInvariant
whitefoot@9c4579fba	lib/std/collections/priority_queue/priority-queue.wf	184	skip guard	index > 0_u64	none	INV-1:UndischargedLocalInvariant
whitefoot@9c4579fba	lib/std/collections/priority_queue/priority-queue.wf	189	then-exit guard	order <= 0_i32	none	INV-1:UndischargedLocalInvariant
whitefoot@9c4579fba	lib/std/collections/priority_queue/priority-queue.wf	201	then-exit guard	entering < ceiling	none	INV-1:UndischargedLocalInvariant
whitefoot@9c4579fba	lib/std/collections/priority_queue/priority-queue.wf	271	then-exit guard	entering < ceiling	none	INV-1:UndischargedLocalInvariant
whitefoot@9c4579fba	lib/std/collections/priority_queue/priority-queue.wf	298	skip guard	index < count	none	INV-1:UndischargedLocalInvariant
whitefoot@9c4579fba	lib/std/collections/ordered_map/ordered-map.wf	18	then-exit guard	order > 0_i32	none	INV-1:UndischargedLocalInvariant
whitefoot@9c4579fba	lib/std/collections/ordered_map/ordered-map.wf	27	skip guard	position < node^.entries.len	none	INV-1:UndischargedLocalInvariant
whitefoot@9c4579fba	lib/std/collections/ordered_map/ordered-map.wf	35	then-exit guard	node^.leading.len <= 0_u64	none	INV-1:UndischargedLocalInvariant
whitefoot@9c4579fba	lib/std/collections/ordered_map/ordered-map.wf	51	then-exit guard	node^.entries.len >= 15_u64	none	INV-1:UndischargedLocalInvariant
whitefoot@9c4579fba	lib/std/collections/ordered_map/ordered-map.wf	86	then-exit guard	link^.len <= 0_u64	none	EFF-2:EffectMismatch
whitefoot@9c4579fba	lib/std/collections/ordered_map/ordered-map.wf	116	skip guard	map^.root.len > 0_u64	none	INV-1:UndischargedLocalInvariant
whitefoot@9c4579fba	lib/std/collections/ordered_map/ordered-map.wf	238	skip guard	node^.leading.len > 0_u64	none	INV-1:UndischargedLocalInvariant
whitefoot@9c4579fba	lib/std/collections/ordered_map/ordered-map.wf	256	skip guard	root^.len > 0_u64	none	INV-1:UndischargedLocalInvariant
whitefoot@9c4579fba	lib/std/collections/ordered_map/ordered-map.wf	320	skip guard	position < node^.entries.len	none	INV-1:UndischargedLocalInvariant
whitefoot@9c4579fba	lib/std/collections/ordered_map/ordered-map.wf	347	then-exit guard	link^.len <= 0_u64	none	EFF-2:EffectMismatch
whitefoot@9c4579fba	lib/std/collections/ordered_map/ordered-map.wf	371	skip guard	position < node^.entries.len	none	INV-1:UndischargedLocalInvariant
whitefoot@9c4579fba	lib/std/collections/ordered_map/ordered-map.wf	386	then-exit guard	link^.len <= 0_u64	none	EFF-2:EffectMismatch
whitefoot@9c4579fba	lib/std/collections/ordered_map/ordered-map.wf	398	skip guard	position < node^.entries.len	none	INV-1:UndischargedLocalInvariant
whitefoot@9c4579fba	lib/std/collections/ordered_map/ordered-map.wf	413	then-exit guard	link^.len <= 0_u64	none	EFF-2:EffectMismatch
whitefoot@9c4579fba	lib/std/collections/ordered_map/ordered-map.wf	434	skip guard	link^.len > 0_u64	none	INV-1:UndischargedLocalInvariant
whitefoot@9c4579fba	lib/std/collections/ordered_map/ordered-map.wf	456	then-exit guard	order < 0_i32	none	INV-1:UndischargedLocalInvariant
whitefoot@9c4579fba	lib/std/collections/ordered_map/ordered-map.wf	466	skip guard	link^.len > 0_u64	none	INV-1:UndischargedLocalInvariant
whitefoot@9c4579fba	lib/std/collections/ordered_map/ordered-map.wf	474	skip guard	order < 0_i32	none	INV-1:UndischargedLocalInvariant
whitefoot@9c4579fba	lib/std/collections/ordered_map/ordered-map.wf	498	skip guard	link.len > 0_u64	none	INV-1:UndischargedLocalInvariant
whitefoot@9c4579fba	tests/programs/adaptive_quadrature.wf	100	then-exit guard	sent < 64_u64	none	INV-1:UndischargedLocalInvariant
whitefoot@9c4579fba	tests/programs/arena_workspace.wf	8	else-exit guard	opened == 256_u64	v0.78	
whitefoot@9c4579fba	tests/programs/arena_workspace.wf	21	else-exit guard	taken == 8_u64	v0.78	
whitefoot@9c4579fba	tests/programs/arena_workspace.wf	27	else-exit guard	capacity == 8_u64	v0.78	
whitefoot@9c4579fba	tests/programs/arena_workspace.wf	38	else-exit guard	held == 8_u64	v0.78	
whitefoot@9c4579fba	tests/programs/arena_workspace.wf	43	else-exit guard	last == 7_u64	none	INV-1:UndischargedLocalInvariant
whitefoot@9c4579fba	tests/programs/arena_workspace.wf	48	else-exit guard	offered >= 4_u64	v0.78	
whitefoot@9c4579fba	tests/programs/arena_workspace.wf	62	else-exit guard	spare == 4_u64	v0.78	
whitefoot@9c4579fba	tests/programs/arena_workspace.wf	68	else-exit guard	front == 99_u64	none	INV-1:UndischargedLocalInvariant
whitefoot@9c4579fba	tests/programs/arena_workspace.wf	73	else-exit guard	after == 12_u64	v0.78	
whitefoot@9c4579fba	tests/programs/arena_workspace.wf	78	then-exit guard	impossible < 1024_u64	v0.78	
whitefoot@9c4579fba	tests/programs/arena_workspace.wf	82	else-exit guard	unmoved == 12_u64	v0.78	
whitefoot@9c4579fba	tests/programs/arena_workspace.wf	87	else-exit guard	first == 0_u64	none	INV-1:UndischargedLocalInvariant
whitefoot@9c4579fba	tests/programs/block_pool.wf	61	then-exit guard	spare <= 0_u64	none	INV-1:UndischargedLocalInvariant
whitefoot@9c4579fba	tests/programs/block_pool.wf	170	else-exit guard	held == 8_u64	none	INV-1:UndischargedLocalInvariant
whitefoot@9c4579fba	tests/programs/block_pool.wf	185	else-exit guard	full == 8_u64	none	INV-1:UndischargedLocalInvariant
whitefoot@9c4579fba	tests/programs/block_pool.wf	196	then-exit guard	static_code == 0_u8	none	INV-1:UndischargedLocalInvariant
whitefoot@9c4579fba	tests/programs/byte_string.wf	50	then-exit guard	index >= stored	none	INV-1:UndischargedLocalInvariant
whitefoot@9c4579fba	tests/programs/byte_string.wf	132	then-exit guard	needle_length <= hay_length	none	INV-1:UndischargedLocalInvariant
whitefoot@9c4579fba	tests/programs/byte_string.wf	139	then-exit guard	start <= last	none	INV-1:UndischargedLocalInvariant
whitefoot@9c4579fba	tests/programs/byte_string.wf	146	then-exit guard	offset < needle_length	none	INV-1:UndischargedLocalInvariant
whitefoot@9c4579fba	tests/programs/byte_string.wf	229	else-exit guard	sent < length	none	INV-1:UndischargedLocalInvariant
whitefoot@9c4579fba	tests/programs/byte_string.wf	252	else-exit guard	43_u64 >= opening_length	v0.78	
whitefoot@9c4579fba	tests/programs/byte_string.wf	261	else-exit guard	total == 43_u64	none	INV-1:UndischargedLocalInvariant
whitefoot@9c4579fba	tests/programs/byte_string.wf	267	else-exit guard	observed == 98_u8	none	INV-1:UndischargedLocalInvariant
whitefoot@9c4579fba	tests/programs/byte_string.wf	297	else-exit guard	present_found == 1_u8	none	INV-1:UndischargedLocalInvariant
whitefoot@9c4579fba	tests/programs/byte_string.wf	301	else-exit guard	present_at == 10_u64	none	INV-1:UndischargedLocalInvariant
whitefoot@9c4579fba	tests/programs/byte_string.wf	313	else-exit guard	absent_found == 0_u8	none	INV-1:UndischargedLocalInvariant
whitefoot@9c4579fba	tests/programs/byte_string.wf	335	else-exit guard	published == 28_u64	v0.78	
whitefoot@9c4579fba	tests/programs/completion_read_boundary.wf	131	else-exit guard	next_a == 1_u64	none	INV-1:UndischargedLocalInvariant
whitefoot@9c4579fba	tests/programs/completion_read_boundary.wf	155	else-exit guard	next_b == 1_u64	none	INV-1:UndischargedLocalInvariant
whitefoot@9c4579fba	tests/programs/dir_walk.wf	27	else-exit guard	sent < length	none	INV-1:UndischargedLocalInvariant
whitefoot@9c4579fba	tests/programs/dir_walk.wf	47	then-exit guard	index >= held	none	INV-1:UndischargedLocalInvariant
whitefoot@9c4579fba	tests/programs/dir_walk.wf	74	then-exit guard	at < shared	none	INV-1:UndischargedLocalInvariant
whitefoot@9c4579fba	tests/programs/dir_walk.wf	81	then-exit guard	left_byte >= right_byte	none	INV-1:UndischargedLocalInvariant
whitefoot@9c4579fba	tests/programs/dir_walk.wf	84	then-exit guard	left_byte <= right_byte	none	INV-1:UndischargedLocalInvariant
whitefoot@9c4579fba	tests/programs/dir_walk.wf	103	skip guard	cursor < spare	none	INV-1:UndischargedLocalInvariant
whitefoot@9c4579fba	tests/programs/dir_walk.wf	108	skip guard	cursor < spare	none	INV-1:UndischargedLocalInvariant
whitefoot@9c4579fba	tests/programs/dir_walk.wf	116	then-exit guard	taken < count	none	INV-1:UndischargedLocalInvariant
whitefoot@9c4579fba	tests/programs/dir_walk.wf	122	else-exit guard	cursor < spare	none	INV-1:UndischargedLocalInvariant
whitefoot@9c4579fba	tests/programs/dir_walk.wf	131	skip guard	cursor < spare	none	INV-1:UndischargedLocalInvariant
whitefoot@9c4579fba	tests/programs/dir_walk.wf	158	then-exit guard	depth < 8_u64	none	INV-1:UndischargedLocalInvariant
whitefoot@9c4579fba	tests/programs/dir_walk.wf	186	else-exit guard	ended == 0_u8	none	INV-1:UndischargedLocalInvariant
whitefoot@9c4579fba	tests/programs/dir_walk.wf	201	else-exit guard	header_end <= produced	none	INV-1:UndischargedLocalInvariant
whitefoot@9c4579fba	tests/programs/dir_walk.wf	206	else-exit guard	at < entries_room	none	INV-1:UndischargedLocalInvariant
whitefoot@9c4579fba	tests/programs/dir_walk.wf	213	else-exit guard	length_low_at < entries_room	none	INV-1:UndischargedLocalInvariant
whitefoot@9c4579fba	tests/programs/dir_walk.wf	219	else-exit guard	length_high_at < entries_room	none	INV-1:UndischargedLocalInvariant
whitefoot@9c4579fba	tests/programs/dir_walk.wf	232	else-exit guard	name_end <= produced	none	INV-1:UndischargedLocalInvariant
whitefoot@9c4579fba	tests/programs/dir_walk.wf	237	else-exit guard	name_end <= entries_room	v0.78	
whitefoot@9c4579fba	tests/programs/dir_walk.wf	244	skip guard	name_count == 1_u64	none	TYPE-6:DeclarationCollision
whitefoot@9c4579fba	tests/programs/dir_walk.wf	246	skip guard	name_at < entries_room	none	INV-1:UndischargedLocalInvariant
whitefoot@9c4579fba	tests/programs/dir_walk.wf	248	skip guard	first == 46_u8	none	INV-1:UndischargedLocalInvariant
whitefoot@9c4579fba	tests/programs/dir_walk.wf	254	skip guard	name_count == 2_u64	none	INV-1:UndischargedLocalInvariant
whitefoot@9c4579fba	tests/programs/dir_walk.wf	258	skip guard	name_at < entries_room	none	INV-1:UndischargedLocalInvariant
whitefoot@9c4579fba	tests/programs/dir_walk.wf	259	skip guard	second_at < entries_room	none	INV-1:UndischargedLocalInvariant
whitefoot@9c4579fba	tests/programs/dir_walk.wf	262	skip guard	first == 46_u8	none	INV-1:UndischargedLocalInvariant
whitefoot@9c4579fba	tests/programs/dir_walk.wf	263	skip guard	second == 46_u8	none	INV-1:UndischargedLocalInvariant
whitefoot@9c4579fba	tests/programs/dir_walk.wf	279	skip guard	dotted == 0_u8	none	INV-1:UndischargedLocalInvariant
whitefoot@9c4579fba	tests/programs/dir_walk.wf	280	skip guard	child_length <= 126_u64	none	INV-1:UndischargedLocalInvariant
whitefoot@9c4579fba	tests/programs/dir_walk.wf	284	then-exit guard	cursor < prefix_length	none	INV-1:UndischargedLocalInvariant
whitefoot@9c4579fba	tests/programs/dir_walk.wf	288	else-exit guard	cursor < prefix_room	none	INV-1:UndischargedLocalInvariant
whitefoot@9c4579fba	tests/programs/dir_walk.wf	293	else-exit guard	cursor < child_room	none	INV-1:UndischargedLocalInvariant
whitefoot@9c4579fba	tests/programs/dir_walk.wf	301	skip guard	prefix_length > 0_u64	none	INV-1:UndischargedLocalInvariant
whitefoot@9c4579fba	tests/programs/dir_walk.wf	303	skip guard	cursor < child_room	none	INV-1:UndischargedLocalInvariant
whitefoot@9c4579fba	tests/programs/dir_walk.wf	311	then-exit guard	taken < name_count	none	INV-1:UndischargedLocalInvariant
whitefoot@9c4579fba	tests/programs/dir_walk.wf	316	else-exit guard	source_at < entries_room	none	INV-1:UndischargedLocalInvariant
whitefoot@9c4579fba	tests/programs/dir_walk.wf	321	else-exit guard	cursor < child_room	none	INV-1:UndischargedLocalInvariant
whitefoot@9c4579fba	tests/programs/dir_walk.wf	331	skip guard	total < 64_u64	none	INV-1:UndischargedLocalInvariant
whitefoot@9c4579fba	tests/programs/dir_walk.wf	336	skip guard	start <= 8064_u64	none	INV-1:UndischargedLocalInvariant
whitefoot@9c4579fba	tests/programs/dir_walk.wf	353	skip guard	body_at < stored	none	INV-1:UndischargedLocalInvariant
whitefoot@9c4579fba	tests/programs/dir_walk.wf	356	skip guard	body_at < room_now	v0.78	
whitefoot@9c4579fba	tests/programs/dir_walk.wf	367	skip guard	kind == 2_u8	none	INV-1:UndischargedLocalInvariant
whitefoot@9c4579fba	tests/programs/dir_walk.wf	404	then-exit guard	seed < stored	none	INV-1:UndischargedLocalInvariant
whitefoot@9c4579fba	tests/programs/dir_walk.wf	408	else-exit guard	seed < order_room	none	INV-1:UndischargedLocalInvariant
whitefoot@9c4579fba	tests/programs/dir_walk.wf	419	then-exit guard	selected < stored	none	INV-1:UndischargedLocalInvariant
whitefoot@9c4579fba	tests/programs/dir_walk.wf	423	else-exit guard	selected < order_room	none	INV-1:UndischargedLocalInvariant
whitefoot@9c4579fba	tests/programs/dir_walk.wf	432	then-exit guard	probe < stored	none	INV-1:UndischargedLocalInvariant
whitefoot@9c4579fba	tests/programs/dir_walk.wf	436	else-exit guard	probe < scan_room	none	INV-1:UndischargedLocalInvariant
whitefoot@9c4579fba	tests/programs/dir_walk.wf	441	else-exit guard	best < scan_room	none	INV-1:UndischargedLocalInvariant
whitefoot@9c4579fba	tests/programs/dir_walk.wf	452	skip guard	earlier == 1_u8	none	INV-1:UndischargedLocalInvariant
whitefoot@9c4579fba	tests/programs/dir_walk.wf	460	skip guard	best < swap_room	none	INV-1:UndischargedLocalInvariant
whitefoot@9c4579fba	tests/programs/dir_walk.wf	461	skip guard	selected < swap_room	v0.78	
whitefoot@9c4579fba	tests/programs/dir_walk.wf	474	then-exit guard	emitted < stored	none	INV-1:UndischargedLocalInvariant
whitefoot@9c4579fba	tests/programs/dir_walk.wf	478	else-exit guard	emitted < order_room	none	INV-1:UndischargedLocalInvariant
whitefoot@9c4579fba	tests/programs/dir_walk.wf	499	else-exit guard	status == 0_u8	none	INV-1:UndischargedLocalInvariant
whitefoot@9c4579fba	tests/programs/fir_filter.wf	57	else-exit guard	read_cursor < sample_count	none	INV-1:UndischargedLocalInvariant
whitefoot@9c4579fba	tests/programs/fixed_run_library.wf	56	then-exit guard	held >= n	none	EFF-2:EffectMismatch
whitefoot@9c4579fba	tests/programs/fixed_run_library.wf	70	then-exit guard	held <= 0_u64	none	EFF-2:EffectMismatch
whitefoot@9c4579fba	tests/programs/fixed_run_library.wf	104	else-exit guard	vacant_held == 4_u64	v0.78	
whitefoot@9c4579fba	tests/programs/fixed_run_library.wf	110	else-exit guard	nested_held == 4_u64	v0.78	
whitefoot@9c4579fba	tests/programs/fixed_run_library.wf	116	else-exit guard	filled_held == 4_u64	v0.78	
whitefoot@9c4579fba	tests/programs/fixed_run_library.wf	122	else-exit guard	wide_first == 9_u64	none	INV-1:UndischargedLocalInvariant
whitefoot@9c4579fba	tests/programs/fixed_run_library.wf	128	else-exit guard	first == 7_u8	none	INV-1:UndischargedLocalInvariant
whitefoot@9c4579fba	tests/programs/fixed_run_library.wf	132	else-exit guard	last == 7_u8	none	INV-1:UndischargedLocalInvariant
whitefoot@9c4579fba	tests/programs/fixed_run_library.wf	145	else-exit guard	rest_held == 2_u64	v0.78	
whitefoot@9c4579fba	tests/programs/fixed_run_library.wf	151	else-exit guard	got == 1_u8	none	INV-1:UndischargedLocalInvariant
whitefoot@9c4579fba	tests/programs/fixed_run_library.wf	165	else-exit guard	plain_pulled == 21_u8	none	INV-1:UndischargedLocalInvariant
whitefoot@9c4579fba	tests/programs/fixed_run_library.wf	175	else-exit guard	at_front == 3_u8	none	INV-1:UndischargedLocalInvariant
whitefoot@9c4579fba	tests/programs/fixed_run_library.wf	187	else-exit guard	grown_held == 3_u64	none	INV-1:UndischargedLocalInvariant
whitefoot@9c4579fba	tests/programs/fixed_run_library.wf	208	else-exit guard	shrunk_held == 2_u64	none	INV-1:UndischargedLocalInvariant
whitefoot@9c4579fba	tests/programs/fixed_run_library.wf	222	else-exit guard	plain_taken_back == 24_u8	none	INV-1:UndischargedLocalInvariant
whitefoot@9c4579fba	tests/programs/fixed_run_library.wf	240	else-exit guard	flat_held == 3_u64	v0.78	
whitefoot@9c4579fba	tests/programs/fixed_run_library.wf	245	else-exit guard	flat_head == 0_u64	none	INV-1:UndischargedLocalInvariant
whitefoot@9c4579fba	tests/programs/fixed_run_library.wf	252	else-exit guard	f0 == 12_u8	none	INV-1:UndischargedLocalInvariant
whitefoot@9c4579fba	tests/programs/fixed_run_library.wf	256	else-exit guard	f1 == 13_u8	none	INV-1:UndischargedLocalInvariant
whitefoot@9c4579fba	tests/programs/fixed_run_library.wf	260	else-exit guard	f2 == 14_u8	none	INV-1:UndischargedLocalInvariant
whitefoot@9c4579fba	tests/programs/fixed_run_library.wf	277	else-exit guard	ring_head == 0_u64	none	INV-1:UndischargedLocalInvariant
whitefoot@9c4579fba	tests/programs/fixed_run_library.wf	287	else-exit guard	ring_got == 32_u8	none	INV-1:UndischargedLocalInvariant
whitefoot@9c4579fba	tests/programs/fixed_run_library.wf	303	else-exit guard	owner_value == 41_u64	none	INV-1:UndischargedLocalInvariant
whitefoot@9c4579fba	tests/programs/fixed_run_library.wf	308	else-exit guard	survivor_value == 42_u64	none	INV-1:UndischargedLocalInvariant
whitefoot@9c4579fba	tests/programs/generic_instances.wf	68	else-exit guard	1_u64 < short_room	none	INV-1:UndischargedLocalInvariant
whitefoot@9c4579fba	tests/programs/generic_instances.wf	75	else-exit guard	4_u64 < long_room	none	INV-1:UndischargedLocalInvariant
whitefoot@9c4579fba	tests/programs/generic_instances.wf	84	else-exit guard	1_u64 < typed_bytes_room	v0.78	
whitefoot@9c4579fba	tests/programs/generic_instances.wf	91	else-exit guard	2_u64 < typed_words_room	v0.78	
whitefoot@9c4579fba	tests/programs/generic_instances.wf	99	else-exit guard	1_u64 < storage_room	v0.78	
whitefoot@9c4579fba	tests/programs/generic_instances.wf	104	else-exit guard	small_maximum == 9_u8	none	INV-1:UndischargedLocalInvariant
whitefoot@9c4579fba	tests/programs/generic_instances.wf	112	else-exit guard	short_value == 7_u8	none	INV-1:UndischargedLocalInvariant
whitefoot@9c4579fba	tests/programs/generic_instances.wf	116	else-exit guard	long_value == 11_u8	none	INV-1:UndischargedLocalInvariant
whitefoot@9c4579fba	tests/programs/generic_instances.wf	120	else-exit guard	typed_byte == 13_u8	none	INV-1:UndischargedLocalInvariant
whitefoot@9c4579fba	tests/programs/generic_instances.wf	128	else-exit guard	stored == 19_u16	none	INV-1:UndischargedLocalInvariant
whitefoot@9c4579fba	tests/programs/generic_nominals.wf	43	else-exit guard	small_left == 7_u8	none	INV-1:UndischargedLocalInvariant
whitefoot@9c4579fba	tests/programs/generic_nominals.wf	57	else-exit guard	observed == 3_u8	none	INV-1:UndischargedLocalInvariant
whitefoot@9c4579fba	tests/programs/generic_nominals.wf	78	else-exit guard	observed == 3_u8	none	INV-1:UndischargedLocalInvariant
whitefoot@9c4579fba	tests/programs/generic_nominals.wf	98	else-exit guard	observed == 5_i64	none	INV-1:UndischargedLocalInvariant
whitefoot@9c4579fba	tests/programs/generic_nominals.wf	115	else-exit guard	observed == 19_u8	none	INV-1:UndischargedLocalInvariant
whitefoot@9c4579fba	tests/programs/generic_nominals.wf	130	else-exit guard	1_u64 < recovered_room	v0.78	
whitefoot@9c4579fba	tests/programs/generic_nominals.wf	135	else-exit guard	recovered == 11_u8	none	INV-1:UndischargedLocalInvariant
whitefoot@9c4579fba	tests/programs/grayscale_pixels.wf	36	else-exit guard	base < input_room	none	INV-1:UndischargedLocalInvariant
whitefoot@9c4579fba	tests/programs/grayscale_pixels.wf	43	else-exit guard	green_offset < input_room	none	INV-1:UndischargedLocalInvariant
whitefoot@9c4579fba	tests/programs/grayscale_pixels.wf	50	else-exit guard	blue_offset < input_room	none	INV-1:UndischargedLocalInvariant
whitefoot@9c4579fba	tests/programs/grayscale_pixels.wf	59	else-exit guard	pixel < output_room	none	INV-1:UndischargedLocalInvariant
whitefoot@9c4579fba	tests/programs/growable_vec.wf	66	then-exit guard	count <= limit	none	INV-1:UndischargedLocalInvariant
whitefoot@9c4579fba	tests/programs/growable_vec.wf	102	then-exit guard	result == 15918187348717743889_u64	none	INV-1:UndischargedLocalInvariant
whitefoot@9c4579fba	tests/programs/growable_vec.wf	109	then-exit guard	refused == 9302688228678555466_u64	none	INV-1:UndischargedLocalInvariant
whitefoot@9c4579fba	tests/programs/growable_vec.wf	116	then-exit guard	retained == 9873924832872474633_u64	none	INV-1:UndischargedLocalInvariant
whitefoot@9c4579fba	tests/programs/growable_vec.wf	125	then-exit guard	growth_code == 0_u8	none	INV-1:UndischargedLocalInvariant
whitefoot@9c4579fba	tests/programs/growable_vec.wf	130	else-exit guard	24_u64 >= start_length	v0.78	
whitefoot@9c4579fba	tests/programs/growable_vec.wf	137	else-exit guard	opening == 0_u64	v0.78	
whitefoot@9c4579fba	tests/programs/growable_vec.wf	141	else-exit guard	spare >= 24_u64	v0.78	
whitefoot@9c4579fba	tests/programs/growable_vec.wf	156	else-exit guard	total == 20_u64	v0.78	
whitefoot@9c4579fba	tests/programs/growable_vec.wf	161	else-exit guard	cap_now == 24_u64	v0.78	
whitefoot@9c4579fba	tests/programs/growable_vec.wf	167	else-exit guard	third == 28_u8	none	INV-1:UndischargedLocalInvariant
whitefoot@9c4579fba	tests/programs/growable_vec.wf	176	else-exit guard	8_u64 >= second_start_length	v0.78	
whitefoot@9c4579fba	tests/programs/growable_vec.wf	183	else-exit guard	second_opening == 0_u64	v0.78	
whitefoot@9c4579fba	tests/programs/growable_vec.wf	187	else-exit guard	second_spare >= 8_u64	v0.78	
whitefoot@9c4579fba	tests/programs/growable_vec.wf	203	else-exit guard	stored == 6_u64	v0.78	
whitefoot@9c4579fba	tests/programs/growable_vec.wf	209	else-exit guard	last == 33_u8	none	INV-1:UndischargedLocalInvariant
whitefoot@9c4579fba	tests/programs/growable_vec.wf	214	else-exit guard	front == 65_u8	none	INV-1:UndischargedLocalInvariant
whitefoot@9c4579fba	tests/programs/io_complete_first_slice.wf	26	else-exit guard	arguments == 2_u64	none	INV-1:UndischargedLocalInvariant
whitefoot@9c4579fba	tests/programs/io_complete_first_slice.wf	43	else-exit guard	measured == name_length	none	INV-1:UndischargedLocalInvariant
whitefoot@9c4579fba	tests/programs/io_complete_first_slice.wf	90	else-exit guard	chunk <= page_length	v0.78	
whitefoot@9c4579fba	tests/programs/io_complete_first_slice.wf	105	else-exit guard	failed == 0_u8	none	INV-1:UndischargedLocalInvariant
whitefoot@9c4579fba	tests/programs/io_complete_first_slice.wf	112	else-exit guard	name_length <= echo_length	none	INV-1:UndischargedLocalInvariant
whitefoot@9c4579fba	tests/programs/io_exact_prefix.wf	28	else-exit guard	n == 5_u64	none	INV-1:UndischargedLocalInvariant
whitefoot@9c4579fba	tests/programs/io_exact_prefix.wf	50	then-exit guard	observed == wanted	none	INV-1:UndischargedLocalInvariant
whitefoot@9c4579fba	tests/programs/io_vacant_read.wf	42	else-exit guard	vacant == 0_u64	v0.78	
whitefoot@9c4579fba	tests/programs/io_write_prefix.wf	18	else-exit guard	written == 0_u64	v0.78	
whitefoot@9c4579fba	tests/programs/ipv4_checksum.wf	38	else-exit guard	view_odd == 0_u64	none	FN-8:UndischargedCallRequirement
whitefoot@9c4579fba	tests/programs/ipv4_checksum.wf	43	else-exit guard	checksum == 47248_u16	none	INV-1:UndischargedLocalInvariant
whitefoot@9c4579fba	tests/programs/ipv4_checksum.wf	60	else-exit guard	copied_odd == 0_u64	none	FN-8:UndischargedCallRequirement
whitefoot@9c4579fba	tests/programs/ipv4_checksum.wf	65	else-exit guard	copied_checksum == 47248_u16	none	INV-1:UndischargedLocalInvariant
whitefoot@9c4579fba	tests/programs/mandelbrot_grid.wf	64	else-exit guard	escaped_points == 2437_u32	none	INV-1:UndischargedLocalInvariant
whitefoot@9c4579fba	tests/programs/option_slots.wf	40	else-exit guard	count < limit	none	INV-1:UndischargedLocalInvariant
whitefoot@9c4579fba	tests/programs/option_slots.wf	62	else-exit guard	count > 0_u64	none	INV-1:UndischargedLocalInvariant
whitefoot@9c4579fba	tests/programs/option_slots.wf	69	else-exit guard	last < limit	none	INV-1:UndischargedLocalInvariant
whitefoot@9c4579fba	tests/programs/option_slots.wf	145	else-exit guard	previous_key == 5_u64	none	INV-1:UndischargedLocalInvariant
whitefoot@9c4579fba	tests/programs/option_slots.wf	165	else-exit guard	removed_key == 1_u64	none	INV-1:UndischargedLocalInvariant
whitefoot@9c4579fba	tests/programs/option_slots.wf	185	else-exit guard	found_five_key == 5_u64	none	INV-1:UndischargedLocalInvariant
whitefoot@9c4579fba	tests/programs/option_slots.wf	189	else-exit guard	found_five_value == 11_u64	none	INV-1:UndischargedLocalInvariant
whitefoot@9c4579fba	tests/programs/option_slots.wf	201	else-exit guard	found_nine_key == 9_u64	none	INV-1:UndischargedLocalInvariant
whitefoot@9c4579fba	tests/programs/option_slots.wf	205	else-exit guard	found_nine_value == 30_u64	none	INV-1:UndischargedLocalInvariant
whitefoot@9c4579fba	tests/programs/option_slots.wf	248	skip guard	visited == observe_after	none	INV-1:UndischargedLocalInvariant
whitefoot@9c4579fba	tests/programs/option_slots.wf	259	else-exit guard	remaining_key == 5_u64	none	INV-1:UndischargedLocalInvariant
whitefoot@9c4579fba	tests/programs/option_slots.wf	263	else-exit guard	remaining_value == 11_u64	none	INV-1:UndischargedLocalInvariant
whitefoot@9c4579fba	tests/programs/option_slots.wf	279	else-exit guard	observed_prefix_key == 13_u64	none	INV-1:UndischargedLocalInvariant
whitefoot@9c4579fba	tests/programs/option_slots.wf	283	else-exit guard	observed_prefix_value == 10_u64	none	INV-1:UndischargedLocalInvariant
whitefoot@9c4579fba	tests/programs/option_slots.wf	365	else-exit guard	final_key9 == 9_u64	none	INV-1:UndischargedLocalInvariant
whitefoot@9c4579fba	tests/programs/option_slots.wf	383	else-exit guard	final_key13 == 13_u64	none	INV-1:UndischargedLocalInvariant
whitefoot@9c4579fba	tests/programs/option_slots.wf	401	else-exit guard	final_key5 == 5_u64	none	INV-1:UndischargedLocalInvariant
whitefoot@9c4579fba	tests/programs/option_slots.wf	425	else-exit guard	top == 30_u32	none	INV-1:UndischargedLocalInvariant
whitefoot@9c4579fba	tests/programs/option_slots.wf	430	else-exit guard	remaining == 2_u64	none	INV-1:UndischargedLocalInvariant
whitefoot@9c4579fba	tests/programs/option_slots.wf	435	then-exit guard	code == 0_u8	none	INV-1:UndischargedLocalInvariant
whitefoot@9c4579fba	tests/programs/owned_link_cursors.wf	149	then-exit guard	before == 2016_u64	none	INV-1:UndischargedLocalInvariant
whitefoot@9c4579fba	tests/programs/owned_link_cursors.wf	154	then-exit guard	odd_sum == 1024_u64	none	INV-1:UndischargedLocalInvariant
whitefoot@9c4579fba	tests/programs/owned_link_cursors.wf	159	then-exit guard	raised == 3168_u64	none	INV-1:UndischargedLocalInvariant
whitefoot@9c4579fba	tests/programs/owned_link_cursors.wf	167	then-exit guard	left == 13_u64	none	INV-1:UndischargedLocalInvariant
whitefoot@9c4579fba	tests/programs/owned_link_cursors.wf	170	then-exit guard	right == 61_u64	none	INV-1:UndischargedLocalInvariant
whitefoot@9c4579fba	tests/programs/par_layout.wf	73	then-exit guard	k < spare	none	INV-1:UndischargedLocalInvariant
whitefoot@9c4579fba	tests/programs/par_layout.wf	95	skip guard	count <= spare	none	INV-1:UndischargedLocalInvariant
whitefoot@9c4579fba	tests/programs/par_layout.wf	164	then-exit guard	nibble >= 10_u64	none	INV-1:UndischargedLocalInvariant
whitefoot@9c4579fba	tests/programs/par_layout.wf	177	then-exit guard	cursor < limit	none	INV-1:UndischargedLocalInvariant
whitefoot@9c4579fba	tests/programs/par_layout.wf	184	skip guard	cursor < spare	none	INV-1:UndischargedLocalInvariant
whitefoot@9c4579fba	tests/programs/par_layout.wf	203	skip guard	invocation_count > 1_u64	none	INV-1:UndischargedLocalInvariant
whitefoot@9c4579fba	tests/programs/par_layout.wf	226	then-exit guard	batch < batches	none	INV-1:UndischargedLocalInvariant
whitefoot@9c4579fba	tests/programs/par_layout.wf	247	then-exit guard	band_batch < batches	none	INV-1:UndischargedLocalInvariant
whitefoot@9c4579fba	tests/programs/percent_decode.wf	120	else-exit guard	window_length >= input_length	v0.78	
whitefoot@9c4579fba	tests/programs/percent_decode.wf	125	else-exit guard	produced == 7_u64	none	INV-1:UndischargedLocalInvariant
whitefoot@9c4579fba	tests/programs/percent_decode.wf	137	else-exit guard	output_zero == 65_u8	none	INV-1:UndischargedLocalInvariant
whitefoot@9c4579fba	tests/programs/percent_decode.wf	141	else-exit guard	output_one == 66_u8	none	INV-1:UndischargedLocalInvariant
whitefoot@9c4579fba	tests/programs/percent_decode.wf	145	else-exit guard	output_two == 74_u8	none	INV-1:UndischargedLocalInvariant
whitefoot@9c4579fba	tests/programs/percent_decode.wf	149	else-exit guard	output_three == 37_u8	none	INV-1:UndischargedLocalInvariant
whitefoot@9c4579fba	tests/programs/percent_decode.wf	153	else-exit guard	output_four == 122_u8	none	INV-1:UndischargedLocalInvariant
whitefoot@9c4579fba	tests/programs/percent_decode.wf	157	else-exit guard	output_five == 122_u8	none	INV-1:UndischargedLocalInvariant
whitefoot@9c4579fba	tests/programs/percent_decode.wf	161	else-exit guard	output_six == 37_u8	none	INV-1:UndischargedLocalInvariant
whitefoot@9c4579fba	tests/programs/percent_decode.wf	165	else-exit guard	output_tail == 204_u8	none	INV-1:UndischargedLocalInvariant
whitefoot@9c4579fba	tests/programs/prefix_expression.wf	27	else-exit guard	offset < size	none	INV-1:UndischargedLocalInvariant
whitefoot@9c4579fba	tests/programs/prefix_expression.wf	60	then-exit guard	token >= 48_u8	none	INV-1:UndischargedLocalInvariant
whitefoot@9c4579fba	tests/programs/prefix_expression.wf	65	then-exit guard	token <= 57_u8	none	INV-1:UndischargedLocalInvariant
whitefoot@9c4579fba	tests/programs/prefix_expression.wf	99	else-exit guard	consumed == 5_u64	none	INV-1:UndischargedLocalInvariant
whitefoot@9c4579fba	tests/programs/prefix_expression.wf	106	else-exit guard	evaluated == 9_u64	none	INV-1:UndischargedLocalInvariant
whitefoot@9c4579fba	tests/programs/raw_deflate.wf	87	then-exit guard	ordered >= 24_u64	none	INV-1:UndischargedLocalInvariant
whitefoot@9c4579fba	tests/programs/raw_deflate.wf	91	then-exit guard	ordered >= 168_u64	none	INV-1:UndischargedLocalInvariant
whitefoot@9c4579fba	tests/programs/raw_deflate.wf	95	then-exit guard	ordered >= 176_u64	none	INV-1:UndischargedLocalInvariant
whitefoot@9c4579fba	tests/programs/raw_deflate.wf	222	then-exit guard	length_bytes_remaining >= 4_u64	none	INV-1:UndischargedLocalInvariant
whitefoot@9c4579fba	tests/programs/raw_deflate.wf	238	else-exit guard	len_high_offset < header_room	none	INV-1:UndischargedLocalInvariant
whitefoot@9c4579fba	tests/programs/raw_deflate.wf	245	else-exit guard	nlen_low_offset < header_room	none	INV-1:UndischargedLocalInvariant
whitefoot@9c4579fba	tests/programs/raw_deflate.wf	252	else-exit guard	nlen_high_offset < header_room	none	INV-1:UndischargedLocalInvariant
whitefoot@9c4579fba	tests/programs/raw_deflate.wf	269	else-exit guard	stored_complement == expected_complement	none	INV-1:UndischargedLocalInvariant
whitefoot@9c4579fba	tests/programs/raw_deflate.wf	277	then-exit guard	input_remaining >= copy_length	none	INV-1:UndischargedLocalInvariant
whitefoot@9c4579fba	tests/programs/raw_deflate.wf	283	then-exit guard	output_remaining >= copy_length	none	INV-1:UndischargedLocalInvariant
whitefoot@9c4579fba	tests/programs/raw_deflate.wf	296	else-exit guard	source_index < stored_room	none	INV-1:UndischargedLocalInvariant
whitefoot@9c4579fba	tests/programs/raw_deflate_boundary.wf	136	then-exit guard	taken < length	none	INV-1:UndischargedLocalInvariant
whitefoot@9c4579fba	tests/programs/raw_deflate_boundary.wf	156	then-exit guard	cursor < to	none	INV-1:UndischargedLocalInvariant
whitefoot@9c4579fba	tests/programs/raw_deflate_boundary.wf	160	else-exit guard	cursor < source_room	none	INV-1:UndischargedLocalInvariant
whitefoot@9c4579fba	tests/programs/raw_deflate_boundary.wf	166	else-exit guard	target < destination_room	none	INV-1:UndischargedLocalInvariant
whitefoot@9c4579fba	tests/programs/raw_deflate_boundary.wf	212	else-exit guard	sent < length	none	INV-1:UndischargedLocalInvariant
whitefoot@9c4579fba	tests/programs/raw_deflate_boundary.wf	235	skip guard	reason == 1_u8	none	TYPE-6:DeclarationCollision
whitefoot@9c4579fba	tests/programs/raw_deflate_boundary.wf	239	skip guard	reason == 2_u8	none	TYPE-6:DeclarationCollision
whitefoot@9c4579fba	tests/programs/raw_deflate_boundary.wf	243	skip guard	reason == 3_u8	none	TYPE-6:DeclarationCollision
whitefoot@9c4579fba	tests/programs/raw_deflate_boundary.wf	247	skip guard	reason == 4_u8	none	TYPE-6:DeclarationCollision
whitefoot@9c4579fba	tests/programs/raw_deflate_boundary.wf	251	skip guard	reason == 5_u8	none	TYPE-6:DeclarationCollision
whitefoot@9c4579fba	tests/programs/raw_deflate_boundary.wf	255	skip guard	reason == 6_u8	none	TYPE-6:DeclarationCollision
whitefoot@9c4579fba	tests/programs/raw_deflate_boundary.wf	259	skip guard	reason == 7_u8	none	TYPE-6:DeclarationCollision
whitefoot@9c4579fba	tests/programs/raw_deflate_boundary.wf	263	skip guard	reason == 8_u8	none	INV-1:UndischargedLocalInvariant
whitefoot@9c4579fba	tests/programs/raw_deflate_boundary.wf	291	else-exit guard	arguments >= 2_u64	none	INV-1:UndischargedLocalInvariant
whitefoot@9c4579fba	tests/programs/raw_deflate_boundary.wf	314	else-exit guard	filled <= 4097_u64	none	INV-1:UndischargedLocalInvariant
whitefoot@9c4579fba	tests/programs/raw_deflate_boundary.wf	341	then-exit guard	ended == 0_u8	none	INV-1:UndischargedLocalInvariant
whitefoot@9c4579fba	tests/programs/raw_deflate_boundary.wf	345	skip guard	ended == 2_u8	none	INV-1:UndischargedLocalInvariant
whitefoot@9c4579fba	tests/programs/raw_deflate_boundary.wf	364	then-exit guard	status == 0_u8	none	INV-1:UndischargedLocalInvariant
whitefoot@9c4579fba	tests/programs/raw_deflate_boundary.wf	386	then-exit guard	filled <= 4096_u64	none	INV-1:UndischargedLocalInvariant
whitefoot@9c4579fba	tests/programs/raw_deflate_boundary.wf	423	then-exit guard	status == 0_u8	none	INV-1:UndischargedLocalInvariant
whitefoot@9c4579fba	tests/programs/raw_deflate_boundary.wf	435	else-exit guard	decoded_length <= decoded_room	none	INV-1:UndischargedLocalInvariant
whitefoot@9c4579fba	tests/programs/raw_deflate_boundary.wf	453	then-exit guard	status == 0_u8	none	INV-1:UndischargedLocalInvariant
whitefoot@9c4579fba	tests/programs/raw_deflate_dynamic.wf	14	then-exit guard	symbol >= 257_u64 and symbol < 286_u64	none	INV-1:UndischargedLocalInvariant
whitefoot@9c4579fba	tests/programs/raw_deflate_dynamic.wf	20	else-exit guard	length_index < 29_u64	v0.78	
whitefoot@9c4579fba	tests/programs/raw_deflate_dynamic.wf	46	then-exit guard	distance_symbol < 30_u64	none	INV-1:UndischargedLocalInvariant
whitefoot@9c4579fba	tests/programs/raw_deflate_dynamic.wf	80	else-exit guard	source_index < history_room	none	INV-1:UndischargedLocalInvariant
whitefoot@9c4579fba	tests/programs/raw_deflate_dynamic.wf	109	else-exit guard	count_slots <= 16_u64	none	INV-1:UndischargedLocalInvariant
whitefoot@9c4579fba	tests/programs/raw_deflate_dynamic.wf	140	then-exit guard	length <= max_bits	none	INV-1:UndischargedLocalInvariant
whitefoot@9c4579fba	tests/programs/raw_deflate_dynamic.wf	145	skip guard	length > 0_u32	none	INV-1:UndischargedLocalInvariant
whitefoot@9c4579fba	tests/programs/raw_deflate_dynamic.wf	164	then-exit guard	count <= left	none	INV-1:UndischargedLocalInvariant
whitefoot@9c4579fba	tests/programs/raw_deflate_dynamic.wf	173	skip guard	left > 0_u64	none	INV-1:UndischargedLocalInvariant
whitefoot@9c4579fba	tests/programs/raw_deflate_dynamic.wf	215	skip guard	symbol_length > 0_u32	none	INV-1:UndischargedLocalInvariant
whitefoot@9c4579fba	tests/programs/raw_deflate_dynamic.wf	219	else-exit guard	count_index < order_offsets_room	none	INV-1:UndischargedLocalInvariant
whitefoot@9c4579fba	tests/programs/raw_deflate_dynamic.wf	227	else-exit guard	destination < order_symbols_room	none	INV-1:UndischargedLocalInvariant
whitefoot@9c4579fba	tests/programs/raw_deflate_dynamic.wf	265	else-exit guard	count_index < table_counts_room	none	INV-1:UndischargedLocalInvariant
whitefoot@9c4579fba	tests/programs/raw_deflate_dynamic.wf	280	else-exit guard	ordered < table_symbols_room	none	INV-1:UndischargedLocalInvariant
whitefoot@9c4579fba	tests/programs/raw_deflate_dynamic_decode.wf	14	else-exit guard	distance_index < distance_room	none	INV-1:UndischargedLocalInvariant
whitefoot@9c4579fba	tests/programs/raw_deflate_dynamic_decode.wf	27	else-exit guard	bounded == index	none	INV-1:UndischargedLocalInvariant
whitefoot@9c4579fba	tests/programs/raw_deflate_dynamic_decode.wf	96	then-exit guard	literal_count <= 286_u64	none	INV-1:UndischargedLocalInvariant
whitefoot@9c4579fba	tests/programs/raw_deflate_dynamic_decode.wf	191	then-exit guard	repeat_count <= remaining	none	INV-1:UndischargedLocalInvariant
whitefoot@9c4579fba	tests/programs/raw_deflate_dynamic_decode.wf	222	else-exit guard	length_symbol == 18_u64	none	INV-1:UndischargedLocalInvariant
whitefoot@9c4579fba	tests/programs/raw_deflate_dynamic_decode.wf	240	then-exit guard	repeat_count <= remaining	none	INV-1:UndischargedLocalInvariant
whitefoot@9c4579fba	tests/programs/raw_deflate_vectors.wf	84	else-exit guard	valid_length == 5_u64	none	INV-1:UndischargedLocalInvariant
whitefoot@9c4579fba	tests/programs/raw_deflate_vectors.wf	97	else-exit guard	valid_output_room == 5_u64	v0.78	
whitefoot@9c4579fba	tests/programs/raw_deflate_vectors.wf	106	else-exit guard	valid_zero == 104_u8	none	INV-1:UndischargedLocalInvariant
whitefoot@9c4579fba	tests/programs/raw_deflate_vectors.wf	110	else-exit guard	valid_one == 101_u8	none	INV-1:UndischargedLocalInvariant
whitefoot@9c4579fba	tests/programs/raw_deflate_vectors.wf	114	else-exit guard	valid_two == 108_u8	none	INV-1:UndischargedLocalInvariant
whitefoot@9c4579fba	tests/programs/raw_deflate_vectors.wf	118	else-exit guard	valid_three == 108_u8	none	INV-1:UndischargedLocalInvariant
whitefoot@9c4579fba	tests/programs/raw_deflate_vectors.wf	122	else-exit guard	valid_four == 111_u8	none	INV-1:UndischargedLocalInvariant
whitefoot@9c4579fba	tests/programs/raw_deflate_vectors.wf	192	else-exit guard	invalid_length_output_room == 1_u64	v0.78	
whitefoot@9c4579fba	tests/programs/raw_deflate_vectors.wf	197	else-exit guard	invalid_length_sentinel == 9_u8	none	INV-1:UndischargedLocalInvariant
whitefoot@9c4579fba	tests/programs/raw_deflate_vectors.wf	267	else-exit guard	truncated_output_room == 2_u64	v0.78	
whitefoot@9c4579fba	tests/programs/raw_deflate_vectors.wf	272	else-exit guard	truncated_sentinel == 7_u8	none	INV-1:UndischargedLocalInvariant
whitefoot@9c4579fba	tests/programs/raw_deflate_vectors.wf	342	else-exit guard	full_output_room == 1_u64	v0.78	
whitefoot@9c4579fba	tests/programs/raw_deflate_vectors.wf	347	else-exit guard	full_sentinel == 11_u8	none	INV-1:UndischargedLocalInvariant
whitefoot@9c4579fba	tests/programs/raw_deflate_vectors.wf	368	else-exit guard	fixed_literal_length == 5_u64	none	INV-1:UndischargedLocalInvariant
whitefoot@9c4579fba	tests/programs/raw_deflate_vectors.wf	381	else-exit guard	fixed_literal_output_room == 5_u64	v0.78	
whitefoot@9c4579fba	tests/programs/raw_deflate_vectors.wf	390	else-exit guard	fixed_literal_zero == 104_u8	none	INV-1:UndischargedLocalInvariant
whitefoot@9c4579fba	tests/programs/raw_deflate_vectors.wf	394	else-exit guard	fixed_literal_one == 101_u8	none	INV-1:UndischargedLocalInvariant
whitefoot@9c4579fba	tests/programs/raw_deflate_vectors.wf	398	else-exit guard	fixed_literal_two == 108_u8	none	INV-1:UndischargedLocalInvariant
whitefoot@9c4579fba	tests/programs/raw_deflate_vectors.wf	402	else-exit guard	fixed_literal_three == 108_u8	none	INV-1:UndischargedLocalInvariant
whitefoot@9c4579fba	tests/programs/raw_deflate_vectors.wf	406	else-exit guard	fixed_literal_four == 111_u8	none	INV-1:UndischargedLocalInvariant
whitefoot@9c4579fba	tests/programs/raw_deflate_vectors.wf	427	else-exit guard	fixed_match_length == 16_u64	none	INV-1:UndischargedLocalInvariant
whitefoot@9c4579fba	tests/programs/raw_deflate_vectors.wf	440	else-exit guard	fixed_match_output_room == 16_u64	v0.78	
whitefoot@9c4579fba	tests/programs/raw_deflate_vectors.wf	452	else-exit guard	fixed_match_index < fixed_match_room	none	INV-1:UndischargedLocalInvariant
whitefoot@9c4579fba	tests/programs/raw_deflate_vectors.wf	457	else-exit guard	fixed_match_byte == 97_u8	none	INV-1:UndischargedLocalInvariant
whitefoot@9c4579fba	tests/programs/raw_deflate_vectors.wf	481	else-exit guard	fixed_phrase_length == 17_u64	none	INV-1:UndischargedLocalInvariant
whitefoot@9c4579fba	tests/programs/raw_deflate_vectors.wf	494	else-exit guard	fixed_phrase_output_room == 17_u64	v0.78	
whitefoot@9c4579fba	tests/programs/raw_deflate_vectors.wf	506	else-exit guard	fixed_phrase_index < fixed_phrase_room	none	INV-1:UndischargedLocalInvariant
whitefoot@9c4579fba	tests/programs/raw_deflate_vectors.wf	512	else-exit guard	fixed_phrase_actual == fixed_phrase_wanted	none	INV-1:UndischargedLocalInvariant
whitefoot@9c4579fba	tests/programs/raw_deflate_vectors.wf	536	else-exit guard	dynamic_length == 100_u64	none	INV-1:UndischargedLocalInvariant
whitefoot@9c4579fba	tests/programs/raw_deflate_vectors.wf	549	else-exit guard	dynamic_output_room == 100_u64	v0.78	
whitefoot@9c4579fba	tests/programs/raw_deflate_vectors.wf	561	else-exit guard	dynamic_output_index < dynamic_room	none	INV-1:UndischargedLocalInvariant
whitefoot@9c4579fba	tests/programs/raw_deflate_vectors.wf	567	else-exit guard	dynamic_actual == dynamic_wanted	none	INV-1:UndischargedLocalInvariant
whitefoot@9c4579fba	tests/programs/raw_deflate_vectors.wf	591	else-exit guard	literal_only_length == 1_u64	none	INV-1:UndischargedLocalInvariant
whitefoot@9c4579fba	tests/programs/raw_deflate_vectors.wf	604	else-exit guard	literal_only_output_room == 1_u64	v0.78	
whitefoot@9c4579fba	tests/programs/raw_deflate_vectors.wf	609	else-exit guard	literal_only_byte == 65_u8	none	INV-1:UndischargedLocalInvariant
whitefoot@9c4579fba	tests/programs/raw_deflate_vectors.wf	630	else-exit guard	dynamic_match_length == 400_u64	none	INV-1:UndischargedLocalInvariant
whitefoot@9c4579fba	tests/programs/raw_deflate_vectors.wf	643	else-exit guard	dynamic_match_output_room == 400_u64	v0.78	
whitefoot@9c4579fba	tests/programs/raw_deflate_vectors.wf	663	else-exit guard	output_index < dynamic_match_room	none	INV-1:UndischargedLocalInvariant
whitefoot@9c4579fba	tests/programs/raw_deflate_vectors.wf	669	else-exit guard	dynamic_match_index < 100_u64	none	INV-1:UndischargedLocalInvariant
whitefoot@9c4579fba	tests/programs/raw_deflate_vectors.wf	674	else-exit guard	dynamic_match_actual == dynamic_match_wanted	none	INV-1:UndischargedLocalInvariant
whitefoot@9c4579fba	tests/programs/raw_deflate_vectors.wf	701	else-exit guard	mixed_block_length == 105_u64	none	INV-1:UndischargedLocalInvariant
whitefoot@9c4579fba	tests/programs/raw_deflate_vectors.wf	714	else-exit guard	mixed_block_output_room == 105_u64	v0.78	
whitefoot@9c4579fba	tests/programs/raw_deflate_vectors.wf	726	else-exit guard	mixed_block_index < mixed_room	none	INV-1:UndischargedLocalInvariant
whitefoot@9c4579fba	tests/programs/raw_deflate_vectors.wf	732	else-exit guard	mixed_block_index < 100_u64	none	INV-1:UndischargedLocalInvariant
whitefoot@9c4579fba	tests/programs/raw_deflate_vectors.wf	737	else-exit guard	mixed_block_actual == mixed_block_wanted	none	INV-1:UndischargedLocalInvariant
whitefoot@9c4579fba	tests/programs/raw_deflate_vectors.wf	749	else-exit guard	mixed_block_h == 104_u8	none	INV-1:UndischargedLocalInvariant
whitefoot@9c4579fba	tests/programs/raw_deflate_vectors.wf	753	else-exit guard	mixed_block_e == 101_u8	none	INV-1:UndischargedLocalInvariant
whitefoot@9c4579fba	tests/programs/raw_deflate_vectors.wf	757	else-exit guard	mixed_block_l0 == 108_u8	none	INV-1:UndischargedLocalInvariant
whitefoot@9c4579fba	tests/programs/raw_deflate_vectors.wf	761	else-exit guard	mixed_block_l1 == 108_u8	none	INV-1:UndischargedLocalInvariant
whitefoot@9c4579fba	tests/programs/raw_deflate_vectors.wf	765	else-exit guard	mixed_block_o == 111_u8	none	INV-1:UndischargedLocalInvariant
whitefoot@9c4579fba	tests/programs/raw_deflate_vectors.wf	793	else-exit guard	invalid_tree_code == 3_u8	none	INV-1:UndischargedLocalInvariant
whitefoot@9c4579fba	tests/programs/raw_deflate_vectors.wf	823	else-exit guard	dynamic_truncated_code == 1_u8	none	INV-1:UndischargedLocalInvariant
whitefoot@9c4579fba	tests/programs/raw_deflate_vectors.wf	853	else-exit guard	dynamic_full_code == 7_u8	none	INV-1:UndischargedLocalInvariant
whitefoot@9c4579fba	tests/programs/raw_deflate_vectors.wf	883	else-exit guard	reserved_block_code == 6_u8	none	INV-1:UndischargedLocalInvariant
whitefoot@9c4579fba	tests/programs/raw_deflate_vectors.wf	913	else-exit guard	fixed_truncated_code == 1_u8	none	INV-1:UndischargedLocalInvariant
whitefoot@9c4579fba	tests/programs/raw_deflate_vectors.wf	943	else-exit guard	invalid_huffman_code == 4_u8	none	INV-1:UndischargedLocalInvariant
whitefoot@9c4579fba	tests/programs/raw_deflate_vectors.wf	973	else-exit guard	invalid_distance_code == 5_u8	none	INV-1:UndischargedLocalInvariant
whitefoot@9c4579fba	tests/programs/raw_deflate_vectors.wf	1003	else-exit guard	fixed_full_code == 7_u8	none	INV-1:UndischargedLocalInvariant
whitefoot@9c4579fba	tests/programs/raw_deflate_vectors.wf	1015	else-exit guard	valid_status == 0_u8	none	INV-1:UndischargedLocalInvariant
whitefoot@9c4579fba	tests/programs/raw_deflate_vectors.wf	1020	else-exit guard	invalid_length_status == 0_u8	none	INV-1:UndischargedLocalInvariant
whitefoot@9c4579fba	tests/programs/raw_deflate_vectors.wf	1025	else-exit guard	truncated_status == 0_u8	none	INV-1:UndischargedLocalInvariant
whitefoot@9c4579fba	tests/programs/raw_deflate_vectors.wf	1030	else-exit guard	full_status == 0_u8	none	INV-1:UndischargedLocalInvariant
whitefoot@9c4579fba	tests/programs/raw_deflate_vectors.wf	1035	else-exit guard	fixed_literal_status == 0_u8	none	INV-1:UndischargedLocalInvariant
whitefoot@9c4579fba	tests/programs/raw_deflate_vectors.wf	1040	else-exit guard	fixed_match_status == 0_u8	none	INV-1:UndischargedLocalInvariant
whitefoot@9c4579fba	tests/programs/raw_deflate_vectors.wf	1045	else-exit guard	fixed_phrase_status == 0_u8	none	INV-1:UndischargedLocalInvariant
whitefoot@9c4579fba	tests/programs/raw_deflate_vectors.wf	1050	else-exit guard	dynamic_status == 0_u8	none	INV-1:UndischargedLocalInvariant
whitefoot@9c4579fba	tests/programs/raw_deflate_vectors.wf	1055	else-exit guard	literal_only_status == 0_u8	none	INV-1:UndischargedLocalInvariant
whitefoot@9c4579fba	tests/programs/raw_deflate_vectors.wf	1060	else-exit guard	dynamic_match_status == 0_u8	none	INV-1:UndischargedLocalInvariant
whitefoot@9c4579fba	tests/programs/raw_deflate_vectors.wf	1065	else-exit guard	mixed_block_status == 0_u8	none	INV-1:UndischargedLocalInvariant
whitefoot@9c4579fba	tests/programs/raw_deflate_vectors.wf	1070	else-exit guard	invalid_tree_status == 0_u8	none	INV-1:UndischargedLocalInvariant
whitefoot@9c4579fba	tests/programs/raw_deflate_vectors.wf	1075	else-exit guard	dynamic_truncated_status == 0_u8	none	INV-1:UndischargedLocalInvariant
whitefoot@9c4579fba	tests/programs/raw_deflate_vectors.wf	1080	else-exit guard	dynamic_full_status == 0_u8	none	INV-1:UndischargedLocalInvariant
whitefoot@9c4579fba	tests/programs/raw_deflate_vectors.wf	1085	else-exit guard	reserved_block_status == 0_u8	none	INV-1:UndischargedLocalInvariant
whitefoot@9c4579fba	tests/programs/raw_deflate_vectors.wf	1090	else-exit guard	fixed_truncated_status == 0_u8	none	INV-1:UndischargedLocalInvariant
whitefoot@9c4579fba	tests/programs/raw_deflate_vectors.wf	1095	else-exit guard	invalid_huffman_status == 0_u8	none	INV-1:UndischargedLocalInvariant
whitefoot@9c4579fba	tests/programs/raw_deflate_vectors.wf	1100	else-exit guard	invalid_distance_status == 0_u8	none	INV-1:UndischargedLocalInvariant
whitefoot@9c4579fba	tests/programs/raw_deflate_vectors.wf	1105	else-exit guard	fixed_full_status == 0_u8	none	INV-1:UndischargedLocalInvariant
whitefoot@9c4579fba	tests/programs/run_queue.wf	38	else-exit guard	first_of_two == 7_u8	none	INV-1:UndischargedLocalInvariant
whitefoot@9c4579fba	tests/programs/run_queue.wf	45	else-exit guard	third == 8_u8	none	INV-1:UndischargedLocalInvariant
whitefoot@9c4579fba	tests/programs/run_queue.wf	58	else-exit guard	taken1 == 1_u8	none	INV-1:UndischargedLocalInvariant
whitefoot@9c4579fba	tests/programs/run_queue.wf	64	else-exit guard	taken2 == 2_u8	none	INV-1:UndischargedLocalInvariant
whitefoot@9c4579fba	tests/programs/run_queue.wf	73	else-exit guard	wrapped == 4_u8	none	INV-1:UndischargedLocalInvariant
whitefoot@9c4579fba	tests/programs/run_queue.wf	79	else-exit guard	taken3 == 3_u8	none	INV-1:UndischargedLocalInvariant
whitefoot@9c4579fba	tests/programs/run_queue.wf	85	else-exit guard	taken4 == 4_u8	none	INV-1:UndischargedLocalInvariant
whitefoot@9c4579fba	tests/programs/run_queue.wf	91	else-exit guard	taken5 == 5_u8	none	INV-1:UndischargedLocalInvariant
whitefoot@9c4579fba	tests/programs/run_queue.wf	96	else-exit guard	left == 0_u64	v0.78	
whitefoot@9c4579fba	tests/programs/run_views.wf	36	else-exit guard	width == 2_u64	v0.78	
whitefoot@9c4579fba	tests/programs/run_views.wf	42	else-exit guard	total == 7_u64	none	INV-1:UndischargedLocalInvariant
whitefoot@9c4579fba	tests/programs/run_views.wf	46	else-exit guard	again == total	none	INV-1:UndischargedLocalInvariant
whitefoot@9c4579fba	tests/programs/run_views.wf	54	else-exit guard	extended == 12_u64	none	INV-1:UndischargedLocalInvariant
whitefoot@9c4579fba	tests/programs/run_views.wf	66	else-exit guard	empty_width == 0_u64	v0.78	
whitefoot@9c4579fba	tests/programs/run_views.wf	81	else-exit guard	seen == 9_u8	none	INV-1:UndischargedLocalInvariant
whitefoot@9c4579fba	tests/programs/run_views.wf	87	else-exit guard	written == 11_u8	none	INV-1:UndischargedLocalInvariant
whitefoot@9c4579fba	tests/programs/runtime_ring_wrap.wf	19	then-exit guard	removed_value == 10_u64	none	INV-1:UndischargedLocalInvariant
whitefoot@9c4579fba	tests/programs/runtime_ring_wrap.wf	27	then-exit guard	ring.inner.len == 3_u64	v0.78	
whitefoot@9c4579fba	tests/programs/runtime_ring_wrap.wf	30	then-exit guard	ring.inner.cap == 3_u64	v0.78	
whitefoot@9c4579fba	tests/programs/runtime_ring_wrap.wf	36	then-exit guard	first == 20_u64	none	INV-1:UndischargedLocalInvariant
whitefoot@9c4579fba	tests/programs/runtime_ring_wrap.wf	39	then-exit guard	second == 30_u64	none	INV-1:UndischargedLocalInvariant
whitefoot@9c4579fba	tests/programs/runtime_ring_wrap.wf	42	then-exit guard	third == 40_u64	none	INV-1:UndischargedLocalInvariant
whitefoot@9c4579fba	tests/programs/runtime_ring_wrap.wf	47	then-exit guard	first_value == 20_u64	none	INV-1:UndischargedLocalInvariant
whitefoot@9c4579fba	tests/programs/runtime_ring_wrap.wf	52	then-exit guard	second_value == 30_u64	none	INV-1:UndischargedLocalInvariant
whitefoot@9c4579fba	tests/programs/runtime_ring_wrap.wf	57	then-exit guard	third_value == 40_u64	none	INV-1:UndischargedLocalInvariant
whitefoot@9c4579fba	tests/programs/runtime_ring_wrap.wf	60	then-exit guard	ring.inner.len == 0_u64	v0.78	
whitefoot@9c4579fba	tests/programs/sha256_abc.wf	113	else-exit guard	direct_digest_word == 3128432319_u32	none	INV-1:UndischargedLocalInvariant
whitefoot@9c4579fba	tests/programs/sha256_abc.wf	128	else-exit guard	accumulated == 3764059136_u32	none	INV-1:UndischargedLocalInvariant
whitefoot@9c4579fba	tests/programs/stdin_echo.wf	19	else-exit guard	sent < length	none	INV-1:UndischargedLocalInvariant
whitefoot@9c4579fba	tests/programs/stdin_echo.wf	68	skip guard	ended == 0_u8	none	INV-1:UndischargedLocalInvariant
whitefoot@9c4579fba	tests/programs/stdin_echo.wf	78	else-exit guard	ended == 0_u8	none	INV-1:UndischargedLocalInvariant
whitefoot@9c4579fba	tests/programs/tcp_client.wf	114	then-exit guard	index >= room	none	INV-1:UndischargedLocalInvariant
whitefoot@9c4579fba	tests/programs/tcp_client.wf	128	else-exit guard	index < length	none	INV-1:UndischargedLocalInvariant
whitefoot@9c4579fba	tests/programs/tcp_client.wf	161	else-exit guard	sent < length	none	INV-1:UndischargedLocalInvariant
whitefoot@9c4579fba	tests/programs/tcp_client.wf	185	else-exit guard	sent < length	none	INV-1:UndischargedLocalInvariant
whitefoot@9c4579fba	tests/programs/tcp_client.wf	239	else-exit guard	arguments >= 2_u64	none	INV-1:UndischargedLocalInvariant
whitefoot@9c4579fba	tests/programs/tcp_client.wf	294	skip guard	ended == 0_u8	none	INV-1:UndischargedLocalInvariant
whitefoot@9c4579fba	tests/programs/tcp_client.wf	304	else-exit guard	ended == 0_u8	none	INV-1:UndischargedLocalInvariant
whitefoot@9c4579fba	tests/programs/tcp_contexts.wf	27	then-exit guard	index >= room	none	INV-1:UndischargedLocalInvariant
whitefoot@9c4579fba	tests/programs/tcp_contexts.wf	41	else-exit guard	index < length	none	INV-1:UndischargedLocalInvariant
whitefoot@9c4579fba	tests/programs/tcp_contexts.wf	74	else-exit guard	sent < length	none	INV-1:UndischargedLocalInvariant
whitefoot@9c4579fba	tests/programs/tcp_contexts.wf	112	skip guard	ended == 0_u8	none	INV-1:UndischargedLocalInvariant
whitefoot@9c4579fba	tests/programs/tcp_contexts.wf	121	else-exit guard	ended == 0_u8	none	INV-1:UndischargedLocalInvariant
whitefoot@9c4579fba	tests/programs/tcp_contexts.wf	168	then-exit guard	arguments >= 3_u64	none	INV-1:UndischargedLocalInvariant
whitefoot@9c4579fba	tests/programs/tcp_contexts.wf	185	then-exit guard	accepted < count	none	INV-1:UndischargedLocalInvariant
whitefoot@9c4579fba	tests/programs/tcp_echo.wf	204	then-exit guard	index >= room	none	INV-1:UndischargedLocalInvariant
whitefoot@9c4579fba	tests/programs/tcp_echo.wf	218	else-exit guard	index < length	none	INV-1:UndischargedLocalInvariant
whitefoot@9c4579fba	tests/programs/tcp_echo.wf	251	else-exit guard	sent < length	none	INV-1:UndischargedLocalInvariant
whitefoot@9c4579fba	tests/programs/tcp_echo.wf	292	else-exit guard	arguments >= 2_u64	none	INV-1:UndischargedLocalInvariant
whitefoot@9c4579fba	tests/programs/tcp_echo.wf	343	skip guard	ended == 0_u8	none	INV-1:UndischargedLocalInvariant
whitefoot@9c4579fba	tests/programs/tcp_echo.wf	354	else-exit guard	ended == 0_u8	none	INV-1:UndischargedLocalInvariant
whitefoot@9c4579fba	tests/programs/tcp_fanout.wf	116	then-exit guard	index >= room	none	INV-1:UndischargedLocalInvariant
whitefoot@9c4579fba	tests/programs/tcp_fanout.wf	130	else-exit guard	index < length	none	INV-1:UndischargedLocalInvariant
whitefoot@9c4579fba	tests/programs/tcp_fanout.wf	163	else-exit guard	sent < length	none	INV-1:UndischargedLocalInvariant
whitefoot@9c4579fba	tests/programs/tcp_fanout.wf	222	skip guard	refused == 0_u8	none	INV-1:UndischargedLocalInvariant
whitefoot@9c4579fba	tests/programs/tcp_fanout.wf	262	else-exit guard	arguments >= 2_u64	none	INV-1:UndischargedLocalInvariant
whitefoot@9c4579fba	tests/programs/tcp_gather.wf	26	then-exit guard	index >= room	none	INV-1:UndischargedLocalInvariant
whitefoot@9c4579fba	tests/programs/tcp_gather.wf	40	else-exit guard	index < length	none	INV-1:UndischargedLocalInvariant
whitefoot@9c4579fba	tests/programs/tcp_gather.wf	73	else-exit guard	sent < length	none	INV-1:UndischargedLocalInvariant
whitefoot@9c4579fba	tests/programs/tcp_gather.wf	106	skip guard	endpoint == 1_u64	none	INV-1:UndischargedLocalInvariant
whitefoot@9c4579fba	tests/programs/tcp_gather.wf	163	then-exit guard	arguments >= 3_u64	none	INV-1:UndischargedLocalInvariant
whitefoot@9c4579fba	tests/programs/tcp_refused.wf	198	then-exit guard	index >= room	none	INV-1:UndischargedLocalInvariant
whitefoot@9c4579fba	tests/programs/tcp_refused.wf	212	else-exit guard	index < length	none	INV-1:UndischargedLocalInvariant
whitefoot@9c4579fba	tests/programs/tcp_refused.wf	253	else-exit guard	arguments >= 2_u64	none	INV-1:UndischargedLocalInvariant
whitefoot@9c4579fba	tests/programs/telemetry_packet.wf	20	else-exit guard	offset < store_room	none	INV-1:UndischargedLocalInvariant
whitefoot@9c4579fba	tests/programs/telemetry_packet.wf	26	else-exit guard	second_offset < store_room	none	INV-1:UndischargedLocalInvariant
whitefoot@9c4579fba	tests/programs/telemetry_packet.wf	32	else-exit guard	third_offset < store_room	none	INV-1:UndischargedLocalInvariant
whitefoot@9c4579fba	tests/programs/telemetry_packet.wf	38	else-exit guard	fourth_offset < store_room	none	INV-1:UndischargedLocalInvariant
whitefoot@9c4579fba	tests/programs/telemetry_packet.wf	52	else-exit guard	offset < load_room	none	INV-1:UndischargedLocalInvariant
whitefoot@9c4579fba	tests/programs/telemetry_packet.wf	57	else-exit guard	second_offset < load_room	none	INV-1:UndischargedLocalInvariant
whitefoot@9c4579fba	tests/programs/telemetry_packet.wf	62	else-exit guard	third_offset < load_room	none	INV-1:UndischargedLocalInvariant
whitefoot@9c4579fba	tests/programs/telemetry_packet.wf	67	else-exit guard	fourth_offset < load_room	none	INV-1:UndischargedLocalInvariant
whitefoot@9c4579fba	tests/programs/utf8parse.wf	19	else-exit guard	count < output_length	none	INV-1:UndischargedLocalInvariant
whitefoot@9c4579fba	tests/programs/utf8parse.wf	229	else-exit guard	window_length >= input_length	v0.78	
whitefoot@9c4579fba	tests/programs/utf8parse.wf	234	else-exit guard	produced == 6_u64	none	INV-1:UndischargedLocalInvariant
whitefoot@9c4579fba	tests/programs/utf8parse.wf	245	else-exit guard	event_zero == 65_u32	none	INV-1:UndischargedLocalInvariant
whitefoot@9c4579fba	tests/programs/utf8parse.wf	249	else-exit guard	event_one == 162_u32	none	INV-1:UndischargedLocalInvariant
whitefoot@9c4579fba	tests/programs/utf8parse.wf	253	else-exit guard	event_two == 8364_u32	none	INV-1:UndischargedLocalInvariant
whitefoot@9c4579fba	tests/programs/utf8parse.wf	257	else-exit guard	event_three == 128512_u32	none	INV-1:UndischargedLocalInvariant
whitefoot@9c4579fba	tests/programs/utf8parse.wf	261	else-exit guard	event_four == 1114112_u32	none	INV-1:UndischargedLocalInvariant
whitefoot@9c4579fba	tests/programs/utf8parse.wf	265	else-exit guard	event_five == 1114112_u32	none	INV-1:UndischargedLocalInvariant
whitefoot@9c4579fba	tests/programs/utf8parse.wf	269	else-exit guard	event_tail == 99_u32	none	INV-1:UndischargedLocalInvariant
whitefoot@9c4579fba	tests/programs/wfgrep.wf	212	then-exit guard	length < total	none	INV-1:UndischargedLocalInvariant
whitefoot@9c4579fba	tests/programs/wfgrep.wf	230	skip guard	length >= capacity	none	INV-1:UndischargedLocalInvariant
whitefoot@9c4579fba	tests/programs/wfgrep.wf	239	skip guard	doubled <= 4294967296_u64	none	INV-1:UndischargedLocalInvariant
whitefoot@9c4579fba	tests/programs/wfgrep.wf	240	skip guard	doubled >= capacity	none	INV-1:UndischargedLocalInvariant
whitefoot@9c4579fba	tests/programs/wfgrep.wf	246	then-exit guard	cell^.inner.len >= cell^.inner.cap	none	INV-1:UndischargedLocalInvariant
whitefoot@9c4579fba	tests/programs/wfgrep.wf	258	skip guard	length >= capacity	none	INV-1:UndischargedLocalInvariant
whitefoot@9c4579fba	tests/programs/wfgrep.wf	267	skip guard	doubled <= 268435456_u64	none	INV-1:UndischargedLocalInvariant
whitefoot@9c4579fba	tests/programs/wfgrep.wf	268	skip guard	doubled >= capacity	none	INV-1:UndischargedLocalInvariant
whitefoot@9c4579fba	tests/programs/wfgrep.wf	274	then-exit guard	cell^.inner.len >= cell^.inner.cap	none	INV-1:UndischargedLocalInvariant
whitefoot@9c4579fba	tests/programs/wfgrep.wf	294	then-exit guard	taken < length	none	INV-1:UndischargedLocalInvariant
whitefoot@9c4579fba	tests/programs/wfgrep.wf	314	then-exit guard	cursor < to	none	INV-1:UndischargedLocalInvariant
whitefoot@9c4579fba	tests/programs/wfgrep.wf	318	else-exit guard	cursor < source_room	none	INV-1:UndischargedLocalInvariant
whitefoot@9c4579fba	tests/programs/wfgrep.wf	324	else-exit guard	target < destination_room	none	INV-1:UndischargedLocalInvariant
whitefoot@9c4579fba	tests/programs/wfgrep.wf	343	else-exit guard	sent < length	none	INV-1:UndischargedLocalInvariant
whitefoot@9c4579fba	tests/programs/wfgrep.wf	363	then-exit guard	index >= spare	none	INV-1:UndischargedLocalInvariant
whitefoot@9c4579fba	tests/programs/wfgrep.wf	400	then-exit guard	at < shared	none	INV-1:UndischargedLocalInvariant
whitefoot@9c4579fba	tests/programs/wfgrep.wf	407	then-exit guard	left_byte >= right_byte	none	INV-1:UndischargedLocalInvariant
whitefoot@9c4579fba	tests/programs/wfgrep.wf	410	then-exit guard	left_byte <= right_byte	none	INV-1:UndischargedLocalInvariant
whitefoot@9c4579fba	tests/programs/wfgrep.wf	424	then-exit guard	probe >= 10_u64	none	INV-1:UndischargedLocalInvariant
whitefoot@9c4579fba	tests/programs/wfgrep.wf	437	then-exit guard	cursor > at	none	INV-1:UndischargedLocalInvariant
whitefoot@9c4579fba	tests/programs/wfgrep.wf	443	skip guard	cursor < spare	none	INV-1:UndischargedLocalInvariant
whitefoot@9c4579fba	tests/programs/wfgrep.wf	466	then-exit guard	copied_count < path_length	none	INV-1:UndischargedLocalInvariant
whitefoot@9c4579fba	tests/programs/wfgrep.wf	470	else-exit guard	copied_count < path_room	none	INV-1:UndischargedLocalInvariant
whitefoot@9c4579fba	tests/programs/wfgrep.wf	476	else-exit guard	target_at < report_capacity	none	INV-1:UndischargedLocalInvariant
whitefoot@9c4579fba	tests/programs/wfgrep.wf	494	skip guard	status == 1_u8	none	TYPE-6:DeclarationCollision
whitefoot@9c4579fba	tests/programs/wfgrep.wf	499	skip guard	status == 2_u8	none	TYPE-6:DeclarationCollision
whitefoot@9c4579fba	tests/programs/wfgrep.wf	504	skip guard	status == 3_u8	none	TYPE-6:DeclarationCollision
whitefoot@9c4579fba	tests/programs/wfgrep.wf	509	skip guard	status == 5_u8	none	TYPE-6:DeclarationCollision
whitefoot@9c4579fba	tests/programs/wfgrep.wf	514	skip guard	status == 6_u8	none	TYPE-6:DeclarationCollision
whitefoot@9c4579fba	tests/programs/wfgrep.wf	519	skip guard	status == 7_u8	none	TYPE-6:DeclarationCollision
whitefoot@9c4579fba	tests/programs/wfgrep.wf	524	skip guard	status == 8_u8	none	TYPE-6:DeclarationCollision
whitefoot@9c4579fba	tests/programs/wfgrep.wf	529	skip guard	status == 10_u8	none	TYPE-6:DeclarationCollision
whitefoot@9c4579fba	tests/programs/wfgrep.wf	534	skip guard	status == 11_u8	none	TYPE-6:DeclarationCollision
whitefoot@9c4579fba	tests/programs/wfgrep.wf	539	skip guard	named == 0_u8	none	INV-1:UndischargedLocalInvariant
whitefoot@9c4579fba	tests/programs/wfgrep.wf	549	else-exit guard	carry < input_room	none	INV-1:UndischargedLocalInvariant
whitefoot@9c4579fba	tests/programs/wfgrep.wf	563	else-exit guard	available <= input_room	none	INV-1:UndischargedLocalInvariant
whitefoot@9c4579fba	tests/programs/wfgrep.wf	570	else-exit guard	scan <= available	none	INV-1:UndischargedLocalInvariant
whitefoot@9c4579fba	tests/programs/wfgrep.wf	589	skip guard	byte == first_pattern_byte	none	INV-1:UndischargedLocalInvariant
whitefoot@9c4579fba	tests/programs/wfgrep.wf	594	then-exit guard	ahead < pattern_length	none	INV-1:UndischargedLocalInvariant
whitefoot@9c4579fba	tests/programs/wfgrep.wf	599	else-exit guard	spot < available	none	INV-1:UndischargedLocalInvariant
whitefoot@9c4579fba	tests/programs/wfgrep.wf	611	else-exit guard	ahead < pattern_room	none	INV-1:UndischargedLocalInvariant
whitefoot@9c4579fba	tests/programs/wfgrep.wf	618	else-exit guard	candidate == expected	none	INV-1:UndischargedLocalInvariant
whitefoot@9c4579fba	tests/programs/wfgrep.wf	638	else-exit guard	available <= input_room	none	INV-1:UndischargedLocalInvariant
whitefoot@9c4579fba	tests/programs/wfgrep.wf	644	else-exit guard	scan <= available	none	INV-1:UndischargedLocalInvariant
whitefoot@9c4579fba	tests/programs/wfgrep.wf	666	else-exit guard	path_length <= path_room	none	INV-1:UndischargedLocalInvariant
whitefoot@9c4579fba	tests/programs/wfgrep.wf	694	else-exit guard	numbered <= scratch_room	v0.78	
whitefoot@9c4579fba	tests/programs/wfgrep.wf	708	skip guard	scan <= stop	none	INV-1:UndischargedLocalInvariant
whitefoot@9c4579fba	tests/programs/wfgrep.wf	709	then-exit guard	stop > input^.len	none	INV-1:UndischargedLocalInvariant
whitefoot@9c4579fba	tests/programs/wfgrep.wf	735	skip guard	pattern_room > 0_u64	none	INV-1:UndischargedLocalInvariant
whitefoot@9c4579fba	tests/programs/wfgrep.wf	750	else-exit guard	carry <= chunk_room	none	INV-1:UndischargedLocalInvariant
whitefoot@9c4579fba	tests/programs/wfgrep.wf	784	skip guard	ended == 1_u8	none	INV-1:UndischargedLocalInvariant
whitefoot@9c4579fba	tests/programs/wfgrep.wf	786	skip guard	carry > 0_u64	none	INV-1:UndischargedLocalInvariant
whitefoot@9c4579fba	tests/programs/wfgrep.wf	809	else-exit guard	line_status == 0_u8	none	INV-1:UndischargedLocalInvariant
whitefoot@9c4579fba	tests/programs/wfgrep.wf	815	else-exit guard	terminator < available	none	INV-1:UndischargedLocalInvariant
whitefoot@9c4579fba	tests/programs/wfgrep.wf	820	skip guard	pattern_length == 0_u64	none	INV-1:UndischargedLocalInvariant
whitefoot@9c4579fba	tests/programs/wfgrep.wf	828	skip guard	need > batch_room	none	INV-1:UndischargedLocalInvariant
whitefoot@9c4579fba	tests/programs/wfgrep.wf	843	skip guard	status == 0_u8	none	INV-1:UndischargedLocalInvariant
whitefoot@9c4579fba	tests/programs/wfgrep.wf	850	skip guard	filled < batch_room	none	INV-1:UndischargedLocalInvariant
whitefoot@9c4579fba	tests/programs/wfgrep.wf	856	skip guard	filled < batch_room	none	INV-1:UndischargedLocalInvariant
whitefoot@9c4579fba	tests/programs/wfgrep.wf	863	else-exit guard	status == 0_u8	none	INV-1:UndischargedLocalInvariant
whitefoot@9c4579fba	tests/programs/wfgrep.wf	870	else-exit guard	status == 0_u8	none	INV-1:UndischargedLocalInvariant
whitefoot@9c4579fba	tests/programs/wfgrep.wf	889	skip guard	carry >= chunk_room	none	INV-1:UndischargedLocalInvariant
whitefoot@9c4579fba	tests/programs/wfgrep.wf	900	skip guard	filled > 0_u64	none	INV-1:UndischargedLocalInvariant
whitefoot@9c4579fba	tests/programs/wfgrep.wf	974	then-exit guard	taken < name_count	none	INV-1:UndischargedLocalInvariant
whitefoot@9c4579fba	tests/programs/wfgrep.wf	979	else-exit guard	source_at < entries_room	none	INV-1:UndischargedLocalInvariant
whitefoot@9c4579fba	tests/programs/wfgrep.wf	1000	then-exit guard	prefix_length <= 65536_u64	none	INV-1:UndischargedLocalInvariant
whitefoot@9c4579fba	tests/programs/wfgrep.wf	1037	else-exit guard	ended == 0_u8	none	INV-1:UndischargedLocalInvariant
whitefoot@9c4579fba	tests/programs/wfgrep.wf	1050	else-exit guard	header_end <= produced	none	INV-1:UndischargedLocalInvariant
whitefoot@9c4579fba	tests/programs/wfgrep.wf	1055	else-exit guard	at < entries_room	none	INV-1:UndischargedLocalInvariant
whitefoot@9c4579fba	tests/programs/wfgrep.wf	1062	else-exit guard	length_low_at < entries_room	none	INV-1:UndischargedLocalInvariant
whitefoot@9c4579fba	tests/programs/wfgrep.wf	1068	else-exit guard	length_high_at < entries_room	none	INV-1:UndischargedLocalInvariant
whitefoot@9c4579fba	tests/programs/wfgrep.wf	1081	else-exit guard	name_end <= produced	none	INV-1:UndischargedLocalInvariant
whitefoot@9c4579fba	tests/programs/wfgrep.wf	1086	else-exit guard	name_at <= name_end	v0.78	
whitefoot@9c4579fba	tests/programs/wfgrep.wf	1091	else-exit guard	name_end <= entries_room	v0.78	
whitefoot@9c4579fba	tests/programs/wfgrep.wf	1098	skip guard	name_count == 1_u64	none	TYPE-6:DeclarationCollision
whitefoot@9c4579fba	tests/programs/wfgrep.wf	1100	skip guard	name_at < entries_room	none	INV-1:UndischargedLocalInvariant
whitefoot@9c4579fba	tests/programs/wfgrep.wf	1102	skip guard	first == 46_u8	none	INV-1:UndischargedLocalInvariant
whitefoot@9c4579fba	tests/programs/wfgrep.wf	1108	skip guard	name_count == 2_u64	none	INV-1:UndischargedLocalInvariant
whitefoot@9c4579fba	tests/programs/wfgrep.wf	1112	skip guard	name_at < entries_room	none	INV-1:UndischargedLocalInvariant
whitefoot@9c4579fba	tests/programs/wfgrep.wf	1113	skip guard	second_at < entries_room	none	INV-1:UndischargedLocalInvariant
whitefoot@9c4579fba	tests/programs/wfgrep.wf	1116	skip guard	first == 46_u8	none	INV-1:UndischargedLocalInvariant
whitefoot@9c4579fba	tests/programs/wfgrep.wf	1117	skip guard	second == 46_u8	none	INV-1:UndischargedLocalInvariant
whitefoot@9c4579fba	tests/programs/wfgrep.wf	1127	skip guard	dotted == 0_u8 and name_count <= 1023_u64	none	INV-1:UndischargedLocalInvariant
whitefoot@9c4579fba	tests/programs/wfgrep.wf	1162	then-exit guard	selected < stored	none	INV-1:UndischargedLocalInvariant
whitefoot@9c4579fba	tests/programs/wfgrep.wf	1166	else-exit guard	selected < order_room	v0.78	
whitefoot@9c4579fba	tests/programs/wfgrep.wf	1175	then-exit guard	probe < stored	none	INV-1:UndischargedLocalInvariant
whitefoot@9c4579fba	tests/programs/wfgrep.wf	1179	else-exit guard	probe < scan_room	v0.78	
whitefoot@9c4579fba	tests/programs/wfgrep.wf	1184	else-exit guard	best < scan_room	none	INV-1:UndischargedLocalInvariant
whitefoot@9c4579fba	tests/programs/wfgrep.wf	1195	skip guard	earlier == 1_u8	none	INV-1:UndischargedLocalInvariant
whitefoot@9c4579fba	tests/programs/wfgrep.wf	1201	skip guard	best < order_room	none	INV-1:UndischargedLocalInvariant
whitefoot@9c4579fba	tests/programs/wfgrep.wf	1216	then-exit guard	visited < stored	none	INV-1:UndischargedLocalInvariant
whitefoot@9c4579fba	tests/programs/wfgrep.wf	1220	else-exit guard	visited < order_room	v0.78	
whitefoot@9c4579fba	tests/programs/wfgrep.wf	1227	else-exit guard	base < names_room	none	INV-1:UndischargedLocalInvariant
whitefoot@9c4579fba	tests/programs/wfgrep.wf	1234	else-exit guard	stored_length_low_at < names_room	none	INV-1:UndischargedLocalInvariant
whitefoot@9c4579fba	tests/programs/wfgrep.wf	1240	else-exit guard	stored_length_high_at < names_room	none	INV-1:UndischargedLocalInvariant
whitefoot@9c4579fba	tests/programs/wfgrep.wf	1253	else-exit guard	name_end <= names_room	none	INV-1:UndischargedLocalInvariant
whitefoot@9c4579fba	tests/programs/wfgrep.wf	1259	else-exit guard	name_at <= name_end	none	INV-1:UndischargedLocalInvariant
whitefoot@9c4579fba	tests/programs/wfgrep.wf	1272	else-exit guard	child_length <= child_room	none	INV-1:UndischargedLocalInvariant
whitefoot@9c4579fba	tests/programs/wfgrep.wf	1280	then-exit guard	cursor < prefix_length	none	INV-1:UndischargedLocalInvariant
whitefoot@9c4579fba	tests/programs/wfgrep.wf	1284	else-exit guard	cursor < prefix_room	none	INV-1:UndischargedLocalInvariant
whitefoot@9c4579fba	tests/programs/wfgrep.wf	1289	else-exit guard	cursor < child_room	v0.78	
whitefoot@9c4579fba	tests/programs/wfgrep.wf	1297	skip guard	prefix_length > 0_u64	none	INV-1:UndischargedLocalInvariant
whitefoot@9c4579fba	tests/programs/wfgrep.wf	1299	skip guard	cursor < child_room	none	INV-1:UndischargedLocalInvariant
whitefoot@9c4579fba	tests/programs/wfgrep.wf	1307	then-exit guard	taken < name_count	none	INV-1:UndischargedLocalInvariant
whitefoot@9c4579fba	tests/programs/wfgrep.wf	1312	else-exit guard	source_at < names_room	none	INV-1:UndischargedLocalInvariant
whitefoot@9c4579fba	tests/programs/wfgrep.wf	1317	else-exit guard	cursor < child_room	none	INV-1:UndischargedLocalInvariant
whitefoot@9c4579fba	tests/programs/wfgrep.wf	1327	skip guard	kind == 1_u8	none	TYPE-6:DeclarationCollision
whitefoot@9c4579fba	tests/programs/wfgrep.wf	1334	skip guard	found == 16_u8	none	INV-1:UndischargedLocalInvariant
whitefoot@9c4579fba	tests/programs/wfgrep.wf	1343	skip guard	status == 7_u8	none	INV-1:UndischargedLocalInvariant
whitefoot@9c4579fba	tests/programs/wfgrep.wf	1346	skip guard	status == 8_u8	none	INV-1:UndischargedLocalInvariant
whitefoot@9c4579fba	tests/programs/wfgrep.wf	1350	then-exit guard	stopped == 0_u8	none	INV-1:UndischargedLocalInvariant
whitefoot@9c4579fba	tests/programs/wfgrep.wf	1367	skip guard	kind == 2_u8	none	INV-1:UndischargedLocalInvariant
whitefoot@9c4579fba	tests/programs/wfgrep.wf	1379	skip guard	found == 1_u8	none	INV-1:UndischargedLocalInvariant
whitefoot@9c4579fba	tests/programs/wfgrep.wf	1382	skip guard	broke == 2_u8	none	INV-1:UndischargedLocalInvariant
whitefoot@9c4579fba	tests/programs/wfgrep.wf	1394	then-exit guard	stopped == 0_u8	none	INV-1:UndischargedLocalInvariant
whitefoot@9c4579fba	tests/programs/wfgrep.wf	1432	then-exit guard	start < length	none	INV-1:UndischargedLocalInvariant
whitefoot@9c4579fba	tests/programs/wfgrep.wf	1436	else-exit guard	start < name_room	none	INV-1:UndischargedLocalInvariant
whitefoot@9c4579fba	tests/programs/wfgrep.wf	1442	else-exit guard	byte == 47_u8	none	INV-1:UndischargedLocalInvariant
whitefoot@9c4579fba	tests/programs/wfgrep.wf	1451	then-exit guard	end < length	none	INV-1:UndischargedLocalInvariant
whitefoot@9c4579fba	tests/programs/wfgrep.wf	1455	else-exit guard	end < name_room	none	INV-1:UndischargedLocalInvariant
whitefoot@9c4579fba	tests/programs/wfgrep.wf	1469	then-exit guard	next < length	none	INV-1:UndischargedLocalInvariant
whitefoot@9c4579fba	tests/programs/wfgrep.wf	1473	else-exit guard	next < name_room	none	INV-1:UndischargedLocalInvariant
whitefoot@9c4579fba	tests/programs/wfgrep.wf	1479	else-exit guard	byte == 47_u8	none	INV-1:UndischargedLocalInvariant
whitefoot@9c4579fba	tests/programs/wfgrep.wf	1486	then-exit guard	start < end	none	INV-1:UndischargedLocalInvariant
whitefoot@9c4579fba	tests/programs/wfgrep.wf	1491	else-exit guard	end <= name_room	none	INV-1:UndischargedLocalInvariant
whitefoot@9c4579fba	tests/programs/wfgrep.wf	1499	then-exit guard	next < length	none	INV-1:UndischargedLocalInvariant
whitefoot@9c4579fba	tests/programs/wfgrep.wf	1568	else-exit guard	startup == 0_u8	none	INV-1:UndischargedLocalInvariant
whitefoot@9c4579fba	tests/programs/wfgrep.wf	1572	skip guard	startup == 1_u8	none	TYPE-6:DeclarationCollision
whitefoot@9c4579fba	tests/programs/wfgrep.wf	1576	skip guard	startup == 2_u8	none	TYPE-6:DeclarationCollision
whitefoot@9c4579fba	tests/programs/wfgrep.wf	1580	skip guard	startup == 3_u8	none	INV-1:UndischargedLocalInvariant
whitefoot@9c4579fba	tests/programs/wfgrep.wf	1594	else-exit guard	root_length <= root_name_room	v0.78	
whitefoot@9c4579fba	tests/programs/wfgrep.wf	1613	then-exit guard	copied < root_length	none	INV-1:UndischargedLocalInvariant
whitefoot@9c4579fba	tests/programs/wfgrep.wf	1617	else-exit guard	copied < name_room	v0.78	
whitefoot@9c4579fba	tests/programs/wfgrep.wf	1622	else-exit guard	copied < root_room	v0.78	
whitefoot@9c4579fba	tests/programs/wfgrep.wf	1634	else-exit guard	display > 1_u64	none	INV-1:UndischargedLocalInvariant
whitefoot@9c4579fba	tests/programs/wfgrep.wf	1640	else-exit guard	last_at < root_room	none	INV-1:UndischargedLocalInvariant
whitefoot@9c4579fba	tests/programs/wfgrep.wf	1666	skip guard	found == 1_u8	none	INV-1:UndischargedLocalInvariant
whitefoot@9c4579fba	tests/programs/wfgrep.wf	1669	skip guard	broke == 2_u8	none	INV-1:UndischargedLocalInvariant
whitefoot@9c4579fba	tests/programs/wfgrep.wf	1687	skip guard	found == 16_u8	none	INV-1:UndischargedLocalInvariant
whitefoot@9c4579fba	tests/programs/wfgrep.wf	1705	skip guard	root_status == 7_u8	none	INV-1:UndischargedLocalInvariant
whitefoot@9c4579fba	tests/programs/wfgrep.wf	1709	skip guard	root_status == 8_u8	none	INV-1:UndischargedLocalInvariant
whitefoot@9c4579fba	tests/programs/wfgrep.wf	1743	else-exit guard	failed == 0_u8	none	INV-1:UndischargedLocalInvariant
whitefoot@9c4579fba	tests/programs/compute/bfs.wf	12	skip guard	neighbor < count	none	INV-1:UndischargedLocalInvariant
whitefoot@9c4579fba	tests/programs/compute/bfs.wf	36	skip guard	distance == count	none	INV-1:UndischargedLocalInvariant
whitefoot@9c4579fba	tests/programs/compute/bfs.wf	109	then-exit guard	frontier < count	none	INV-1:UndischargedLocalInvariant
whitefoot@9c4579fba	tests/programs/compute/bfs.wf	115	then-exit guard	vertex < count	none	INV-1:UndischargedLocalInvariant
whitefoot@9c4579fba	tests/programs/compute/bfs.wf	125	skip guard	neighbor < count	none	INV-1:UndischargedLocalInvariant
whitefoot@9c4579fba	tests/programs/compute/bfs.wf	144	then-exit guard	pull == 0_u64	none	INV-1:UndischargedLocalInvariant
whitefoot@9c4579fba	tests/programs/compute/bfs.wf	162	then-exit guard	count == 3_u64	none	INV-1:UndischargedLocalInvariant
whitefoot@9c4579fba	tests/programs/compute/fir.wf	52	then-exit guard	count == 4_u64	none	INV-1:UndischargedLocalInvariant
whitefoot@9c4579fba	tests/programs/compute/histogram.wf	93	then-exit guard	length == 3_u64	none	INV-1:UndischargedLocalInvariant
whitefoot@9c4579fba	tests/programs/compute/histogram.wf	99	then-exit guard	first == 6_u64	none	INV-1:UndischargedLocalInvariant
whitefoot@9c4579fba	tests/programs/compute/histogram.wf	102	then-exit guard	second == 6_u64	none	INV-1:UndischargedLocalInvariant
whitefoot@9c4579fba	tests/programs/compute/histogram.wf	105	then-exit guard	third == 5_u64	none	INV-1:UndischargedLocalInvariant
whitefoot@9c4579fba	tests/programs/compute/mandelbrot.wf	57	then-exit guard	count == 3_u64	none	INV-1:UndischargedLocalInvariant
whitefoot@9c4579fba	tests/programs/compute/merge_sort.wf	16	then-exit guard	value >= key	none	INV-1:UndischargedLocalInvariant
whitefoot@9c4579fba	tests/programs/compute/merge_sort.wf	34	then-exit guard	lower < upper	none	INV-1:UndischargedLocalInvariant
whitefoot@9c4579fba	tests/programs/compute/merge_sort.wf	73	then-exit guard	total > 64_u64	none	INV-1:UndischargedLocalInvariant
whitefoot@9c4579fba	tests/programs/compute/merge_sort.wf	99	then-exit guard	n >= m	none	INV-1:UndischargedLocalInvariant
whitefoot@9c4579fba	tests/programs/compute/merge_sort.wf	125	then-exit guard	count > 1_u64	none	INV-1:UndischargedLocalInvariant
whitefoot@9c4579fba	tests/programs/compute/merge_sort.wf	173	then-exit guard	count == 257_u64	none	INV-1:UndischargedLocalInvariant
whitefoot@9c4579fba	tests/programs/compute/prefix.wf	80	then-exit guard	length == 17_u64	none	INV-1:UndischargedLocalInvariant
whitefoot@9c4579fba	tests/programs/compute/prefix.wf	84	then-exit guard	last == 136_u64	none	INV-1:UndischargedLocalInvariant
whitefoot@9c4579fba	tests/programs/compute/radix_scatter.wf	244	then-exit guard	length == 8209_u64	none	INV-1:UndischargedLocalInvariant
whitefoot@9c4579fba	tests/programs/compute/range_split.wf	9	then-exit guard	count > 1_u64	none	INV-1:UndischargedLocalInvariant
whitefoot@9c4579fba	tests/programs/compute/range_split.wf	35	then-exit guard	filled == 17_u64	none	INV-1:UndischargedLocalInvariant
whitefoot@9c4579fba	tests/programs/compute/range_split.wf	45	then-exit guard	none == 0_u64	none	INV-1:UndischargedLocalInvariant
whitefoot@9c4579fba	tests/programs/compute/records.wf	31	then-exit guard	byte >= 194_u8	none	INV-1:UndischargedLocalInvariant
whitefoot@9c4579fba	tests/programs/compute/records.wf	38	skip guard	byte == 224_u8	none	INV-1:UndischargedLocalInvariant
whitefoot@9c4579fba	tests/programs/compute/records.wf	41	skip guard	byte == 237_u8	none	INV-1:UndischargedLocalInvariant
whitefoot@9c4579fba	tests/programs/compute/records.wf	46	skip guard	byte == 240_u8	none	INV-1:UndischargedLocalInvariant
whitefoot@9c4579fba	tests/programs/compute/records.wf	49	skip guard	byte == 244_u8	none	INV-1:UndischargedLocalInvariant
whitefoot@9c4579fba	tests/programs/compute/records.wf	57	then-exit guard	byte >= lower	none	INV-1:UndischargedLocalInvariant
whitefoot@9c4579fba	tests/programs/compute/records.wf	60	then-exit guard	byte <= upper	none	INV-1:UndischargedLocalInvariant
whitefoot@9c4579fba	tests/programs/compute/records.wf	68	then-exit guard	remaining == 0_u8	none	INV-1:UndischargedLocalInvariant
whitefoot@9c4579fba	tests/programs/compute/records.wf	131	then-exit guard	count == 2_u64	none	INV-1:UndischargedLocalInvariant
whitefoot@9c4579fba	tests/programs/compute/records.wf	136	then-exit guard	first_count == 1_u64	none	INV-1:UndischargedLocalInvariant
whitefoot@9c4579fba	tests/programs/compute/records.wf	139	then-exit guard	second_count == 0_u64	none	INV-1:UndischargedLocalInvariant
whitefoot@9c4579fba	tests/programs/compute/stencil.wf	100	then-exit guard	count == 25_u64	none	INV-1:UndischargedLocalInvariant
whitefoot@9c4579fba	tests/programs/compute/stencil.wf	104	then-exit guard	first == 4607182418800034944_u64	none	INV-1:UndischargedLocalInvariant
whitefoot@9c4579fba	tests/programs/compute/stencil.wf	108	then-exit guard	center == 4607182418800067328_u64	none	INV-1:UndischargedLocalInvariant
whitefoot@9c4579fba	tests/programs/compute/stencil.wf	112	then-exit guard	edge == 4607182418800043136_u64	none	INV-1:UndischargedLocalInvariant
whitefoot@9c4579fba	tests/programs/compute/stencil.wf	116	then-exit guard	boundary == 4607182418800017664_u64	none	INV-1:UndischargedLocalInvariant
whitefoot@9c4579fba	tests/programs/containers/dense.wf	162	then-exit guard	scalar16 == 4763845653406266228_u64	none	INV-1:UndischargedLocalInvariant
whitefoot@9c4579fba	tests/programs/containers/dense.wf	166	then-exit guard	scalar256 == 11283685405996036416_u64	none	INV-1:UndischargedLocalInvariant
whitefoot@9c4579fba	tests/programs/containers/dense.wf	170	then-exit guard	wide16 == 1947278976193780304_u64	none	INV-1:UndischargedLocalInvariant
whitefoot@9c4579fba	tests/programs/containers/deque-program.wf	119	then-exit guard	seven == 7_u64	none	INV-1:UndischargedLocalInvariant
whitefoot@9c4579fba	tests/programs/containers/deque-program.wf	122	then-exit guard	eight == 8_u64	none	INV-1:UndischargedLocalInvariant
whitefoot@9c4579fba	tests/programs/containers/deque-program.wf	130	then-exit guard	first_after_append == 1_u64	none	INV-1:UndischargedLocalInvariant
whitefoot@9c4579fba	tests/programs/containers/deque-program.wf	139	then-exit guard	first == 1_u64	none	INV-1:UndischargedLocalInvariant
whitefoot@9c4579fba	tests/programs/containers/deque-program.wf	142	then-exit guard	second == 2_u64	none	INV-1:UndischargedLocalInvariant
whitefoot@9c4579fba	tests/programs/containers/deque-program.wf	158	then-exit guard	last == 6_u64	none	INV-1:UndischargedLocalInvariant
whitefoot@9c4579fba	tests/programs/containers/deque-program.wf	161	then-exit guard	next_last == 5_u64	none	INV-1:UndischargedLocalInvariant
whitefoot@9c4579fba	tests/programs/containers/deque-program.wf	164	then-exit guard	final_last == 4_u64	none	INV-1:UndischargedLocalInvariant
whitefoot@9c4579fba	tests/programs/containers/deque-program.wf	205	then-exit guard	nine == 9_u64	none	INV-1:UndischargedLocalInvariant
whitefoot@9c4579fba	tests/programs/containers/deque-program.wf	208	then-exit guard	ten == 10_u64	none	INV-1:UndischargedLocalInvariant
whitefoot@9c4579fba	tests/programs/containers/deque-program.wf	313	then-exit guard	scalar == 0_u64	none	INV-1:UndischargedLocalInvariant
whitefoot@9c4579fba	tests/programs/containers/deque-program.wf	317	then-exit guard	owned == 0_u64	none	INV-1:UndischargedLocalInvariant
whitefoot@9c4579fba	tests/programs/containers/deque-program.wf	321	then-exit guard	tickets == 0_u64	none	INV-1:UndischargedLocalInvariant
whitefoot@9c4579fba	tests/programs/containers/deque-program.wf	325	then-exit guard	zero_size == 0_u64	none	INV-1:UndischargedLocalInvariant
whitefoot@9c4579fba	tests/programs/containers/grow-vector-program.wf	99	then-exit guard	values.storage.inner.cap == reserved	none	INV-1:UndischargedLocalInvariant
whitefoot@9c4579fba	tests/programs/containers/grow-vector-program.wf	105	then-exit guard	first == 1_u64	none	INV-1:UndischargedLocalInvariant
whitefoot@9c4579fba	tests/programs/containers/grow-vector-program.wf	108	then-exit guard	last == 2_u64	none	INV-1:UndischargedLocalInvariant
whitefoot@9c4579fba	tests/programs/containers/grow-vector-program.wf	148	then-exit guard	values.storage.inner.cap == reserved	none	INV-1:UndischargedLocalInvariant
whitefoot@9c4579fba	tests/programs/containers/grow-vector-program.wf	207	else-exit guard	zero_length == 0_u64	none	INV-1:UndischargedLocalInvariant
whitefoot@9c4579fba	tests/programs/containers/grow-vector-program.wf	211	else-exit guard	zero_capacity == 0_u64	none	INV-1:UndischargedLocalInvariant
whitefoot@9c4579fba	tests/programs/containers/grow-vector-program.wf	217	else-exit guard	values_start == 0_u64	none	INV-1:UndischargedLocalInvariant
whitefoot@9c4579fba	tests/programs/containers/grow-vector-program.wf	224	else-exit guard	before_insert == 2_u64	v0.78	
whitefoot@9c4579fba	tests/programs/containers/grow-vector-program.wf	230	else-exit guard	held == 3_u64	v0.78	
whitefoot@9c4579fba	tests/programs/containers/grow-vector-program.wf	237	else-exit guard	first_value == 11_u64	none	INV-1:UndischargedLocalInvariant
whitefoot@9c4579fba	tests/programs/containers/grow-vector-program.wf	241	else-exit guard	middle_value == 22_u64	none	INV-1:UndischargedLocalInvariant
whitefoot@9c4579fba	tests/programs/containers/grow-vector-program.wf	245	else-exit guard	last_value == 33_u64	none	INV-1:UndischargedLocalInvariant
whitefoot@9c4579fba	tests/programs/containers/grow-vector-program.wf	250	else-exit guard	removed == 22_u64	none	INV-1:UndischargedLocalInvariant
whitefoot@9c4579fba	tests/programs/containers/grow-vector-program.wf	264	else-exit guard	empty == 0_u64	v0.78	
whitefoot@9c4579fba	tests/programs/containers/grow-vector-program.wf	270	else-exit guard	owners_start == 0_u64	none	INV-1:UndischargedLocalInvariant
whitefoot@9c4579fba	tests/programs/containers/grow-vector-program.wf	281	else-exit guard	before_owned_insert == 2_u64	v0.78	
whitefoot@9c4579fba	tests/programs/containers/grow-vector-program.wf	289	else-exit guard	owned_length == 3_u64	v0.78	
whitefoot@9c4579fba	tests/programs/containers/grow-vector-program.wf	295	else-exit guard	taken_id == 202_u64	none	INV-1:UndischargedLocalInvariant
whitefoot@9c4579fba	tests/programs/containers/grow-vector-program.wf	302	else-exit guard	first_id == 101_u64	none	INV-1:UndischargedLocalInvariant
whitefoot@9c4579fba	tests/programs/containers/grow-vector-program.wf	307	else-exit guard	last_id == 303_u64	none	INV-1:UndischargedLocalInvariant
whitefoot@9c4579fba	tests/programs/containers/grow-vector-program.wf	335	then-exit guard	scalar_code == 0_u64	none	INV-1:UndischargedLocalInvariant
whitefoot@9c4579fba	tests/programs/containers/grow-vector-program.wf	339	then-exit guard	linear_code == 0_u64	none	INV-1:UndischargedLocalInvariant
whitefoot@9c4579fba	tests/programs/containers/hash-map-program.wf	527	skip guard	serial >= 1_u64	none	INV-1:UndischargedLocalInvariant
whitefoot@9c4579fba	tests/programs/containers/hash-map-program.wf	528	skip guard	serial <= 4_u64	none	INV-1:UndischargedLocalInvariant
whitefoot@9c4579fba	tests/programs/containers/hash-map-program.wf	532	skip guard	serial >= 11_u64	none	INV-1:UndischargedLocalInvariant
whitefoot@9c4579fba	tests/programs/containers/hash-map-program.wf	533	skip guard	serial <= 14_u64	none	INV-1:UndischargedLocalInvariant
whitefoot@9c4579fba	tests/programs/containers/hash-map-program.wf	537	skip guard	serial == 21_u64	none	INV-1:UndischargedLocalInvariant
whitefoot@9c4579fba	tests/programs/containers/hash-map-program.wf	540	skip guard	serial == 22_u64	none	INV-1:UndischargedLocalInvariant
whitefoot@9c4579fba	tests/programs/containers/hash-map-program.wf	884	then-exit guard	scalar_failures == 0_u64	none	INV-1:UndischargedLocalInvariant
whitefoot@9c4579fba	tests/programs/containers/hash-map-program.wf	887	then-exit guard	wrapping_failures == 0_u64	none	INV-1:UndischargedLocalInvariant
whitefoot@9c4579fba	tests/programs/containers/hash-map-program.wf	890	then-exit guard	cycle_failures == 0_u64	none	INV-1:UndischargedLocalInvariant
whitefoot@9c4579fba	tests/programs/containers/hash-map-program.wf	893	then-exit guard	edit_failures == 0_u64	none	INV-1:UndischargedLocalInvariant
whitefoot@9c4579fba	tests/programs/containers/hash-map-program.wf	896	then-exit guard	owned_failures == 0_u64	none	INV-1:UndischargedLocalInvariant
whitefoot@9c4579fba	tests/programs/containers/hash-map-program.wf	899	then-exit guard	unit_failures == 0_u64	none	INV-1:UndischargedLocalInvariant
whitefoot@9c4579fba	tests/programs/containers/hashmap.wf	104	skip guard	first_tombstone == 8_u64	none	INV-1:UndischargedLocalInvariant
whitefoot@9c4579fba	tests/programs/containers/hashmap.wf	121	then-exit guard	first_tombstone >= 8_u64	none	INV-1:UndischargedLocalInvariant
whitefoot@9c4579fba	tests/programs/containers/indexed-membership-program.wf	730	skip guard	at == 0_u64	none	INV-1:UndischargedLocalInvariant
whitefoot@9c4579fba	tests/programs/containers/indexed-membership-program.wf	984	skip guard	index == 6_u64	none	INV-1:UndischargedLocalInvariant
whitefoot@9c4579fba	tests/programs/containers/indexed-membership-program.wf	989	skip guard	storage.inner.len < storage.inner.cap	none	INV-1:UndischargedLocalInvariant
whitefoot@9c4579fba	tests/programs/containers/indexed-membership-program.wf	1022	skip guard	length > 0_u64	none	TYPE-6:DeclarationCollision
whitefoot@9c4579fba	tests/programs/containers/indexed-membership-program.wf	1143	then-exit guard	drop_weak == 0_u64	none	INV-1:UndischargedLocalInvariant
whitefoot@9c4579fba	tests/programs/containers/indexed-membership-program.wf	1147	then-exit guard	drop_retained == 0_u64	none	INV-1:UndischargedLocalInvariant
whitefoot@9c4579fba	tests/programs/containers/indexed-membership-program.wf	1151	then-exit guard	wide_weak == 0_u64	none	INV-1:UndischargedLocalInvariant
whitefoot@9c4579fba	tests/programs/containers/indexed-membership-program.wf	1155	then-exit guard	wide_retained == 0_u64	none	INV-1:UndischargedLocalInvariant
whitefoot@9c4579fba	tests/programs/containers/indexed-membership-program.wf	1159	then-exit guard	capacity == 0_u64	none	INV-1:UndischargedLocalInvariant
whitefoot@9c4579fba	tests/programs/containers/indexed-membership-program.wf	1163	then-exit guard	positions == 0_u64	none	INV-1:UndischargedLocalInvariant
whitefoot@9c4579fba	tests/programs/containers/indexed-membership-program.wf	1167	then-exit guard	edited == 0_u64	none	INV-1:UndischargedLocalInvariant
whitefoot@9c4579fba	tests/programs/containers/large_result.wf	40	else-exit guard	byte == 9_u8	none	INV-1:UndischargedLocalInvariant
whitefoot@9c4579fba	tests/programs/containers/ordered-map-program.wf	84	skip guard	index < count	none	INV-1:UndischargedLocalInvariant
whitefoot@9c4579fba	tests/programs/containers/ordered-map-program.wf	90	skip guard	position == count	none	INV-1:UndischargedLocalInvariant
whitefoot@9c4579fba	tests/programs/containers/ordered-map-program.wf	99	skip guard	index > position	none	INV-1:UndischargedLocalInvariant
whitefoot@9c4579fba	tests/programs/containers/ordered-map-program.wf	119	skip guard	position < count	none	INV-1:UndischargedLocalInvariant
whitefoot@9c4579fba	tests/programs/containers/ordered-map-program.wf	123	skip guard	index >= position	none	INV-1:UndischargedLocalInvariant
whitefoot@9c4579fba	tests/programs/containers/ordered-map-program.wf	125	skip guard	next < count	none	INV-1:UndischargedLocalInvariant
whitefoot@9c4579fba	tests/programs/containers/ordered-map-program.wf	152	skip guard	lower < upper	none	INV-1:UndischargedLocalInvariant
whitefoot@9c4579fba	tests/programs/containers/ordered-map-program.wf	826	skip guard	serial < 39_u64	none	INV-1:UndischargedLocalInvariant
whitefoot@9c4579fba	tests/programs/containers/ordered-map-program.wf	901	skip guard	serial == 0_u64	none	INV-1:UndischargedLocalInvariant
whitefoot@9c4579fba	tests/programs/containers/ordered-map-program.wf	904	skip guard	serial == 1_u64	none	INV-1:UndischargedLocalInvariant
whitefoot@9c4579fba	tests/programs/containers/ordered-map-program.wf	907	skip guard	serial == 14_u64	none	INV-1:UndischargedLocalInvariant
whitefoot@9c4579fba	tests/programs/containers/ordered-map-program.wf	910	skip guard	serial == 15_u64	none	INV-1:UndischargedLocalInvariant
whitefoot@9c4579fba	tests/programs/containers/ordered-map-program.wf	920	skip guard	serial < 36_u64	none	INV-1:UndischargedLocalInvariant
whitefoot@9c4579fba	tests/programs/containers/ordered-map-program.wf	934	then-exit guard	scalar_failures == 0_u64	none	INV-1:UndischargedLocalInvariant
whitefoot@9c4579fba	tests/programs/containers/ordered-map-program.wf	937	then-exit guard	owned_failures == 0_u64	none	INV-1:UndischargedLocalInvariant
whitefoot@9c4579fba	tests/programs/containers/ordered-map-program.wf	940	then-exit guard	available_failures == 0_u64	none	INV-1:UndischargedLocalInvariant
whitefoot@9c4579fba	tests/programs/containers/ordered.wf	37	then-exit guard	candidate >= first	none	INV-1:UndischargedLocalInvariant
whitefoot@9c4579fba	tests/programs/containers/ordered.wf	40	then-exit guard	candidate >= second	none	INV-1:UndischargedLocalInvariant
whitefoot@9c4579fba	tests/programs/containers/ordered.wf	43	then-exit guard	candidate >= third	none	INV-1:UndischargedLocalInvariant
whitefoot@9c4579fba	tests/programs/containers/ordered.wf	56	else-exit guard	promoted == 25_u64	none	INV-1:UndischargedLocalInvariant
whitefoot@9c4579fba	tests/programs/containers/ordered.wf	83	else-exit guard	leading_separator == 20_u64	none	INV-1:UndischargedLocalInvariant
whitefoot@9c4579fba	tests/programs/containers/owning-behavior.wf	132	then-exit guard	step < until_end	none	OP-4:UndischargedBoundsObligation
whitefoot@9c4579fba	tests/programs/containers/owning-behavior.wf	179	skip guard	first_deleted == count	none	INV-1:UndischargedLocalInvariant
whitefoot@9c4579fba	tests/programs/containers/owning-behavior.wf	185	skip guard	first_deleted < count	none	INV-1:UndischargedLocalInvariant
whitefoot@9c4579fba	tests/programs/containers/owning-behavior.wf	196	then-exit guard	first_deleted >= count	none	INV-1:UndischargedLocalInvariant
whitefoot@9c4579fba	tests/programs/containers/owning-behavior.wf	305	skip guard	phase < 2_u8	none	INV-1:UndischargedLocalInvariant
whitefoot@9c4579fba	tests/programs/containers/owning-behavior.wf	314	then-exit guard	source_cursor < count	none	INV-1:UndischargedLocalInvariant
whitefoot@9c4579fba	tests/programs/containers/owning-behavior.wf	330	then-exit guard	probe_cursor < count	none	INV-1:UndischargedLocalInvariant
whitefoot@9c4579fba	tests/programs/containers/owning-behavior.wf	350	skip guard	phase == 0_u8	none	INV-1:UndischargedLocalInvariant
whitefoot@9c4579fba	tests/programs/containers/owning-behavior.wf	352	skip guard	source_cursor == source_count	none	INV-1:UndischargedLocalInvariant
whitefoot@9c4579fba	tests/programs/containers/owning-behavior.wf	547	then-exit guard	kind == 1_u64	none	INV-1:UndischargedLocalInvariant
whitefoot@9c4579fba	tests/programs/containers/owning-behavior.wf	553	then-exit guard	kind == 2_u64	none	INV-1:UndischargedLocalInvariant
whitefoot@9c4579fba	tests/programs/containers/owning-behavior.wf	562	then-exit guard	kind == 3_u64	none	INV-1:UndischargedLocalInvariant
whitefoot@9c4579fba	tests/programs/containers/owning-behavior.wf	582	skip guard	control <= 127_u8	none	INV-1:UndischargedLocalInvariant
whitefoot@9c4579fba	tests/programs/containers/owning-behavior.wf	617	then-exit guard	control > 127_u8	none	INV-1:UndischargedLocalInvariant
whitefoot@9c4579fba	tests/programs/containers/owning-behavior.wf	627	then-exit guard	examined == work	none	INV-1:UndischargedLocalInvariant
whitefoot@9c4579fba	tests/programs/containers/owning-behavior.wf	635	then-exit guard	present == expected	none	INV-1:UndischargedLocalInvariant
whitefoot@9c4579fba	tests/programs/containers/owning-behavior.wf	647	skip guard	scenario == 0_u64	none	INV-1:UndischargedLocalInvariant
whitefoot@9c4579fba	tests/programs/containers/owning-behavior.wf	650	skip guard	scenario >= 3_u64	none	INV-1:UndischargedLocalInvariant
whitefoot@9c4579fba	tests/programs/containers/owning-behavior.wf	660	skip guard	scenario == 0_u64	none	INV-1:UndischargedLocalInvariant
whitefoot@9c4579fba	tests/programs/containers/owning-behavior.wf	661	skip guard	ordinal == 2_u64	none	INV-1:UndischargedLocalInvariant
whitefoot@9c4579fba	tests/programs/containers/owning-behavior.wf	666	skip guard	ordinal == 3_u64	none	INV-1:UndischargedLocalInvariant
whitefoot@9c4579fba	tests/programs/containers/owning-behavior.wf	685	then-exit guard	checked_lookup == 0_u8	none	INV-1:UndischargedLocalInvariant
whitefoot@9c4579fba	tests/programs/containers/owning-behavior.wf	689	skip guard	ordinal == 4_u64	none	INV-1:UndischargedLocalInvariant
whitefoot@9c4579fba	tests/programs/containers/owning-behavior.wf	697	then-exit guard	checked_put == 0_u8	none	INV-1:UndischargedLocalInvariant
whitefoot@9c4579fba	tests/programs/containers/owning-behavior.wf	705	then-exit guard	checked_full == 0_u8	none	INV-1:UndischargedLocalInvariant
whitefoot@9c4579fba	tests/programs/containers/owning-behavior.wf	711	skip guard	scenario == 0_u64	none	INV-1:UndischargedLocalInvariant
whitefoot@9c4579fba	tests/programs/containers/owning-behavior.wf	714	skip guard	scenario == 3_u64	none	INV-1:UndischargedLocalInvariant
whitefoot@9c4579fba	tests/programs/containers/owning-behavior.wf	720	skip guard	scenario == 3_u64	none	INV-1:UndischargedLocalInvariant
whitefoot@9c4579fba	tests/programs/containers/owning-behavior.wf	724	then-exit guard	checked_target == 0_u8	none	INV-1:UndischargedLocalInvariant
whitefoot@9c4579fba	tests/programs/containers/owning-behavior.wf	733	then-exit guard	unchanged == after_idle	none	INV-1:UndischargedLocalInvariant
whitefoot@9c4579fba	tests/programs/containers/owning-behavior.wf	736	then-exit guard	idle_work == 0_u64	none	INV-1:UndischargedLocalInvariant
whitefoot@9c4579fba	tests/programs/containers/owning-behavior.wf	739	then-exit guard	idle_moved == 0_u64	none	INV-1:UndischargedLocalInvariant
whitefoot@9c4579fba	tests/programs/containers/owning-behavior.wf	745	then-exit guard	work == 1_u64	none	INV-1:UndischargedLocalInvariant
whitefoot@9c4579fba	tests/programs/containers/owning-behavior.wf	753	then-exit guard	work <= budget	none	INV-1:UndischargedLocalInvariant
whitefoot@9c4579fba	tests/programs/containers/owning-behavior.wf	756	skip guard	scenario == 3_u64	none	INV-1:UndischargedLocalInvariant
whitefoot@9c4579fba	tests/programs/containers/owning-behavior.wf	760	then-exit guard	unchanged == after_retry	none	INV-1:UndischargedLocalInvariant
whitefoot@9c4579fba	tests/programs/containers/owning-behavior.wf	763	then-exit guard	retry_work == 0_u64	none	INV-1:UndischargedLocalInvariant
whitefoot@9c4579fba	tests/programs/containers/owning-behavior.wf	766	then-exit guard	retry_moved == 0_u64	none	INV-1:UndischargedLocalInvariant
whitefoot@9c4579fba	tests/programs/containers/owning-behavior.wf	833	then-exit guard	id == 81_u64	none	INV-1:UndischargedLocalInvariant
whitefoot@9c4579fba	tests/programs/containers/owning-behavior.wf	858	then-exit guard	id == 81_u64	none	INV-1:UndischargedLocalInvariant
whitefoot@9c4579fba	tests/programs/containers/owning-behavior.wf	899	then-exit guard	examined == 2_u64	none	INV-1:UndischargedLocalInvariant
whitefoot@9c4579fba	tests/programs/containers/owning-behavior.wf	920	then-exit guard	code == 0_u8	none	INV-1:UndischargedLocalInvariant
whitefoot@9c4579fba	tests/programs/containers/owning-behavior.wf	925	then-exit guard	observed > 70_u64	none	INV-1:UndischargedLocalInvariant
whitefoot@9c4579fba	tests/programs/containers/owning-growth.wf	111	then-exit guard	step < until_end	none	INV-1:UndischargedLocalInvariant
whitefoot@9c4579fba	tests/programs/containers/owning-growth.wf	184	skip guard	first_deleted == count	none	INV-1:UndischargedLocalInvariant
whitefoot@9c4579fba	tests/programs/containers/owning-growth.wf	190	skip guard	first_deleted < count	none	INV-1:UndischargedLocalInvariant
whitefoot@9c4579fba	tests/programs/containers/owning-growth.wf	212	skip guard	first_deleted < count	none	FN-1:UnreachableStatement
whitefoot@9c4579fba	tests/programs/containers/owning-growth.wf	268	skip guard	control == tag	none	INV-1:UndischargedLocalInvariant
whitefoot@9c4579fba	tests/programs/containers/owning-growth.wf	289	skip guard	control == tag	none	INV-1:UndischargedLocalInvariant
whitefoot@9c4579fba	tests/programs/containers/owning-growth.wf	290	skip guard	present_key == key	none	INV-1:UndischargedLocalInvariant
whitefoot@9c4579fba	tests/programs/containers/owning-growth.wf	327	then-exit guard	kind == 1_u64	none	INV-1:UndischargedLocalInvariant
whitefoot@9c4579fba	tests/programs/containers/owning-growth.wf	333	then-exit guard	kind == 2_u64	none	INV-1:UndischargedLocalInvariant
whitefoot@9c4579fba	tests/programs/containers/owning-growth.wf	342	then-exit guard	kind == 3_u64	none	INV-1:UndischargedLocalInvariant
whitefoot@9c4579fba	tests/programs/containers/owning-growth.wf	362	skip guard	control <= 127_u8	none	INV-1:UndischargedLocalInvariant
whitefoot@9c4579fba	tests/programs/containers/owning-growth.wf	384	skip guard	phase < 2_u8	none	INV-1:UndischargedLocalInvariant
whitefoot@9c4579fba	tests/programs/containers/owning-growth.wf	393	then-exit guard	source_cursor < count	none	INV-1:UndischargedLocalInvariant
whitefoot@9c4579fba	tests/programs/containers/owning-growth.wf	409	then-exit guard	probe_cursor < count	none	INV-1:UndischargedLocalInvariant
whitefoot@9c4579fba	tests/programs/containers/owning-growth.wf	429	skip guard	phase == 0_u8	none	INV-1:UndischargedLocalInvariant
whitefoot@9c4579fba	tests/programs/containers/owning-growth.wf	431	skip guard	source_cursor == source_count	none	INV-1:UndischargedLocalInvariant
whitefoot@9c4579fba	tests/programs/containers/owning-growth.wf	487	then-exit guard	control > 127_u8	none	INV-1:UndischargedLocalInvariant
whitefoot@9c4579fba	tests/programs/containers/owning-growth.wf	497	then-exit guard	examined == work	none	INV-1:UndischargedLocalInvariant
whitefoot@9c4579fba	tests/programs/containers/owning-growth.wf	505	then-exit guard	present == expected	none	INV-1:UndischargedLocalInvariant
whitefoot@9c4579fba	tests/programs/containers/owning-growth.wf	517	skip guard	scenario == 0_u64	none	INV-1:UndischargedLocalInvariant
whitefoot@9c4579fba	tests/programs/containers/owning-growth.wf	520	skip guard	scenario >= 3_u64	none	INV-1:UndischargedLocalInvariant
whitefoot@9c4579fba	tests/programs/containers/owning-growth.wf	530	skip guard	scenario == 0_u64	none	INV-1:UndischargedLocalInvariant
whitefoot@9c4579fba	tests/programs/containers/owning-growth.wf	531	skip guard	ordinal == 2_u64	none	INV-1:UndischargedLocalInvariant
whitefoot@9c4579fba	tests/programs/containers/owning-growth.wf	536	skip guard	ordinal == 3_u64	none	INV-1:UndischargedLocalInvariant
whitefoot@9c4579fba	tests/programs/containers/owning-growth.wf	555	then-exit guard	checked_lookup == 0_u8	none	INV-1:UndischargedLocalInvariant
whitefoot@9c4579fba	tests/programs/containers/owning-growth.wf	559	skip guard	ordinal == 4_u64	none	INV-1:UndischargedLocalInvariant
whitefoot@9c4579fba	tests/programs/containers/owning-growth.wf	567	then-exit guard	checked_put == 0_u8	none	INV-1:UndischargedLocalInvariant
whitefoot@9c4579fba	tests/programs/containers/owning-growth.wf	575	then-exit guard	checked_full == 0_u8	none	INV-1:UndischargedLocalInvariant
whitefoot@9c4579fba	tests/programs/containers/owning-growth.wf	581	skip guard	scenario == 0_u64	none	INV-1:UndischargedLocalInvariant
whitefoot@9c4579fba	tests/programs/containers/owning-growth.wf	584	skip guard	scenario == 3_u64	none	INV-1:UndischargedLocalInvariant
whitefoot@9c4579fba	tests/programs/containers/owning-growth.wf	590	skip guard	scenario == 3_u64	none	INV-1:UndischargedLocalInvariant
whitefoot@9c4579fba	tests/programs/containers/owning-growth.wf	594	then-exit guard	checked_target == 0_u8	none	INV-1:UndischargedLocalInvariant
whitefoot@9c4579fba	tests/programs/containers/owning-growth.wf	603	then-exit guard	unchanged == after_idle	none	INV-1:UndischargedLocalInvariant
whitefoot@9c4579fba	tests/programs/containers/owning-growth.wf	606	then-exit guard	idle_work == 0_u64	none	INV-1:UndischargedLocalInvariant
whitefoot@9c4579fba	tests/programs/containers/owning-growth.wf	609	then-exit guard	idle_moved == 0_u64	none	INV-1:UndischargedLocalInvariant
whitefoot@9c4579fba	tests/programs/containers/owning-growth.wf	615	then-exit guard	work == 1_u64	none	INV-1:UndischargedLocalInvariant
whitefoot@9c4579fba	tests/programs/containers/owning-growth.wf	623	then-exit guard	work <= budget	none	INV-1:UndischargedLocalInvariant
whitefoot@9c4579fba	tests/programs/containers/owning-growth.wf	626	skip guard	scenario == 3_u64	none	INV-1:UndischargedLocalInvariant
whitefoot@9c4579fba	tests/programs/containers/owning-growth.wf	630	then-exit guard	unchanged == after_retry	none	INV-1:UndischargedLocalInvariant
whitefoot@9c4579fba	tests/programs/containers/owning-growth.wf	633	then-exit guard	retry_work == 0_u64	none	INV-1:UndischargedLocalInvariant
whitefoot@9c4579fba	tests/programs/containers/owning-growth.wf	636	then-exit guard	retry_moved == 0_u64	none	INV-1:UndischargedLocalInvariant
whitefoot@9c4579fba	tests/programs/containers/owning-growth.wf	651	then-exit guard	observed > 70_u64	none	INV-1:UndischargedLocalInvariant
whitefoot@9c4579fba	tests/programs/containers/owning-map.wf	111	skip guard	first_deleted == 8_u64	none	INV-1:UndischargedLocalInvariant
whitefoot@9c4579fba	tests/programs/containers/owning-map.wf	117	skip guard	first_deleted < 8_u64	none	INV-1:UndischargedLocalInvariant
whitefoot@9c4579fba	tests/programs/containers/owning-map.wf	138	skip guard	first_deleted < 8_u64	none	FN-1:UnreachableStatement
whitefoot@9c4579fba	tests/programs/containers/owning-map.wf	220	then-exit guard	kind == 1_u64	none	INV-1:UndischargedLocalInvariant
whitefoot@9c4579fba	tests/programs/containers/owning-map.wf	226	then-exit guard	kind == 2_u64	none	INV-1:UndischargedLocalInvariant
whitefoot@9c4579fba	tests/programs/containers/owning-map.wf	235	then-exit guard	kind == 3_u64	none	INV-1:UndischargedLocalInvariant
whitefoot@9c4579fba	tests/programs/containers/owning-map.wf	278	then-exit guard	observed == expected	none	INV-1:UndischargedLocalInvariant
whitefoot@9c4579fba	tests/programs/containers/owning-map.wf	294	then-exit guard	checked1 == 0_u8	none	INV-1:UndischargedLocalInvariant
whitefoot@9c4579fba	tests/programs/containers/owning-map.wf	300	then-exit guard	checked2 == 0_u8	none	INV-1:UndischargedLocalInvariant
whitefoot@9c4579fba	tests/programs/containers/owning-map.wf	306	then-exit guard	checked3 == 0_u8	none	INV-1:UndischargedLocalInvariant
whitefoot@9c4579fba	tests/programs/containers/owning-map.wf	312	then-exit guard	checked4 == 0_u8	none	INV-1:UndischargedLocalInvariant
whitefoot@9c4579fba	tests/programs/containers/owning-map.wf	318	then-exit guard	checked5 == 0_u8	none	INV-1:UndischargedLocalInvariant
whitefoot@9c4579fba	tests/programs/containers/owning-map.wf	324	then-exit guard	checked_query1 == 0_u8	none	INV-1:UndischargedLocalInvariant
whitefoot@9c4579fba	tests/programs/containers/owning-map.wf	330	then-exit guard	checked_query2 == 0_u8	none	INV-1:UndischargedLocalInvariant
whitefoot@9c4579fba	tests/programs/containers/owning-map.wf	336	then-exit guard	checked_query3 == 0_u8	none	INV-1:UndischargedLocalInvariant
whitefoot@9c4579fba	tests/programs/containers/owning-map.wf	342	then-exit guard	checked6 == 0_u8	none	INV-1:UndischargedLocalInvariant
whitefoot@9c4579fba	tests/programs/containers/owning-map.wf	348	then-exit guard	checked7 == 0_u8	none	INV-1:UndischargedLocalInvariant
whitefoot@9c4579fba	tests/programs/containers/owning-map.wf	354	then-exit guard	checked8 == 0_u8	none	INV-1:UndischargedLocalInvariant
whitefoot@9c4579fba	tests/programs/containers/owning-map.wf	360	then-exit guard	checked9 == 0_u8	none	INV-1:UndischargedLocalInvariant
whitefoot@9c4579fba	tests/programs/containers/owning-map.wf	366	then-exit guard	checked10 == 0_u8	none	INV-1:UndischargedLocalInvariant
whitefoot@9c4579fba	tests/programs/containers/owning-map.wf	372	then-exit guard	checked11 == 0_u8	none	INV-1:UndischargedLocalInvariant
whitefoot@9c4579fba	tests/programs/containers/owning-map.wf	378	then-exit guard	checked12 == 0_u8	none	INV-1:UndischargedLocalInvariant
whitefoot@9c4579fba	tests/programs/containers/owning-map.wf	384	then-exit guard	checked13 == 0_u8	none	INV-1:UndischargedLocalInvariant
whitefoot@9c4579fba	tests/programs/containers/owning-map.wf	390	then-exit guard	checked14 == 0_u8	none	INV-1:UndischargedLocalInvariant
whitefoot@9c4579fba	tests/programs/containers/owning-map.wf	396	then-exit guard	checked_query4 == 0_u8	none	INV-1:UndischargedLocalInvariant
whitefoot@9c4579fba	tests/programs/containers/owning-map.wf	402	then-exit guard	checked_query5 == 0_u8	none	INV-1:UndischargedLocalInvariant
whitefoot@9c4579fba	tests/programs/containers/owning-map.wf	408	then-exit guard	checked_query6 == 0_u8	none	INV-1:UndischargedLocalInvariant
whitefoot@9c4579fba	tests/programs/containers/owning-map.wf	414	then-exit guard	checked_query7 == 0_u8	none	INV-1:UndischargedLocalInvariant
whitefoot@9c4579fba	tests/programs/containers/owning-map.wf	420	then-exit guard	checked_query8 == 0_u8	none	INV-1:UndischargedLocalInvariant
whitefoot@9c4579fba	tests/programs/containers/owning-map.wf	426	then-exit guard	checked_query9 == 0_u8	none	INV-1:UndischargedLocalInvariant
whitefoot@9c4579fba	tests/programs/containers/owning-map.wf	432	then-exit guard	checked_query10 == 0_u8	none	INV-1:UndischargedLocalInvariant
whitefoot@9c4579fba	tests/programs/containers/owning-map.wf	438	then-exit guard	checked_query11 == 0_u8	none	INV-1:UndischargedLocalInvariant
whitefoot@9c4579fba	tests/programs/containers/owning-map.wf	444	then-exit guard	checked_query12 == 0_u8	none	INV-1:UndischargedLocalInvariant
whitefoot@9c4579fba	tests/programs/containers/owning-map.wf	450	then-exit guard	checked15 == 0_u8	none	INV-1:UndischargedLocalInvariant
whitefoot@9c4579fba	tests/programs/containers/owning-map.wf	466	then-exit guard	checked17 == 0_u8	none	INV-1:UndischargedLocalInvariant
whitefoot@9c4579fba	tests/programs/containers/owning-map.wf	471	then-exit guard	checked_query13 == 0_u8	none	INV-1:UndischargedLocalInvariant
whitefoot@9c4579fba	tests/programs/containers/owning-map.wf	476	then-exit guard	checked_query14 == 0_u8	none	INV-1:UndischargedLocalInvariant
whitefoot@9c4579fba	tests/programs/containers/owning-map.wf	487	then-exit guard	code == 0_u8	none	INV-1:UndischargedLocalInvariant
whitefoot@9c4579fba	tests/programs/containers/packed-page.wf	22	then-exit guard	used <= 32_u64	none	INV-1:UndischargedLocalInvariant
whitefoot@9c4579fba	tests/programs/containers/packed-page.wf	32	then-exit guard	at < used	none	INV-1:UndischargedLocalInvariant
whitefoot@9c4579fba	tests/programs/containers/packed-page.wf	39	then-exit guard	width <= remaining	none	INV-1:UndischargedLocalInvariant
whitefoot@9c4579fba	tests/programs/containers/packed-page.wf	66	then-exit guard	used <= 32_u64	none	INV-1:UndischargedLocalInvariant
whitefoot@9c4579fba	tests/programs/containers/packed-page.wf	72	then-exit guard	width <= after_header	none	INV-1:UndischargedLocalInvariant
whitefoot@9c4579fba	tests/programs/containers/packed-page.wf	89	then-exit guard	used <= 32_u64	none	INV-1:UndischargedLocalInvariant
whitefoot@9c4579fba	tests/programs/containers/packed-page.wf	94	then-exit guard	width <= available	none	INV-1:UndischargedLocalInvariant
whitefoot@9c4579fba	tests/programs/containers/packed-page.wf	99	then-exit guard	record_width <= spare	none	INV-1:UndischargedLocalInvariant
whitefoot@9c4579fba	tests/programs/containers/packed-page.wf	166	then-exit guard	remaining == 6_u64	none	INV-1:UndischargedLocalInvariant
whitefoot@9c4579fba	tests/programs/containers/packed-page.wf	189	then-exit guard	same_length == remaining	none	INV-1:UndischargedLocalInvariant
whitefoot@9c4579fba	tests/programs/containers/packed-page.wf	211	then-exit guard	second_used == 7_u64	none	INV-1:UndischargedLocalInvariant
whitefoot@9c4579fba	tests/programs/containers/packed-page.wf	223	then-exit guard	full_used == 31_u64	none	INV-1:UndischargedLocalInvariant
whitefoot@9c4579fba	tests/programs/containers/packed-page.wf	233	then-exit guard	invalid_used == 7_u64	none	INV-1:UndischargedLocalInvariant
whitefoot@9c4579fba	tests/programs/containers/packed-page.wf	240	then-exit guard	zero == 0_u64	none	INV-1:UndischargedLocalInvariant
whitefoot@9c4579fba	tests/programs/containers/priority-queue-program.wf	129	skip guard	index < 8_u64	none	INV-1:UndischargedLocalInvariant
whitefoot@9c4579fba	tests/programs/containers/priority-queue-program.wf	132	skip guard	index < 4_u64	none	INV-1:UndischargedLocalInvariant
whitefoot@9c4579fba	tests/programs/containers/priority-queue-program.wf	135	skip guard	index < 2_u64	none	INV-1:UndischargedLocalInvariant
whitefoot@9c4579fba	tests/programs/containers/priority-queue-program.wf	138	skip guard	index == 0_u64	none	INV-1:UndischargedLocalInvariant
whitefoot@9c4579fba	tests/programs/containers/priority-queue-program.wf	438	skip guard	left_id < right_id	none	INV-1:UndischargedLocalInvariant
whitefoot@9c4579fba	tests/programs/containers/priority-queue-program.wf	441	skip guard	left_id > right_id	none	INV-1:UndischargedLocalInvariant
whitefoot@9c4579fba	tests/programs/containers/priority-queue-program.wf	446	then-exit guard	order >= 0_i32	none	INV-1:UndischargedLocalInvariant
whitefoot@9c4579fba	tests/programs/containers/priority-queue-program.wf	449	then-exit guard	order <= 0_i32	none	INV-1:UndischargedLocalInvariant
whitefoot@9c4579fba	tests/programs/containers/priority-queue-program.wf	530	skip guard	full > 0_u64	none	INV-1:UndischargedLocalInvariant
whitefoot@9c4579fba	tests/programs/containers/priority-queue-program.wf	617	skip guard	full > 0_u64	none	INV-1:UndischargedLocalInvariant
whitefoot@9c4579fba	tests/programs/containers/priority-queue-program.wf	795	then-exit guard	scalar == 0_u64	none	INV-1:UndischargedLocalInvariant
whitefoot@9c4579fba	tests/programs/containers/priority-queue-program.wf	799	then-exit guard	heapify == 0_u64	none	INV-1:UndischargedLocalInvariant
whitefoot@9c4579fba	tests/programs/containers/priority-queue-program.wf	803	then-exit guard	singleton == 0_u64	none	INV-1:UndischargedLocalInvariant
whitefoot@9c4579fba	tests/programs/containers/priority-queue-program.wf	807	then-exit guard	owned == 0_u64	none	INV-1:UndischargedLocalInvariant
whitefoot@9c4579fba	tests/programs/containers/priority-queue-program.wf	811	then-exit guard	wide == 0_u64	none	INV-1:UndischargedLocalInvariant
whitefoot@9c4579fba	tests/programs/containers/priority-queue-program.wf	815	then-exit guard	equal == 0_u64	none	INV-1:UndischargedLocalInvariant
whitefoot@9c4579fba	tests/programs/containers/priority-queue-program.wf	819	then-exit guard	greater == 0_u64	none	INV-1:UndischargedLocalInvariant
whitefoot@9c4579fba	tests/programs/containers/priority-queue-program.wf	823	then-exit guard	cyclic == 0_u64	none	INV-1:UndischargedLocalInvariant
whitefoot@9c4579fba	tests/programs/containers/priority-queue-program.wf	827	then-exit guard	zero_size == 0_u64	none	INV-1:UndischargedLocalInvariant
whitefoot@9c4579fba	tests/programs/containers/priority.wf	20	then-exit guard	upper > lower	none	INV-1:UndischargedLocalInvariant
whitefoot@9c4579fba	tests/programs/containers/priority.wf	47	then-exit guard	left < count	none	INV-1:UndischargedLocalInvariant
whitefoot@9c4579fba	tests/programs/containers/priority.wf	52	skip guard	right < count	none	INV-1:UndischargedLocalInvariant
whitefoot@9c4579fba	tests/programs/containers/priority.wf	55	skip guard	right_value < left_value	none	INV-1:UndischargedLocalInvariant
whitefoot@9c4579fba	tests/programs/containers/priority.wf	61	then-exit guard	upper > lower	none	INV-1:UndischargedLocalInvariant
whitefoot@9c4579fba	tests/programs/containers/priority.wf	130	then-exit guard	v0 == 0_u64	none	INV-1:UndischargedLocalInvariant
whitefoot@9c4579fba	tests/programs/containers/priority.wf	133	then-exit guard	v1 == 1_u64	none	INV-1:UndischargedLocalInvariant
whitefoot@9c4579fba	tests/programs/containers/priority.wf	136	then-exit guard	v2 == 2_u64	none	INV-1:UndischargedLocalInvariant
whitefoot@9c4579fba	tests/programs/containers/priority.wf	139	then-exit guard	v3 == 2_u64	none	INV-1:UndischargedLocalInvariant
whitefoot@9c4579fba	tests/programs/containers/priority.wf	142	then-exit guard	v4 == 7_u64	none	INV-1:UndischargedLocalInvariant
whitefoot@9c4579fba	tests/programs/containers/priority.wf	145	then-exit guard	v5 == 8_u64	none	INV-1:UndischargedLocalInvariant
whitefoot@9c4579fba	tests/programs/containers/priority.wf	148	then-exit guard	v6 == 9_u64	none	INV-1:UndischargedLocalInvariant
whitefoot@9c4579fba	tests/programs/containers/priority.wf	153	then-exit guard	value == 5_u64	none	INV-1:UndischargedLocalInvariant
whitefoot@9c4579fba	tests/programs/containers/shared-option-view.wf	44	then-exit guard	found == 37_u64	none	INV-1:UndischargedLocalInvariant
whitefoot@9c4579fba	tests/programs/containers/shared-option-view.wf	48	then-exit guard	absent == 0_u64	none	INV-1:UndischargedLocalInvariant
whitefoot@9c4579fba	tests/programs/containers/slab-membership-program.wf	122	then-exit guard	found == 101_u64	none	INV-1:UndischargedLocalInvariant
whitefoot@9c4579fba	tests/programs/containers/slab-membership-program.wf	127	then-exit guard	outside_value == 0_u64	none	INV-1:UndischargedLocalInvariant
whitefoot@9c4579fba	tests/programs/containers/slab-membership-program.wf	132	then-exit guard	wrong_value == 0_u64	none	INV-1:UndischargedLocalInvariant
whitefoot@9c4579fba	tests/programs/containers/slab-membership-program.wf	147	then-exit guard	expired == 0_u64	none	INV-1:UndischargedLocalInvariant
whitefoot@9c4579fba	tests/programs/containers/slab-membership-program.wf	168	then-exit guard	still_expired == 0_u64	none	INV-1:UndischargedLocalInvariant
whitefoot@9c4579fba	tests/programs/containers/slab-membership-program.wf	172	then-exit guard	replacement_value == 202_u64	none	INV-1:UndischargedLocalInvariant
whitefoot@9c4579fba	tests/programs/containers/slab-membership-program.wf	220	then-exit guard	found == 303_u64	none	INV-1:UndischargedLocalInvariant
whitefoot@9c4579fba	tests/programs/containers/slab-membership-program.wf	251	then-exit guard	expired == 0_u64	none	INV-1:UndischargedLocalInvariant
whitefoot@9c4579fba	tests/programs/containers/slab-membership-program.wf	265	then-exit guard	weak == 0_u64	none	INV-1:UndischargedLocalInvariant
whitefoot@9c4579fba	tests/programs/containers/slab-program.wf	586	then-exit guard	scalar_failures == 0_u64	none	INV-1:UndischargedLocalInvariant
whitefoot@9c4579fba	tests/programs/containers/slab-program.wf	589	then-exit guard	zero_failures == 0_u64	none	INV-1:UndischargedLocalInvariant
whitefoot@9c4579fba	tests/programs/containers/slab-program.wf	592	then-exit guard	box_failures == 0_u64	none	INV-1:UndischargedLocalInvariant
whitefoot@9c4579fba	tests/programs/containers/slab-program.wf	595	then-exit guard	ticket_failures == 0_u64	none	INV-1:UndischargedLocalInvariant
whitefoot@9c4579fba	tests/programs/containers/slab-program.wf	598	then-exit guard	membership_failures == 0_u64	none	INV-1:UndischargedLocalInvariant
whitefoot@9c4579fba	tests/programs/parallel/range_fold.wf	38	then-exit guard	cursor < limit	none	INV-1:UndischargedLocalInvariant
whitefoot@9c4579fba	tests/programs/parallel/range_fold.wf	43	skip guard	cursor < spare	none	INV-1:UndischargedLocalInvariant
whitefoot@9c4579fba	tests/programs/parallel/spine.wf	35	then-exit guard	cursor < 8_u64	none	INV-1:UndischargedLocalInvariant
whitefoot@9c4579fba	tests/programs/parallel/spine.wf	40	skip guard	cursor < spare	none	INV-1:UndischargedLocalInvariant
whitefoot@9c4579fba	tests/programs/parallel/tree.wf	76	then-exit guard	cursor < limit	none	INV-1:UndischargedLocalInvariant
whitefoot@9c4579fba	tests/programs/parallel/tree.wf	81	skip guard	cursor < spare	none	INV-1:UndischargedLocalInvariant
whitefoot@9c4579fba	tests/programs/parallel/window.wf	78	then-exit guard	cursor < limit	none	INV-1:UndischargedLocalInvariant
whitefoot@9c4579fba	tests/programs/parallel/window.wf	83	skip guard	cursor < spare	none	INV-1:UndischargedLocalInvariant
whitefoot@9c4579fba	tests/programs/windows/component_open.wf	130	else-exit guard	native_length_a == 2_u64	none	INV-1:UndischargedLocalInvariant
whitefoot@9c4579fba	tests/programs/windows/component_open.wf	137	else-exit guard	name_end_a == 2_u64	none	INV-1:UndischargedLocalInvariant
whitefoot@9c4579fba	tests/programs/windows/component_open.wf	142	else-exit guard	first_a == 65_u8	none	INV-1:UndischargedLocalInvariant
whitefoot@9c4579fba	tests/programs/windows/component_open.wf	147	else-exit guard	second_a == 66_u8	none	INV-1:UndischargedLocalInvariant
whitefoot@9c4579fba	tests/programs/windows/component_open.wf	152	else-exit guard	after_a == 125_u8	none	INV-1:UndischargedLocalInvariant
whitefoot@9c4579fba	tests/programs/windows/component_open.wf	159	else-exit guard	native_length_b == 2_u64	none	INV-1:UndischargedLocalInvariant
whitefoot@9c4579fba	tests/programs/windows/component_open.wf	166	else-exit guard	name_end_b == 2_u64	none	INV-1:UndischargedLocalInvariant
whitefoot@9c4579fba	tests/programs/windows/component_open.wf	171	else-exit guard	first_b == 66_u8	none	INV-1:UndischargedLocalInvariant
whitefoot@9c4579fba	tests/programs/windows/component_open.wf	176	else-exit guard	second_b == 66_u8	none	INV-1:UndischargedLocalInvariant
whitefoot@9c4579fba	tests/programs/windows/component_open.wf	181	else-exit guard	after_b == 125_u8	none	INV-1:UndischargedLocalInvariant
whitefoot@9c4579fba	tests/programs/windows/component_open.wf	197	else-exit guard	reached_a == 1_u64	none	INV-1:UndischargedLocalInvariant
whitefoot@9c4579fba	tests/programs/windows/component_open.wf	221	else-exit guard	reached_b == 1_u64	none	INV-1:UndischargedLocalInvariant
