workload,configuration,verdict,exit
probe/b1,base,Source:OP-4:UndischargedBoundsObligation,1
probe/b1,off,Source:OP-4:UndischargedBoundsObligation,1
probe/b1,a,Source:OP-4:UndischargedBoundsObligation,1
probe/b1,ap,Source:OP-4:UndischargedBoundsObligation,1
probe/b1,b,Source:OP-4:UndischargedBoundsObligation,1
probe/b1,rows,Source:INV-1:UndischargedLoopInvariant,1
probe/b1,b_rows,Source:INV-1:UndischargedLoopInvariant,1
probe/b3,base,Source:INV-1:UndischargedLoopInvariant,1
probe/b3,off,Source:INV-1:UndischargedLoopInvariant,1
probe/b3,a,Source:INV-1:UndischargedLoopInvariant,1
probe/b3,ap,accepted,0
probe/b3,b,accepted,0
probe/b3,rows,Source:INV-1:UndischargedLoopInvariant,1
probe/b3,b_rows,accepted,0
probe/b4,base,Source:INV-1:UndischargedLoopInvariant,1
probe/b4,off,Source:INV-1:UndischargedLoopInvariant,1
probe/b4,a,Source:INV-1:UndischargedLoopInvariant,1
probe/b4,ap,accepted,0
probe/b4,b,accepted,0
probe/b4,rows,Source:INV-1:UndischargedLoopInvariant,1
probe/b4,b_rows,accepted,0
probe/b5,base,accepted,0
probe/b5,off,accepted,0
probe/b5,a,accepted,0
probe/b5,ap,accepted,0
probe/b5,b,accepted,0
probe/b5,rows,accepted,0
probe/b5,b_rows,accepted,0
probe/b6,base,Source:INV-1:UndischargedLoopInvariant,1
probe/b6,off,Source:INV-1:UndischargedLoopInvariant,1
probe/b6,a,accepted,0
probe/b6,ap,accepted,0
probe/b6,b,accepted,0
probe/b6,rows,Source:INV-1:UndischargedLoopInvariant,1
probe/b6,b_rows,accepted,0
probe/cm1,base,Source:INV-1:UndischargedLoopInvariant,1
probe/cm1,off,Source:INV-1:UndischargedLoopInvariant,1
probe/cm1,a,accepted,0
probe/cm1,ap,accepted,0
probe/cm1,b,accepted,0
probe/cm1,rows,Source:INV-1:UndischargedLoopInvariant,1
probe/cm1,b_rows,accepted,0
probe/cm2,base,accepted,0
probe/cm2,off,accepted,0
probe/cm2,a,accepted,0
probe/cm2,ap,accepted,0
probe/cm2,b,accepted,0
probe/cm2,rows,accepted,0
probe/cm2,b_rows,accepted,0
probe/cm3,base,accepted,0
probe/cm3,off,accepted,0
probe/cm3,a,accepted,0
probe/cm3,ap,accepted,0
probe/cm3,b,accepted,0
probe/cm3,rows,accepted,0
probe/cm3,b_rows,accepted,0
probe/fb1,base,Source:FN-9:UndischargedPostcondition,1
probe/fb1,off,Source:FN-9:UndischargedPostcondition,1
probe/fb1,a,accepted,0
probe/fb1,ap,accepted,0
probe/fb1,b,accepted,0
probe/fb1,rows,Source:FN-9:UndischargedPostcondition,1
probe/fb1,b_rows,accepted,0
probe/m2,base,Source:OP-4:UndischargedBoundsObligation,1
probe/m2,off,Source:OP-4:UndischargedBoundsObligation,1
probe/m2,a,Source:OP-4:UndischargedBoundsObligation,1
probe/m2,ap,Source:OP-4:UndischargedBoundsObligation,1
probe/m2,b,Source:INV-1:UndischargedLoopInvariant,1
probe/m2,rows,Source:INV-1:UndischargedLoopInvariant,1
probe/m2,b_rows,Source:INV-1:UndischargedLoopInvariant,1
probe/m3,base,Source:INV-1:UndischargedLoopInvariant,1
probe/m3,off,Source:INV-1:UndischargedLoopInvariant,1
probe/m3,a,Source:INV-1:UndischargedLoopInvariant,1
probe/m3,ap,accepted,0
probe/m3,b,accepted,0
probe/m3,rows,Source:PRF-1:UndischargedSourceProof,1
probe/m3,b_rows,Source:PRF-1:UndischargedSourceProof,1
probe/m4,base,Source:OP-4:UndischargedBoundsObligation,1
probe/m4,off,Source:OP-4:UndischargedBoundsObligation,1
probe/m4,a,Source:OP-4:UndischargedBoundsObligation,1
probe/m4,ap,Source:OP-4:UndischargedBoundsObligation,1
probe/m4,b,Source:OP-4:UndischargedBoundsObligation,1
probe/m4,rows,accepted,0
probe/m4,b_rows,accepted,0
probe/m5,base,Source:OP-4:UndischargedBoundsObligation,1
probe/m5,off,Source:OP-4:UndischargedBoundsObligation,1
probe/m5,a,Source:OP-4:UndischargedBoundsObligation,1
probe/m5,ap,Source:OP-4:UndischargedBoundsObligation,1
probe/m5,b,Source:OP-4:UndischargedBoundsObligation,1
probe/m5,rows,Source:OP-4:UndischargedBoundsObligation,1
probe/m5,b_rows,Source:OP-4:UndischargedBoundsObligation,1
probe/m6,base,Source:OP-4:UndischargedBoundsObligation,1
probe/m6,off,Source:OP-4:UndischargedBoundsObligation,1
probe/m6,a,Source:OP-4:UndischargedBoundsObligation,1
probe/m6,ap,Source:OP-4:UndischargedBoundsObligation,1
probe/m6,b,Source:OP-4:UndischargedBoundsObligation,1
probe/m6,rows,Source:INV-1:UndischargedLoopInvariant,1
probe/m6,b_rows,Source:INV-1:UndischargedLoopInvariant,1
probe/m7,base,Source:OP-4:UndischargedBoundsObligation,1
probe/m7,off,Source:OP-4:UndischargedBoundsObligation,1
probe/m7,a,Source:OP-4:UndischargedBoundsObligation,1
probe/m7,ap,Source:OP-4:UndischargedBoundsObligation,1
probe/m7,b,Source:OP-4:UndischargedBoundsObligation,1
probe/m7,rows,accepted,0
probe/m7,b_rows,accepted,0
probe/m8,base,Source:INV-1:UndischargedLocalInvariant,1
probe/m8,off,Source:INV-1:UndischargedLocalInvariant,1
probe/m8,a,Source:INV-1:UndischargedLocalInvariant,1
probe/m8,ap,Source:INV-1:UndischargedLocalInvariant,1
probe/m8,b,Source:INV-1:UndischargedLocalInvariant,1
probe/m8,rows,Source:INV-1:UndischargedLoopInvariant,1
probe/m8,b_rows,accepted,0
probe/n1,base,Source:INV-1:UndischargedLoopInvariant,1
probe/n1,off,Source:INV-1:UndischargedLoopInvariant,1
probe/n1,a,Source:INV-1:UndischargedLoopInvariant,1
probe/n1,ap,Source:INV-1:UndischargedLoopInvariant,1
probe/n1,b,Source:INV-1:UndischargedLoopInvariant,1
probe/n1,rows,Source:INV-1:UndischargedLoopInvariant,1
probe/n1,b_rows,Source:INV-1:UndischargedLoopInvariant,1
probe/n2,base,Source:INV-1:UndischargedLocalInvariant,1
probe/n2,off,Source:INV-1:UndischargedLocalInvariant,1
probe/n2,a,Source:INV-1:UndischargedLocalInvariant,1
probe/n2,ap,Source:INV-1:UndischargedLocalInvariant,1
probe/n2,b,Source:INV-1:UndischargedLocalInvariant,1
probe/n2,rows,Source:INV-1:UndischargedLocalInvariant,1
probe/n2,b_rows,Source:INV-1:UndischargedLocalInvariant,1
probe/n3,base,Source:INV-1:UndischargedLoopInvariant,1
probe/n3,off,Source:INV-1:UndischargedLoopInvariant,1
probe/n3,a,Source:INV-1:UndischargedLoopInvariant,1
probe/n3,ap,Source:INV-1:UndischargedLoopInvariant,1
probe/n3,b,Source:INV-1:UndischargedLoopInvariant,1
probe/n3,rows,Source:INV-1:UndischargedLoopInvariant,1
probe/n3,b_rows,Source:INV-1:UndischargedLoopInvariant,1
probe/n4,base,Source:INV-1:UndischargedLoopInvariant,1
probe/n4,off,Source:INV-1:UndischargedLoopInvariant,1
probe/n4,a,Source:INV-1:UndischargedLoopInvariant,1
probe/n4,ap,Source:INV-1:UndischargedLoopInvariant,1
probe/n4,b,Source:INV-1:UndischargedLoopInvariant,1
probe/n4,rows,Source:INV-1:UndischargedLoopInvariant,1
probe/n4,b_rows,Source:INV-1:UndischargedLoopInvariant,1
probe/n5,base,Source:INV-1:UndischargedLoopInvariant,1
probe/n5,off,Source:INV-1:UndischargedLoopInvariant,1
probe/n5,a,Source:INV-1:UndischargedLoopInvariant,1
probe/n5,ap,Source:INV-1:UndischargedLoopInvariant,1
probe/n5,b,Source:INV-1:UndischargedLoopInvariant,1
probe/n5,rows,Source:INV-1:UndischargedLoopInvariant,1
probe/n5,b_rows,Source:INV-1:UndischargedLoopInvariant,1
probe/n6,base,Source:FN-9:UndischargedPostcondition,1
probe/n6,off,Source:FN-9:UndischargedPostcondition,1
probe/n6,a,Source:FN-9:UndischargedPostcondition,1
probe/n6,ap,Source:FN-9:UndischargedPostcondition,1
probe/n6,b,Source:FN-9:UndischargedPostcondition,1
probe/n6,rows,Source:FN-9:UndischargedPostcondition,1
probe/n6,b_rows,Source:FN-9:UndischargedPostcondition,1
probe/p3a,base,Source:INV-1:UndischargedLoopInvariant,1
probe/p3a,off,Source:INV-1:UndischargedLoopInvariant,1
probe/p3a,a,accepted,0
probe/p3a,ap,accepted,0
probe/p3a,b,accepted,0
probe/p3a,rows,Source:INV-1:UndischargedLoopInvariant,1
probe/p3a,b_rows,accepted,0
probe/p3d,base,accepted,0
probe/p3d,off,accepted,0
probe/p3d,a,accepted,0
probe/p3d,ap,accepted,0
probe/p3d,b,accepted,0
probe/p3d,rows,accepted,0
probe/p3d,b_rows,accepted,0
probe/p3f,base,Source:INV-1:UndischargedLoopInvariant,1
probe/p3f,off,Source:INV-1:UndischargedLoopInvariant,1
probe/p3f,a,accepted,0
probe/p3f,ap,accepted,0
probe/p3f,b,accepted,0
probe/p3f,rows,Source:INV-1:UndischargedLoopInvariant,1
probe/p3f,b_rows,accepted,0
probe/p3g,base,accepted,0
probe/p3g,off,accepted,0
probe/p3g,a,accepted,0
probe/p3g,ap,accepted,0
probe/p3g,b,accepted,0
probe/p3g,rows,accepted,0
probe/p3g,b_rows,accepted,0
probe/p3h,base,Source:INV-1:UndischargedLoopInvariant,1
probe/p3h,off,Source:INV-1:UndischargedLoopInvariant,1
probe/p3h,a,accepted,0
probe/p3h,ap,accepted,0
probe/p3h,b,accepted,0
probe/p3h,rows,Source:INV-1:UndischargedLoopInvariant,1
probe/p3h,b_rows,accepted,0
probe/p3n,base,Source:FN-8:UndischargedCallRequirement,1
probe/p3n,off,Source:FN-8:UndischargedCallRequirement,1
probe/p3n,a,Source:FN-8:UndischargedCallRequirement,1
probe/p3n,ap,Source:FN-8:UndischargedCallRequirement,1
probe/p3n,b,accepted,0
probe/p3n,rows,Source:FN-8:UndischargedCallRequirement,1
probe/p3n,b_rows,accepted,0
probe/sm0,base,Source:INV-1:UndischargedLoopInvariant,1
probe/sm0,off,Source:INV-1:UndischargedLoopInvariant,1
probe/sm0,a,accepted,0
probe/sm0,ap,accepted,0
probe/sm0,b,accepted,0
probe/sm0,rows,Source:INV-1:UndischargedLoopInvariant,1
probe/sm0,b_rows,accepted,0
probe/sm1,base,accepted,0
probe/sm1,off,accepted,0
probe/sm1,a,accepted,0
probe/sm1,ap,accepted,0
probe/sm1,b,accepted,0
probe/sm1,rows,accepted,0
probe/sm1,b_rows,accepted,0
snowghost/base::geometry,base,accepted,0
snowghost/base::geometry,off,accepted,0
snowghost/base::geometry,a,accepted,0
snowghost/base::geometry,b,accepted,0
snowghost/base::geometry,rows,accepted,0
snowghost/base::geometry,b_rows,accepted,0
snowghost/base::static_atoms,base,accepted,0
snowghost/base::static_atoms,off,accepted,0
snowghost/base::static_atoms,a,accepted,0
snowghost/base::static_atoms,b,accepted,0
snowghost/base::static_atoms,rows,accepted,0
snowghost/base::static_atoms,b_rows,accepted,0
snowghost/base::atom,base,accepted,0
snowghost/base::atom,off,accepted,0
snowghost/base::atom,a,accepted,0
snowghost/base::atom,b,accepted,0
snowghost/base::atom,rows,accepted,0
snowghost/base::atom,b_rows,accepted,0
snowghost/dom,base,accepted,0
snowghost/dom,off,accepted,0
snowghost/dom,a,accepted,0
snowghost/dom,b,accepted,0
snowghost/dom,rows,accepted,0
snowghost/dom,b_rows,accepted,0
snowghost/text::line_break,base,accepted,0
snowghost/text::line_break,off,accepted,0
snowghost/text::line_break,a,accepted,0
snowghost/text::line_break,b,accepted,0
snowghost/text::line_break,rows,accepted,0
snowghost/text::line_break,b_rows,accepted,0
snowghost/css::syntax,base,accepted,0
snowghost/css::syntax,off,accepted,0
snowghost/css::syntax,a,accepted,0
snowghost/css::syntax,b,accepted,0
snowghost/css::syntax,rows,accepted,0
snowghost/css::syntax,b_rows,accepted,0
snowghost/css::rules,base,accepted,0
snowghost/css::rules,off,accepted,0
snowghost/css::rules,a,accepted,0
snowghost/css::rules,b,accepted,0
snowghost/css::rules,rows,accepted,0
snowghost/css::rules,b_rows,accepted,0
snowghost/css::selectors,base,accepted,0
snowghost/css::selectors,off,accepted,0
snowghost/css::selectors,a,accepted,0
snowghost/css::selectors,b,accepted,0
snowghost/css::selectors,rows,accepted,0
snowghost/css::selectors,b_rows,accepted,0
snowghost/image::png,base,accepted,0
snowghost/image::png,off,accepted,0
snowghost/image::png,a,accepted,0
snowghost/image::png,b,accepted,0
snowghost/image::png,rows,accepted,0
snowghost/image::png,b_rows,accepted,0
snowghost/html::tokenizer,base,accepted,0
snowghost/html::tokenizer,off,accepted,0
snowghost/html::tokenizer,a,accepted,0
snowghost/html::tokenizer,b,accepted,0
snowghost/html::tokenizer,rows,accepted,0
snowghost/html::tokenizer,b_rows,accepted,0
snowghost/html::tree_builder,base,accepted,0
snowghost/html::tree_builder,off,accepted,0
snowghost/html::tree_builder,a,accepted,0
snowghost/html::tree_builder,b,accepted,0
snowghost/html::tree_builder,rows,accepted,0
snowghost/html::tree_builder,b_rows,accepted,0
snowghost/proto::style,base,accepted,0
snowghost/proto::style,off,accepted,0
snowghost/proto::style,a,accepted,0
snowghost/proto::style,b,accepted,0
snowghost/proto::style,rows,accepted,0
snowghost/proto::style,b_rows,accepted,0
snowghost/text::normalization,base,accepted,0
snowghost/text::normalization,off,accepted,0
snowghost/text::normalization,a,accepted,0
snowghost/text::normalization,b,accepted,0
snowghost/text::normalization,rows,accepted,0
snowghost/text::normalization,b_rows,accepted,0
snowghost/text::idna,base,accepted,0
snowghost/text::idna,off,accepted,0
snowghost/text::idna,a,accepted,0
snowghost/text::idna,b,accepted,0
snowghost/text::idna,rows,accepted,0
snowghost/text::idna,b_rows,accepted,0
snowghost/url,base,accepted,0
snowghost/url,off,accepted,0
snowghost/url,a,accepted,0
snowghost/url,b,accepted,0
snowghost/url,rows,accepted,0
snowghost/url,b_rows,accepted,0
snowghost/font,base,accepted,0
snowghost/font,off,accepted,0
snowghost/font,a,accepted,0
snowghost/font,b,accepted,0
snowghost/font,rows,accepted,0
snowghost/font,b_rows,accepted,0
collections/vector,base,accepted,0
collections/vector,off,accepted,0
collections/vector,a,accepted,0
collections/vector,ap,accepted,0
collections/vector,b,accepted,0
collections/vector,rows,accepted,0
collections/vector,b_rows,accepted,0
collections/deque,base,accepted,0
collections/deque,off,accepted,0
collections/deque,a,accepted,0
collections/deque,ap,accepted,0
collections/deque,b,accepted,0
collections/deque,rows,accepted,0
collections/deque,b_rows,accepted,0
collections/slab,base,accepted,0
collections/slab,off,accepted,0
collections/slab,a,accepted,0
collections/slab,ap,accepted,0
collections/slab,b,accepted,0
collections/slab,rows,accepted,0
collections/slab,b_rows,accepted,0
collections/hash_map,base,accepted,0
collections/hash_map,off,accepted,0
collections/hash_map,a,accepted,0
collections/hash_map,ap,accepted,0
collections/hash_map,b,accepted,0
collections/hash_map,rows,accepted,0
collections/hash_map,b_rows,accepted,0
collections/priority_queue,base,accepted,0
collections/priority_queue,off,accepted,0
collections/priority_queue,a,accepted,0
collections/priority_queue,ap,accepted,0
collections/priority_queue,b,accepted,0
collections/priority_queue,rows,accepted,0
collections/priority_queue,b_rows,accepted,0
collections/ordered_map,base,accepted,0
collections/ordered_map,off,accepted,0
collections/ordered_map,a,accepted,0
collections/ordered_map,ap,accepted,0
collections/ordered_map,b,accepted,0
collections/ordered_map,rows,accepted,0
collections/ordered_map,b_rows,accepted,0
corpus/fn8-pos-affine-requirement-images,base,accepted,0
corpus/fn8-pos-affine-requirement-images,off,accepted,0
corpus/fn8-pos-affine-requirement-images,a,accepted,0
corpus/fn8-pos-affine-requirement-images,ap,accepted,0
corpus/fn8-pos-affine-requirement-images,b,accepted,0
corpus/fn8-pos-affine-requirement-images,rows,accepted,0
corpus/fn8-pos-affine-requirement-images,b_rows,accepted,0
corpus/fn8-pos-affine-requirement-measures,base,accepted,0
corpus/fn8-pos-affine-requirement-measures,off,accepted,0
corpus/fn8-pos-affine-requirement-measures,a,accepted,0
corpus/fn8-pos-affine-requirement-measures,ap,accepted,0
corpus/fn8-pos-affine-requirement-measures,b,accepted,0
corpus/fn8-pos-affine-requirement-measures,rows,accepted,0
corpus/fn8-pos-affine-requirement-measures,b_rows,accepted,0
corpus/fn8-pos-affine-requirement-signed-leaves,base,accepted,0
corpus/fn8-pos-affine-requirement-signed-leaves,off,accepted,0
corpus/fn8-pos-affine-requirement-signed-leaves,a,accepted,0
corpus/fn8-pos-affine-requirement-signed-leaves,ap,accepted,0
corpus/fn8-pos-affine-requirement-signed-leaves,b,accepted,0
corpus/fn8-pos-affine-requirement-signed-leaves,rows,accepted,0
corpus/fn8-pos-affine-requirement-signed-leaves,b_rows,accepted,0
corpus/ent3-neg-affine-requirement-disjunct,base,Source:OP-2:UndischargedIntegerDomainObligation,1
corpus/ent3-neg-affine-requirement-disjunct,off,Source:OP-2:UndischargedIntegerDomainObligation,1
corpus/ent3-neg-affine-requirement-disjunct,a,Source:OP-2:UndischargedIntegerDomainObligation,1
corpus/ent3-neg-affine-requirement-disjunct,ap,Source:OP-2:UndischargedIntegerDomainObligation,1
corpus/ent3-neg-affine-requirement-disjunct,b,Source:OP-2:UndischargedIntegerDomainObligation,1
corpus/ent3-neg-affine-requirement-disjunct,rows,Source:OP-2:UndischargedIntegerDomainObligation,1
corpus/ent3-neg-affine-requirement-disjunct,b_rows,Source:OP-2:UndischargedIntegerDomainObligation,1
corpus/ent3-neg-affine-requirement-scalar-replaced,base,Source:OP-2:UndischargedIntegerDomainObligation,1
corpus/ent3-neg-affine-requirement-scalar-replaced,off,Source:OP-2:UndischargedIntegerDomainObligation,1
corpus/ent3-neg-affine-requirement-scalar-replaced,a,Source:OP-2:UndischargedIntegerDomainObligation,1
corpus/ent3-neg-affine-requirement-scalar-replaced,ap,Source:OP-2:UndischargedIntegerDomainObligation,1
corpus/ent3-neg-affine-requirement-scalar-replaced,b,Source:OP-2:UndischargedIntegerDomainObligation,1
corpus/ent3-neg-affine-requirement-scalar-replaced,rows,Source:OP-2:UndischargedIntegerDomainObligation,1
corpus/ent3-neg-affine-requirement-scalar-replaced,b_rows,Source:OP-2:UndischargedIntegerDomainObligation,1
corpus/ent3-neg-affine-requirement-measure-replaced,base,Source:OP-2:UndischargedIntegerDomainObligation,1
corpus/ent3-neg-affine-requirement-measure-replaced,off,Source:OP-2:UndischargedIntegerDomainObligation,1
corpus/ent3-neg-affine-requirement-measure-replaced,a,Source:OP-2:UndischargedIntegerDomainObligation,1
corpus/ent3-neg-affine-requirement-measure-replaced,ap,Source:OP-2:UndischargedIntegerDomainObligation,1
corpus/ent3-neg-affine-requirement-measure-replaced,b,Source:OP-2:UndischargedIntegerDomainObligation,1
corpus/ent3-neg-affine-requirement-measure-replaced,rows,Source:OP-2:UndischargedIntegerDomainObligation,1
corpus/ent3-neg-affine-requirement-measure-replaced,b_rows,Source:OP-2:UndischargedIntegerDomainObligation,1
corpus/op2-pos-runtime-division-images,base,accepted,0
corpus/op2-pos-runtime-division-images,off,accepted,0
corpus/op2-pos-runtime-division-images,a,accepted,0
corpus/op2-pos-runtime-division-images,ap,accepted,0
corpus/op2-pos-runtime-division-images,b,accepted,0
corpus/op2-pos-runtime-division-images,rows,accepted,0
corpus/op2-pos-runtime-division-images,b_rows,accepted,0
corpus/op2-pos-runtime-division-aliases,base,accepted,0
corpus/op2-pos-runtime-division-aliases,off,accepted,0
corpus/op2-pos-runtime-division-aliases,a,accepted,0
corpus/op2-pos-runtime-division-aliases,ap,accepted,0
corpus/op2-pos-runtime-division-aliases,b,accepted,0
corpus/op2-pos-runtime-division-aliases,rows,accepted,0
corpus/op2-pos-runtime-division-aliases,b_rows,accepted,0
corpus/ent3-neg-runtime-division-divisor-replaced,base,Source:INV-1:UndischargedLocalInvariant,1
corpus/ent3-neg-runtime-division-divisor-replaced,off,Source:INV-1:UndischargedLocalInvariant,1
corpus/ent3-neg-runtime-division-divisor-replaced,a,Source:INV-1:UndischargedLocalInvariant,1
corpus/ent3-neg-runtime-division-divisor-replaced,ap,Source:INV-1:UndischargedLocalInvariant,1
corpus/ent3-neg-runtime-division-divisor-replaced,b,Source:INV-1:UndischargedLocalInvariant,1
corpus/ent3-neg-runtime-division-divisor-replaced,rows,Source:INV-1:UndischargedLocalInvariant,1
corpus/ent3-neg-runtime-division-divisor-replaced,b_rows,Source:INV-1:UndischargedLocalInvariant,1
corpus/ent3-neg-runtime-division-quotient-replaced,base,Source:INV-1:UndischargedLocalInvariant,1
corpus/ent3-neg-runtime-division-quotient-replaced,off,Source:INV-1:UndischargedLocalInvariant,1
corpus/ent3-neg-runtime-division-quotient-replaced,a,Source:INV-1:UndischargedLocalInvariant,1
corpus/ent3-neg-runtime-division-quotient-replaced,ap,Source:INV-1:UndischargedLocalInvariant,1
corpus/ent3-neg-runtime-division-quotient-replaced,b,Source:INV-1:UndischargedLocalInvariant,1
corpus/ent3-neg-runtime-division-quotient-replaced,rows,Source:INV-1:UndischargedLocalInvariant,1
corpus/ent3-neg-runtime-division-quotient-replaced,b_rows,Source:INV-1:UndischargedLocalInvariant,1
corpus/ent3-neg-runtime-division-dividend-replaced,base,Source:INV-1:UndischargedLocalInvariant,1
corpus/ent3-neg-runtime-division-dividend-replaced,off,Source:INV-1:UndischargedLocalInvariant,1
corpus/ent3-neg-runtime-division-dividend-replaced,a,Source:INV-1:UndischargedLocalInvariant,1
corpus/ent3-neg-runtime-division-dividend-replaced,ap,Source:INV-1:UndischargedLocalInvariant,1
corpus/ent3-neg-runtime-division-dividend-replaced,b,Source:INV-1:UndischargedLocalInvariant,1
corpus/ent3-neg-runtime-division-dividend-replaced,rows,Source:INV-1:UndischargedLocalInvariant,1
corpus/ent3-neg-runtime-division-dividend-replaced,b_rows,Source:INV-1:UndischargedLocalInvariant,1
corpus/op2-neg-runtime-division-product-domain,base,Source:OP-2:UndischargedIntegerDomainObligation,1
corpus/op2-neg-runtime-division-product-domain,off,Source:OP-2:UndischargedIntegerDomainObligation,1
corpus/op2-neg-runtime-division-product-domain,a,Source:OP-2:UndischargedIntegerDomainObligation,1
corpus/op2-neg-runtime-division-product-domain,ap,Source:OP-2:UndischargedIntegerDomainObligation,1
corpus/op2-neg-runtime-division-product-domain,b,Source:OP-2:UndischargedIntegerDomainObligation,1
corpus/op2-neg-runtime-division-product-domain,rows,Source:OP-2:UndischargedIntegerDomainObligation,1
corpus/op2-neg-runtime-division-product-domain,b_rows,Source:OP-2:UndischargedIntegerDomainObligation,1
corpus/run-ex1-value-match,base,accepted,0
corpus/run-ex1-value-match,off,accepted,0
corpus/run-ex1-value-match,a,accepted,0
corpus/run-ex1-value-match,ap,accepted,0
corpus/run-ex1-value-match,b,accepted,0
corpus/run-ex1-value-match,rows,accepted,0
corpus/run-ex1-value-match,b_rows,accepted,0
corpus/run-invariant-exact-sum,base,accepted,0
corpus/run-invariant-exact-sum,off,accepted,0
corpus/run-invariant-exact-sum,a,accepted,0
corpus/run-invariant-exact-sum,ap,accepted,0
corpus/run-invariant-exact-sum,b,accepted,0
corpus/run-invariant-exact-sum,rows,accepted,0
corpus/run-invariant-exact-sum,b_rows,accepted,0
corpus/inv1-pos-automatic-two-premise-backedge,base,accepted,0
corpus/inv1-pos-automatic-two-premise-backedge,off,accepted,0
corpus/inv1-pos-automatic-two-premise-backedge,a,accepted,0
corpus/inv1-pos-automatic-two-premise-backedge,ap,accepted,0
corpus/inv1-pos-automatic-two-premise-backedge,b,accepted,0
corpus/inv1-pos-automatic-two-premise-backedge,rows,accepted,0
corpus/inv1-pos-automatic-two-premise-backedge,b_rows,accepted,0
corpus/inv1-neg-base-unproved,base,Source:INV-1:UndischargedLoopInvariant,1
corpus/inv1-neg-base-unproved,off,Source:INV-1:UndischargedLoopInvariant,1
corpus/inv1-neg-base-unproved,a,Source:INV-1:UndischargedLoopInvariant,1
corpus/inv1-neg-base-unproved,ap,Source:INV-1:UndischargedLoopInvariant,1
corpus/inv1-neg-base-unproved,b,Source:INV-1:UndischargedLoopInvariant,1
corpus/inv1-neg-base-unproved,rows,Source:INV-1:UndischargedLoopInvariant,1
corpus/inv1-neg-base-unproved,b_rows,Source:INV-1:UndischargedLoopInvariant,1
corpus/inv1-neg-backedge-unproved,base,Source:INV-1:UndischargedLoopInvariant,1
corpus/inv1-neg-backedge-unproved,off,Source:INV-1:UndischargedLoopInvariant,1
corpus/inv1-neg-backedge-unproved,a,Source:INV-1:UndischargedLoopInvariant,1
corpus/inv1-neg-backedge-unproved,ap,Source:INV-1:UndischargedLoopInvariant,1
corpus/inv1-neg-backedge-unproved,b,Source:INV-1:UndischargedLoopInvariant,1
corpus/inv1-neg-backedge-unproved,rows,Source:INV-1:UndischargedLoopInvariant,1
corpus/inv1-neg-backedge-unproved,b_rows,Source:INV-1:UndischargedLoopInvariant,1
corpus/inv1-neg-repeated-name,base,Source:INV-1:DeclarationCollision,1
corpus/inv1-neg-repeated-name,off,Source:INV-1:DeclarationCollision,1
corpus/inv1-neg-repeated-name,a,Source:INV-1:DeclarationCollision,1
corpus/inv1-neg-repeated-name,ap,Source:INV-1:DeclarationCollision,1
corpus/inv1-neg-repeated-name,b,Source:INV-1:DeclarationCollision,1
corpus/inv1-neg-repeated-name,rows,Source:INV-1:DeclarationCollision,1
corpus/inv1-neg-repeated-name,b_rows,Source:INV-1:DeclarationCollision,1
corpus/inv1-pos-ordinary-loop-guarded-cursor,base,accepted,0
corpus/inv1-pos-ordinary-loop-guarded-cursor,off,accepted,0
corpus/inv1-pos-ordinary-loop-guarded-cursor,a,accepted,0
corpus/inv1-pos-ordinary-loop-guarded-cursor,ap,accepted,0
corpus/inv1-pos-ordinary-loop-guarded-cursor,b,accepted,0
corpus/inv1-pos-ordinary-loop-guarded-cursor,rows,accepted,0
corpus/inv1-pos-ordinary-loop-guarded-cursor,b_rows,accepted,0
corpus/inv1-pos-ordinary-loop-cursor-set-image,base,accepted,0
corpus/inv1-pos-ordinary-loop-cursor-set-image,off,accepted,0
corpus/inv1-pos-ordinary-loop-cursor-set-image,a,accepted,0
corpus/inv1-pos-ordinary-loop-cursor-set-image,ap,accepted,0
corpus/inv1-pos-ordinary-loop-cursor-set-image,b,accepted,0
corpus/inv1-pos-ordinary-loop-cursor-set-image,rows,accepted,0
corpus/inv1-pos-ordinary-loop-cursor-set-image,b_rows,accepted,0
corpus/prf1-pos-explicit-affine-proof,base,accepted,0
corpus/prf1-pos-explicit-affine-proof,off,accepted,0
corpus/prf1-pos-explicit-affine-proof,a,accepted,0
corpus/prf1-pos-explicit-affine-proof,ap,accepted,0
corpus/prf1-pos-explicit-affine-proof,b,accepted,0
corpus/prf1-pos-explicit-affine-proof,rows,accepted,0
corpus/prf1-pos-explicit-affine-proof,b_rows,accepted,0
corpus/prf1-pos-explicit-factor,base,accepted,0
corpus/prf1-pos-explicit-factor,off,accepted,0
corpus/prf1-pos-explicit-factor,a,accepted,0
corpus/prf1-pos-explicit-factor,ap,accepted,0
corpus/prf1-pos-explicit-factor,b,accepted,0
corpus/prf1-pos-explicit-factor,rows,accepted,0
corpus/prf1-pos-explicit-factor,b_rows,accepted,0
corpus/prf1-pos-integer-tightening-midpoint,base,accepted,0
corpus/prf1-pos-integer-tightening-midpoint,off,accepted,0
corpus/prf1-pos-integer-tightening-midpoint,a,accepted,0
corpus/prf1-pos-integer-tightening-midpoint,ap,accepted,0
corpus/prf1-pos-integer-tightening-midpoint,b,accepted,0
corpus/prf1-pos-integer-tightening-midpoint,rows,Source:PRF-1:UndischargedSourceProof,1
corpus/prf1-pos-integer-tightening-midpoint,b_rows,Source:PRF-1:UndischargedSourceProof,1
corpus/prf1-neg-unproved-premise,base,Source:PRF-1:UndischargedSourceProof,1
corpus/prf1-neg-unproved-premise,off,Source:PRF-1:UndischargedSourceProof,1
corpus/prf1-neg-unproved-premise,a,Source:PRF-1:UndischargedSourceProof,1
corpus/prf1-neg-unproved-premise,ap,Source:PRF-1:UndischargedSourceProof,1
corpus/prf1-neg-unproved-premise,b,Source:PRF-1:UndischargedSourceProof,1
corpus/prf1-neg-unproved-premise,rows,Source:PRF-1:UndischargedSourceProof,1
corpus/prf1-neg-unproved-premise,b_rows,Source:PRF-1:UndischargedSourceProof,1
corpus/prf1-neg-inexact-combination,base,Source:PRF-1:UndischargedSourceProof,1
corpus/prf1-neg-inexact-combination,off,Source:PRF-1:UndischargedSourceProof,1
corpus/prf1-neg-inexact-combination,a,Source:PRF-1:UndischargedSourceProof,1
corpus/prf1-neg-inexact-combination,ap,Source:PRF-1:UndischargedSourceProof,1
corpus/prf1-neg-inexact-combination,b,Source:PRF-1:UndischargedSourceProof,1
corpus/prf1-neg-inexact-combination,rows,Source:PRF-1:UndischargedSourceProof,1
corpus/prf1-neg-inexact-combination,b_rows,Source:PRF-1:UndischargedSourceProof,1
corpus/prf1-neg-fact-killed-by-write,base,Source:OP-2:UndischargedIntegerDomainObligation,1
corpus/prf1-neg-fact-killed-by-write,off,Source:OP-2:UndischargedIntegerDomainObligation,1
corpus/prf1-neg-fact-killed-by-write,a,Source:OP-2:UndischargedIntegerDomainObligation,1
corpus/prf1-neg-fact-killed-by-write,ap,Source:OP-2:UndischargedIntegerDomainObligation,1
corpus/prf1-neg-fact-killed-by-write,b,Source:OP-2:UndischargedIntegerDomainObligation,1
corpus/prf1-neg-fact-killed-by-write,rows,Source:OP-2:UndischargedIntegerDomainObligation,1
corpus/prf1-neg-fact-killed-by-write,b_rows,Source:OP-2:UndischargedIntegerDomainObligation,1
corpus/prf1-neg-duplicate-use,base,Source:PRF-1:UndischargedSourceProof,1
corpus/prf1-neg-duplicate-use,off,Source:PRF-1:UndischargedSourceProof,1
corpus/prf1-neg-duplicate-use,a,Source:PRF-1:UndischargedSourceProof,1
corpus/prf1-neg-duplicate-use,ap,Source:PRF-1:UndischargedSourceProof,1
corpus/prf1-neg-duplicate-use,b,Source:PRF-1:UndischargedSourceProof,1
corpus/prf1-neg-duplicate-use,rows,Source:PRF-1:UndischargedSourceProof,1
corpus/prf1-neg-duplicate-use,b_rows,Source:PRF-1:UndischargedSourceProof,1
corpus/prf1-neg-explicit-factor-one,base,Source:PRF-1:InvalidSourceProof,1
corpus/prf1-neg-explicit-factor-one,off,Source:PRF-1:InvalidSourceProof,1
corpus/prf1-neg-explicit-factor-one,a,Source:PRF-1:InvalidSourceProof,1
corpus/prf1-neg-explicit-factor-one,ap,Source:PRF-1:InvalidSourceProof,1
corpus/prf1-neg-explicit-factor-one,b,Source:PRF-1:InvalidSourceProof,1
corpus/prf1-neg-explicit-factor-one,rows,Source:PRF-1:InvalidSourceProof,1
corpus/prf1-neg-explicit-factor-one,b_rows,Source:PRF-1:InvalidSourceProof,1
corpus/prf1-neg-redundant-use-block,base,Source:PRF-1:UndischargedSourceProof,1
corpus/prf1-neg-redundant-use-block,off,Source:PRF-1:UndischargedSourceProof,1
corpus/prf1-neg-redundant-use-block,a,Source:PRF-1:UndischargedSourceProof,1
corpus/prf1-neg-redundant-use-block,ap,Source:PRF-1:UndischargedSourceProof,1
corpus/prf1-neg-redundant-use-block,b,Source:PRF-1:UndischargedSourceProof,1
corpus/prf1-neg-redundant-use-block,rows,Source:PRF-1:UndischargedSourceProof,1
corpus/prf1-neg-redundant-use-block,b_rows,Source:PRF-1:UndischargedSourceProof,1
corpus/op4-neg-external-index-without-fact,base,Source:OP-4:UndischargedBoundsObligation,1
corpus/op4-neg-external-index-without-fact,off,Source:OP-4:UndischargedBoundsObligation,1
corpus/op4-neg-external-index-without-fact,a,Source:OP-4:UndischargedBoundsObligation,1
corpus/op4-neg-external-index-without-fact,ap,Source:OP-4:UndischargedBoundsObligation,1
corpus/op4-neg-external-index-without-fact,b,Source:OP-4:UndischargedBoundsObligation,1
corpus/op4-neg-external-index-without-fact,rows,Source:OP-4:UndischargedBoundsObligation,1
corpus/op4-neg-external-index-without-fact,b_rows,Source:OP-4:UndischargedBoundsObligation,1
corpus/op4-pos-external-index-after-branch,base,accepted,0
corpus/op4-pos-external-index-after-branch,off,accepted,0
corpus/op4-pos-external-index-after-branch,a,accepted,0
corpus/op4-pos-external-index-after-branch,ap,accepted,0
corpus/op4-pos-external-index-after-branch,b,accepted,0
corpus/op4-pos-external-index-after-branch,rows,accepted,0
corpus/op4-pos-external-index-after-branch,b_rows,accepted,0
corpus/op4-pos-midpoint-automatic,base,accepted,0
corpus/op4-pos-midpoint-automatic,off,accepted,0
corpus/op4-pos-midpoint-automatic,a,accepted,0
corpus/op4-pos-midpoint-automatic,ap,accepted,0
corpus/op4-pos-midpoint-automatic,b,accepted,0
corpus/op4-pos-midpoint-automatic,rows,accepted,0
corpus/op4-pos-midpoint-automatic,b_rows,accepted,0
corpus/fn8-neg-external-actual-without-fact,base,Source:FN-8:UndischargedCallRequirement,1
corpus/fn8-neg-external-actual-without-fact,off,Source:FN-8:UndischargedCallRequirement,1
corpus/fn8-neg-external-actual-without-fact,a,Source:FN-8:UndischargedCallRequirement,1
corpus/fn8-neg-external-actual-without-fact,ap,Source:FN-8:UndischargedCallRequirement,1
corpus/fn8-neg-external-actual-without-fact,b,Source:FN-8:UndischargedCallRequirement,1
corpus/fn8-neg-external-actual-without-fact,rows,Source:FN-8:UndischargedCallRequirement,1
corpus/fn8-neg-external-actual-without-fact,b_rows,Source:FN-8:UndischargedCallRequirement,1
corpus/fn8-pos-external-actual-after-branch,base,accepted,0
corpus/fn8-pos-external-actual-after-branch,off,accepted,0
corpus/fn8-pos-external-actual-after-branch,a,accepted,0
corpus/fn8-pos-external-actual-after-branch,ap,accepted,0
corpus/fn8-pos-external-actual-after-branch,b,accepted,0
corpus/fn8-pos-external-actual-after-branch,rows,accepted,0
corpus/fn8-pos-external-actual-after-branch,b_rows,accepted,0
corpus/reject-err2-nonexhaustive,base,Source:ERR-2:NonExhaustiveMatch,1
corpus/reject-err2-nonexhaustive,off,Source:ERR-2:NonExhaustiveMatch,1
corpus/reject-err2-nonexhaustive,a,Source:ERR-2:NonExhaustiveMatch,1
corpus/reject-err2-nonexhaustive,ap,Source:ERR-2:NonExhaustiveMatch,1
corpus/reject-err2-nonexhaustive,b,Source:ERR-2:NonExhaustiveMatch,1
corpus/reject-err2-nonexhaustive,rows,Source:ERR-2:NonExhaustiveMatch,1
corpus/reject-err2-nonexhaustive,b_rows,Source:ERR-2:NonExhaustiveMatch,1
corpus/reject-own10-dangle,base,Source:REF-3:EscapingReference,1
corpus/reject-own10-dangle,off,Source:REF-3:EscapingReference,1
corpus/reject-own10-dangle,a,Source:REF-3:EscapingReference,1
corpus/reject-own10-dangle,ap,Source:REF-3:EscapingReference,1
corpus/reject-own10-dangle,b,Source:REF-3:EscapingReference,1
corpus/reject-own10-dangle,rows,Source:REF-3:EscapingReference,1
corpus/reject-own10-dangle,b_rows,Source:REF-3:EscapingReference,1
corpus/reject-gram11-unnamed-call,base,Source:GRAM-11:InvalidNamedArguments,1
corpus/reject-gram11-unnamed-call,off,Source:GRAM-11:InvalidNamedArguments,1
corpus/reject-gram11-unnamed-call,a,Source:GRAM-11:InvalidNamedArguments,1
corpus/reject-gram11-unnamed-call,ap,Source:GRAM-11:InvalidNamedArguments,1
corpus/reject-gram11-unnamed-call,b,Source:GRAM-11:InvalidNamedArguments,1
corpus/reject-gram11-unnamed-call,rows,Source:GRAM-11:InvalidNamedArguments,1
corpus/reject-gram11-unnamed-call,b_rows,Source:GRAM-11:InvalidNamedArguments,1
corpus/xfail-own1-bare-affine-use,base,Source:OWN-1:BareAffineUse,1
corpus/xfail-own1-bare-affine-use,off,Source:OWN-1:BareAffineUse,1
corpus/xfail-own1-bare-affine-use,a,Source:OWN-1:BareAffineUse,1
corpus/xfail-own1-bare-affine-use,ap,Source:OWN-1:BareAffineUse,1
corpus/xfail-own1-bare-affine-use,b,Source:OWN-1:BareAffineUse,1
corpus/xfail-own1-bare-affine-use,rows,Source:OWN-1:BareAffineUse,1
corpus/xfail-own1-bare-affine-use,b_rows,Source:OWN-1:BareAffineUse,1
corpus/pending-op9-buffer-new,base,accepted,0
corpus/pending-op9-buffer-new,off,accepted,0
corpus/pending-op9-buffer-new,a,accepted,0
corpus/pending-op9-buffer-new,ap,accepted,0
corpus/pending-op9-buffer-new,b,accepted,0
corpus/pending-op9-buffer-new,rows,accepted,0
corpus/pending-op9-buffer-new,b_rows,accepted,0
corpus/scope1-pos-kernel-no-gated,base,accepted,0
corpus/scope1-pos-kernel-no-gated,off,accepted,0
corpus/scope1-pos-kernel-no-gated,a,accepted,0
corpus/scope1-pos-kernel-no-gated,ap,accepted,0
corpus/scope1-pos-kernel-no-gated,b,accepted,0
corpus/scope1-pos-kernel-no-gated,rows,accepted,0
corpus/scope1-pos-kernel-no-gated,b_rows,accepted,0
corpus/scope2-pos-accepted,base,accepted,0
corpus/scope2-pos-accepted,off,accepted,0
corpus/scope2-pos-accepted,a,accepted,0
corpus/scope2-pos-accepted,ap,accepted,0
corpus/scope2-pos-accepted,b,accepted,0
corpus/scope2-pos-accepted,rows,accepted,0
corpus/scope2-pos-accepted,b_rows,accepted,0
corpus/scope3-pos-defined-run,base,accepted,0
corpus/scope3-pos-defined-run,off,accepted,0
corpus/scope3-pos-defined-run,a,accepted,0
corpus/scope3-pos-defined-run,ap,accepted,0
corpus/scope3-pos-defined-run,b,accepted,0
corpus/scope3-pos-defined-run,rows,accepted,0
corpus/scope3-pos-defined-run,b_rows,accepted,0
corpus/form1-pos-canonical,base,accepted,0
corpus/form1-pos-canonical,off,accepted,0
corpus/form1-pos-canonical,a,accepted,0
corpus/form1-pos-canonical,ap,accepted,0
corpus/form1-pos-canonical,b,accepted,0
corpus/form1-pos-canonical,rows,accepted,0
corpus/form1-pos-canonical,b_rows,accepted,0
corpus/form1-neg-unknown-construct,base,Source:FORM-1:UnexpectedToken,1
corpus/form1-neg-unknown-construct,off,Source:FORM-1:UnexpectedToken,1
corpus/form1-neg-unknown-construct,a,Source:FORM-1:UnexpectedToken,1
corpus/form1-neg-unknown-construct,ap,Source:FORM-1:UnexpectedToken,1
corpus/form1-neg-unknown-construct,b,Source:FORM-1:UnexpectedToken,1
corpus/form1-neg-unknown-construct,rows,Source:FORM-1:UnexpectedToken,1
corpus/form1-neg-unknown-construct,b_rows,Source:FORM-1:UnexpectedToken,1
corpus/form2-pos-canonical-bytes,base,accepted,0
corpus/form2-pos-canonical-bytes,off,accepted,0
corpus/form2-pos-canonical-bytes,a,accepted,0
corpus/form2-pos-canonical-bytes,ap,accepted,0
corpus/form2-pos-canonical-bytes,b,accepted,0
corpus/form2-pos-canonical-bytes,rows,accepted,0
corpus/form2-pos-canonical-bytes,b_rows,accepted,0
corpus/form2-neg-noncanonical-ws,base,Source:FORM-2:NonCanonicalTrivia,1
corpus/form2-neg-noncanonical-ws,off,Source:FORM-2:NonCanonicalTrivia,1
corpus/form2-neg-noncanonical-ws,a,Source:FORM-2:NonCanonicalTrivia,1
corpus/form2-neg-noncanonical-ws,ap,Source:FORM-2:NonCanonicalTrivia,1
corpus/form2-neg-noncanonical-ws,b,Source:FORM-2:NonCanonicalTrivia,1
corpus/form2-neg-noncanonical-ws,rows,Source:FORM-2:NonCanonicalTrivia,1
corpus/form2-neg-noncanonical-ws,b_rows,Source:FORM-2:NonCanonicalTrivia,1
corpus/form3-pos-lexical-classes,base,accepted,0
corpus/form3-pos-lexical-classes,off,accepted,0
corpus/form3-pos-lexical-classes,a,accepted,0
corpus/form3-pos-lexical-classes,ap,accepted,0
corpus/form3-pos-lexical-classes,b,accepted,0
corpus/form3-pos-lexical-classes,rows,accepted,0
corpus/form3-pos-lexical-classes,b_rows,accepted,0
corpus/form3-neg-opname-bad-suffix,base,Source:FORM-3:UnexpectedToken,1
corpus/form3-neg-opname-bad-suffix,off,Source:FORM-3:UnexpectedToken,1
corpus/form3-neg-opname-bad-suffix,a,Source:FORM-3:UnexpectedToken,1
corpus/form3-neg-opname-bad-suffix,ap,Source:FORM-3:UnexpectedToken,1
corpus/form3-neg-opname-bad-suffix,b,Source:FORM-3:UnexpectedToken,1
corpus/form3-neg-opname-bad-suffix,rows,Source:FORM-3:UnexpectedToken,1
corpus/form3-neg-opname-bad-suffix,b_rows,Source:FORM-3:UnexpectedToken,1
corpus/form3-neg-typeid-fn-name,base,Source:FORM-3:UnexpectedToken,1
corpus/form3-neg-typeid-fn-name,off,Source:FORM-3:UnexpectedToken,1
corpus/form3-neg-typeid-fn-name,a,Source:FORM-3:UnexpectedToken,1
corpus/form3-neg-typeid-fn-name,ap,Source:FORM-3:UnexpectedToken,1
corpus/form3-neg-typeid-fn-name,b,Source:FORM-3:UnexpectedToken,1
corpus/form3-neg-typeid-fn-name,rows,Source:FORM-3:UnexpectedToken,1
corpus/form3-neg-typeid-fn-name,b_rows,Source:FORM-3:UnexpectedToken,1
corpus/form4-pos-doc-not-comment,base,accepted,0
corpus/form4-pos-doc-not-comment,off,accepted,0
corpus/form4-pos-doc-not-comment,a,accepted,0
corpus/form4-pos-doc-not-comment,ap,accepted,0
corpus/form4-pos-doc-not-comment,b,accepted,0
corpus/form4-pos-doc-not-comment,rows,accepted,0
corpus/form4-pos-doc-not-comment,b_rows,accepted,0
corpus/form4-neg-comment,base,Source:FORM-4:CommentPrefix,1
corpus/form4-neg-comment,off,Source:FORM-4:CommentPrefix,1
corpus/form4-neg-comment,a,Source:FORM-4:CommentPrefix,1
corpus/form4-neg-comment,ap,Source:FORM-4:CommentPrefix,1
corpus/form4-neg-comment,b,Source:FORM-4:CommentPrefix,1
corpus/form4-neg-comment,rows,Source:FORM-4:CommentPrefix,1
corpus/form4-neg-comment,b_rows,Source:FORM-4:CommentPrefix,1
corpus/form5-pos-suffixed-literal,base,accepted,0
corpus/form5-pos-suffixed-literal,off,accepted,0
corpus/form5-pos-suffixed-literal,a,accepted,0
corpus/form5-pos-suffixed-literal,ap,accepted,0
corpus/form5-pos-suffixed-literal,b,accepted,0
corpus/form5-pos-suffixed-literal,rows,accepted,0
corpus/form5-pos-suffixed-literal,b_rows,accepted,0
corpus/form5-neg-missing-suffix,base,Source:FORM-5:UnexpectedToken,1
corpus/form5-neg-missing-suffix,off,Source:FORM-5:UnexpectedToken,1
corpus/form5-neg-missing-suffix,a,Source:FORM-5:UnexpectedToken,1
corpus/form5-neg-missing-suffix,ap,Source:FORM-5:UnexpectedToken,1
corpus/form5-neg-missing-suffix,b,Source:FORM-5:UnexpectedToken,1
corpus/form5-neg-missing-suffix,rows,Source:FORM-5:UnexpectedToken,1
corpus/form5-neg-missing-suffix,b_rows,Source:FORM-5:UnexpectedToken,1
corpus/form6-pos-unit-type-and-value,base,accepted,0
corpus/form6-pos-unit-type-and-value,off,accepted,0
corpus/form6-pos-unit-type-and-value,a,accepted,0
corpus/form6-pos-unit-type-and-value,ap,accepted,0
corpus/form6-pos-unit-type-and-value,b,accepted,0
corpus/form6-pos-unit-type-and-value,rows,accepted,0
corpus/form6-pos-unit-type-and-value,b_rows,accepted,0
corpus/form7-pos-in-range,base,accepted,0
corpus/form7-pos-in-range,off,accepted,0
corpus/form7-pos-in-range,a,accepted,0
corpus/form7-pos-in-range,ap,accepted,0
corpus/form7-pos-in-range,b,accepted,0
corpus/form7-pos-in-range,rows,accepted,0
corpus/form7-pos-in-range,b_rows,accepted,0
corpus/form7-neg-out-of-range,base,Source:FORM-7:InvalidIntegerLiteral,1
corpus/form7-neg-out-of-range,off,Source:FORM-7:InvalidIntegerLiteral,1
corpus/form7-neg-out-of-range,a,Source:FORM-7:InvalidIntegerLiteral,1
corpus/form7-neg-out-of-range,ap,Source:FORM-7:InvalidIntegerLiteral,1
corpus/form7-neg-out-of-range,b,Source:FORM-7:InvalidIntegerLiteral,1
corpus/form7-neg-out-of-range,rows,Source:FORM-7:InvalidIntegerLiteral,1
corpus/form7-neg-out-of-range,b_rows,Source:FORM-7:InvalidIntegerLiteral,1
corpus/form7-neg-leading-zero,base,Source:FORM-7:InvalidIntegerLiteral,1
corpus/form7-neg-leading-zero,off,Source:FORM-7:InvalidIntegerLiteral,1
corpus/form7-neg-leading-zero,a,Source:FORM-7:InvalidIntegerLiteral,1
corpus/form7-neg-leading-zero,ap,Source:FORM-7:InvalidIntegerLiteral,1
corpus/form7-neg-leading-zero,b,Source:FORM-7:InvalidIntegerLiteral,1
corpus/form7-neg-leading-zero,rows,Source:FORM-7:InvalidIntegerLiteral,1
corpus/form7-neg-leading-zero,b_rows,Source:FORM-7:InvalidIntegerLiteral,1
corpus/gram1-pos-lookahead,base,accepted,0
corpus/gram1-pos-lookahead,off,accepted,0
corpus/gram1-pos-lookahead,a,accepted,0
corpus/gram1-pos-lookahead,ap,accepted,0
corpus/gram1-pos-lookahead,b,accepted,0
corpus/gram1-pos-lookahead,rows,accepted,0
corpus/gram1-pos-lookahead,b_rows,accepted,0
corpus/gram2-pos-items,base,accepted,0
corpus/gram2-pos-items,off,accepted,0
corpus/gram2-pos-items,a,accepted,0
corpus/gram2-pos-items,ap,accepted,0
corpus/gram2-pos-items,b,accepted,0
corpus/gram2-pos-items,rows,accepted,0
corpus/gram2-pos-items,b_rows,accepted,0
corpus/gram3-pos-modes,base,accepted,0
corpus/gram3-pos-modes,off,accepted,0
corpus/gram3-pos-modes,a,accepted,0
corpus/gram3-pos-modes,ap,accepted,0
corpus/gram3-pos-modes,b,accepted,0
corpus/gram3-pos-modes,rows,accepted,0
corpus/gram3-pos-modes,b_rows,accepted,0
corpus/gram4-pos-stmts,base,accepted,0
corpus/gram4-pos-stmts,off,accepted,0
corpus/gram4-pos-stmts,a,accepted,0
corpus/gram4-pos-stmts,ap,accepted,0
corpus/gram4-pos-stmts,b,accepted,0
corpus/gram4-pos-stmts,rows,accepted,0
corpus/gram4-pos-stmts,b_rows,accepted,0
corpus/gram5-pos-exprs-places,base,accepted,0
corpus/gram5-pos-exprs-places,off,accepted,0
corpus/gram5-pos-exprs-places,a,accepted,0
corpus/gram5-pos-exprs-places,ap,accepted,0
corpus/gram5-pos-exprs-places,b,accepted,0
corpus/gram5-pos-exprs-places,rows,accepted,0
corpus/gram5-pos-exprs-places,b_rows,accepted,0
corpus/gram6-pos-no-operators,base,accepted,0
corpus/gram6-pos-no-operators,off,accepted,0
corpus/gram6-pos-no-operators,a,accepted,0
corpus/gram6-pos-no-operators,ap,accepted,0
corpus/gram6-pos-no-operators,b,accepted,0
corpus/gram6-pos-no-operators,rows,accepted,0
corpus/gram6-pos-no-operators,b_rows,accepted,0
corpus/gram7-pos-two-productions,base,accepted,0
corpus/gram7-pos-two-productions,off,accepted,0
corpus/gram7-pos-two-productions,a,accepted,0
corpus/gram7-pos-two-productions,ap,accepted,0
corpus/gram7-pos-two-productions,b,accepted,0
corpus/gram7-pos-two-productions,rows,accepted,0
corpus/gram7-pos-two-productions,b_rows,accepted,0
corpus/gram8-pos-construct,base,accepted,0
corpus/gram8-pos-construct,off,accepted,0
corpus/gram8-pos-construct,a,accepted,0
corpus/gram8-pos-construct,ap,accepted,0
corpus/gram8-pos-construct,b,accepted,0
corpus/gram8-pos-construct,rows,accepted,0
corpus/gram8-pos-construct,b_rows,accepted,0
corpus/gram8-neg-wrong-field,base,Source:GRAM-8:InvalidConstructionFields,1
corpus/gram8-neg-wrong-field,off,Source:GRAM-8:InvalidConstructionFields,1
corpus/gram8-neg-wrong-field,a,Source:GRAM-8:InvalidConstructionFields,1
corpus/gram8-neg-wrong-field,ap,Source:GRAM-8:InvalidConstructionFields,1
corpus/gram8-neg-wrong-field,b,Source:GRAM-8:InvalidConstructionFields,1
corpus/gram8-neg-wrong-field,rows,Source:GRAM-8:InvalidConstructionFields,1
corpus/gram8-neg-wrong-field,b_rows,Source:GRAM-8:InvalidConstructionFields,1
corpus/gram8-neg-out-of-order,base,Source:GRAM-8:InvalidConstructionFields,1
corpus/gram8-neg-out-of-order,off,Source:GRAM-8:InvalidConstructionFields,1
corpus/gram8-neg-out-of-order,a,Source:GRAM-8:InvalidConstructionFields,1
corpus/gram8-neg-out-of-order,ap,Source:GRAM-8:InvalidConstructionFields,1
corpus/gram8-neg-out-of-order,b,Source:GRAM-8:InvalidConstructionFields,1
corpus/gram8-neg-out-of-order,rows,Source:GRAM-8:InvalidConstructionFields,1
corpus/gram8-neg-out-of-order,b_rows,Source:GRAM-8:InvalidConstructionFields,1
corpus/gram9-pos-three-address,base,accepted,0
corpus/gram9-pos-three-address,off,accepted,0
corpus/gram9-pos-three-address,a,accepted,0
corpus/gram9-pos-three-address,ap,accepted,0
corpus/gram9-pos-three-address,b,accepted,0
corpus/gram9-pos-three-address,rows,accepted,0
corpus/gram9-pos-three-address,b_rows,accepted,0
corpus/gram9-neg-nested-call,base,Source:GRAM-9:UnexpectedToken,1
corpus/gram9-neg-nested-call,off,Source:GRAM-9:UnexpectedToken,1
corpus/gram9-neg-nested-call,a,Source:GRAM-9:UnexpectedToken,1
corpus/gram9-neg-nested-call,ap,Source:GRAM-9:UnexpectedToken,1
corpus/gram9-neg-nested-call,b,Source:GRAM-9:UnexpectedToken,1
corpus/gram9-neg-nested-call,rows,Source:GRAM-9:UnexpectedToken,1
corpus/gram9-neg-nested-call,b_rows,Source:GRAM-9:UnexpectedToken,1
corpus/gram10-pos-named-binders,base,accepted,0
corpus/gram10-pos-named-binders,off,accepted,0
corpus/gram10-pos-named-binders,a,accepted,0
corpus/gram10-pos-named-binders,ap,accepted,0
corpus/gram10-pos-named-binders,b,accepted,0
corpus/gram10-pos-named-binders,rows,accepted,0
corpus/gram10-pos-named-binders,b_rows,accepted,0
corpus/gram10-neg-wrong-field,base,Source:GRAM-10:InvalidMatchFields,1
corpus/gram10-neg-wrong-field,off,Source:GRAM-10:InvalidMatchFields,1
corpus/gram10-neg-wrong-field,a,Source:GRAM-10:InvalidMatchFields,1
corpus/gram10-neg-wrong-field,ap,Source:GRAM-10:InvalidMatchFields,1
corpus/gram10-neg-wrong-field,b,Source:GRAM-10:InvalidMatchFields,1
corpus/gram10-neg-wrong-field,rows,Source:GRAM-10:InvalidMatchFields,1
corpus/gram10-neg-wrong-field,b_rows,Source:GRAM-10:InvalidMatchFields,1
corpus/gram10-pos-arm-rest-releases-covered-payload,base,accepted,0
corpus/gram10-pos-arm-rest-releases-covered-payload,off,accepted,0
corpus/gram10-pos-arm-rest-releases-covered-payload,a,accepted,0
corpus/gram10-pos-arm-rest-releases-covered-payload,ap,accepted,0
corpus/gram10-pos-arm-rest-releases-covered-payload,b,accepted,0
corpus/gram10-pos-arm-rest-releases-covered-payload,rows,accepted,0
corpus/gram10-pos-arm-rest-releases-covered-payload,b_rows,accepted,0
corpus/gram11-pos-named-args,base,accepted,0
corpus/gram11-pos-named-args,off,accepted,0
corpus/gram11-pos-named-args,a,accepted,0
corpus/gram11-pos-named-args,ap,accepted,0
corpus/gram11-pos-named-args,b,accepted,0
corpus/gram11-pos-named-args,rows,accepted,0
corpus/gram11-pos-named-args,b_rows,accepted,0
corpus/gram11-neg-misspelled,base,Source:GRAM-11:InvalidNamedArguments,1
corpus/gram11-neg-misspelled,off,Source:GRAM-11:InvalidNamedArguments,1
corpus/gram11-neg-misspelled,a,Source:GRAM-11:InvalidNamedArguments,1
corpus/gram11-neg-misspelled,ap,Source:GRAM-11:InvalidNamedArguments,1
corpus/gram11-neg-misspelled,b,Source:GRAM-11:InvalidNamedArguments,1
corpus/gram11-neg-misspelled,rows,Source:GRAM-11:InvalidNamedArguments,1
corpus/gram11-neg-misspelled,b_rows,Source:GRAM-11:InvalidNamedArguments,1
corpus/gram11-neg-out-of-order,base,Source:GRAM-11:InvalidNamedArguments,1
corpus/gram11-neg-out-of-order,off,Source:GRAM-11:InvalidNamedArguments,1
corpus/gram11-neg-out-of-order,a,Source:GRAM-11:InvalidNamedArguments,1
corpus/gram11-neg-out-of-order,ap,Source:GRAM-11:InvalidNamedArguments,1
corpus/gram11-neg-out-of-order,b,Source:GRAM-11:InvalidNamedArguments,1
corpus/gram11-neg-out-of-order,rows,Source:GRAM-11:InvalidNamedArguments,1
corpus/gram11-neg-out-of-order,b_rows,Source:GRAM-11:InvalidNamedArguments,1
corpus/type1-pos-i32-unit,base,accepted,0
corpus/type1-pos-i32-unit,off,accepted,0
corpus/type1-pos-i32-unit,a,accepted,0
corpus/type1-pos-i32-unit,ap,accepted,0
corpus/type1-pos-i32-unit,b,accepted,0
corpus/type1-pos-i32-unit,rows,accepted,0
corpus/type1-pos-i32-unit,b_rows,accepted,0
corpus/type1-pos-wide-prims,base,accepted,0
corpus/type1-pos-wide-prims,off,accepted,0
corpus/type1-pos-wide-prims,a,accepted,0
corpus/type1-pos-wide-prims,ap,accepted,0
corpus/type1-pos-wide-prims,b,accepted,0
corpus/type1-pos-wide-prims,rows,accepted,0
corpus/type1-pos-wide-prims,b_rows,accepted,0
corpus/type2-pos-enum,base,accepted,0
corpus/type2-pos-enum,off,accepted,0
corpus/type2-pos-enum,a,accepted,0
corpus/type2-pos-enum,ap,accepted,0
corpus/type2-pos-enum,b,accepted,0
corpus/type2-pos-enum,rows,accepted,0
corpus/type2-pos-enum,b_rows,accepted,0
corpus/type3-pos-nameable,base,accepted,0
corpus/type3-pos-nameable,off,accepted,0
corpus/type3-pos-nameable,a,accepted,0
corpus/type3-pos-nameable,ap,accepted,0
corpus/type3-pos-nameable,b,accepted,0
corpus/type3-pos-nameable,rows,accepted,0
corpus/type3-pos-nameable,b_rows,accepted,0
corpus/type4-pos-cvt,base,accepted,0
corpus/type4-pos-cvt,off,accepted,0
corpus/type4-pos-cvt,a,accepted,0
corpus/type4-pos-cvt,ap,accepted,0
corpus/type4-pos-cvt,b,accepted,0
corpus/type4-pos-cvt,rows,accepted,0
corpus/type4-pos-cvt,b_rows,accepted,0
corpus/type5-neg-arg-mismatch,base,Source:TYPE-5:TypeMismatch,1
corpus/type5-neg-arg-mismatch,off,Source:TYPE-5:TypeMismatch,1
corpus/type5-neg-arg-mismatch,a,Source:TYPE-5:TypeMismatch,1
corpus/type5-neg-arg-mismatch,ap,Source:TYPE-5:TypeMismatch,1
corpus/type5-neg-arg-mismatch,b,Source:TYPE-5:TypeMismatch,1
corpus/type5-neg-arg-mismatch,rows,Source:TYPE-5:TypeMismatch,1
corpus/type5-neg-arg-mismatch,b_rows,Source:TYPE-5:TypeMismatch,1
corpus/type6-pos-distinct-names,base,accepted,0
corpus/type6-pos-distinct-names,off,accepted,0
corpus/type6-pos-distinct-names,a,accepted,0
corpus/type6-pos-distinct-names,ap,accepted,0
corpus/type6-pos-distinct-names,b,accepted,0
corpus/type6-pos-distinct-names,rows,accepted,0
corpus/type6-pos-distinct-names,b_rows,accepted,0
corpus/type6-neg-dup-variant,base,Source:TYPE-6:DeclarationCollision,1
corpus/type6-neg-dup-variant,off,Source:TYPE-6:DeclarationCollision,1
corpus/type6-neg-dup-variant,a,Source:TYPE-6:DeclarationCollision,1
corpus/type6-neg-dup-variant,ap,Source:TYPE-6:DeclarationCollision,1
corpus/type6-neg-dup-variant,b,Source:TYPE-6:DeclarationCollision,1
corpus/type6-neg-dup-variant,rows,Source:TYPE-6:DeclarationCollision,1
corpus/type6-neg-dup-variant,b_rows,Source:TYPE-6:DeclarationCollision,1
corpus/type6-neg-shadow,base,Source:TYPE-6:DeclarationCollision,1
corpus/type6-neg-shadow,off,Source:TYPE-6:DeclarationCollision,1
corpus/type6-neg-shadow,a,Source:TYPE-6:DeclarationCollision,1
corpus/type6-neg-shadow,ap,Source:TYPE-6:DeclarationCollision,1
corpus/type6-neg-shadow,b,Source:TYPE-6:DeclarationCollision,1
corpus/type6-neg-shadow,rows,Source:TYPE-6:DeclarationCollision,1
corpus/type6-neg-shadow,b_rows,Source:TYPE-6:DeclarationCollision,1
corpus/type7-pos-deref,base,accepted,0
corpus/type7-pos-deref,off,accepted,0
corpus/type7-pos-deref,a,accepted,0
corpus/type7-pos-deref,ap,accepted,0
corpus/type7-pos-deref,b,accepted,0
corpus/type7-pos-deref,rows,accepted,0
corpus/type7-pos-deref,b_rows,accepted,0
corpus/type7-neg-deref-nonref,base,Source:TYPE-7:MissingDereference,1
corpus/type7-neg-deref-nonref,off,Source:TYPE-7:MissingDereference,1
corpus/type7-neg-deref-nonref,a,Source:TYPE-7:MissingDereference,1
corpus/type7-neg-deref-nonref,ap,Source:TYPE-7:MissingDereference,1
corpus/type7-neg-deref-nonref,b,Source:TYPE-7:MissingDereference,1
corpus/type7-neg-deref-nonref,rows,Source:TYPE-7:MissingDereference,1
corpus/type7-neg-deref-nonref,b_rows,Source:TYPE-7:MissingDereference,1
corpus/type7-neg-implicit-read,base,Source:TYPE-7:MissingDereference,1
corpus/type7-neg-implicit-read,off,Source:TYPE-7:MissingDereference,1
corpus/type7-neg-implicit-read,a,Source:TYPE-7:MissingDereference,1
corpus/type7-neg-implicit-read,ap,Source:TYPE-7:MissingDereference,1
corpus/type7-neg-implicit-read,b,Source:TYPE-7:MissingDereference,1
corpus/type7-neg-implicit-read,rows,Source:TYPE-7:MissingDereference,1
corpus/type7-neg-implicit-read,b_rows,Source:TYPE-7:MissingDereference,1
corpus/const1-pos-array-size,base,accepted,0
corpus/const1-pos-array-size,off,accepted,0
corpus/const1-pos-array-size,a,accepted,0
corpus/const1-pos-array-size,ap,accepted,0
corpus/const1-pos-array-size,b,accepted,0
corpus/const1-pos-array-size,rows,accepted,0
corpus/const1-pos-array-size,b_rows,accepted,0
corpus/const1-neg-noninteger,base,Source:CONST-1:InvalidConstValue,1
corpus/const1-neg-noninteger,off,Source:CONST-1:InvalidConstValue,1
corpus/const1-neg-noninteger,a,Source:CONST-1:InvalidConstValue,1
corpus/const1-neg-noninteger,ap,Source:CONST-1:InvalidConstValue,1
corpus/const1-neg-noninteger,b,Source:CONST-1:InvalidConstValue,1
corpus/const1-neg-noninteger,rows,Source:CONST-1:InvalidConstValue,1
corpus/const1-neg-noninteger,b_rows,Source:CONST-1:InvalidConstValue,1
corpus/const2-pos-item,base,accepted,0
corpus/const2-pos-item,off,accepted,0
corpus/const2-pos-item,a,accepted,0
corpus/const2-pos-item,ap,accepted,0
corpus/const2-pos-item,b,accepted,0
corpus/const2-pos-item,rows,accepted,0
corpus/const2-pos-item,b_rows,accepted,0
corpus/const2-neg-noneligible,base,Source:CONST-2:InvalidConstValue,1
corpus/const2-neg-noneligible,off,Source:CONST-2:InvalidConstValue,1
corpus/const2-neg-noneligible,a,Source:CONST-2:InvalidConstValue,1
corpus/const2-neg-noneligible,ap,Source:CONST-2:InvalidConstValue,1
corpus/const2-neg-noneligible,b,Source:CONST-2:InvalidConstValue,1
corpus/const2-neg-noneligible,rows,Source:CONST-2:InvalidConstValue,1
corpus/const2-neg-noneligible,b_rows,Source:CONST-2:InvalidConstValue,1
corpus/own1-pos-consume-once,base,accepted,0
corpus/own1-pos-consume-once,off,accepted,0
corpus/own1-pos-consume-once,a,accepted,0
corpus/own1-pos-consume-once,ap,accepted,0
corpus/own1-pos-consume-once,b,accepted,0
corpus/own1-pos-consume-once,rows,accepted,0
corpus/own1-pos-consume-once,b_rows,accepted,0
corpus/own1-neg-use-after-move,base,Source:OWN-1:UseAfterMove,1
corpus/own1-neg-use-after-move,off,Source:OWN-1:UseAfterMove,1
corpus/own1-neg-use-after-move,a,Source:OWN-1:UseAfterMove,1
corpus/own1-neg-use-after-move,ap,Source:OWN-1:UseAfterMove,1
corpus/own1-neg-use-after-move,b,Source:OWN-1:UseAfterMove,1
corpus/own1-neg-use-after-move,rows,Source:OWN-1:UseAfterMove,1
corpus/own1-neg-use-after-move,b_rows,Source:OWN-1:UseAfterMove,1
corpus/own1-pos-explicit-affine-call,base,accepted,0
corpus/own1-pos-explicit-affine-call,off,accepted,0
corpus/own1-pos-explicit-affine-call,a,accepted,0
corpus/own1-pos-explicit-affine-call,ap,accepted,0
corpus/own1-pos-explicit-affine-call,b,accepted,0
corpus/own1-pos-explicit-affine-call,rows,accepted,0
corpus/own1-pos-explicit-affine-call,b_rows,accepted,0
corpus/own1-neg-bare-affine-call,base,Source:OWN-1:BareAffineUse,1
corpus/own1-neg-bare-affine-call,off,Source:OWN-1:BareAffineUse,1
corpus/own1-neg-bare-affine-call,a,Source:OWN-1:BareAffineUse,1
corpus/own1-neg-bare-affine-call,ap,Source:OWN-1:BareAffineUse,1
corpus/own1-neg-bare-affine-call,b,Source:OWN-1:BareAffineUse,1
corpus/own1-neg-bare-affine-call,rows,Source:OWN-1:BareAffineUse,1
corpus/own1-neg-bare-affine-call,b_rows,Source:OWN-1:BareAffineUse,1
corpus/own2-pos-three-modes,base,accepted,0
corpus/own2-pos-three-modes,off,accepted,0
corpus/own2-pos-three-modes,a,accepted,0
corpus/own2-pos-three-modes,ap,accepted,0
corpus/own2-pos-three-modes,b,accepted,0
corpus/own2-pos-three-modes,rows,accepted,0
corpus/own2-pos-three-modes,b_rows,accepted,0
corpus/own4-neg-return-local-borrow,base,Source:REF-3:EscapingReference,1
corpus/own4-neg-return-local-borrow,off,Source:REF-3:EscapingReference,1
corpus/own4-neg-return-local-borrow,a,Source:REF-3:EscapingReference,1
corpus/own4-neg-return-local-borrow,ap,Source:REF-3:EscapingReference,1
corpus/own4-neg-return-local-borrow,b,Source:REF-3:EscapingReference,1
corpus/own4-neg-return-local-borrow,rows,Source:REF-3:EscapingReference,1
corpus/own4-neg-return-local-borrow,b_rows,Source:REF-3:EscapingReference,1
corpus/own5-pos-read-through-holder,base,accepted,0
corpus/own5-pos-read-through-holder,off,accepted,0
corpus/own5-pos-read-through-holder,a,accepted,0
corpus/own5-pos-read-through-holder,ap,accepted,0
corpus/own5-pos-read-through-holder,b,accepted,0
corpus/own5-pos-read-through-holder,rows,accepted,0
corpus/own5-pos-read-through-holder,b_rows,accepted,0
corpus/own7-pos-distinct-noverlap,base,accepted,0
corpus/own7-pos-distinct-noverlap,off,accepted,0
corpus/own7-pos-distinct-noverlap,a,accepted,0
corpus/own7-pos-distinct-noverlap,ap,accepted,0
corpus/own7-pos-distinct-noverlap,b,accepted,0
corpus/own7-pos-distinct-noverlap,rows,accepted,0
corpus/own7-pos-distinct-noverlap,b_rows,accepted,0
corpus/own10-neg-dangle-caller,base,Source:REF-3:EscapingReference,1
corpus/own10-neg-dangle-caller,off,Source:REF-3:EscapingReference,1
corpus/own10-neg-dangle-caller,a,Source:REF-3:EscapingReference,1
corpus/own10-neg-dangle-caller,ap,Source:REF-3:EscapingReference,1
corpus/own10-neg-dangle-caller,b,Source:REF-3:EscapingReference,1
corpus/own10-neg-dangle-caller,rows,Source:REF-3:EscapingReference,1
corpus/own10-neg-dangle-caller,b_rows,Source:REF-3:EscapingReference,1
corpus/own11-pos-loop-inner-region,base,accepted,0
corpus/own11-pos-loop-inner-region,off,accepted,0
corpus/own11-pos-loop-inner-region,a,accepted,0
corpus/own11-pos-loop-inner-region,ap,accepted,0
corpus/own11-pos-loop-inner-region,b,accepted,0
corpus/own11-pos-loop-inner-region,rows,accepted,0
corpus/own11-pos-loop-inner-region,b_rows,accepted,0
corpus/own11-neg-borrow-outer-region,base,Source:OWN-11:MoveOuterBindingInLoop,1
corpus/own11-neg-borrow-outer-region,off,Source:OWN-11:MoveOuterBindingInLoop,1
corpus/own11-neg-borrow-outer-region,a,Source:OWN-11:MoveOuterBindingInLoop,1
corpus/own11-neg-borrow-outer-region,ap,Source:OWN-11:MoveOuterBindingInLoop,1
corpus/own11-neg-borrow-outer-region,b,Source:OWN-11:MoveOuterBindingInLoop,1
corpus/own11-neg-borrow-outer-region,rows,Source:OWN-11:MoveOuterBindingInLoop,1
corpus/own11-neg-borrow-outer-region,b_rows,Source:OWN-11:MoveOuterBindingInLoop,1
corpus/own11-neg-move-outer-in-loop,base,Source:OWN-11:MoveOuterBindingInLoop,1
corpus/own11-neg-move-outer-in-loop,off,Source:OWN-11:MoveOuterBindingInLoop,1
corpus/own11-neg-move-outer-in-loop,a,Source:OWN-11:MoveOuterBindingInLoop,1
corpus/own11-neg-move-outer-in-loop,ap,Source:OWN-11:MoveOuterBindingInLoop,1
corpus/own11-neg-move-outer-in-loop,b,Source:OWN-11:MoveOuterBindingInLoop,1
corpus/own11-neg-move-outer-in-loop,rows,Source:OWN-11:MoveOuterBindingInLoop,1
corpus/own11-neg-move-outer-in-loop,b_rows,Source:OWN-11:MoveOuterBindingInLoop,1
corpus/own12-pos-distinct-uniq-args,base,accepted,0
corpus/own12-pos-distinct-uniq-args,off,accepted,0
corpus/own12-pos-distinct-uniq-args,a,accepted,0
corpus/own12-pos-distinct-uniq-args,ap,accepted,0
corpus/own12-pos-distinct-uniq-args,b,accepted,0
corpus/own12-pos-distinct-uniq-args,rows,accepted,0
corpus/own12-pos-distinct-uniq-args,b_rows,accepted,0
corpus/own12-neg-alias-uniq-args,base,Source:EFF-5:OverlappingCallEffects,1
corpus/own12-neg-alias-uniq-args,off,Source:EFF-5:OverlappingCallEffects,1
corpus/own12-neg-alias-uniq-args,a,Source:EFF-5:OverlappingCallEffects,1
corpus/own12-neg-alias-uniq-args,ap,Source:EFF-5:OverlappingCallEffects,1
corpus/own12-neg-alias-uniq-args,b,Source:EFF-5:OverlappingCallEffects,1
corpus/own12-neg-alias-uniq-args,rows,Source:EFF-5:OverlappingCallEffects,1
corpus/own12-neg-alias-uniq-args,b_rows,Source:EFF-5:OverlappingCallEffects,1
corpus/own12-neg-a-view-argument-beside-a-unique-borrow-of-itself,base,Source:EFF-5:OverlappingCallEffects,1
corpus/own12-neg-a-view-argument-beside-a-unique-borrow-of-itself,off,Source:EFF-5:OverlappingCallEffects,1
corpus/own12-neg-a-view-argument-beside-a-unique-borrow-of-itself,a,Source:EFF-5:OverlappingCallEffects,1
corpus/own12-neg-a-view-argument-beside-a-unique-borrow-of-itself,ap,Source:EFF-5:OverlappingCallEffects,1
corpus/own12-neg-a-view-argument-beside-a-unique-borrow-of-itself,b,Source:EFF-5:OverlappingCallEffects,1
corpus/own12-neg-a-view-argument-beside-a-unique-borrow-of-itself,rows,Source:EFF-5:OverlappingCallEffects,1
corpus/own12-neg-a-view-argument-beside-a-unique-borrow-of-itself,b_rows,Source:EFF-5:OverlappingCallEffects,1
corpus/own13-pos-let-match-give,base,accepted,0
corpus/own13-pos-let-match-give,off,accepted,0
corpus/own13-pos-let-match-give,a,accepted,0
corpus/own13-pos-let-match-give,ap,accepted,0
corpus/own13-pos-let-match-give,b,accepted,0
corpus/own13-pos-let-match-give,rows,accepted,0
corpus/own13-pos-let-match-give,b_rows,accepted,0
corpus/own13-pos-borrow-match-live,base,accepted,0
corpus/own13-pos-borrow-match-live,off,accepted,0
corpus/own13-pos-borrow-match-live,a,accepted,0
corpus/own13-pos-borrow-match-live,ap,accepted,0
corpus/own13-pos-borrow-match-live,b,accepted,0
corpus/own13-pos-borrow-match-live,rows,accepted,0
corpus/own13-pos-borrow-match-live,b_rows,accepted,0
corpus/stor1-pos-frame-resident,base,accepted,0
corpus/stor1-pos-frame-resident,off,accepted,0
corpus/stor1-pos-frame-resident,a,accepted,0
corpus/stor1-pos-frame-resident,ap,accepted,0
corpus/stor1-pos-frame-resident,b,accepted,0
corpus/stor1-pos-frame-resident,rows,accepted,0
corpus/stor1-pos-frame-resident,b_rows,accepted,0
corpus/stor2-pos-box-new,base,accepted,0
corpus/stor2-pos-box-new,off,accepted,0
corpus/stor2-pos-box-new,a,accepted,0
corpus/stor2-pos-box-new,ap,accepted,0
corpus/stor2-pos-box-new,b,accepted,0
corpus/stor2-pos-box-new,rows,accepted,0
corpus/stor2-pos-box-new,b_rows,accepted,0
corpus/stor3-pos-box-drop-region,base,accepted,0
corpus/stor3-pos-box-drop-region,off,accepted,0
corpus/stor3-pos-box-drop-region,a,accepted,0
corpus/stor3-pos-box-drop-region,ap,accepted,0
corpus/stor3-pos-box-drop-region,b,accepted,0
corpus/stor3-pos-box-drop-region,rows,accepted,0
corpus/stor3-pos-box-drop-region,b_rows,accepted,0
corpus/op1-pos-table-op,base,accepted,0
corpus/op1-pos-table-op,off,accepted,0
corpus/op1-pos-table-op,a,accepted,0
corpus/op1-pos-table-op,ap,accepted,0
corpus/op1-pos-table-op,b,accepted,0
corpus/op1-pos-table-op,rows,accepted,0
corpus/op1-pos-table-op,b_rows,accepted,0
corpus/op1-neg-ineg-unsigned,base,Source:OP-1:InvalidOperation,1
corpus/op1-neg-ineg-unsigned,off,Source:OP-1:InvalidOperation,1
corpus/op1-neg-ineg-unsigned,a,Source:OP-1:InvalidOperation,1
corpus/op1-neg-ineg-unsigned,ap,Source:OP-1:InvalidOperation,1
corpus/op1-neg-ineg-unsigned,b,Source:OP-1:InvalidOperation,1
corpus/op1-neg-ineg-unsigned,rows,Source:OP-1:InvalidOperation,1
corpus/op1-neg-ineg-unsigned,b_rows,Source:OP-1:InvalidOperation,1
corpus/op2-pos-div-checked,base,accepted,0
corpus/op2-pos-div-checked,off,accepted,0
corpus/op2-pos-div-checked,a,accepted,0
corpus/op2-pos-div-checked,ap,accepted,0
corpus/op2-pos-div-checked,b,accepted,0
corpus/op2-pos-div-checked,rows,accepted,0
corpus/op2-pos-div-checked,b_rows,accepted,0
corpus/op2-pos-ineg-modes,base,accepted,0
corpus/op2-pos-ineg-modes,off,accepted,0
corpus/op2-pos-ineg-modes,a,accepted,0
corpus/op2-pos-ineg-modes,ap,accepted,0
corpus/op2-pos-ineg-modes,b,accepted,0
corpus/op2-pos-ineg-modes,rows,accepted,0
corpus/op2-pos-ineg-modes,b_rows,accepted,0
corpus/op2-pos-guarded-subtraction-l0-bridge,base,accepted,0
corpus/op2-pos-guarded-subtraction-l0-bridge,off,accepted,0
corpus/op2-pos-guarded-subtraction-l0-bridge,a,accepted,0
corpus/op2-pos-guarded-subtraction-l0-bridge,ap,accepted,0
corpus/op2-pos-guarded-subtraction-l0-bridge,b,accepted,0
corpus/op2-pos-guarded-subtraction-l0-bridge,rows,accepted,0
corpus/op2-pos-guarded-subtraction-l0-bridge,b_rows,accepted,0
corpus/op2-neg-div-wrap,base,Source:OP-1:UnresolvedUse,1
corpus/op2-neg-div-wrap,off,Source:OP-1:UnresolvedUse,1
corpus/op2-neg-div-wrap,a,Source:OP-1:UnresolvedUse,1
corpus/op2-neg-div-wrap,ap,Source:OP-1:UnresolvedUse,1
corpus/op2-neg-div-wrap,b,Source:OP-1:UnresolvedUse,1
corpus/op2-neg-div-wrap,rows,Source:OP-1:UnresolvedUse,1
corpus/op2-neg-div-wrap,b_rows,Source:OP-1:UnresolvedUse,1
corpus/op3-pos-fadd-strict,base,accepted,0
corpus/op3-pos-fadd-strict,off,accepted,0
corpus/op3-pos-fadd-strict,a,accepted,0
corpus/op3-pos-fadd-strict,ap,accepted,0
corpus/op3-pos-fadd-strict,b,accepted,0
corpus/op3-pos-fadd-strict,rows,accepted,0
corpus/op3-pos-fadd-strict,b_rows,accepted,0
corpus/op3-neg-exact-dotted,base,Source:OP-1:UnresolvedUse,1
corpus/op3-neg-exact-dotted,off,Source:OP-1:UnresolvedUse,1
corpus/op3-neg-exact-dotted,a,Source:OP-1:UnresolvedUse,1
corpus/op3-neg-exact-dotted,ap,Source:OP-1:UnresolvedUse,1
corpus/op3-neg-exact-dotted,b,Source:OP-1:UnresolvedUse,1
corpus/op3-neg-exact-dotted,rows,Source:OP-1:UnresolvedUse,1
corpus/op3-neg-exact-dotted,b_rows,Source:OP-1:UnresolvedUse,1
corpus/op4-neg-index-undischarged,base,Source:OP-4:UndischargedBoundsObligation,1
corpus/op4-neg-index-undischarged,off,Source:OP-4:UndischargedBoundsObligation,1
corpus/op4-neg-index-undischarged,a,Source:OP-4:UndischargedBoundsObligation,1
corpus/op4-neg-index-undischarged,ap,Source:OP-4:UndischargedBoundsObligation,1
corpus/op4-neg-index-undischarged,b,Source:OP-4:UndischargedBoundsObligation,1
corpus/op4-neg-index-undischarged,rows,Source:OP-4:UndischargedBoundsObligation,1
corpus/op4-neg-index-undischarged,b_rows,Source:OP-4:UndischargedBoundsObligation,1
corpus/op4-pos-index-discharged,base,accepted,0
corpus/op4-pos-index-discharged,off,accepted,0
corpus/op4-pos-index-discharged,a,accepted,0
corpus/op4-pos-index-discharged,ap,accepted,0
corpus/op4-pos-index-discharged,b,accepted,0
corpus/op4-pos-index-discharged,rows,accepted,0
corpus/op4-pos-index-discharged,b_rows,accepted,0
corpus/op6-pos-cvt-total,base,accepted,0
corpus/op6-pos-cvt-total,off,accepted,0
corpus/op6-pos-cvt-total,a,accepted,0
corpus/op6-pos-cvt-total,ap,accepted,0
corpus/op6-pos-cvt-total,b,accepted,0
corpus/op6-pos-cvt-total,rows,accepted,0
corpus/op6-pos-cvt-total,b_rows,accepted,0
corpus/op6-pos-cvt-checked,base,accepted,0
corpus/op6-pos-cvt-checked,off,accepted,0
corpus/op6-pos-cvt-checked,a,accepted,0
corpus/op6-pos-cvt-checked,ap,accepted,0
corpus/op6-pos-cvt-checked,b,accepted,0
corpus/op6-pos-cvt-checked,rows,accepted,0
corpus/op6-pos-cvt-checked,b_rows,accepted,0
corpus/op6-pos-cvt-identity,base,accepted,0
corpus/op6-pos-cvt-identity,off,accepted,0
corpus/op6-pos-cvt-identity,a,accepted,0
corpus/op6-pos-cvt-identity,ap,accepted,0
corpus/op6-pos-cvt-identity,b,accepted,0
corpus/op6-pos-cvt-identity,rows,accepted,0
corpus/op6-pos-cvt-identity,b_rows,accepted,0
corpus/op7-pos-name-convention,base,accepted,0
corpus/op7-pos-name-convention,off,accepted,0
corpus/op7-pos-name-convention,a,accepted,0
corpus/op7-pos-name-convention,ap,accepted,0
corpus/op7-pos-name-convention,b,accepted,0
corpus/op7-pos-name-convention,rows,accepted,0
corpus/op7-pos-name-convention,b_rows,accepted,0
corpus/op7-neg-missing-prefix,base,Source:OP-1:UnresolvedUse,1
corpus/op7-neg-missing-prefix,off,Source:OP-1:UnresolvedUse,1
corpus/op7-neg-missing-prefix,a,Source:OP-1:UnresolvedUse,1
corpus/op7-neg-missing-prefix,ap,Source:OP-1:UnresolvedUse,1
corpus/op7-neg-missing-prefix,b,Source:OP-1:UnresolvedUse,1
corpus/op7-neg-missing-prefix,rows,Source:OP-1:UnresolvedUse,1
corpus/op7-neg-missing-prefix,b_rows,Source:OP-1:UnresolvedUse,1
corpus/op8-pos-iand,base,accepted,0
corpus/op8-pos-iand,off,accepted,0
corpus/op8-pos-iand,a,accepted,0
corpus/op8-pos-iand,ap,accepted,0
corpus/op8-pos-iand,b,accepted,0
corpus/op8-pos-iand,rows,accepted,0
corpus/op8-pos-iand,b_rows,accepted,0
corpus/op8-neg-rotate-checked,base,Source:OP-1:UnresolvedUse,1
corpus/op8-neg-rotate-checked,off,Source:OP-1:UnresolvedUse,1
corpus/op8-neg-rotate-checked,a,Source:OP-1:UnresolvedUse,1
corpus/op8-neg-rotate-checked,ap,Source:OP-1:UnresolvedUse,1
corpus/op8-neg-rotate-checked,b,Source:OP-1:UnresolvedUse,1
corpus/op8-neg-rotate-checked,rows,Source:OP-1:UnresolvedUse,1
corpus/op8-neg-rotate-checked,b_rows,Source:OP-1:UnresolvedUse,1
corpus/op8-pos-u64-shift-u32,base,accepted,0
corpus/op8-pos-u64-shift-u32,off,accepted,0
corpus/op8-pos-u64-shift-u32,a,accepted,0
corpus/op8-pos-u64-shift-u32,ap,accepted,0
corpus/op8-pos-u64-shift-u32,b,accepted,0
corpus/op8-pos-u64-shift-u32,rows,accepted,0
corpus/op8-pos-u64-shift-u32,b_rows,accepted,0
corpus/op8-pos-integer-family,base,accepted,0
corpus/op8-pos-integer-family,off,accepted,0
corpus/op8-pos-integer-family,a,accepted,0
corpus/op8-pos-integer-family,ap,accepted,0
corpus/op8-pos-integer-family,b,accepted,0
corpus/op8-pos-integer-family,rows,accepted,0
corpus/op8-pos-integer-family,b_rows,accepted,0
corpus/op9-pos-buffer-new,base,accepted,0
corpus/op9-pos-buffer-new,off,accepted,0
corpus/op9-pos-buffer-new,a,accepted,0
corpus/op9-pos-buffer-new,ap,accepted,0
corpus/op9-pos-buffer-new,b,accepted,0
corpus/op9-pos-buffer-new,rows,accepted,0
corpus/op9-pos-buffer-new,b_rows,accepted,0
corpus/fn1-pos-signature-driven-call,base,accepted,0
corpus/fn1-pos-signature-driven-call,off,accepted,0
corpus/fn1-pos-signature-driven-call,a,accepted,0
corpus/fn1-pos-signature-driven-call,ap,accepted,0
corpus/fn1-pos-signature-driven-call,b,accepted,0
corpus/fn1-pos-signature-driven-call,rows,accepted,0
corpus/fn1-pos-signature-driven-call,b_rows,accepted,0
corpus/fn3-pos-contract-conform,base,accepted,0
corpus/fn3-pos-contract-conform,off,accepted,0
corpus/fn3-pos-contract-conform,a,accepted,0
corpus/fn3-pos-contract-conform,ap,accepted,0
corpus/fn3-pos-contract-conform,b,accepted,0
corpus/fn3-pos-contract-conform,rows,accepted,0
corpus/fn3-pos-contract-conform,b_rows,accepted,0
corpus/fn3-pos-two-explicit-actuals,base,accepted,0
corpus/fn3-pos-two-explicit-actuals,off,accepted,0
corpus/fn3-pos-two-explicit-actuals,a,accepted,0
corpus/fn3-pos-two-explicit-actuals,ap,accepted,0
corpus/fn3-pos-two-explicit-actuals,b,accepted,0
corpus/fn3-pos-two-explicit-actuals,rows,accepted,0
corpus/fn3-pos-two-explicit-actuals,b_rows,accepted,0
corpus/fn5-pos-match-dispatch,base,accepted,0
corpus/fn5-pos-match-dispatch,off,accepted,0
corpus/fn5-pos-match-dispatch,a,accepted,0
corpus/fn5-pos-match-dispatch,ap,accepted,0
corpus/fn5-pos-match-dispatch,b,accepted,0
corpus/fn5-pos-match-dispatch,rows,accepted,0
corpus/fn5-pos-match-dispatch,b_rows,accepted,0
corpus/fn6-pos-recursion,base,accepted,0
corpus/fn6-pos-recursion,off,accepted,0
corpus/fn6-pos-recursion,a,accepted,0
corpus/fn6-pos-recursion,ap,accepted,0
corpus/fn6-pos-recursion,b,accepted,0
corpus/fn6-pos-recursion,rows,accepted,0
corpus/fn6-pos-recursion,b_rows,accepted,0
corpus/fn6-neg-polymorphic-recursion,base,Source:FN-6:PolymorphicRecursion,1
corpus/fn6-neg-polymorphic-recursion,off,Source:FN-6:PolymorphicRecursion,1
corpus/fn6-neg-polymorphic-recursion,a,Source:FN-6:PolymorphicRecursion,1
corpus/fn6-neg-polymorphic-recursion,ap,Source:FN-6:PolymorphicRecursion,1
corpus/fn6-neg-polymorphic-recursion,b,Source:FN-6:PolymorphicRecursion,1
corpus/fn6-neg-polymorphic-recursion,rows,Source:FN-6:PolymorphicRecursion,1
corpus/fn6-neg-polymorphic-recursion,b_rows,Source:FN-6:PolymorphicRecursion,1
corpus/fn6-pos-a-generic-cycle-at-the-callers-own-parameters,base,accepted,0
corpus/fn6-pos-a-generic-cycle-at-the-callers-own-parameters,off,accepted,0
corpus/fn6-pos-a-generic-cycle-at-the-callers-own-parameters,a,accepted,0
corpus/fn6-pos-a-generic-cycle-at-the-callers-own-parameters,ap,accepted,0
corpus/fn6-pos-a-generic-cycle-at-the-callers-own-parameters,b,accepted,0
corpus/fn6-pos-a-generic-cycle-at-the-callers-own-parameters,rows,accepted,0
corpus/fn6-pos-a-generic-cycle-at-the-callers-own-parameters,b_rows,accepted,0
corpus/fn7-pos-single-main,base,accepted,0
corpus/fn7-pos-single-main,off,accepted,0
corpus/fn7-pos-single-main,a,accepted,0
corpus/fn7-pos-single-main,ap,accepted,0
corpus/fn7-pos-single-main,b,accepted,0
corpus/fn7-pos-single-main,rows,accepted,0
corpus/fn7-pos-single-main,b_rows,accepted,0
corpus/fn7-neg-two-mains,base,Source:TYPE-6:DeclarationCollision,1
corpus/fn7-neg-two-mains,off,Source:TYPE-6:DeclarationCollision,1
corpus/fn7-neg-two-mains,a,Source:TYPE-6:DeclarationCollision,1
corpus/fn7-neg-two-mains,ap,Source:TYPE-6:DeclarationCollision,1
corpus/fn7-neg-two-mains,b,Source:TYPE-6:DeclarationCollision,1
corpus/fn7-neg-two-mains,rows,Source:TYPE-6:DeclarationCollision,1
corpus/fn7-neg-two-mains,b_rows,Source:TYPE-6:DeclarationCollision,1
corpus/ent1-pos-instantiation-judged-at-value,base,accepted,0
corpus/ent1-pos-instantiation-judged-at-value,off,accepted,0
corpus/ent1-pos-instantiation-judged-at-value,a,accepted,0
corpus/ent1-pos-instantiation-judged-at-value,ap,accepted,0
corpus/ent1-pos-instantiation-judged-at-value,b,accepted,0
corpus/ent1-pos-instantiation-judged-at-value,rows,accepted,0
corpus/ent1-pos-instantiation-judged-at-value,b_rows,accepted,0
corpus/ent1-neg-instantiation-judged-at-value,base,Source:OP-4:UndischargedBoundsObligation,1
corpus/ent1-neg-instantiation-judged-at-value,off,Source:OP-4:UndischargedBoundsObligation,1
corpus/ent1-neg-instantiation-judged-at-value,a,Source:OP-4:UndischargedBoundsObligation,1
corpus/ent1-neg-instantiation-judged-at-value,ap,Source:OP-4:UndischargedBoundsObligation,1
corpus/ent1-neg-instantiation-judged-at-value,b,Source:OP-4:UndischargedBoundsObligation,1
corpus/ent1-neg-instantiation-judged-at-value,rows,Source:OP-4:UndischargedBoundsObligation,1
corpus/ent1-neg-instantiation-judged-at-value,b_rows,Source:OP-4:UndischargedBoundsObligation,1
corpus/ent2-pos-array-length-survives-root-replace,base,accepted,0
corpus/ent2-pos-array-length-survives-root-replace,off,accepted,0
corpus/ent2-pos-array-length-survives-root-replace,a,accepted,0
corpus/ent2-pos-array-length-survives-root-replace,ap,accepted,0
corpus/ent2-pos-array-length-survives-root-replace,b,accepted,0
corpus/ent2-pos-array-length-survives-root-replace,rows,accepted,0
corpus/ent2-pos-array-length-survives-root-replace,b_rows,accepted,0
corpus/ent2-neg-no-fact-across-call,base,Source:OP-4:UndischargedBoundsObligation,1
corpus/ent2-neg-no-fact-across-call,off,Source:OP-4:UndischargedBoundsObligation,1
corpus/ent2-neg-no-fact-across-call,a,Source:OP-4:UndischargedBoundsObligation,1
corpus/ent2-neg-no-fact-across-call,ap,Source:OP-4:UndischargedBoundsObligation,1
corpus/ent2-neg-no-fact-across-call,b,Source:OP-4:UndischargedBoundsObligation,1
corpus/ent2-neg-no-fact-across-call,rows,Source:OP-4:UndischargedBoundsObligation,1
corpus/ent2-neg-no-fact-across-call,b_rows,Source:OP-4:UndischargedBoundsObligation,1
corpus/ent2-neg-expired-spelling-inherits-nothing,base,Source:OP-4:UndischargedBoundsObligation,1
corpus/ent2-neg-expired-spelling-inherits-nothing,off,Source:OP-4:UndischargedBoundsObligation,1
corpus/ent2-neg-expired-spelling-inherits-nothing,a,Source:OP-4:UndischargedBoundsObligation,1
corpus/ent2-neg-expired-spelling-inherits-nothing,ap,Source:OP-4:UndischargedBoundsObligation,1
corpus/ent2-neg-expired-spelling-inherits-nothing,b,Source:OP-4:UndischargedBoundsObligation,1
corpus/ent2-neg-expired-spelling-inherits-nothing,rows,Source:OP-4:UndischargedBoundsObligation,1
corpus/ent2-neg-expired-spelling-inherits-nothing,b_rows,Source:OP-4:UndischargedBoundsObligation,1
corpus/ent3-pos-s1-branch-fact,base,accepted,0
corpus/ent3-pos-s1-branch-fact,off,accepted,0
corpus/ent3-pos-s1-branch-fact,a,accepted,0
corpus/ent3-pos-s1-branch-fact,ap,accepted,0
corpus/ent3-pos-s1-branch-fact,b,accepted,0
corpus/ent3-pos-s1-branch-fact,rows,accepted,0
corpus/ent3-pos-s1-branch-fact,b_rows,accepted,0
corpus/ent3-pos-s4-requires-fact,base,accepted,0
corpus/ent3-pos-s4-requires-fact,off,accepted,0
corpus/ent3-pos-s4-requires-fact,a,accepted,0
corpus/ent3-pos-s4-requires-fact,ap,accepted,0
corpus/ent3-pos-s4-requires-fact,b,accepted,0
corpus/ent3-pos-s4-requires-fact,rows,accepted,0
corpus/ent3-pos-s4-requires-fact,b_rows,accepted,0
corpus/ent3-pos-s5-set-commit-image,base,accepted,0
corpus/ent3-pos-s5-set-commit-image,off,accepted,0
corpus/ent3-pos-s5-set-commit-image,a,accepted,0
corpus/ent3-pos-s5-set-commit-image,ap,accepted,0
corpus/ent3-pos-s5-set-commit-image,b,accepted,0
corpus/ent3-pos-s5-set-commit-image,rows,accepted,0
corpus/ent3-pos-s5-set-commit-image,b_rows,accepted,0
corpus/ent3-pos-s6-allocation-length-fact,base,accepted,0
corpus/ent3-pos-s6-allocation-length-fact,off,accepted,0
corpus/ent3-pos-s6-allocation-length-fact,a,accepted,0
corpus/ent3-pos-s6-allocation-length-fact,ap,accepted,0
corpus/ent3-pos-s6-allocation-length-fact,b,accepted,0
corpus/ent3-pos-s6-allocation-length-fact,rows,accepted,0
corpus/ent3-pos-s6-allocation-length-fact,b_rows,accepted,0
corpus/ent3-pos-bor-guard-decomposition,base,accepted,0
corpus/ent3-pos-bor-guard-decomposition,off,accepted,0
corpus/ent3-pos-bor-guard-decomposition,a,accepted,0
corpus/ent3-pos-bor-guard-decomposition,ap,accepted,0
corpus/ent3-pos-bor-guard-decomposition,b,accepted,0
corpus/ent3-pos-bor-guard-decomposition,rows,accepted,0
corpus/ent3-pos-bor-guard-decomposition,b_rows,accepted,0
corpus/ent3-pos-band-check-decomposition,base,accepted,0
corpus/ent3-pos-band-check-decomposition,off,accepted,0
corpus/ent3-pos-band-check-decomposition,a,accepted,0
corpus/ent3-pos-band-check-decomposition,ap,accepted,0
corpus/ent3-pos-band-check-decomposition,b,accepted,0
corpus/ent3-pos-band-check-decomposition,rows,accepted,0
corpus/ent3-pos-band-check-decomposition,b_rows,accepted,0
corpus/ent4-pos-transitivity-discharges,base,accepted,0
corpus/ent4-pos-transitivity-discharges,off,accepted,0
corpus/ent4-pos-transitivity-discharges,a,accepted,0
corpus/ent4-pos-transitivity-discharges,ap,accepted,0
corpus/ent4-pos-transitivity-discharges,b,accepted,0
corpus/ent4-pos-transitivity-discharges,rows,accepted,0
corpus/ent4-pos-transitivity-discharges,b_rows,accepted,0
corpus/ent4-pos-disequality-strengthens,base,accepted,0
corpus/ent4-pos-disequality-strengthens,off,accepted,0
corpus/ent4-pos-disequality-strengthens,a,accepted,0
corpus/ent4-pos-disequality-strengthens,ap,accepted,0
corpus/ent4-pos-disequality-strengthens,b,accepted,0
corpus/ent4-pos-disequality-strengthens,rows,accepted,0
corpus/ent4-pos-disequality-strengthens,b_rows,accepted,0
corpus/ent4-neg-nonstrict-bound-underivable,base,Source:OP-4:UndischargedBoundsObligation,1
corpus/ent4-neg-nonstrict-bound-underivable,off,Source:OP-4:UndischargedBoundsObligation,1
corpus/ent4-neg-nonstrict-bound-underivable,a,Source:OP-4:UndischargedBoundsObligation,1
corpus/ent4-neg-nonstrict-bound-underivable,ap,Source:OP-4:UndischargedBoundsObligation,1
corpus/ent4-neg-nonstrict-bound-underivable,b,Source:OP-4:UndischargedBoundsObligation,1
corpus/ent4-neg-nonstrict-bound-underivable,rows,Source:OP-4:UndischargedBoundsObligation,1
corpus/ent4-neg-nonstrict-bound-underivable,b_rows,Source:OP-4:UndischargedBoundsObligation,1
corpus/ent4-pos-contradictory-state-discharges,base,accepted,0
corpus/ent4-pos-contradictory-state-discharges,off,accepted,0
corpus/ent4-pos-contradictory-state-discharges,a,accepted,0
corpus/ent4-pos-contradictory-state-discharges,ap,accepted,0
corpus/ent4-pos-contradictory-state-discharges,b,accepted,0
corpus/ent4-pos-contradictory-state-discharges,rows,accepted,0
corpus/ent4-pos-contradictory-state-discharges,b_rows,accepted,0
corpus/ent5-pos-element-write-preserves-length,base,accepted,0
corpus/ent5-pos-element-write-preserves-length,off,accepted,0
corpus/ent5-pos-element-write-preserves-length,a,accepted,0
corpus/ent5-pos-element-write-preserves-length,ap,accepted,0
corpus/ent5-pos-element-write-preserves-length,b,accepted,0
corpus/ent5-pos-element-write-preserves-length,rows,accepted,0
corpus/ent5-pos-element-write-preserves-length,b_rows,accepted,0
corpus/ent5-pos-join-keeps-common-bound,base,accepted,0
corpus/ent5-pos-join-keeps-common-bound,off,accepted,0
corpus/ent5-pos-join-keeps-common-bound,a,accepted,0
corpus/ent5-pos-join-keeps-common-bound,ap,accepted,0
corpus/ent5-pos-join-keeps-common-bound,b,accepted,0
corpus/ent5-pos-join-keeps-common-bound,rows,accepted,0
corpus/ent5-pos-join-keeps-common-bound,b_rows,accepted,0
corpus/ent5-pos-close-before-scope-kill,base,accepted,0
corpus/ent5-pos-close-before-scope-kill,off,accepted,0
corpus/ent5-pos-close-before-scope-kill,a,accepted,0
corpus/ent5-pos-close-before-scope-kill,ap,accepted,0
corpus/ent5-pos-close-before-scope-kill,b,accepted,0
corpus/ent5-pos-close-before-scope-kill,rows,accepted,0
corpus/ent5-pos-close-before-scope-kill,b_rows,accepted,0
corpus/ent5-pos-project-middle-before-set,base,accepted,0
corpus/ent5-pos-project-middle-before-set,off,accepted,0
corpus/ent5-pos-project-middle-before-set,a,accepted,0
corpus/ent5-pos-project-middle-before-set,ap,accepted,0
corpus/ent5-pos-project-middle-before-set,b,accepted,0
corpus/ent5-pos-project-middle-before-set,rows,accepted,0
corpus/ent5-pos-project-middle-before-set,b_rows,accepted,0
corpus/ent5-pos-close-before-set-strengthening,base,accepted,0
corpus/ent5-pos-close-before-set-strengthening,off,accepted,0
corpus/ent5-pos-close-before-set-strengthening,a,accepted,0
corpus/ent5-pos-close-before-set-strengthening,ap,accepted,0
corpus/ent5-pos-close-before-set-strengthening,b,accepted,0
corpus/ent5-pos-close-before-set-strengthening,rows,accepted,0
corpus/ent5-pos-close-before-set-strengthening,b_rows,accepted,0
corpus/ent5-neg-join-takes-weakest-bound,base,Source:OP-4:UndischargedBoundsObligation,1
corpus/ent5-neg-join-takes-weakest-bound,off,Source:OP-4:UndischargedBoundsObligation,1
corpus/ent5-neg-join-takes-weakest-bound,a,Source:OP-4:UndischargedBoundsObligation,1
corpus/ent5-neg-join-takes-weakest-bound,ap,Source:OP-4:UndischargedBoundsObligation,1
corpus/ent5-neg-join-takes-weakest-bound,b,Source:OP-4:UndischargedBoundsObligation,1
corpus/ent5-neg-join-takes-weakest-bound,rows,Source:OP-4:UndischargedBoundsObligation,1
corpus/ent5-neg-join-takes-weakest-bound,b_rows,Source:OP-4:UndischargedBoundsObligation,1
corpus/ent5-neg-kill-on-write,base,Source:OP-4:UndischargedBoundsObligation,1
corpus/ent5-neg-kill-on-write,off,Source:OP-4:UndischargedBoundsObligation,1
corpus/ent5-neg-kill-on-write,a,Source:OP-4:UndischargedBoundsObligation,1
corpus/ent5-neg-kill-on-write,ap,Source:OP-4:UndischargedBoundsObligation,1
corpus/ent5-neg-kill-on-write,b,Source:OP-4:UndischargedBoundsObligation,1
corpus/ent5-neg-kill-on-write,rows,Source:OP-4:UndischargedBoundsObligation,1
corpus/ent5-neg-kill-on-write,b_rows,Source:OP-4:UndischargedBoundsObligation,1
corpus/ent5-neg-loop-rule-drops-preloop-fact,base,Source:OP-4:UndischargedBoundsObligation,1
corpus/ent5-neg-loop-rule-drops-preloop-fact,off,Source:OP-4:UndischargedBoundsObligation,1
corpus/ent5-neg-loop-rule-drops-preloop-fact,a,Source:OP-4:UndischargedBoundsObligation,1
corpus/ent5-neg-loop-rule-drops-preloop-fact,ap,Source:OP-4:UndischargedBoundsObligation,1
corpus/ent5-neg-loop-rule-drops-preloop-fact,b,Source:OP-4:UndischargedBoundsObligation,1
corpus/ent5-neg-loop-rule-drops-preloop-fact,rows,Source:OP-4:UndischargedBoundsObligation,1
corpus/ent5-neg-loop-rule-drops-preloop-fact,b_rows,Source:OP-4:UndischargedBoundsObligation,1
corpus/ent5-pos-return-does-not-kill-loop-head-fact,base,accepted,0
corpus/ent5-pos-return-does-not-kill-loop-head-fact,off,accepted,0
corpus/ent5-pos-return-does-not-kill-loop-head-fact,a,accepted,0
corpus/ent5-pos-return-does-not-kill-loop-head-fact,ap,accepted,0
corpus/ent5-pos-return-does-not-kill-loop-head-fact,b,accepted,0
corpus/ent5-pos-return-does-not-kill-loop-head-fact,rows,accepted,0
corpus/ent5-pos-return-does-not-kill-loop-head-fact,b_rows,accepted,0
corpus/ent6-neg-join-one-arm-advances-accumulator,base,Source:INV-1:UndischargedLoopInvariant,1
corpus/ent6-neg-join-one-arm-advances-accumulator,off,Source:INV-1:UndischargedLoopInvariant,1
corpus/ent6-neg-join-one-arm-advances-accumulator,a,Source:INV-1:UndischargedLoopInvariant,1
corpus/ent6-neg-join-one-arm-advances-accumulator,ap,Source:INV-1:UndischargedLoopInvariant,1
corpus/ent6-neg-join-one-arm-advances-accumulator,b,Source:INV-1:UndischargedLoopInvariant,1
corpus/ent6-neg-join-one-arm-advances-accumulator,rows,Source:INV-1:UndischargedLoopInvariant,1
corpus/ent6-neg-join-one-arm-advances-accumulator,b_rows,Source:INV-1:UndischargedLoopInvariant,1
corpus/ent6-pos-join-value-if-lifted-addend,base,accepted,0
corpus/ent6-pos-join-value-if-lifted-addend,off,accepted,0
corpus/ent6-pos-join-value-if-lifted-addend,a,accepted,0
corpus/ent6-pos-join-value-if-lifted-addend,ap,accepted,0
corpus/ent6-pos-join-value-if-lifted-addend,b,accepted,0
corpus/ent6-pos-join-value-if-lifted-addend,rows,accepted,0
corpus/ent6-pos-join-value-if-lifted-addend,b_rows,accepted,0
corpus/eff1-neg-wrong-order-row,base,Source:EFF-1:InvalidEffectRow,1
corpus/eff1-neg-wrong-order-row,off,Source:EFF-1:InvalidEffectRow,1
corpus/eff1-neg-wrong-order-row,a,Source:EFF-1:InvalidEffectRow,1
corpus/eff1-neg-wrong-order-row,ap,Source:EFF-1:InvalidEffectRow,1
corpus/eff1-neg-wrong-order-row,b,Source:EFF-1:InvalidEffectRow,1
corpus/eff1-neg-wrong-order-row,rows,Source:EFF-1:InvalidEffectRow,1
corpus/eff1-neg-wrong-order-row,b_rows,Source:EFF-1:InvalidEffectRow,1
corpus/eff1-neg-read-subsumed-by-write,base,Source:EFF-1:SubsumedEffectEntry,1
corpus/eff1-neg-read-subsumed-by-write,off,Source:EFF-1:SubsumedEffectEntry,1
corpus/eff1-neg-read-subsumed-by-write,a,Source:EFF-1:SubsumedEffectEntry,1
corpus/eff1-neg-read-subsumed-by-write,ap,Source:EFF-1:SubsumedEffectEntry,1
corpus/eff1-neg-read-subsumed-by-write,b,Source:EFF-1:SubsumedEffectEntry,1
corpus/eff1-neg-read-subsumed-by-write,rows,Source:EFF-1:SubsumedEffectEntry,1
corpus/eff1-neg-read-subsumed-by-write,b_rows,Source:EFF-1:SubsumedEffectEntry,1
corpus/eff1-neg-read-below-written-path,base,Source:EFF-1:SubsumedEffectEntry,1
corpus/eff1-neg-read-below-written-path,off,Source:EFF-1:SubsumedEffectEntry,1
corpus/eff1-neg-read-below-written-path,a,Source:EFF-1:SubsumedEffectEntry,1
corpus/eff1-neg-read-below-written-path,ap,Source:EFF-1:SubsumedEffectEntry,1
corpus/eff1-neg-read-below-written-path,b,Source:EFF-1:SubsumedEffectEntry,1
corpus/eff1-neg-read-below-written-path,rows,Source:EFF-1:SubsumedEffectEntry,1
corpus/eff1-neg-read-below-written-path,b_rows,Source:EFF-1:SubsumedEffectEntry,1
corpus/eff1-neg-write-below-written-path,base,Source:EFF-1:SubsumedEffectEntry,1
corpus/eff1-neg-write-below-written-path,off,Source:EFF-1:SubsumedEffectEntry,1
corpus/eff1-neg-write-below-written-path,a,Source:EFF-1:SubsumedEffectEntry,1
corpus/eff1-neg-write-below-written-path,ap,Source:EFF-1:SubsumedEffectEntry,1
corpus/eff1-neg-write-below-written-path,b,Source:EFF-1:SubsumedEffectEntry,1
corpus/eff1-neg-write-below-written-path,rows,Source:EFF-1:SubsumedEffectEntry,1
corpus/eff1-neg-write-below-written-path,b_rows,Source:EFF-1:SubsumedEffectEntry,1
corpus/eff1-neg-read-below-read-path,base,Source:EFF-1:SubsumedEffectEntry,1
corpus/eff1-neg-read-below-read-path,off,Source:EFF-1:SubsumedEffectEntry,1
corpus/eff1-neg-read-below-read-path,a,Source:EFF-1:SubsumedEffectEntry,1
corpus/eff1-neg-read-below-read-path,ap,Source:EFF-1:SubsumedEffectEntry,1
corpus/eff1-neg-read-below-read-path,b,Source:EFF-1:SubsumedEffectEntry,1
corpus/eff1-neg-read-below-read-path,rows,Source:EFF-1:SubsumedEffectEntry,1
corpus/eff1-neg-read-below-read-path,b_rows,Source:EFF-1:SubsumedEffectEntry,1
corpus/eff1-neg-absent-array-capacity,base,Source:EFF-1:InvalidEffectRow,1
corpus/eff1-neg-absent-array-capacity,off,Source:EFF-1:InvalidEffectRow,1
corpus/eff1-neg-absent-array-capacity,a,Source:EFF-1:InvalidEffectRow,1
corpus/eff1-neg-absent-array-capacity,ap,Source:EFF-1:InvalidEffectRow,1
corpus/eff1-neg-absent-array-capacity,b,Source:EFF-1:InvalidEffectRow,1
corpus/eff1-neg-absent-array-capacity,rows,Source:EFF-1:InvalidEffectRow,1
corpus/eff1-neg-absent-array-capacity,b_rows,Source:EFF-1:InvalidEffectRow,1
corpus/eff1-neg-absent-slots-head,base,Source:EFF-1:InvalidEffectRow,1
corpus/eff1-neg-absent-slots-head,off,Source:EFF-1:InvalidEffectRow,1
corpus/eff1-neg-absent-slots-head,a,Source:EFF-1:InvalidEffectRow,1
corpus/eff1-neg-absent-slots-head,ap,Source:EFF-1:InvalidEffectRow,1
corpus/eff1-neg-absent-slots-head,b,Source:EFF-1:InvalidEffectRow,1
corpus/eff1-neg-absent-slots-head,rows,Source:EFF-1:InvalidEffectRow,1
corpus/eff1-neg-absent-slots-head,b_rows,Source:EFF-1:InvalidEffectRow,1
corpus/eff1-neg-source-generic-is-not-a-window-parameter,base,Source:EFF-1:InvalidEffectRow,1
corpus/eff1-neg-source-generic-is-not-a-window-parameter,off,Source:EFF-1:InvalidEffectRow,1
corpus/eff1-neg-source-generic-is-not-a-window-parameter,a,Source:EFF-1:InvalidEffectRow,1
corpus/eff1-neg-source-generic-is-not-a-window-parameter,ap,Source:EFF-1:InvalidEffectRow,1
corpus/eff1-neg-source-generic-is-not-a-window-parameter,b,Source:EFF-1:InvalidEffectRow,1
corpus/eff1-neg-source-generic-is-not-a-window-parameter,rows,Source:EFF-1:InvalidEffectRow,1
corpus/eff1-neg-source-generic-is-not-a-window-parameter,b_rows,Source:EFF-1:InvalidEffectRow,1
corpus/eff2-neg-undeclared-exhibited,base,Source:EFF-2:EffectMismatch,1
corpus/eff2-neg-undeclared-exhibited,off,Source:EFF-2:EffectMismatch,1
corpus/eff2-neg-undeclared-exhibited,a,Source:EFF-2:EffectMismatch,1
corpus/eff2-neg-undeclared-exhibited,ap,Source:EFF-2:EffectMismatch,1
corpus/eff2-neg-undeclared-exhibited,b,Source:EFF-2:EffectMismatch,1
corpus/eff2-neg-undeclared-exhibited,rows,Source:EFF-2:EffectMismatch,1
corpus/eff2-neg-undeclared-exhibited,b_rows,Source:EFF-2:EffectMismatch,1
corpus/eff2-neg-declared-unexhibited,base,Source:EFF-2:EffectMismatch,1
corpus/eff2-neg-declared-unexhibited,off,Source:EFF-2:EffectMismatch,1
corpus/eff2-neg-declared-unexhibited,a,Source:EFF-2:EffectMismatch,1
corpus/eff2-neg-declared-unexhibited,ap,Source:EFF-2:EffectMismatch,1
corpus/eff2-neg-declared-unexhibited,b,Source:EFF-2:EffectMismatch,1
corpus/eff2-neg-declared-unexhibited,rows,Source:EFF-2:EffectMismatch,1
corpus/eff2-neg-declared-unexhibited,b_rows,Source:EFF-2:EffectMismatch,1
corpus/eff3-pos-pure-fn,base,accepted,0
corpus/eff3-pos-pure-fn,off,accepted,0
corpus/eff3-pos-pure-fn,a,accepted,0
corpus/eff3-pos-pure-fn,ap,accepted,0
corpus/eff3-pos-pure-fn,b,accepted,0
corpus/eff3-pos-pure-fn,rows,accepted,0
corpus/eff3-pos-pure-fn,b_rows,accepted,0
corpus/err1-pos-result-value-match,base,accepted,0
corpus/err1-pos-result-value-match,off,accepted,0
corpus/err1-pos-result-value-match,a,accepted,0
corpus/err1-pos-result-value-match,ap,accepted,0
corpus/err1-pos-result-value-match,b,accepted,0
corpus/err1-pos-result-value-match,rows,accepted,0
corpus/err1-pos-result-value-match,b_rows,accepted,0
corpus/err2-pos-exhaustive-match,base,accepted,0
corpus/err2-pos-exhaustive-match,off,accepted,0
corpus/err2-pos-exhaustive-match,a,accepted,0
corpus/err2-pos-exhaustive-match,ap,accepted,0
corpus/err2-pos-exhaustive-match,b,accepted,0
corpus/err2-pos-exhaustive-match,rows,accepted,0
corpus/err2-pos-exhaustive-match,b_rows,accepted,0
corpus/err2-neg-missing-variant,base,Source:ERR-2:NonExhaustiveMatch,1
corpus/err2-neg-missing-variant,off,Source:ERR-2:NonExhaustiveMatch,1
corpus/err2-neg-missing-variant,a,Source:ERR-2:NonExhaustiveMatch,1
corpus/err2-neg-missing-variant,ap,Source:ERR-2:NonExhaustiveMatch,1
corpus/err2-neg-missing-variant,b,Source:ERR-2:NonExhaustiveMatch,1
corpus/err2-neg-missing-variant,rows,Source:ERR-2:NonExhaustiveMatch,1
corpus/err2-neg-missing-variant,b_rows,Source:ERR-2:NonExhaustiveMatch,1
corpus/err3-pos-propagate,base,accepted,0
corpus/err3-pos-propagate,off,accepted,0
corpus/err3-pos-propagate,a,accepted,0
corpus/err3-pos-propagate,ap,accepted,0
corpus/err3-pos-propagate,b,accepted,0
corpus/err3-pos-propagate,rows,accepted,0
corpus/err3-pos-propagate,b_rows,accepted,0
corpus/err3-neg-error-type-mismatch,base,Source:ERR-3:InvalidPropagation,1
corpus/err3-neg-error-type-mismatch,off,Source:ERR-3:InvalidPropagation,1
corpus/err3-neg-error-type-mismatch,a,Source:ERR-3:InvalidPropagation,1
corpus/err3-neg-error-type-mismatch,ap,Source:ERR-3:InvalidPropagation,1
corpus/err3-neg-error-type-mismatch,b,Source:ERR-3:InvalidPropagation,1
corpus/err3-neg-error-type-mismatch,rows,Source:ERR-3:InvalidPropagation,1
corpus/err3-neg-error-type-mismatch,b_rows,Source:ERR-3:InvalidPropagation,1
corpus/err4-pos-recoverable-value,base,accepted,0
corpus/err4-pos-recoverable-value,off,accepted,0
corpus/err4-pos-recoverable-value,a,accepted,0
corpus/err4-pos-recoverable-value,ap,accepted,0
corpus/err4-pos-recoverable-value,b,accepted,0
corpus/err4-pos-recoverable-value,rows,accepted,0
corpus/err4-pos-recoverable-value,b_rows,accepted,0
corpus/err4-checked-domain-violation,base,accepted,0
corpus/err4-checked-domain-violation,off,accepted,0
corpus/err4-checked-domain-violation,a,accepted,0
corpus/err4-checked-domain-violation,ap,accepted,0
corpus/err4-checked-domain-violation,b,accepted,0
corpus/err4-checked-domain-violation,rows,accepted,0
corpus/err4-checked-domain-violation,b_rows,accepted,0
corpus/prog1-pos-closed-unit,base,accepted,0
corpus/prog1-pos-closed-unit,off,accepted,0
corpus/prog1-pos-closed-unit,a,accepted,0
corpus/prog1-pos-closed-unit,ap,accepted,0
corpus/prog1-pos-closed-unit,b,accepted,0
corpus/prog1-pos-closed-unit,rows,accepted,0
corpus/prog1-pos-closed-unit,b_rows,accepted,0
corpus/pre1-pos-prelude-enums,base,accepted,0
corpus/pre1-pos-prelude-enums,off,accepted,0
corpus/pre1-pos-prelude-enums,a,accepted,0
corpus/pre1-pos-prelude-enums,ap,accepted,0
corpus/pre1-pos-prelude-enums,b,accepted,0
corpus/pre1-pos-prelude-enums,rows,accepted,0
corpus/pre1-pos-prelude-enums,b_rows,accepted,0
corpus/ex1-pos-worked-example,base,accepted,0
corpus/ex1-pos-worked-example,off,accepted,0
corpus/ex1-pos-worked-example,a,accepted,0
corpus/ex1-pos-worked-example,ap,accepted,0
corpus/ex1-pos-worked-example,b,accepted,0
corpus/ex1-pos-worked-example,rows,accepted,0
corpus/ex1-pos-worked-example,b_rows,accepted,0
corpus/x-ownmove-payload-binder-consumed-twice,base,Source:OWN-1:UseAfterMove,1
corpus/x-ownmove-payload-binder-consumed-twice,off,Source:OWN-1:UseAfterMove,1
corpus/x-ownmove-payload-binder-consumed-twice,a,Source:OWN-1:UseAfterMove,1
corpus/x-ownmove-payload-binder-consumed-twice,ap,Source:OWN-1:UseAfterMove,1
corpus/x-ownmove-payload-binder-consumed-twice,b,Source:OWN-1:UseAfterMove,1
corpus/x-ownmove-payload-binder-consumed-twice,rows,Source:OWN-1:UseAfterMove,1
corpus/x-ownmove-payload-binder-consumed-twice,b_rows,Source:OWN-1:UseAfterMove,1
corpus/x-ownmove-partial-move-kills-binding,base,Source:OWN-1:UseAfterMove,1
corpus/x-ownmove-partial-move-kills-binding,off,Source:OWN-1:UseAfterMove,1
corpus/x-ownmove-partial-move-kills-binding,a,Source:OWN-1:UseAfterMove,1
corpus/x-ownmove-partial-move-kills-binding,ap,Source:OWN-1:UseAfterMove,1
corpus/x-ownmove-partial-move-kills-binding,b,Source:OWN-1:UseAfterMove,1
corpus/x-ownmove-partial-move-kills-binding,rows,Source:OWN-1:UseAfterMove,1
corpus/x-ownmove-partial-move-kills-binding,b_rows,Source:OWN-1:UseAfterMove,1
corpus/x-ownmove-borrow-after-match-move,base,Source:OWN-1:UseAfterMove,1
corpus/x-ownmove-borrow-after-match-move,off,Source:OWN-1:UseAfterMove,1
corpus/x-ownmove-borrow-after-match-move,a,Source:OWN-1:UseAfterMove,1
corpus/x-ownmove-borrow-after-match-move,ap,Source:OWN-1:UseAfterMove,1
corpus/x-ownmove-borrow-after-match-move,b,Source:OWN-1:UseAfterMove,1
corpus/x-ownmove-borrow-after-match-move,rows,Source:OWN-1:UseAfterMove,1
corpus/x-ownmove-borrow-after-match-move,b_rows,Source:OWN-1:UseAfterMove,1
corpus/x-ownmove-copy-reused-affine-consumed-once,base,accepted,0
corpus/x-ownmove-copy-reused-affine-consumed-once,off,accepted,0
corpus/x-ownmove-copy-reused-affine-consumed-once,a,accepted,0
corpus/x-ownmove-copy-reused-affine-consumed-once,ap,accepted,0
corpus/x-ownmove-copy-reused-affine-consumed-once,b,accepted,0
corpus/x-ownmove-copy-reused-affine-consumed-once,rows,accepted,0
corpus/x-ownmove-copy-reused-affine-consumed-once,b_rows,accepted,0
corpus/x-ownmove-borrow-match-live-then-own-move,base,accepted,0
corpus/x-ownmove-borrow-match-live-then-own-move,off,accepted,0
corpus/x-ownmove-borrow-match-live-then-own-move,a,accepted,0
corpus/x-ownmove-borrow-match-live-then-own-move,ap,accepted,0
corpus/x-ownmove-borrow-match-live-then-own-move,b,accepted,0
corpus/x-ownmove-borrow-match-live-then-own-move,rows,accepted,0
corpus/x-ownmove-borrow-match-live-then-own-move,b_rows,accepted,0
corpus/x-ownmove-owned-temporary-scrutinee,base,accepted,0
corpus/x-ownmove-owned-temporary-scrutinee,off,accepted,0
corpus/x-ownmove-owned-temporary-scrutinee,a,accepted,0
corpus/x-ownmove-owned-temporary-scrutinee,ap,accepted,0
corpus/x-ownmove-owned-temporary-scrutinee,b,accepted,0
corpus/x-ownmove-owned-temporary-scrutinee,rows,accepted,0
corpus/x-ownmove-owned-temporary-scrutinee,b_rows,accepted,0
corpus/x-borrow-write-through-shared-borrow,base,Source:SET-1:InvalidSetTarget,1
corpus/x-borrow-write-through-shared-borrow,off,Source:SET-1:InvalidSetTarget,1
corpus/x-borrow-write-through-shared-borrow,a,Source:SET-1:InvalidSetTarget,1
corpus/x-borrow-write-through-shared-borrow,ap,Source:SET-1:InvalidSetTarget,1
corpus/x-borrow-write-through-shared-borrow,b,Source:SET-1:InvalidSetTarget,1
corpus/x-borrow-write-through-shared-borrow,rows,Source:SET-1:InvalidSetTarget,1
corpus/x-borrow-write-through-shared-borrow,b_rows,Source:SET-1:InvalidSetTarget,1
corpus/x-borrow-two-shared-reads-run,base,accepted,0
corpus/x-borrow-two-shared-reads-run,off,accepted,0
corpus/x-borrow-two-shared-reads-run,a,accepted,0
corpus/x-borrow-two-shared-reads-run,ap,accepted,0
corpus/x-borrow-two-shared-reads-run,b,accepted,0
corpus/x-borrow-two-shared-reads-run,rows,accepted,0
corpus/x-borrow-two-shared-reads-run,b_rows,accepted,0
corpus/x-borrow-uniq-shared-call-args-overlap,base,Source:EFF-5:OverlappingCallEffects,1
corpus/x-borrow-uniq-shared-call-args-overlap,off,Source:EFF-5:OverlappingCallEffects,1
corpus/x-borrow-uniq-shared-call-args-overlap,a,Source:EFF-5:OverlappingCallEffects,1
corpus/x-borrow-uniq-shared-call-args-overlap,ap,Source:EFF-5:OverlappingCallEffects,1
corpus/x-borrow-uniq-shared-call-args-overlap,b,Source:EFF-5:OverlappingCallEffects,1
corpus/x-borrow-uniq-shared-call-args-overlap,rows,Source:EFF-5:OverlappingCallEffects,1
corpus/x-borrow-uniq-shared-call-args-overlap,b_rows,Source:EFF-5:OverlappingCallEffects,1
corpus/x-borrow-return-uniq-local-region,base,Source:REF-3:EscapingReference,1
corpus/x-borrow-return-uniq-local-region,off,Source:REF-3:EscapingReference,1
corpus/x-borrow-return-uniq-local-region,a,Source:REF-3:EscapingReference,1
corpus/x-borrow-return-uniq-local-region,ap,Source:REF-3:EscapingReference,1
corpus/x-borrow-return-uniq-local-region,b,Source:REF-3:EscapingReference,1
corpus/x-borrow-return-uniq-local-region,rows,Source:REF-3:EscapingReference,1
corpus/x-borrow-return-uniq-local-region,b_rows,Source:REF-3:EscapingReference,1
corpus/x-typ-borrow-arg-missing-deref,base,Source:TYPE-7:MissingDereference,1
corpus/x-typ-borrow-arg-missing-deref,off,Source:TYPE-7:MissingDereference,1
corpus/x-typ-borrow-arg-missing-deref,a,Source:TYPE-7:MissingDereference,1
corpus/x-typ-borrow-arg-missing-deref,ap,Source:TYPE-7:MissingDereference,1
corpus/x-typ-borrow-arg-missing-deref,b,Source:TYPE-7:MissingDereference,1
corpus/x-typ-borrow-arg-missing-deref,rows,Source:TYPE-7:MissingDereference,1
corpus/x-typ-borrow-arg-missing-deref,b_rows,Source:TYPE-7:MissingDereference,1
corpus/x-typ-uniq-deref-write-roundtrip,base,accepted,0
corpus/x-typ-uniq-deref-write-roundtrip,off,accepted,0
corpus/x-typ-uniq-deref-write-roundtrip,a,accepted,0
corpus/x-typ-uniq-deref-write-roundtrip,ap,accepted,0
corpus/x-typ-uniq-deref-write-roundtrip,b,accepted,0
corpus/x-typ-uniq-deref-write-roundtrip,rows,accepted,0
corpus/x-typ-uniq-deref-write-roundtrip,b_rows,accepted,0
corpus/x-typ-value-where-borrow-param,base,Source:TYPE-5:TypeMismatch,1
corpus/x-typ-value-where-borrow-param,off,Source:TYPE-5:TypeMismatch,1
corpus/x-typ-value-where-borrow-param,a,Source:TYPE-5:TypeMismatch,1
corpus/x-typ-value-where-borrow-param,ap,Source:TYPE-5:TypeMismatch,1
corpus/x-typ-value-where-borrow-param,b,Source:TYPE-5:TypeMismatch,1
corpus/x-typ-value-where-borrow-param,rows,Source:TYPE-5:TypeMismatch,1
corpus/x-typ-value-where-borrow-param,b_rows,Source:TYPE-5:TypeMismatch,1
corpus/x-typ-bool-cmp-result-as-int,base,Source:TYPE-5:TypeMismatch,1
corpus/x-typ-bool-cmp-result-as-int,off,Source:TYPE-5:TypeMismatch,1
corpus/x-typ-bool-cmp-result-as-int,a,Source:TYPE-5:TypeMismatch,1
corpus/x-typ-bool-cmp-result-as-int,ap,Source:TYPE-5:TypeMismatch,1
corpus/x-typ-bool-cmp-result-as-int,b,Source:TYPE-5:TypeMismatch,1
corpus/x-typ-bool-cmp-result-as-int,rows,Source:TYPE-5:TypeMismatch,1
corpus/x-typ-bool-cmp-result-as-int,b_rows,Source:TYPE-5:TypeMismatch,1
corpus/x-typ-match-foreign-variant,base,Source:TYPE-6:ForeignMatchVariant,1
corpus/x-typ-match-foreign-variant,off,Source:TYPE-6:ForeignMatchVariant,1
corpus/x-typ-match-foreign-variant,a,Source:TYPE-6:ForeignMatchVariant,1
corpus/x-typ-match-foreign-variant,ap,Source:TYPE-6:ForeignMatchVariant,1
corpus/x-typ-match-foreign-variant,b,Source:TYPE-6:ForeignMatchVariant,1
corpus/x-typ-match-foreign-variant,rows,Source:TYPE-6:ForeignMatchVariant,1
corpus/x-typ-match-foreign-variant,b_rows,Source:TYPE-6:ForeignMatchVariant,1
corpus/x-typ-let-shadows-param,base,Source:TYPE-6:DeclarationCollision,1
corpus/x-typ-let-shadows-param,off,Source:TYPE-6:DeclarationCollision,1
corpus/x-typ-let-shadows-param,a,Source:TYPE-6:DeclarationCollision,1
corpus/x-typ-let-shadows-param,ap,Source:TYPE-6:DeclarationCollision,1
corpus/x-typ-let-shadows-param,b,Source:TYPE-6:DeclarationCollision,1
corpus/x-typ-let-shadows-param,rows,Source:TYPE-6:DeclarationCollision,1
corpus/x-typ-let-shadows-param,b_rows,Source:TYPE-6:DeclarationCollision,1
corpus/x-match-err2-value-match-missing-err,base,Source:ERR-2:NonExhaustiveMatch,1
corpus/x-match-err2-value-match-missing-err,off,Source:ERR-2:NonExhaustiveMatch,1
corpus/x-match-err2-value-match-missing-err,a,Source:ERR-2:NonExhaustiveMatch,1
corpus/x-match-err2-value-match-missing-err,ap,Source:ERR-2:NonExhaustiveMatch,1
corpus/x-match-err2-value-match-missing-err,b,Source:ERR-2:NonExhaustiveMatch,1
corpus/x-match-err2-value-match-missing-err,rows,Source:ERR-2:NonExhaustiveMatch,1
corpus/x-match-err2-value-match-missing-err,b_rows,Source:ERR-2:NonExhaustiveMatch,1
corpus/x-match-give1-give-in-stmt-match,base,Source:GIVE-1:InvalidGive,1
corpus/x-match-give1-give-in-stmt-match,off,Source:GIVE-1:InvalidGive,1
corpus/x-match-give1-give-in-stmt-match,a,Source:GIVE-1:InvalidGive,1
corpus/x-match-give1-give-in-stmt-match,ap,Source:GIVE-1:InvalidGive,1
corpus/x-match-give1-give-in-stmt-match,b,Source:GIVE-1:InvalidGive,1
corpus/x-match-give1-give-in-stmt-match,rows,Source:GIVE-1:InvalidGive,1
corpus/x-match-give1-give-in-stmt-match,b_rows,Source:GIVE-1:InvalidGive,1
corpus/x-match-gram10-out-of-order-fields,base,Source:GRAM-10:InvalidMatchFields,1
corpus/x-match-gram10-out-of-order-fields,off,Source:GRAM-10:InvalidMatchFields,1
corpus/x-match-gram10-out-of-order-fields,a,Source:GRAM-10:InvalidMatchFields,1
corpus/x-match-gram10-out-of-order-fields,ap,Source:GRAM-10:InvalidMatchFields,1
corpus/x-match-gram10-out-of-order-fields,b,Source:GRAM-10:InvalidMatchFields,1
corpus/x-match-gram10-out-of-order-fields,rows,Source:GRAM-10:InvalidMatchFields,1
corpus/x-match-gram10-out-of-order-fields,b_rows,Source:GRAM-10:InvalidMatchFields,1
corpus/x-match-gram10-binder-not-fresh,base,Source:GRAM-10:MatchBinderFreshness,1
corpus/x-match-gram10-binder-not-fresh,off,Source:GRAM-10:MatchBinderFreshness,1
corpus/x-match-gram10-binder-not-fresh,a,Source:GRAM-10:MatchBinderFreshness,1
corpus/x-match-gram10-binder-not-fresh,ap,Source:GRAM-10:MatchBinderFreshness,1
corpus/x-match-gram10-binder-not-fresh,b,Source:GRAM-10:MatchBinderFreshness,1
corpus/x-match-gram10-binder-not-fresh,rows,Source:GRAM-10:MatchBinderFreshness,1
corpus/x-match-gram10-binder-not-fresh,b_rows,Source:GRAM-10:MatchBinderFreshness,1
corpus/x-match-give1-wrong-type,base,Source:GIVE-1:TypeMismatch,1
corpus/x-match-give1-wrong-type,off,Source:GIVE-1:TypeMismatch,1
corpus/x-match-give1-wrong-type,a,Source:GIVE-1:TypeMismatch,1
corpus/x-match-give1-wrong-type,ap,Source:GIVE-1:TypeMismatch,1
corpus/x-match-give1-wrong-type,b,Source:GIVE-1:TypeMismatch,1
corpus/x-match-give1-wrong-type,rows,Source:GIVE-1:TypeMismatch,1
corpus/x-match-give1-wrong-type,b_rows,Source:GIVE-1:TypeMismatch,1
corpus/x-match-give1-nested-value-match,base,accepted,0
corpus/x-match-give1-nested-value-match,off,accepted,0
corpus/x-match-give1-nested-value-match,a,accepted,0
corpus/x-match-give1-nested-value-match,ap,accepted,0
corpus/x-match-give1-nested-value-match,b,accepted,0
corpus/x-match-give1-nested-value-match,rows,accepted,0
corpus/x-match-give1-nested-value-match,b_rows,accepted,0
corpus/x-eff-dup-reads-effect,base,Source:EFF-1:InvalidEffectRow,1
corpus/x-eff-dup-reads-effect,off,Source:EFF-1:InvalidEffectRow,1
corpus/x-eff-dup-reads-effect,a,Source:EFF-1:InvalidEffectRow,1
corpus/x-eff-dup-reads-effect,ap,Source:EFF-1:InvalidEffectRow,1
corpus/x-eff-dup-reads-effect,b,Source:EFF-1:InvalidEffectRow,1
corpus/x-eff-dup-reads-effect,rows,Source:EFF-1:InvalidEffectRow,1
corpus/x-eff-dup-reads-effect,b_rows,Source:EFF-1:InvalidEffectRow,1
corpus/x-eff-writes-missing-region,base,Source:EFF-1:UnexpectedToken,1
corpus/x-eff-writes-missing-region,off,Source:EFF-1:UnexpectedToken,1
corpus/x-eff-writes-missing-region,a,Source:EFF-1:UnexpectedToken,1
corpus/x-eff-writes-missing-region,ap,Source:EFF-1:UnexpectedToken,1
corpus/x-eff-writes-missing-region,b,Source:EFF-1:UnexpectedToken,1
corpus/x-eff-writes-missing-region,rows,Source:EFF-1:UnexpectedToken,1
corpus/x-eff-writes-missing-region,b_rows,Source:EFF-1:UnexpectedToken,1
corpus/x-eff-pure-combined-with-allocation,base,Source:GRAM-2:UnexpectedToken,1
corpus/x-eff-pure-combined-with-allocation,off,Source:GRAM-2:UnexpectedToken,1
corpus/x-eff-pure-combined-with-allocation,a,Source:GRAM-2:UnexpectedToken,1
corpus/x-eff-pure-combined-with-allocation,ap,Source:GRAM-2:UnexpectedToken,1
corpus/x-eff-pure-combined-with-allocation,b,Source:GRAM-2:UnexpectedToken,1
corpus/x-eff-pure-combined-with-allocation,rows,Source:GRAM-2:UnexpectedToken,1
corpus/x-eff-pure-combined-with-allocation,b_rows,Source:GRAM-2:UnexpectedToken,1
corpus/x-eff-trailing-comma-row,base,Source:EFF-1:UnexpectedToken,1
corpus/x-eff-trailing-comma-row,off,Source:EFF-1:UnexpectedToken,1
corpus/x-eff-trailing-comma-row,a,Source:EFF-1:UnexpectedToken,1
corpus/x-eff-trailing-comma-row,ap,Source:EFF-1:UnexpectedToken,1
corpus/x-eff-trailing-comma-row,b,Source:EFF-1:UnexpectedToken,1
corpus/x-eff-trailing-comma-row,rows,Source:EFF-1:UnexpectedToken,1
corpus/x-eff-trailing-comma-row,b_rows,Source:EFF-1:UnexpectedToken,1
corpus/x-eff-pure-fn-calls-allocating-fn,base,accepted,0
corpus/x-eff-pure-fn-calls-allocating-fn,off,accepted,0
corpus/x-eff-pure-fn-calls-allocating-fn,a,accepted,0
corpus/x-eff-pure-fn-calls-allocating-fn,ap,accepted,0
corpus/x-eff-pure-fn-calls-allocating-fn,b,accepted,0
corpus/x-eff-pure-fn-calls-allocating-fn,rows,accepted,0
corpus/x-eff-pure-fn-calls-allocating-fn,b_rows,accepted,0
corpus/x-eff-allocating-fn-calls-only-pure,base,Source:EFF-2:EffectMismatch,1
corpus/x-eff-allocating-fn-calls-only-pure,off,Source:EFF-2:EffectMismatch,1
corpus/x-eff-allocating-fn-calls-only-pure,a,Source:EFF-2:EffectMismatch,1
corpus/x-eff-allocating-fn-calls-only-pure,ap,Source:EFF-2:EffectMismatch,1
corpus/x-eff-allocating-fn-calls-only-pure,b,Source:EFF-2:EffectMismatch,1
corpus/x-eff-allocating-fn-calls-only-pure,rows,Source:EFF-2:EffectMismatch,1
corpus/x-eff-allocating-fn-calls-only-pure,b_rows,Source:EFF-2:EffectMismatch,1
corpus/x-arith-iadd-wrap-overflow-to-negative,base,accepted,0
corpus/x-arith-iadd-wrap-overflow-to-negative,off,accepted,0
corpus/x-arith-iadd-wrap-overflow-to-negative,a,accepted,0
corpus/x-arith-iadd-wrap-overflow-to-negative,ap,accepted,0
corpus/x-arith-iadd-wrap-overflow-to-negative,b,accepted,0
corpus/x-arith-iadd-wrap-overflow-to-negative,rows,accepted,0
corpus/x-arith-iadd-wrap-overflow-to-negative,b_rows,accepted,0
corpus/x-arith-wrapping-overflow-observed,base,accepted,0
corpus/x-arith-wrapping-overflow-observed,off,accepted,0
corpus/x-arith-wrapping-overflow-observed,a,accepted,0
corpus/x-arith-wrapping-overflow-observed,ap,accepted,0
corpus/x-arith-wrapping-overflow-observed,b,accepted,0
corpus/x-arith-wrapping-overflow-observed,rows,accepted,0
corpus/x-arith-wrapping-overflow-observed,b_rows,accepted,0
corpus/x-arith-isub-wrap-min-roundtrip-runs,base,accepted,0
corpus/x-arith-isub-wrap-min-roundtrip-runs,off,accepted,0
corpus/x-arith-isub-wrap-min-roundtrip-runs,a,accepted,0
corpus/x-arith-isub-wrap-min-roundtrip-runs,ap,accepted,0
corpus/x-arith-isub-wrap-min-roundtrip-runs,b,accepted,0
corpus/x-arith-isub-wrap-min-roundtrip-runs,rows,accepted,0
corpus/x-arith-isub-wrap-min-roundtrip-runs,b_rows,accepted,0
corpus/x-arith-iadd-checked-overflow-err-arm-runs,base,accepted,0
corpus/x-arith-iadd-checked-overflow-err-arm-runs,off,accepted,0
corpus/x-arith-iadd-checked-overflow-err-arm-runs,a,accepted,0
corpus/x-arith-iadd-checked-overflow-err-arm-runs,ap,accepted,0
corpus/x-arith-iadd-checked-overflow-err-arm-runs,b,accepted,0
corpus/x-arith-iadd-checked-overflow-err-arm-runs,rows,accepted,0
corpus/x-arith-iadd-checked-overflow-err-arm-runs,b_rows,accepted,0
corpus/x-arith-loop-checked-multiply-overflow,base,accepted,0
corpus/x-arith-loop-checked-multiply-overflow,off,accepted,0
corpus/x-arith-loop-checked-multiply-overflow,a,accepted,0
corpus/x-arith-loop-checked-multiply-overflow,ap,accepted,0
corpus/x-arith-loop-checked-multiply-overflow,b,accepted,0
corpus/x-arith-loop-checked-multiply-overflow,rows,accepted,0
corpus/x-arith-loop-checked-multiply-overflow,b_rows,accepted,0
corpus/x-arith-idiv-reject-constant-zero-divisor,base,Source:OP-2:UndischargedIntegerDomainObligation,1
corpus/x-arith-idiv-reject-constant-zero-divisor,off,Source:OP-2:UndischargedIntegerDomainObligation,1
corpus/x-arith-idiv-reject-constant-zero-divisor,a,Source:OP-2:UndischargedIntegerDomainObligation,1
corpus/x-arith-idiv-reject-constant-zero-divisor,ap,Source:OP-2:UndischargedIntegerDomainObligation,1
corpus/x-arith-idiv-reject-constant-zero-divisor,b,Source:OP-2:UndischargedIntegerDomainObligation,1
corpus/x-arith-idiv-reject-constant-zero-divisor,rows,Source:OP-2:UndischargedIntegerDomainObligation,1
corpus/x-arith-idiv-reject-constant-zero-divisor,b_rows,Source:OP-2:UndischargedIntegerDomainObligation,1
corpus/x-gram-construct-missing-field,base,Source:GRAM-8:InvalidConstructionFields,1
corpus/x-gram-construct-missing-field,off,Source:GRAM-8:InvalidConstructionFields,1
corpus/x-gram-construct-missing-field,a,Source:GRAM-8:InvalidConstructionFields,1
corpus/x-gram-construct-missing-field,ap,Source:GRAM-8:InvalidConstructionFields,1
corpus/x-gram-construct-missing-field,b,Source:GRAM-8:InvalidConstructionFields,1
corpus/x-gram-construct-missing-field,rows,Source:GRAM-8:InvalidConstructionFields,1
corpus/x-gram-construct-missing-field,b_rows,Source:GRAM-8:InvalidConstructionFields,1
corpus/x-gram-construct-repeated-field,base,Source:GRAM-8:InvalidConstructionFields,1
corpus/x-gram-construct-repeated-field,off,Source:GRAM-8:InvalidConstructionFields,1
corpus/x-gram-construct-repeated-field,a,Source:GRAM-8:InvalidConstructionFields,1
corpus/x-gram-construct-repeated-field,ap,Source:GRAM-8:InvalidConstructionFields,1
corpus/x-gram-construct-repeated-field,b,Source:GRAM-8:InvalidConstructionFields,1
corpus/x-gram-construct-repeated-field,rows,Source:GRAM-8:InvalidConstructionFields,1
corpus/x-gram-construct-repeated-field,b_rows,Source:GRAM-8:InvalidConstructionFields,1
corpus/x-gram-nested-op-in-construct-field,base,Source:GRAM-9:UnexpectedToken,1
corpus/x-gram-nested-op-in-construct-field,off,Source:GRAM-9:UnexpectedToken,1
corpus/x-gram-nested-op-in-construct-field,a,Source:GRAM-9:UnexpectedToken,1
corpus/x-gram-nested-op-in-construct-field,ap,Source:GRAM-9:UnexpectedToken,1
corpus/x-gram-nested-op-in-construct-field,b,Source:GRAM-9:UnexpectedToken,1
corpus/x-gram-nested-op-in-construct-field,rows,Source:GRAM-9:UnexpectedToken,1
corpus/x-gram-nested-op-in-construct-field,b_rows,Source:GRAM-9:UnexpectedToken,1
corpus/x-gram-nested-ucall-in-call-arg,base,Source:GRAM-9:UnexpectedToken,1
corpus/x-gram-nested-ucall-in-call-arg,off,Source:GRAM-9:UnexpectedToken,1
corpus/x-gram-nested-ucall-in-call-arg,a,Source:GRAM-9:UnexpectedToken,1
corpus/x-gram-nested-ucall-in-call-arg,ap,Source:GRAM-9:UnexpectedToken,1
corpus/x-gram-nested-ucall-in-call-arg,b,Source:GRAM-9:UnexpectedToken,1
corpus/x-gram-nested-ucall-in-call-arg,rows,Source:GRAM-9:UnexpectedToken,1
corpus/x-gram-nested-ucall-in-call-arg,b_rows,Source:GRAM-9:UnexpectedToken,1
corpus/x-gram-call-repeated-arg,base,Source:GRAM-11:InvalidNamedArguments,1
corpus/x-gram-call-repeated-arg,off,Source:GRAM-11:InvalidNamedArguments,1
corpus/x-gram-call-repeated-arg,a,Source:GRAM-11:InvalidNamedArguments,1
corpus/x-gram-call-repeated-arg,ap,Source:GRAM-11:InvalidNamedArguments,1
corpus/x-gram-call-repeated-arg,b,Source:GRAM-11:InvalidNamedArguments,1
corpus/x-gram-call-repeated-arg,rows,Source:GRAM-11:InvalidNamedArguments,1
corpus/x-gram-call-repeated-arg,b_rows,Source:GRAM-11:InvalidNamedArguments,1
corpus/x-gram-combo-flat-call-construct-match,base,accepted,0
corpus/x-gram-combo-flat-call-construct-match,off,accepted,0
corpus/x-gram-combo-flat-call-construct-match,a,accepted,0
corpus/x-gram-combo-flat-call-construct-match,ap,accepted,0
corpus/x-gram-combo-flat-call-construct-match,b,accepted,0
corpus/x-gram-combo-flat-call-construct-match,rows,accepted,0
corpus/x-gram-combo-flat-call-construct-match,b_rows,accepted,0
corpus/x-form-form2-tab-indent,base,Source:FORM-2:InvalidSourceByte,1
corpus/x-form-form2-tab-indent,off,Source:FORM-2:InvalidSourceByte,1
corpus/x-form-form2-tab-indent,a,Source:FORM-2:InvalidSourceByte,1
corpus/x-form-form2-tab-indent,ap,Source:FORM-2:InvalidSourceByte,1
corpus/x-form-form2-tab-indent,b,Source:FORM-2:InvalidSourceByte,1
corpus/x-form-form2-tab-indent,rows,Source:FORM-2:InvalidSourceByte,1
corpus/x-form-form2-tab-indent,b_rows,Source:FORM-2:InvalidSourceByte,1
corpus/x-form-form3-enum-name-ident,base,Source:FORM-3:UnexpectedToken,1
corpus/x-form-form3-enum-name-ident,off,Source:FORM-3:UnexpectedToken,1
corpus/x-form-form3-enum-name-ident,a,Source:FORM-3:UnexpectedToken,1
corpus/x-form-form3-enum-name-ident,ap,Source:FORM-3:UnexpectedToken,1
corpus/x-form-form3-enum-name-ident,b,Source:FORM-3:UnexpectedToken,1
corpus/x-form-form3-enum-name-ident,rows,Source:FORM-3:UnexpectedToken,1
corpus/x-form-form3-enum-name-ident,b_rows,Source:FORM-3:UnexpectedToken,1
corpus/x-form-form4-block-comment,base,Source:FORM-4:CommentPrefix,1
corpus/x-form-form4-block-comment,off,Source:FORM-4:CommentPrefix,1
corpus/x-form-form4-block-comment,a,Source:FORM-4:CommentPrefix,1
corpus/x-form-form4-block-comment,ap,Source:FORM-4:CommentPrefix,1
corpus/x-form-form4-block-comment,b,Source:FORM-4:CommentPrefix,1
corpus/x-form-form4-block-comment,rows,Source:FORM-4:CommentPrefix,1
corpus/x-form-form4-block-comment,b_rows,Source:FORM-4:CommentPrefix,1
corpus/x-form-form5-op-arg-missing-suffix,base,Source:FORM-5:UnexpectedToken,1
corpus/x-form-form5-op-arg-missing-suffix,off,Source:FORM-5:UnexpectedToken,1
corpus/x-form-form5-op-arg-missing-suffix,a,Source:FORM-5:UnexpectedToken,1
corpus/x-form-form5-op-arg-missing-suffix,ap,Source:FORM-5:UnexpectedToken,1
corpus/x-form-form5-op-arg-missing-suffix,b,Source:FORM-5:UnexpectedToken,1
corpus/x-form-form5-op-arg-missing-suffix,rows,Source:FORM-5:UnexpectedToken,1
corpus/x-form-form5-op-arg-missing-suffix,b_rows,Source:FORM-5:UnexpectedToken,1
corpus/x-form-form7-i32-max-plus-one,base,Source:FORM-7:InvalidIntegerLiteral,1
corpus/x-form-form7-i32-max-plus-one,off,Source:FORM-7:InvalidIntegerLiteral,1
corpus/x-form-form7-i32-max-plus-one,a,Source:FORM-7:InvalidIntegerLiteral,1
corpus/x-form-form7-i32-max-plus-one,ap,Source:FORM-7:InvalidIntegerLiteral,1
corpus/x-form-form7-i32-max-plus-one,b,Source:FORM-7:InvalidIntegerLiteral,1
corpus/x-form-form7-i32-max-plus-one,rows,Source:FORM-7:InvalidIntegerLiteral,1
corpus/x-form-form7-i32-max-plus-one,b_rows,Source:FORM-7:InvalidIntegerLiteral,1
corpus/x-form-form7-checked-overflow-canonical,base,accepted,0
corpus/x-form-form7-checked-overflow-canonical,off,accepted,0
corpus/x-form-form7-checked-overflow-canonical,a,accepted,0
corpus/x-form-form7-checked-overflow-canonical,ap,accepted,0
corpus/x-form-form7-checked-overflow-canonical,b,accepted,0
corpus/x-form-form7-checked-overflow-canonical,rows,accepted,0
corpus/x-form-form7-checked-overflow-canonical,b_rows,accepted,0
corpus/x-fn-own-arg-for-ref-param,base,Source:TYPE-5:TypeMismatch,1
corpus/x-fn-own-arg-for-ref-param,off,Source:TYPE-5:TypeMismatch,1
corpus/x-fn-own-arg-for-ref-param,a,Source:TYPE-5:TypeMismatch,1
corpus/x-fn-own-arg-for-ref-param,ap,Source:TYPE-5:TypeMismatch,1
corpus/x-fn-own-arg-for-ref-param,b,Source:TYPE-5:TypeMismatch,1
corpus/x-fn-own-arg-for-ref-param,rows,Source:TYPE-5:TypeMismatch,1
corpus/x-fn-own-arg-for-ref-param,b_rows,Source:TYPE-5:TypeMismatch,1
corpus/x-fn-ref-arg-for-own-param,base,Source:TYPE-7:MissingDereference,1
corpus/x-fn-ref-arg-for-own-param,off,Source:TYPE-7:MissingDereference,1
corpus/x-fn-ref-arg-for-own-param,a,Source:TYPE-7:MissingDereference,1
corpus/x-fn-ref-arg-for-own-param,ap,Source:TYPE-7:MissingDereference,1
corpus/x-fn-ref-arg-for-own-param,b,Source:TYPE-7:MissingDereference,1
corpus/x-fn-ref-arg-for-own-param,rows,Source:TYPE-7:MissingDereference,1
corpus/x-fn-ref-arg-for-own-param,b_rows,Source:TYPE-7:MissingDereference,1
corpus/x-fn-arg-type-mismatch,base,Source:TYPE-5:TypeMismatch,1
corpus/x-fn-arg-type-mismatch,off,Source:TYPE-5:TypeMismatch,1
corpus/x-fn-arg-type-mismatch,a,Source:TYPE-5:TypeMismatch,1
corpus/x-fn-arg-type-mismatch,ap,Source:TYPE-5:TypeMismatch,1
corpus/x-fn-arg-type-mismatch,b,Source:TYPE-5:TypeMismatch,1
corpus/x-fn-arg-type-mismatch,rows,Source:TYPE-5:TypeMismatch,1
corpus/x-fn-arg-type-mismatch,b_rows,Source:TYPE-5:TypeMismatch,1
corpus/x-fn-cross-fn-call-chain,base,accepted,0
corpus/x-fn-cross-fn-call-chain,off,accepted,0
corpus/x-fn-cross-fn-call-chain,a,accepted,0
corpus/x-fn-cross-fn-call-chain,ap,accepted,0
corpus/x-fn-cross-fn-call-chain,b,accepted,0
corpus/x-fn-cross-fn-call-chain,rows,accepted,0
corpus/x-fn-cross-fn-call-chain,b_rows,accepted,0
corpus/x-fn-mutual-recursion-runs,base,accepted,0
corpus/x-fn-mutual-recursion-runs,off,accepted,0
corpus/x-fn-mutual-recursion-runs,a,accepted,0
corpus/x-fn-mutual-recursion-runs,ap,accepted,0
corpus/x-fn-mutual-recursion-runs,b,accepted,0
corpus/x-fn-mutual-recursion-runs,rows,accepted,0
corpus/x-fn-mutual-recursion-runs,b_rows,accepted,0
corpus/x-integ-sign-weight-accumulate,base,accepted,0
corpus/x-integ-sign-weight-accumulate,off,accepted,0
corpus/x-integ-sign-weight-accumulate,a,accepted,0
corpus/x-integ-sign-weight-accumulate,ap,accepted,0
corpus/x-integ-sign-weight-accumulate,b,accepted,0
corpus/x-integ-sign-weight-accumulate,rows,accepted,0
corpus/x-integ-sign-weight-accumulate,b_rows,accepted,0
corpus/x-integ-loop-product-checked-overflow,base,accepted,0
corpus/x-integ-loop-product-checked-overflow,off,accepted,0
corpus/x-integ-loop-product-checked-overflow,a,accepted,0
corpus/x-integ-loop-product-checked-overflow,ap,accepted,0
corpus/x-integ-loop-product-checked-overflow,b,accepted,0
corpus/x-integ-loop-product-checked-overflow,rows,accepted,0
corpus/x-integ-loop-product-checked-overflow,b_rows,accepted,0
corpus/x-integ-traffic-light-state-machine,base,accepted,0
corpus/x-integ-traffic-light-state-machine,off,accepted,0
corpus/x-integ-traffic-light-state-machine,a,accepted,0
corpus/x-integ-traffic-light-state-machine,ap,accepted,0
corpus/x-integ-traffic-light-state-machine,b,accepted,0
corpus/x-integ-traffic-light-state-machine,rows,accepted,0
corpus/x-integ-traffic-light-state-machine,b_rows,accepted,0
corpus/x-integ-coin-borrow-match-score-twice,base,accepted,0
corpus/x-integ-coin-borrow-match-score-twice,off,accepted,0
corpus/x-integ-coin-borrow-match-score-twice,a,accepted,0
corpus/x-integ-coin-borrow-match-score-twice,ap,accepted,0
corpus/x-integ-coin-borrow-match-score-twice,b,accepted,0
corpus/x-integ-coin-borrow-match-score-twice,rows,accepted,0
corpus/x-integ-coin-borrow-match-score-twice,b_rows,accepted,0
corpus/x-integ-give-in-statement-match-rejected,base,Source:GIVE-1:InvalidGive,1
corpus/x-integ-give-in-statement-match-rejected,off,Source:GIVE-1:InvalidGive,1
corpus/x-integ-give-in-statement-match-rejected,a,Source:GIVE-1:InvalidGive,1
corpus/x-integ-give-in-statement-match-rejected,ap,Source:GIVE-1:InvalidGive,1
corpus/x-integ-give-in-statement-match-rejected,b,Source:GIVE-1:InvalidGive,1
corpus/x-integ-give-in-statement-match-rejected,rows,Source:GIVE-1:InvalidGive,1
corpus/x-integ-give-in-statement-match-rejected,b_rows,Source:GIVE-1:InvalidGive,1
corpus/x-integ-checked-overflow-diverts-to-err,base,accepted,0
corpus/x-integ-checked-overflow-diverts-to-err,off,accepted,0
corpus/x-integ-checked-overflow-diverts-to-err,a,accepted,0
corpus/x-integ-checked-overflow-diverts-to-err,ap,accepted,0
corpus/x-integ-checked-overflow-diverts-to-err,b,accepted,0
corpus/x-integ-checked-overflow-diverts-to-err,rows,accepted,0
corpus/x-integ-checked-overflow-diverts-to-err,b_rows,accepted,0
corpus/x-struct-construct-read-field,base,accepted,0
corpus/x-struct-construct-read-field,off,accepted,0
corpus/x-struct-construct-read-field,a,accepted,0
corpus/x-struct-construct-read-field,ap,accepted,0
corpus/x-struct-construct-read-field,b,accepted,0
corpus/x-struct-construct-read-field,rows,accepted,0
corpus/x-struct-construct-read-field,b_rows,accepted,0
corpus/x-struct-set-field,base,accepted,0
corpus/x-struct-set-field,off,accepted,0
corpus/x-struct-set-field,a,accepted,0
corpus/x-struct-set-field,ap,accepted,0
corpus/x-struct-set-field,b,accepted,0
corpus/x-struct-set-field,rows,accepted,0
corpus/x-struct-set-field,b_rows,accepted,0
corpus/x-struct-nested-field,base,accepted,0
corpus/x-struct-nested-field,off,accepted,0
corpus/x-struct-nested-field,a,accepted,0
corpus/x-struct-nested-field,ap,accepted,0
corpus/x-struct-nested-field,b,accepted,0
corpus/x-struct-nested-field,rows,accepted,0
corpus/x-struct-nested-field,b_rows,accepted,0
corpus/x-struct-mixed-width,base,accepted,0
corpus/x-struct-mixed-width,off,accepted,0
corpus/x-struct-mixed-width,a,accepted,0
corpus/x-struct-mixed-width,ap,accepted,0
corpus/x-struct-mixed-width,b,accepted,0
corpus/x-struct-mixed-width,rows,accepted,0
corpus/x-struct-mixed-width,b_rows,accepted,0
corpus/x-struct-cross-fn,base,accepted,0
corpus/x-struct-cross-fn,off,accepted,0
corpus/x-struct-cross-fn,a,accepted,0
corpus/x-struct-cross-fn,ap,accepted,0
corpus/x-struct-cross-fn,b,accepted,0
corpus/x-struct-cross-fn,rows,accepted,0
corpus/x-struct-cross-fn,b_rows,accepted,0
corpus/x-struct-neg-field-order,base,Source:GRAM-8:InvalidConstructionFields,1
corpus/x-struct-neg-field-order,off,Source:GRAM-8:InvalidConstructionFields,1
corpus/x-struct-neg-field-order,a,Source:GRAM-8:InvalidConstructionFields,1
corpus/x-struct-neg-field-order,ap,Source:GRAM-8:InvalidConstructionFields,1
corpus/x-struct-neg-field-order,b,Source:GRAM-8:InvalidConstructionFields,1
corpus/x-struct-neg-field-order,rows,Source:GRAM-8:InvalidConstructionFields,1
corpus/x-struct-neg-field-order,b_rows,Source:GRAM-8:InvalidConstructionFields,1
corpus/x-enum-payload-give,base,accepted,0
corpus/x-enum-payload-give,off,accepted,0
corpus/x-enum-payload-give,a,accepted,0
corpus/x-enum-payload-give,ap,accepted,0
corpus/x-enum-payload-give,b,accepted,0
corpus/x-enum-payload-give,rows,accepted,0
corpus/x-enum-payload-give,b_rows,accepted,0
corpus/x-enum-multiwidth-dispatch,base,accepted,0
corpus/x-enum-multiwidth-dispatch,off,accepted,0
corpus/x-enum-multiwidth-dispatch,a,accepted,0
corpus/x-enum-multiwidth-dispatch,ap,accepted,0
corpus/x-enum-multiwidth-dispatch,b,accepted,0
corpus/x-enum-multiwidth-dispatch,rows,accepted,0
corpus/x-enum-multiwidth-dispatch,b_rows,accepted,0
corpus/x-enum-borrow-payload-live,base,accepted,0
corpus/x-enum-borrow-payload-live,off,accepted,0
corpus/x-enum-borrow-payload-live,a,accepted,0
corpus/x-enum-borrow-payload-live,ap,accepted,0
corpus/x-enum-borrow-payload-live,b,accepted,0
corpus/x-enum-borrow-payload-live,rows,accepted,0
corpus/x-enum-borrow-payload-live,b_rows,accepted,0
corpus/x-enum-stmt-payload-check,base,accepted,0
corpus/x-enum-stmt-payload-check,off,accepted,0
corpus/x-enum-stmt-payload-check,a,accepted,0
corpus/x-enum-stmt-payload-check,ap,accepted,0
corpus/x-enum-stmt-payload-check,b,accepted,0
corpus/x-enum-stmt-payload-check,rows,accepted,0
corpus/x-enum-stmt-payload-check,b_rows,accepted,0
corpus/s7-pos-unsigned-remainder-bound-run,base,accepted,0
corpus/s7-pos-unsigned-remainder-bound-run,off,accepted,0
corpus/s7-pos-unsigned-remainder-bound-run,a,accepted,0
corpus/s7-pos-unsigned-remainder-bound-run,ap,accepted,0
corpus/s7-pos-unsigned-remainder-bound-run,b,accepted,0
corpus/s7-pos-unsigned-remainder-bound-run,rows,accepted,0
corpus/s7-pos-unsigned-remainder-bound-run,b_rows,accepted,0
corpus/err3-pos-propagation,base,accepted,0
corpus/err3-pos-propagation,off,accepted,0
corpus/err3-pos-propagation,a,accepted,0
corpus/err3-pos-propagation,ap,accepted,0
corpus/err3-pos-propagation,b,accepted,0
corpus/err3-pos-propagation,rows,accepted,0
corpus/err3-pos-propagation,b_rows,accepted,0
corpus/err3-neg-propagate-different-error-type,base,Source:ERR-3:InvalidPropagation,1
corpus/err3-neg-propagate-different-error-type,off,Source:ERR-3:InvalidPropagation,1
corpus/err3-neg-propagate-different-error-type,a,Source:ERR-3:InvalidPropagation,1
corpus/err3-neg-propagate-different-error-type,ap,Source:ERR-3:InvalidPropagation,1
corpus/err3-neg-propagate-different-error-type,b,Source:ERR-3:InvalidPropagation,1
corpus/err3-neg-propagate-different-error-type,rows,Source:ERR-3:InvalidPropagation,1
corpus/err3-neg-propagate-different-error-type,b_rows,Source:ERR-3:InvalidPropagation,1
corpus/op2-pos-sat-mode,base,accepted,0
corpus/op2-pos-sat-mode,off,accepted,0
corpus/op2-pos-sat-mode,a,accepted,0
corpus/op2-pos-sat-mode,ap,accepted,0
corpus/op2-pos-sat-mode,b,accepted,0
corpus/op2-pos-sat-mode,rows,accepted,0
corpus/op2-pos-sat-mode,b_rows,accepted,0
corpus/const2-pos-array-lookup,base,accepted,0
corpus/const2-pos-array-lookup,off,accepted,0
corpus/const2-pos-array-lookup,a,accepted,0
corpus/const2-pos-array-lookup,ap,accepted,0
corpus/const2-pos-array-lookup,b,accepted,0
corpus/const2-pos-array-lookup,rows,accepted,0
corpus/const2-pos-array-lookup,b_rows,accepted,0
corpus/const2-neg-set,base,Source:CONST-2:ImmutableSetTarget,1
corpus/const2-neg-set,off,Source:CONST-2:ImmutableSetTarget,1
corpus/const2-neg-set,a,Source:CONST-2:ImmutableSetTarget,1
corpus/const2-neg-set,ap,Source:CONST-2:ImmutableSetTarget,1
corpus/const2-neg-set,b,Source:CONST-2:ImmutableSetTarget,1
corpus/const2-neg-set,rows,Source:CONST-2:ImmutableSetTarget,1
corpus/const2-neg-set,b_rows,Source:CONST-2:ImmutableSetTarget,1
corpus/own1-pos-tagonly-copy,base,accepted,0
corpus/own1-pos-tagonly-copy,off,accepted,0
corpus/own1-pos-tagonly-copy,a,accepted,0
corpus/own1-pos-tagonly-copy,ap,accepted,0
corpus/own1-pos-tagonly-copy,b,accepted,0
corpus/own1-pos-tagonly-copy,rows,accepted,0
corpus/own1-pos-tagonly-copy,b_rows,accepted,0
corpus/own1-neg-move-of-copy,base,Source:OWN-1:MoveOfCopy,1
corpus/own1-neg-move-of-copy,off,Source:OWN-1:MoveOfCopy,1
corpus/own1-neg-move-of-copy,a,Source:OWN-1:MoveOfCopy,1
corpus/own1-neg-move-of-copy,ap,Source:OWN-1:MoveOfCopy,1
corpus/own1-neg-move-of-copy,b,Source:OWN-1:MoveOfCopy,1
corpus/own1-neg-move-of-copy,rows,Source:OWN-1:MoveOfCopy,1
corpus/own1-neg-move-of-copy,b_rows,Source:OWN-1:MoveOfCopy,1
corpus/type2-pos-buffer-tagonly,base,accepted,0
corpus/type2-pos-buffer-tagonly,off,accepted,0
corpus/type2-pos-buffer-tagonly,a,accepted,0
corpus/type2-pos-buffer-tagonly,ap,accepted,0
corpus/type2-pos-buffer-tagonly,b,accepted,0
corpus/type2-pos-buffer-tagonly,rows,accepted,0
corpus/type2-pos-buffer-tagonly,b_rows,accepted,0
corpus/type2-pos-twostate-enum-i1,base,accepted,0
corpus/type2-pos-twostate-enum-i1,off,accepted,0
corpus/type2-pos-twostate-enum-i1,a,accepted,0
corpus/type2-pos-twostate-enum-i1,ap,accepted,0
corpus/type2-pos-twostate-enum-i1,b,accepted,0
corpus/type2-pos-twostate-enum-i1,rows,accepted,0
corpus/type2-pos-twostate-enum-i1,b_rows,accepted,0
corpus/fn8-pos-requires-run,base,accepted,0
corpus/fn8-pos-requires-run,off,accepted,0
corpus/fn8-pos-requires-run,a,accepted,0
corpus/fn8-pos-requires-run,ap,accepted,0
corpus/fn8-pos-requires-run,b,accepted,0
corpus/fn8-pos-requires-run,rows,accepted,0
corpus/fn8-pos-requires-run,b_rows,accepted,0
corpus/fn8-neg-entry-contract,base,accepted,0
corpus/fn8-neg-entry-contract,off,accepted,0
corpus/fn8-neg-entry-contract,a,accepted,0
corpus/fn8-neg-entry-contract,ap,accepted,0
corpus/fn8-neg-entry-contract,b,accepted,0
corpus/fn8-neg-entry-contract,rows,accepted,0
corpus/fn8-neg-entry-contract,b_rows,accepted,0
corpus/fn8-neg-requires-noncopy-local,base,Source:FN-8:InvalidRequires,1
corpus/fn8-neg-requires-noncopy-local,off,Source:FN-8:InvalidRequires,1
corpus/fn8-neg-requires-noncopy-local,a,Source:FN-8:InvalidRequires,1
corpus/fn8-neg-requires-noncopy-local,ap,Source:FN-8:InvalidRequires,1
corpus/fn8-neg-requires-noncopy-local,b,Source:FN-8:InvalidRequires,1
corpus/fn8-neg-requires-noncopy-local,rows,Source:FN-8:InvalidRequires,1
corpus/fn8-neg-requires-noncopy-local,b_rows,Source:FN-8:InvalidRequires,1
corpus/fn8-neg-requires-noncopy-cvt-local,base,Source:OWN-1:BareAffineUse,1
corpus/fn8-neg-requires-noncopy-cvt-local,off,Source:OWN-1:BareAffineUse,1
corpus/fn8-neg-requires-noncopy-cvt-local,a,Source:OWN-1:BareAffineUse,1
corpus/fn8-neg-requires-noncopy-cvt-local,ap,Source:OWN-1:BareAffineUse,1
corpus/fn8-neg-requires-noncopy-cvt-local,b,Source:OWN-1:BareAffineUse,1
corpus/fn8-neg-requires-noncopy-cvt-local,rows,Source:OWN-1:BareAffineUse,1
corpus/fn8-neg-requires-noncopy-cvt-local,b_rows,Source:OWN-1:BareAffineUse,1
corpus/fn8-neg-requires-non-bool-check,base,Source:OP-5:InvalidPredicateCondition,1
corpus/fn8-neg-requires-non-bool-check,off,Source:OP-5:InvalidPredicateCondition,1
corpus/fn8-neg-requires-non-bool-check,a,Source:OP-5:InvalidPredicateCondition,1
corpus/fn8-neg-requires-non-bool-check,ap,Source:OP-5:InvalidPredicateCondition,1
corpus/fn8-neg-requires-non-bool-check,b,Source:OP-5:InvalidPredicateCondition,1
corpus/fn8-neg-requires-non-bool-check,rows,Source:OP-5:InvalidPredicateCondition,1
corpus/fn8-neg-requires-non-bool-check,b_rows,Source:OP-5:InvalidPredicateCondition,1
corpus/fn8-neg-requires-control,base,Source:GRAM-2:UnexpectedToken,1
corpus/fn8-neg-requires-control,off,Source:GRAM-2:UnexpectedToken,1
corpus/fn8-neg-requires-control,a,Source:GRAM-2:UnexpectedToken,1
corpus/fn8-neg-requires-control,ap,Source:GRAM-2:UnexpectedToken,1
corpus/fn8-neg-requires-control,b,Source:GRAM-2:UnexpectedToken,1
corpus/fn8-neg-requires-control,rows,Source:GRAM-2:UnexpectedToken,1
corpus/fn8-neg-requires-control,b_rows,Source:GRAM-2:UnexpectedToken,1
corpus/fn8-neg-requires-user-call,base,Source:FN-8:InvalidRequires,1
corpus/fn8-neg-requires-user-call,off,Source:FN-8:InvalidRequires,1
corpus/fn8-neg-requires-user-call,a,Source:FN-8:InvalidRequires,1
corpus/fn8-neg-requires-user-call,ap,Source:FN-8:InvalidRequires,1
corpus/fn8-neg-requires-user-call,b,Source:FN-8:InvalidRequires,1
corpus/fn8-neg-requires-user-call,rows,Source:FN-8:InvalidRequires,1
corpus/fn8-neg-requires-user-call,b_rows,Source:FN-8:InvalidRequires,1
corpus/fn8-neg-requires-partial-op,base,Source:FN-8:InvalidRequires,1
corpus/fn8-neg-requires-partial-op,off,Source:FN-8:InvalidRequires,1
corpus/fn8-neg-requires-partial-op,a,Source:FN-8:InvalidRequires,1
corpus/fn8-neg-requires-partial-op,ap,Source:FN-8:InvalidRequires,1
corpus/fn8-neg-requires-partial-op,b,Source:FN-8:InvalidRequires,1
corpus/fn8-neg-requires-partial-op,rows,Source:FN-8:InvalidRequires,1
corpus/fn8-neg-requires-partial-op,b_rows,Source:FN-8:InvalidRequires,1
corpus/fn8-pos-requires-affine-row,base,accepted,0
corpus/fn8-pos-requires-affine-row,off,accepted,0
corpus/fn8-pos-requires-affine-row,a,accepted,0
corpus/fn8-pos-requires-affine-row,ap,accepted,0
corpus/fn8-pos-requires-affine-row,b,accepted,0
corpus/fn8-pos-requires-affine-row,rows,accepted,0
corpus/fn8-pos-requires-affine-row,b_rows,accepted,0
corpus/inv1-pos-named-const-atom,base,accepted,0
corpus/inv1-pos-named-const-atom,off,accepted,0
corpus/inv1-pos-named-const-atom,a,accepted,0
corpus/inv1-pos-named-const-atom,ap,accepted,0
corpus/inv1-pos-named-const-atom,b,accepted,0
corpus/inv1-pos-named-const-atom,rows,accepted,0
corpus/inv1-pos-named-const-atom,b_rows,accepted,0
corpus/fn8-neg-requires-set,base,Source:GRAM-2:UnexpectedToken,1
corpus/fn8-neg-requires-set,off,Source:GRAM-2:UnexpectedToken,1
corpus/fn8-neg-requires-set,a,Source:GRAM-2:UnexpectedToken,1
corpus/fn8-neg-requires-set,ap,Source:GRAM-2:UnexpectedToken,1
corpus/fn8-neg-requires-set,b,Source:GRAM-2:UnexpectedToken,1
corpus/fn8-neg-requires-set,rows,Source:GRAM-2:UnexpectedToken,1
corpus/fn8-neg-requires-set,b_rows,Source:GRAM-2:UnexpectedToken,1
corpus/fn8-neg-requires-no-check,base,Source:FN-8:ContractShape,1
corpus/fn8-neg-requires-no-check,off,Source:FN-8:ContractShape,1
corpus/fn8-neg-requires-no-check,a,Source:FN-8:ContractShape,1
corpus/fn8-neg-requires-no-check,ap,Source:FN-8:ContractShape,1
corpus/fn8-neg-requires-no-check,b,Source:FN-8:ContractShape,1
corpus/fn8-neg-requires-no-check,rows,Source:FN-8:ContractShape,1
corpus/fn8-neg-requires-no-check,b_rows,Source:FN-8:ContractShape,1
corpus/fn8-neg-requires-local-in-body,base,Source:TYPE-5:InvisibleUse,1
corpus/fn8-neg-requires-local-in-body,off,Source:TYPE-5:InvisibleUse,1
corpus/fn8-neg-requires-local-in-body,a,Source:TYPE-5:InvisibleUse,1
corpus/fn8-neg-requires-local-in-body,ap,Source:TYPE-5:InvisibleUse,1
corpus/fn8-neg-requires-local-in-body,b,Source:TYPE-5:InvisibleUse,1
corpus/fn8-neg-requires-local-in-body,rows,Source:TYPE-5:InvisibleUse,1
corpus/fn8-neg-requires-local-in-body,b_rows,Source:TYPE-5:InvisibleUse,1
corpus/fn8-pos-requires-name-reuse,base,accepted,0
corpus/fn8-pos-requires-name-reuse,off,accepted,0
corpus/fn8-pos-requires-name-reuse,a,accepted,0
corpus/fn8-pos-requires-name-reuse,ap,accepted,0
corpus/fn8-pos-requires-name-reuse,b,accepted,0
corpus/fn8-pos-requires-name-reuse,rows,accepted,0
corpus/fn8-pos-requires-name-reuse,b_rows,accepted,0
corpus/fn4-neg-requires-mismatch,base,Source:FN-4:BehaviorArgumentMismatch,1
corpus/fn4-neg-requires-mismatch,off,Source:FN-4:BehaviorArgumentMismatch,1
corpus/fn4-neg-requires-mismatch,a,Source:FN-4:BehaviorArgumentMismatch,1
corpus/fn4-neg-requires-mismatch,ap,Source:FN-4:BehaviorArgumentMismatch,1
corpus/fn4-neg-requires-mismatch,b,Source:FN-4:BehaviorArgumentMismatch,1
corpus/fn4-neg-requires-mismatch,rows,Source:FN-4:BehaviorArgumentMismatch,1
corpus/fn4-neg-requires-mismatch,b_rows,Source:FN-4:BehaviorArgumentMismatch,1
corpus/fn4-neg-formal-row-coverage,base,Source:FN-4:BehaviorArgumentMismatch,1
corpus/fn4-neg-formal-row-coverage,off,Source:FN-4:BehaviorArgumentMismatch,1
corpus/fn4-neg-formal-row-coverage,a,Source:FN-4:BehaviorArgumentMismatch,1
corpus/fn4-neg-formal-row-coverage,ap,Source:FN-4:BehaviorArgumentMismatch,1
corpus/fn4-neg-formal-row-coverage,b,Source:FN-4:BehaviorArgumentMismatch,1
corpus/fn4-neg-formal-row-coverage,rows,Source:FN-4:BehaviorArgumentMismatch,1
corpus/fn4-neg-formal-row-coverage,b_rows,Source:FN-4:BehaviorArgumentMismatch,1
corpus/type5-neg-shared-for-uniq-arg,base,Source:TYPE-5:TypeMismatch,1
corpus/type5-neg-shared-for-uniq-arg,off,Source:TYPE-5:TypeMismatch,1
corpus/type5-neg-shared-for-uniq-arg,a,Source:TYPE-5:TypeMismatch,1
corpus/type5-neg-shared-for-uniq-arg,ap,Source:TYPE-5:TypeMismatch,1
corpus/type5-neg-shared-for-uniq-arg,b,Source:TYPE-5:TypeMismatch,1
corpus/type5-neg-shared-for-uniq-arg,rows,Source:TYPE-5:TypeMismatch,1
corpus/type5-neg-shared-for-uniq-arg,b_rows,Source:TYPE-5:TypeMismatch,1
corpus/form3-neg-requires-binding,base,Source:FORM-3:UnexpectedToken,1
corpus/form3-neg-requires-binding,off,Source:FORM-3:UnexpectedToken,1
corpus/form3-neg-requires-binding,a,Source:FORM-3:UnexpectedToken,1
corpus/form3-neg-requires-binding,ap,Source:FORM-3:UnexpectedToken,1
corpus/form3-neg-requires-binding,b,Source:FORM-3:UnexpectedToken,1
corpus/form3-neg-requires-binding,rows,Source:FORM-3:UnexpectedToken,1
corpus/form3-neg-requires-binding,b_rows,Source:FORM-3:UnexpectedToken,1
corpus/own1-neg-bare-uniq-copy,base,accepted,0
corpus/own1-neg-bare-uniq-copy,off,accepted,0
corpus/own1-neg-bare-uniq-copy,a,accepted,0
corpus/own1-neg-bare-uniq-copy,ap,accepted,0
corpus/own1-neg-bare-uniq-copy,b,accepted,0
corpus/own1-neg-bare-uniq-copy,rows,accepted,0
corpus/own1-neg-bare-uniq-copy,b_rows,accepted,0
corpus/fn8-neg-empty-contract,base,Source:FN-8:ContractShape,1
corpus/fn8-neg-empty-contract,off,Source:FN-8:ContractShape,1
corpus/fn8-neg-empty-contract,a,Source:FN-8:ContractShape,1
corpus/fn8-neg-empty-contract,ap,Source:FN-8:ContractShape,1
corpus/fn8-neg-empty-contract,b,Source:FN-8:ContractShape,1
corpus/fn8-neg-empty-contract,rows,Source:FN-8:ContractShape,1
corpus/fn8-neg-empty-contract,b_rows,Source:FN-8:ContractShape,1
corpus/form3-neg-retired-mode-suffix,base,Source:FORM-3:UnexpectedToken,1
corpus/form3-neg-retired-mode-suffix,off,Source:FORM-3:UnexpectedToken,1
corpus/form3-neg-retired-mode-suffix,a,Source:FORM-3:UnexpectedToken,1
corpus/form3-neg-retired-mode-suffix,ap,Source:FORM-3:UnexpectedToken,1
corpus/form3-neg-retired-mode-suffix,b,Source:FORM-3:UnexpectedToken,1
corpus/form3-neg-retired-mode-suffix,rows,Source:FORM-3:UnexpectedToken,1
corpus/form3-neg-retired-mode-suffix,b_rows,Source:FORM-3:UnexpectedToken,1
corpus/x-enum-twostate-result-payload,base,accepted,0
corpus/x-enum-twostate-result-payload,off,accepted,0
corpus/x-enum-twostate-result-payload,a,accepted,0
corpus/x-enum-twostate-result-payload,ap,accepted,0
corpus/x-enum-twostate-result-payload,b,accepted,0
corpus/x-enum-twostate-result-payload,rows,accepted,0
corpus/x-enum-twostate-result-payload,b_rows,accepted,0
corpus/x-enum-result-payload-type-mismatch,base,Source:TYPE-5:TypeMismatch,1
corpus/x-enum-result-payload-type-mismatch,off,Source:TYPE-5:TypeMismatch,1
corpus/x-enum-result-payload-type-mismatch,a,Source:TYPE-5:TypeMismatch,1
corpus/x-enum-result-payload-type-mismatch,ap,Source:TYPE-5:TypeMismatch,1
corpus/x-enum-result-payload-type-mismatch,b,Source:TYPE-5:TypeMismatch,1
corpus/x-enum-result-payload-type-mismatch,rows,Source:TYPE-5:TypeMismatch,1
corpus/x-enum-result-payload-type-mismatch,b_rows,Source:TYPE-5:TypeMismatch,1
corpus/x-enum-result-context-free-constructor,base,Source:TYPE-5:TypeMismatch,1
corpus/x-enum-result-context-free-constructor,off,Source:TYPE-5:TypeMismatch,1
corpus/x-enum-result-context-free-constructor,a,Source:TYPE-5:TypeMismatch,1
corpus/x-enum-result-context-free-constructor,ap,Source:TYPE-5:TypeMismatch,1
corpus/x-enum-result-context-free-constructor,b,Source:TYPE-5:TypeMismatch,1
corpus/x-enum-result-context-free-constructor,rows,Source:TYPE-5:TypeMismatch,1
corpus/x-enum-result-context-free-constructor,b_rows,Source:TYPE-5:TypeMismatch,1
corpus/x-enum-option-context-free-constructor,base,Source:TYPE-5:TypeMismatch,1
corpus/x-enum-option-context-free-constructor,off,Source:TYPE-5:TypeMismatch,1
corpus/x-enum-option-context-free-constructor,a,Source:TYPE-5:TypeMismatch,1
corpus/x-enum-option-context-free-constructor,ap,Source:TYPE-5:TypeMismatch,1
corpus/x-enum-option-context-free-constructor,b,Source:TYPE-5:TypeMismatch,1
corpus/x-enum-option-context-free-constructor,rows,Source:TYPE-5:TypeMismatch,1
corpus/x-enum-option-context-free-constructor,b_rows,Source:TYPE-5:TypeMismatch,1
corpus/x-const-scalar-u64-width,base,accepted,0
corpus/x-const-scalar-u64-width,off,accepted,0
corpus/x-const-scalar-u64-width,a,accepted,0
corpus/x-const-scalar-u64-width,ap,accepted,0
corpus/x-const-scalar-u64-width,b,accepted,0
corpus/x-const-scalar-u64-width,rows,accepted,0
corpus/x-const-scalar-u64-width,b_rows,accepted,0
corpus/x-give-result-aggregate,base,accepted,0
corpus/x-give-result-aggregate,off,accepted,0
corpus/x-give-result-aggregate,a,accepted,0
corpus/x-give-result-aggregate,ap,accepted,0
corpus/x-give-result-aggregate,b,accepted,0
corpus/x-give-result-aggregate,rows,accepted,0
corpus/x-give-result-aggregate,b_rows,accepted,0
corpus/pending-result-aggregate-payload,base,accepted,0
corpus/pending-result-aggregate-payload,off,accepted,0
corpus/pending-result-aggregate-payload,a,accepted,0
corpus/pending-result-aggregate-payload,ap,accepted,0
corpus/pending-result-aggregate-payload,b,accepted,0
corpus/pending-result-aggregate-payload,rows,accepted,0
corpus/pending-result-aggregate-payload,b_rows,accepted,0
corpus/own1-neg-index-atom-after-move,base,Source:OWN-1:UseAfterMove,1
corpus/own1-neg-index-atom-after-move,off,Source:OWN-1:UseAfterMove,1
corpus/own1-neg-index-atom-after-move,a,Source:OWN-1:UseAfterMove,1
corpus/own1-neg-index-atom-after-move,ap,Source:OWN-1:UseAfterMove,1
corpus/own1-neg-index-atom-after-move,b,Source:OWN-1:UseAfterMove,1
corpus/own1-neg-index-atom-after-move,rows,Source:OWN-1:UseAfterMove,1
corpus/own1-neg-index-atom-after-move,b_rows,Source:OWN-1:UseAfterMove,1
corpus/gram9-neg-constructor-in-call-argument,base,Source:GRAM-9:UnexpectedToken,1
corpus/gram9-neg-constructor-in-call-argument,off,Source:GRAM-9:UnexpectedToken,1
corpus/gram9-neg-constructor-in-call-argument,a,Source:GRAM-9:UnexpectedToken,1
corpus/gram9-neg-constructor-in-call-argument,ap,Source:GRAM-9:UnexpectedToken,1
corpus/gram9-neg-constructor-in-call-argument,b,Source:GRAM-9:UnexpectedToken,1
corpus/gram9-neg-constructor-in-call-argument,rows,Source:GRAM-9:UnexpectedToken,1
corpus/gram9-neg-constructor-in-call-argument,b_rows,Source:GRAM-9:UnexpectedToken,1
corpus/gram9-neg-constructor-in-constructor-field,base,Source:GRAM-9:UnexpectedToken,1
corpus/gram9-neg-constructor-in-constructor-field,off,Source:GRAM-9:UnexpectedToken,1
corpus/gram9-neg-constructor-in-constructor-field,a,Source:GRAM-9:UnexpectedToken,1
corpus/gram9-neg-constructor-in-constructor-field,ap,Source:GRAM-9:UnexpectedToken,1
corpus/gram9-neg-constructor-in-constructor-field,b,Source:GRAM-9:UnexpectedToken,1
corpus/gram9-neg-constructor-in-constructor-field,rows,Source:GRAM-9:UnexpectedToken,1
corpus/gram9-neg-constructor-in-constructor-field,b_rows,Source:GRAM-9:UnexpectedToken,1
corpus/gram5-pos-recursive-place-projection,base,accepted,0
corpus/gram5-pos-recursive-place-projection,off,accepted,0
corpus/gram5-pos-recursive-place-projection,a,accepted,0
corpus/gram5-pos-recursive-place-projection,ap,accepted,0
corpus/gram5-pos-recursive-place-projection,b,accepted,0
corpus/gram5-pos-recursive-place-projection,rows,accepted,0
corpus/gram5-pos-recursive-place-projection,b_rows,accepted,0
corpus/own1-neg-match-move-copy,base,Source:OWN-1:MoveOfCopy,1
corpus/own1-neg-match-move-copy,off,Source:OWN-1:MoveOfCopy,1
corpus/own1-neg-match-move-copy,a,Source:OWN-1:MoveOfCopy,1
corpus/own1-neg-match-move-copy,ap,Source:OWN-1:MoveOfCopy,1
corpus/own1-neg-match-move-copy,b,Source:OWN-1:MoveOfCopy,1
corpus/own1-neg-match-move-copy,rows,Source:OWN-1:MoveOfCopy,1
corpus/own1-neg-match-move-copy,b_rows,Source:OWN-1:MoveOfCopy,1
corpus/own1-neg-index-move-copy-offset,base,Source:OWN-1:MoveOfCopy,1
corpus/own1-neg-index-move-copy-offset,off,Source:OWN-1:MoveOfCopy,1
corpus/own1-neg-index-move-copy-offset,a,Source:OWN-1:MoveOfCopy,1
corpus/own1-neg-index-move-copy-offset,ap,Source:OWN-1:MoveOfCopy,1
corpus/own1-neg-index-move-copy-offset,b,Source:OWN-1:MoveOfCopy,1
corpus/own1-neg-index-move-copy-offset,rows,Source:OWN-1:MoveOfCopy,1
corpus/own1-neg-index-move-copy-offset,b_rows,Source:OWN-1:MoveOfCopy,1
corpus/own1-pos-match-projected-copy,base,accepted,0
corpus/own1-pos-match-projected-copy,off,accepted,0
corpus/own1-pos-match-projected-copy,a,accepted,0
corpus/own1-pos-match-projected-copy,ap,accepted,0
corpus/own1-pos-match-projected-copy,b,accepted,0
corpus/own1-pos-match-projected-copy,rows,accepted,0
corpus/own1-pos-match-projected-copy,b_rows,accepted,0
corpus/type5-neg-index-offset-type,base,Source:TYPE-5:TypeMismatch,1
corpus/type5-neg-index-offset-type,off,Source:TYPE-5:TypeMismatch,1
corpus/type5-neg-index-offset-type,a,Source:TYPE-5:TypeMismatch,1
corpus/type5-neg-index-offset-type,ap,Source:TYPE-5:TypeMismatch,1
corpus/type5-neg-index-offset-type,b,Source:TYPE-5:TypeMismatch,1
corpus/type5-neg-index-offset-type,rows,Source:TYPE-5:TypeMismatch,1
corpus/type5-neg-index-offset-type,b_rows,Source:TYPE-5:TypeMismatch,1
corpus/type7-neg-index-reference-holder,base,Source:TYPE-7:MissingDereference,1
corpus/type7-neg-index-reference-holder,off,Source:TYPE-7:MissingDereference,1
corpus/type7-neg-index-reference-holder,a,Source:TYPE-7:MissingDereference,1
corpus/type7-neg-index-reference-holder,ap,Source:TYPE-7:MissingDereference,1
corpus/type7-neg-index-reference-holder,b,Source:TYPE-7:MissingDereference,1
corpus/type7-neg-index-reference-holder,rows,Source:TYPE-7:MissingDereference,1
corpus/type7-neg-index-reference-holder,b_rows,Source:TYPE-7:MissingDereference,1
corpus/type7-neg-match-reference-holder,base,Source:TYPE-7:MissingDereference,1
corpus/type7-neg-match-reference-holder,off,Source:TYPE-7:MissingDereference,1
corpus/type7-neg-match-reference-holder,a,Source:TYPE-7:MissingDereference,1
corpus/type7-neg-match-reference-holder,ap,Source:TYPE-7:MissingDereference,1
corpus/type7-neg-match-reference-holder,b,Source:TYPE-7:MissingDereference,1
corpus/type7-neg-match-reference-holder,rows,Source:TYPE-7:MissingDereference,1
corpus/type7-neg-match-reference-holder,b_rows,Source:TYPE-7:MissingDereference,1
corpus/type7-neg-match-borrow-expression,base,accepted,0
corpus/type7-neg-match-borrow-expression,off,accepted,0
corpus/type7-neg-match-borrow-expression,a,accepted,0
corpus/type7-neg-match-borrow-expression,ap,accepted,0
corpus/type7-neg-match-borrow-expression,b,accepted,0
corpus/type7-neg-match-borrow-expression,rows,accepted,0
corpus/type7-neg-match-borrow-expression,b_rows,accepted,0
corpus/type7-neg-match-reference-call,base,Source:TYPE-5:TypeMismatch,1
corpus/type7-neg-match-reference-call,off,Source:TYPE-5:TypeMismatch,1
corpus/type7-neg-match-reference-call,a,Source:TYPE-5:TypeMismatch,1
corpus/type7-neg-match-reference-call,ap,Source:TYPE-5:TypeMismatch,1
corpus/type7-neg-match-reference-call,b,Source:TYPE-5:TypeMismatch,1
corpus/type7-neg-match-reference-call,rows,Source:TYPE-5:TypeMismatch,1
corpus/type7-neg-match-reference-call,b_rows,Source:TYPE-5:TypeMismatch,1
corpus/type7-neg-match-box-holder,base,Source:TYPE-5:TypeMismatch,1
corpus/type7-neg-match-box-holder,off,Source:TYPE-5:TypeMismatch,1
corpus/type7-neg-match-box-holder,a,Source:TYPE-5:TypeMismatch,1
corpus/type7-neg-match-box-holder,ap,Source:TYPE-5:TypeMismatch,1
corpus/type7-neg-match-box-holder,b,Source:TYPE-5:TypeMismatch,1
corpus/type7-neg-match-box-holder,rows,Source:TYPE-5:TypeMismatch,1
corpus/type7-neg-match-box-holder,b_rows,Source:TYPE-5:TypeMismatch,1
corpus/type5-neg-match-non-enum,base,Source:TYPE-5:TypeMismatch,1
corpus/type5-neg-match-non-enum,off,Source:TYPE-5:TypeMismatch,1
corpus/type5-neg-match-non-enum,a,Source:TYPE-5:TypeMismatch,1
corpus/type5-neg-match-non-enum,ap,Source:TYPE-5:TypeMismatch,1
corpus/type5-neg-match-non-enum,b,Source:TYPE-5:TypeMismatch,1
corpus/type5-neg-match-non-enum,rows,Source:TYPE-5:TypeMismatch,1
corpus/type5-neg-match-non-enum,b_rows,Source:TYPE-5:TypeMismatch,1
corpus/type5-pos-index-element-type-derived,base,accepted,0
corpus/type5-pos-index-element-type-derived,off,accepted,0
corpus/type5-pos-index-element-type-derived,a,accepted,0
corpus/type5-pos-index-element-type-derived,ap,accepted,0
corpus/type5-pos-index-element-type-derived,b,accepted,0
corpus/type5-pos-index-element-type-derived,rows,accepted,0
corpus/type5-pos-index-element-type-derived,b_rows,accepted,0
corpus/type7-neg-index-box-holder,base,Source:OP-4:TypeMismatch,1
corpus/type7-neg-index-box-holder,off,Source:OP-4:TypeMismatch,1
corpus/type7-neg-index-box-holder,a,Source:OP-4:TypeMismatch,1
corpus/type7-neg-index-box-holder,ap,Source:OP-4:TypeMismatch,1
corpus/type7-neg-index-box-holder,b,Source:OP-4:TypeMismatch,1
corpus/type7-neg-index-box-holder,rows,Source:OP-4:TypeMismatch,1
corpus/type7-neg-index-box-holder,b_rows,Source:OP-4:TypeMismatch,1
corpus/type7-neg-propagate-reference-holder,base,Source:OWN-1:MoveThroughReference,1
corpus/type7-neg-propagate-reference-holder,off,Source:OWN-1:MoveThroughReference,1
corpus/type7-neg-propagate-reference-holder,a,Source:OWN-1:MoveThroughReference,1
corpus/type7-neg-propagate-reference-holder,ap,Source:OWN-1:MoveThroughReference,1
corpus/type7-neg-propagate-reference-holder,b,Source:OWN-1:MoveThroughReference,1
corpus/type7-neg-propagate-reference-holder,rows,Source:OWN-1:MoveThroughReference,1
corpus/type7-neg-propagate-reference-holder,b_rows,Source:OWN-1:MoveThroughReference,1
corpus/type7-neg-propagate-box-holder,base,Source:ERR-3:InvalidPropagation,1
corpus/type7-neg-propagate-box-holder,off,Source:ERR-3:InvalidPropagation,1
corpus/type7-neg-propagate-box-holder,a,Source:ERR-3:InvalidPropagation,1
corpus/type7-neg-propagate-box-holder,ap,Source:ERR-3:InvalidPropagation,1
corpus/type7-neg-propagate-box-holder,b,Source:ERR-3:InvalidPropagation,1
corpus/type7-neg-propagate-box-holder,rows,Source:ERR-3:InvalidPropagation,1
corpus/type7-neg-propagate-box-holder,b_rows,Source:ERR-3:InvalidPropagation,1
corpus/type7-neg-return-box-as-referent,base,Source:FN-1:ReturnMismatch,1
corpus/type7-neg-return-box-as-referent,off,Source:FN-1:ReturnMismatch,1
corpus/type7-neg-return-box-as-referent,a,Source:FN-1:ReturnMismatch,1
corpus/type7-neg-return-box-as-referent,ap,Source:FN-1:ReturnMismatch,1
corpus/type7-neg-return-box-as-referent,b,Source:FN-1:ReturnMismatch,1
corpus/type7-neg-return-box-as-referent,rows,Source:FN-1:ReturnMismatch,1
corpus/type7-neg-return-box-as-referent,b_rows,Source:FN-1:ReturnMismatch,1
corpus/own1-neg-return-through-shared-borrow,base,Source:OWN-1:MoveOfCopy,1
corpus/own1-neg-return-through-shared-borrow,off,Source:OWN-1:MoveOfCopy,1
corpus/own1-neg-return-through-shared-borrow,a,Source:OWN-1:MoveOfCopy,1
corpus/own1-neg-return-through-shared-borrow,ap,Source:OWN-1:MoveOfCopy,1
corpus/own1-neg-return-through-shared-borrow,b,Source:OWN-1:MoveOfCopy,1
corpus/own1-neg-return-through-shared-borrow,rows,Source:OWN-1:MoveOfCopy,1
corpus/own1-neg-return-through-shared-borrow,b_rows,Source:OWN-1:MoveOfCopy,1
corpus/own1-neg-return-borrowed-box,base,Source:OWN-1:MoveThroughReference,1
corpus/own1-neg-return-borrowed-box,off,Source:OWN-1:MoveThroughReference,1
corpus/own1-neg-return-borrowed-box,a,Source:OWN-1:MoveThroughReference,1
corpus/own1-neg-return-borrowed-box,ap,Source:OWN-1:MoveThroughReference,1
corpus/own1-neg-return-borrowed-box,b,Source:OWN-1:MoveThroughReference,1
corpus/own1-neg-return-borrowed-box,rows,Source:OWN-1:MoveThroughReference,1
corpus/own1-neg-return-borrowed-box,b_rows,Source:OWN-1:MoveThroughReference,1
corpus/own1-pos-return-affine-contextual-move,base,accepted,0
corpus/own1-pos-return-affine-contextual-move,off,accepted,0
corpus/own1-pos-return-affine-contextual-move,a,accepted,0
corpus/own1-pos-return-affine-contextual-move,ap,accepted,0
corpus/own1-pos-return-affine-contextual-move,b,accepted,0
corpus/own1-pos-return-affine-contextual-move,rows,accepted,0
corpus/own1-pos-return-affine-contextual-move,b_rows,accepted,0
corpus/own1-neg-match-move-through-borrow,base,Source:OWN-1:MoveOfCopy,1
corpus/own1-neg-match-move-through-borrow,off,Source:OWN-1:MoveOfCopy,1
corpus/own1-neg-match-move-through-borrow,a,Source:OWN-1:MoveOfCopy,1
corpus/own1-neg-match-move-through-borrow,ap,Source:OWN-1:MoveOfCopy,1
corpus/own1-neg-match-move-through-borrow,b,Source:OWN-1:MoveOfCopy,1
corpus/own1-neg-match-move-through-borrow,rows,Source:OWN-1:MoveOfCopy,1
corpus/own1-neg-match-move-through-borrow,b_rows,Source:OWN-1:MoveOfCopy,1
corpus/own13-pos-borrow-affine-payload,base,accepted,0
corpus/own13-pos-borrow-affine-payload,off,accepted,0
corpus/own13-pos-borrow-affine-payload,a,accepted,0
corpus/own13-pos-borrow-affine-payload,ap,accepted,0
corpus/own13-pos-borrow-affine-payload,b,accepted,0
corpus/own13-pos-borrow-affine-payload,rows,accepted,0
corpus/own13-pos-borrow-affine-payload,b_rows,accepted,0
corpus/own5-neg-match-borrow-affine-payload-move,base,Source:OWN-1:MoveOfCopy,1
corpus/own5-neg-match-borrow-affine-payload-move,off,Source:OWN-1:MoveOfCopy,1
corpus/own5-neg-match-borrow-affine-payload-move,a,Source:OWN-1:MoveOfCopy,1
corpus/own5-neg-match-borrow-affine-payload-move,ap,Source:OWN-1:MoveOfCopy,1
corpus/own5-neg-match-borrow-affine-payload-move,b,Source:OWN-1:MoveOfCopy,1
corpus/own5-neg-match-borrow-affine-payload-move,rows,Source:OWN-1:MoveOfCopy,1
corpus/own5-neg-match-borrow-affine-payload-move,b_rows,Source:OWN-1:MoveOfCopy,1
corpus/own13-pos-uniq-match-payloads,base,accepted,0
corpus/own13-pos-uniq-match-payloads,off,accepted,0
corpus/own13-pos-uniq-match-payloads,a,accepted,0
corpus/own13-pos-uniq-match-payloads,ap,accepted,0
corpus/own13-pos-uniq-match-payloads,b,accepted,0
corpus/own13-pos-uniq-match-payloads,rows,accepted,0
corpus/own13-pos-uniq-match-payloads,b_rows,accepted,0
corpus/own1-pos-match-copy-payload-reuse,base,accepted,0
corpus/own1-pos-match-copy-payload-reuse,off,accepted,0
corpus/own1-pos-match-copy-payload-reuse,a,accepted,0
corpus/own1-pos-match-copy-payload-reuse,ap,accepted,0
corpus/own1-pos-match-copy-payload-reuse,b,accepted,0
corpus/own1-pos-match-copy-payload-reuse,rows,accepted,0
corpus/own1-pos-match-copy-payload-reuse,b_rows,accepted,0
corpus/own1-pos-propagate-copy-payload-reuse,base,accepted,0
corpus/own1-pos-propagate-copy-payload-reuse,off,accepted,0
corpus/own1-pos-propagate-copy-payload-reuse,a,accepted,0
corpus/own1-pos-propagate-copy-payload-reuse,ap,accepted,0
corpus/own1-pos-propagate-copy-payload-reuse,b,accepted,0
corpus/own1-pos-propagate-copy-payload-reuse,rows,accepted,0
corpus/own1-pos-propagate-copy-payload-reuse,b_rows,accepted,0
corpus/op1-pos-tag-enum-equality,base,accepted,0
corpus/op1-pos-tag-enum-equality,off,accepted,0
corpus/op1-pos-tag-enum-equality,a,accepted,0
corpus/op1-pos-tag-enum-equality,ap,accepted,0
corpus/op1-pos-tag-enum-equality,b,accepted,0
corpus/op1-pos-tag-enum-equality,rows,accepted,0
corpus/op1-pos-tag-enum-equality,b_rows,accepted,0
corpus/op1-pos-bool-enum-equality,base,accepted,0
corpus/op1-pos-bool-enum-equality,off,accepted,0
corpus/op1-pos-bool-enum-equality,a,accepted,0
corpus/op1-pos-bool-enum-equality,ap,accepted,0
corpus/op1-pos-bool-enum-equality,b,accepted,0
corpus/op1-pos-bool-enum-equality,rows,accepted,0
corpus/op1-pos-bool-enum-equality,b_rows,accepted,0
corpus/op1-neg-eeq-distinct-enums,base,Source:TYPE-5:TypeMismatch,1
corpus/op1-neg-eeq-distinct-enums,off,Source:TYPE-5:TypeMismatch,1
corpus/op1-neg-eeq-distinct-enums,a,Source:TYPE-5:TypeMismatch,1
corpus/op1-neg-eeq-distinct-enums,ap,Source:TYPE-5:TypeMismatch,1
corpus/op1-neg-eeq-distinct-enums,b,Source:TYPE-5:TypeMismatch,1
corpus/op1-neg-eeq-distinct-enums,rows,Source:TYPE-5:TypeMismatch,1
corpus/op1-neg-eeq-distinct-enums,b_rows,Source:TYPE-5:TypeMismatch,1
corpus/op1-neg-eeq-payload-enum,base,Source:OP-1:InvalidOperation,1
corpus/op1-neg-eeq-payload-enum,off,Source:OP-1:InvalidOperation,1
corpus/op1-neg-eeq-payload-enum,a,Source:OP-1:InvalidOperation,1
corpus/op1-neg-eeq-payload-enum,ap,Source:OP-1:InvalidOperation,1
corpus/op1-neg-eeq-payload-enum,b,Source:OP-1:InvalidOperation,1
corpus/op1-neg-eeq-payload-enum,rows,Source:OP-1:InvalidOperation,1
corpus/op1-neg-eeq-payload-enum,b_rows,Source:OP-1:InvalidOperation,1
corpus/op1-neg-eeq-integer,base,Source:OP-1:InvalidOperation,1
corpus/op1-neg-eeq-integer,off,Source:OP-1:InvalidOperation,1
corpus/op1-neg-eeq-integer,a,Source:OP-1:InvalidOperation,1
corpus/op1-neg-eeq-integer,ap,Source:OP-1:InvalidOperation,1
corpus/op1-neg-eeq-integer,b,Source:OP-1:InvalidOperation,1
corpus/op1-neg-eeq-integer,rows,Source:OP-1:InvalidOperation,1
corpus/op1-neg-eeq-integer,b_rows,Source:OP-1:InvalidOperation,1
corpus/op1-neg-ene-integer,base,Source:OP-1:InvalidOperation,1
corpus/op1-neg-ene-integer,off,Source:OP-1:InvalidOperation,1
corpus/op1-neg-ene-integer,a,Source:OP-1:InvalidOperation,1
corpus/op1-neg-ene-integer,ap,Source:OP-1:InvalidOperation,1
corpus/op1-neg-ene-integer,b,Source:OP-1:InvalidOperation,1
corpus/op1-neg-ene-integer,rows,Source:OP-1:InvalidOperation,1
corpus/op1-neg-ene-integer,b_rows,Source:OP-1:InvalidOperation,1
corpus/op1-neg-ieq-tag-enum,base,Source:OP-1:InvalidOperation,1
corpus/op1-neg-ieq-tag-enum,off,Source:OP-1:InvalidOperation,1
corpus/op1-neg-ieq-tag-enum,a,Source:OP-1:InvalidOperation,1
corpus/op1-neg-ieq-tag-enum,ap,Source:OP-1:InvalidOperation,1
corpus/op1-neg-ieq-tag-enum,b,Source:OP-1:InvalidOperation,1
corpus/op1-neg-ieq-tag-enum,rows,Source:OP-1:InvalidOperation,1
corpus/op1-neg-ieq-tag-enum,b_rows,Source:OP-1:InvalidOperation,1
corpus/op1-neg-ieq-bool,base,Source:OP-1:InvalidOperation,1
corpus/op1-neg-ieq-bool,off,Source:OP-1:InvalidOperation,1
corpus/op1-neg-ieq-bool,a,Source:OP-1:InvalidOperation,1
corpus/op1-neg-ieq-bool,ap,Source:OP-1:InvalidOperation,1
corpus/op1-neg-ieq-bool,b,Source:OP-1:InvalidOperation,1
corpus/op1-neg-ieq-bool,rows,Source:OP-1:InvalidOperation,1
corpus/op1-neg-ieq-bool,b_rows,Source:OP-1:InvalidOperation,1
corpus/op1-neg-ine-tag-enum,base,Source:OP-1:InvalidOperation,1
corpus/op1-neg-ine-tag-enum,off,Source:OP-1:InvalidOperation,1
corpus/op1-neg-ine-tag-enum,a,Source:OP-1:InvalidOperation,1
corpus/op1-neg-ine-tag-enum,ap,Source:OP-1:InvalidOperation,1
corpus/op1-neg-ine-tag-enum,b,Source:OP-1:InvalidOperation,1
corpus/op1-neg-ine-tag-enum,rows,Source:OP-1:InvalidOperation,1
corpus/op1-neg-ine-tag-enum,b_rows,Source:OP-1:InvalidOperation,1
corpus/op1-neg-ine-bool,base,Source:OP-1:InvalidOperation,1
corpus/op1-neg-ine-bool,off,Source:OP-1:InvalidOperation,1
corpus/op1-neg-ine-bool,a,Source:OP-1:InvalidOperation,1
corpus/op1-neg-ine-bool,ap,Source:OP-1:InvalidOperation,1
corpus/op1-neg-ine-bool,b,Source:OP-1:InvalidOperation,1
corpus/op1-neg-ine-bool,rows,Source:OP-1:InvalidOperation,1
corpus/op1-neg-ine-bool,b_rows,Source:OP-1:InvalidOperation,1
corpus/op1-neg-enum-ordering,base,Source:OP-1:InvalidOperation,1
corpus/op1-neg-enum-ordering,off,Source:OP-1:InvalidOperation,1
corpus/op1-neg-enum-ordering,a,Source:OP-1:InvalidOperation,1
corpus/op1-neg-enum-ordering,ap,Source:OP-1:InvalidOperation,1
corpus/op1-neg-enum-ordering,b,Source:OP-1:InvalidOperation,1
corpus/op1-neg-enum-ordering,rows,Source:OP-1:InvalidOperation,1
corpus/op1-neg-enum-ordering,b_rows,Source:OP-1:InvalidOperation,1
corpus/fn2-neg-eeq-implicit-type,base,Source:FN-2:TypeMismatch,1
corpus/fn2-neg-eeq-implicit-type,off,Source:FN-2:TypeMismatch,1
corpus/fn2-neg-eeq-implicit-type,a,Source:FN-2:TypeMismatch,1
corpus/fn2-neg-eeq-implicit-type,ap,Source:FN-2:TypeMismatch,1
corpus/fn2-neg-eeq-implicit-type,b,Source:FN-2:TypeMismatch,1
corpus/fn2-neg-eeq-implicit-type,rows,Source:FN-2:TypeMismatch,1
corpus/fn2-neg-eeq-implicit-type,b_rows,Source:FN-2:TypeMismatch,1
corpus/fn2-neg-wrong-kind-instantiation-argument,base,Source:FN-2:TypeMismatch,1
corpus/fn2-neg-wrong-kind-instantiation-argument,off,Source:FN-2:TypeMismatch,1
corpus/fn2-neg-wrong-kind-instantiation-argument,a,Source:FN-2:TypeMismatch,1
corpus/fn2-neg-wrong-kind-instantiation-argument,ap,Source:FN-2:TypeMismatch,1
corpus/fn2-neg-wrong-kind-instantiation-argument,b,Source:FN-2:TypeMismatch,1
corpus/fn2-neg-wrong-kind-instantiation-argument,rows,Source:FN-2:TypeMismatch,1
corpus/fn2-neg-wrong-kind-instantiation-argument,b_rows,Source:FN-2:TypeMismatch,1
corpus/op1-neg-eeq-arity,base,Source:OP-1:InvalidOperation,1
corpus/op1-neg-eeq-arity,off,Source:OP-1:InvalidOperation,1
corpus/op1-neg-eeq-arity,a,Source:OP-1:InvalidOperation,1
corpus/op1-neg-eeq-arity,ap,Source:OP-1:InvalidOperation,1
corpus/op1-neg-eeq-arity,b,Source:OP-1:InvalidOperation,1
corpus/op1-neg-eeq-arity,rows,Source:OP-1:InvalidOperation,1
corpus/op1-neg-eeq-arity,b_rows,Source:OP-1:InvalidOperation,1
corpus/op1-neg-written-argument-on-deargumented-row,base,Source:OP-1:InvalidOperation,1
corpus/op1-neg-written-argument-on-deargumented-row,off,Source:OP-1:InvalidOperation,1
corpus/op1-neg-written-argument-on-deargumented-row,a,Source:OP-1:InvalidOperation,1
corpus/op1-neg-written-argument-on-deargumented-row,ap,Source:OP-1:InvalidOperation,1
corpus/op1-neg-written-argument-on-deargumented-row,b,Source:OP-1:InvalidOperation,1
corpus/op1-neg-written-argument-on-deargumented-row,rows,Source:OP-1:InvalidOperation,1
corpus/op1-neg-written-argument-on-deargumented-row,b_rows,Source:OP-1:InvalidOperation,1
corpus/fn8-pos-requires-eeq,base,accepted,0
corpus/fn8-pos-requires-eeq,off,accepted,0
corpus/fn8-pos-requires-eeq,a,accepted,0
corpus/fn8-pos-requires-eeq,ap,accepted,0
corpus/fn8-pos-requires-eeq,b,accepted,0
corpus/fn8-pos-requires-eeq,rows,accepted,0
corpus/fn8-pos-requires-eeq,b_rows,accepted,0
corpus/fn8-neg-requires-eeq-integer,base,Source:OP-1:InvalidOperation,1
corpus/fn8-neg-requires-eeq-integer,off,Source:OP-1:InvalidOperation,1
corpus/fn8-neg-requires-eeq-integer,a,Source:OP-1:InvalidOperation,1
corpus/fn8-neg-requires-eeq-integer,ap,Source:OP-1:InvalidOperation,1
corpus/fn8-neg-requires-eeq-integer,b,Source:OP-1:InvalidOperation,1
corpus/fn8-neg-requires-eeq-integer,rows,Source:OP-1:InvalidOperation,1
corpus/fn8-neg-requires-eeq-integer,b_rows,Source:OP-1:InvalidOperation,1
corpus/fn8-neg-requires-move-operand,base,Source:FN-8:InvalidRequires,1
corpus/fn8-neg-requires-move-operand,off,Source:FN-8:InvalidRequires,1
corpus/fn8-neg-requires-move-operand,a,Source:FN-8:InvalidRequires,1
corpus/fn8-neg-requires-move-operand,ap,Source:FN-8:InvalidRequires,1
corpus/fn8-neg-requires-move-operand,b,Source:FN-8:InvalidRequires,1
corpus/fn8-neg-requires-move-operand,rows,Source:FN-8:InvalidRequires,1
corpus/fn8-neg-requires-move-operand,b_rows,Source:FN-8:InvalidRequires,1
corpus/x-nominal-bool-ops-run,base,accepted,0
corpus/x-nominal-bool-ops-run,off,accepted,0
corpus/x-nominal-bool-ops-run,a,accepted,0
corpus/x-nominal-bool-ops-run,ap,accepted,0
corpus/x-nominal-bool-ops-run,b,accepted,0
corpus/x-nominal-bool-ops-run,rows,accepted,0
corpus/x-nominal-bool-ops-run,b_rows,accepted,0
corpus/x-nominal-multifield-payload-run,base,accepted,0
corpus/x-nominal-multifield-payload-run,off,accepted,0
corpus/x-nominal-multifield-payload-run,a,accepted,0
corpus/x-nominal-multifield-payload-run,ap,accepted,0
corpus/x-nominal-multifield-payload-run,b,accepted,0
corpus/x-nominal-multifield-payload-run,rows,accepted,0
corpus/x-nominal-multifield-payload-run,b_rows,accepted,0
corpus/set1-pos-local-and-field-copy,base,accepted,0
corpus/set1-pos-local-and-field-copy,off,accepted,0
corpus/set1-pos-local-and-field-copy,a,accepted,0
corpus/set1-pos-local-and-field-copy,ap,accepted,0
corpus/set1-pos-local-and-field-copy,b,accepted,0
corpus/set1-pos-local-and-field-copy,rows,accepted,0
corpus/set1-pos-local-and-field-copy,b_rows,accepted,0
corpus/win3-pos-affine-set-target-releases-old-value,base,accepted,0
corpus/win3-pos-affine-set-target-releases-old-value,off,accepted,0
corpus/win3-pos-affine-set-target-releases-old-value,a,accepted,0
corpus/win3-pos-affine-set-target-releases-old-value,ap,accepted,0
corpus/win3-pos-affine-set-target-releases-old-value,b,accepted,0
corpus/win3-pos-affine-set-target-releases-old-value,rows,accepted,0
corpus/win3-pos-affine-set-target-releases-old-value,b_rows,accepted,0
corpus/win3-neg-arm-rest-covers-linear-payload,base,Source:WIN-3:InvalidElementMove,1
corpus/win3-neg-arm-rest-covers-linear-payload,off,Source:WIN-3:InvalidElementMove,1
corpus/win3-neg-arm-rest-covers-linear-payload,a,Source:WIN-3:InvalidElementMove,1
corpus/win3-neg-arm-rest-covers-linear-payload,ap,Source:WIN-3:InvalidElementMove,1
corpus/win3-neg-arm-rest-covers-linear-payload,b,Source:WIN-3:InvalidElementMove,1
corpus/win3-neg-arm-rest-covers-linear-payload,rows,Source:WIN-3:InvalidElementMove,1
corpus/win3-neg-arm-rest-covers-linear-payload,b_rows,Source:WIN-3:InvalidElementMove,1
corpus/own1-neg-set-rhs-kills-root,base,Source:OWN-1:UseAfterMove,1
corpus/own1-neg-set-rhs-kills-root,off,Source:OWN-1:UseAfterMove,1
corpus/own1-neg-set-rhs-kills-root,a,Source:OWN-1:UseAfterMove,1
corpus/own1-neg-set-rhs-kills-root,ap,Source:OWN-1:UseAfterMove,1
corpus/own1-neg-set-rhs-kills-root,b,Source:OWN-1:UseAfterMove,1
corpus/own1-neg-set-rhs-kills-root,rows,Source:OWN-1:UseAfterMove,1
corpus/own1-neg-set-rhs-kills-root,b_rows,Source:OWN-1:UseAfterMove,1
corpus/const2-neg-set-target,base,Source:CONST-2:ImmutableSetTarget,1
corpus/const2-neg-set-target,off,Source:CONST-2:ImmutableSetTarget,1
corpus/const2-neg-set-target,a,Source:CONST-2:ImmutableSetTarget,1
corpus/const2-neg-set-target,ap,Source:CONST-2:ImmutableSetTarget,1
corpus/const2-neg-set-target,b,Source:CONST-2:ImmutableSetTarget,1
corpus/const2-neg-set-target,rows,Source:CONST-2:ImmutableSetTarget,1
corpus/const2-neg-set-target,b_rows,Source:CONST-2:ImmutableSetTarget,1
corpus/x-array-const-checksum-run,base,accepted,0
corpus/x-array-const-checksum-run,off,accepted,0
corpus/x-array-const-checksum-run,a,accepted,0
corpus/x-array-const-checksum-run,ap,accepted,0
corpus/x-array-const-checksum-run,b,accepted,0
corpus/x-array-const-checksum-run,rows,accepted,0
corpus/x-array-const-checksum-run,b_rows,accepted,0
corpus/x-array-mutable-checksum-run,base,accepted,0
corpus/x-array-mutable-checksum-run,off,accepted,0
corpus/x-array-mutable-checksum-run,a,accepted,0
corpus/x-array-mutable-checksum-run,ap,accepted,0
corpus/x-array-mutable-checksum-run,b,accepted,0
corpus/x-array-mutable-checksum-run,rows,accepted,0
corpus/x-array-mutable-checksum-run,b_rows,accepted,0
corpus/x-buffer-mutable-checksum-run,base,accepted,0
corpus/x-buffer-mutable-checksum-run,off,accepted,0
corpus/x-buffer-mutable-checksum-run,a,accepted,0
corpus/x-buffer-mutable-checksum-run,ap,accepted,0
corpus/x-buffer-mutable-checksum-run,b,accepted,0
corpus/x-buffer-mutable-checksum-run,rows,accepted,0
corpus/x-buffer-mutable-checksum-run,b_rows,accepted,0
corpus/x-struct-of-buffers-checksum-run,base,accepted,0
corpus/x-struct-of-buffers-checksum-run,off,accepted,0
corpus/x-struct-of-buffers-checksum-run,a,accepted,0
corpus/x-struct-of-buffers-checksum-run,ap,accepted,0
corpus/x-struct-of-buffers-checksum-run,b,accepted,0
corpus/x-struct-of-buffers-checksum-run,rows,accepted,0
corpus/x-struct-of-buffers-checksum-run,b_rows,accepted,0
corpus/x-buffer-borrowed-columns-run,base,accepted,0
corpus/x-buffer-borrowed-columns-run,off,accepted,0
corpus/x-buffer-borrowed-columns-run,a,accepted,0
corpus/x-buffer-borrowed-columns-run,ap,accepted,0
corpus/x-buffer-borrowed-columns-run,b,accepted,0
corpus/x-buffer-borrowed-columns-run,rows,accepted,0
corpus/x-buffer-borrowed-columns-run,b_rows,accepted,0
corpus/x-requires-output-capacity-run,base,accepted,0
corpus/x-requires-output-capacity-run,off,accepted,0
corpus/x-requires-output-capacity-run,a,accepted,0
corpus/x-requires-output-capacity-run,ap,accepted,0
corpus/x-requires-output-capacity-run,b,accepted,0
corpus/x-requires-output-capacity-run,rows,accepted,0
corpus/x-requires-output-capacity-run,b_rows,accepted,0
corpus/x-crc32-standard-vector-run,base,accepted,0
corpus/x-crc32-standard-vector-run,off,accepted,0
corpus/x-crc32-standard-vector-run,a,accepted,0
corpus/x-crc32-standard-vector-run,ap,accepted,0
corpus/x-crc32-standard-vector-run,b,accepted,0
corpus/x-crc32-standard-vector-run,rows,accepted,0
corpus/x-crc32-standard-vector-run,b_rows,accepted,0
corpus/x-option-byte-scanner-run,base,accepted,0
corpus/x-option-byte-scanner-run,off,accepted,0
corpus/x-option-byte-scanner-run,a,accepted,0
corpus/x-option-byte-scanner-run,ap,accepted,0
corpus/x-option-byte-scanner-run,b,accepted,0
corpus/x-option-byte-scanner-run,rows,accepted,0
corpus/x-option-byte-scanner-run,b_rows,accepted,0
corpus/x-result-buffer-transform-run,base,accepted,0
corpus/x-result-buffer-transform-run,off,accepted,0
corpus/x-result-buffer-transform-run,a,accepted,0
corpus/x-result-buffer-transform-run,ap,accepted,0
corpus/x-result-buffer-transform-run,b,accepted,0
corpus/x-result-buffer-transform-run,rows,accepted,0
corpus/x-result-buffer-transform-run,b_rows,accepted,0
corpus/x-borrowed-pool-tree-run,base,accepted,0
corpus/x-borrowed-pool-tree-run,off,accepted,0
corpus/x-borrowed-pool-tree-run,a,accepted,0
corpus/x-borrowed-pool-tree-run,ap,accepted,0
corpus/x-borrowed-pool-tree-run,b,accepted,0
corpus/x-borrowed-pool-tree-run,rows,accepted,0
corpus/x-borrowed-pool-tree-run,b_rows,accepted,0
corpus/x-wc-chunk-summary-run,base,accepted,0
corpus/x-wc-chunk-summary-run,off,accepted,0
corpus/x-wc-chunk-summary-run,a,accepted,0
corpus/x-wc-chunk-summary-run,ap,accepted,0
corpus/x-wc-chunk-summary-run,b,accepted,0
corpus/x-wc-chunk-summary-run,rows,accepted,0
corpus/x-wc-chunk-summary-run,b_rows,accepted,0
corpus/x-base64-rfc-vectors-run,base,accepted,0
corpus/x-base64-rfc-vectors-run,off,accepted,0
corpus/x-base64-rfc-vectors-run,a,accepted,0
corpus/x-base64-rfc-vectors-run,ap,accepted,0
corpus/x-base64-rfc-vectors-run,b,accepted,0
corpus/x-base64-rfc-vectors-run,rows,accepted,0
corpus/x-base64-rfc-vectors-run,b_rows,accepted,0
corpus/x-child-reborrow-run,base,accepted,0
corpus/x-child-reborrow-run,off,accepted,0
corpus/x-child-reborrow-run,a,accepted,0
corpus/x-child-reborrow-run,ap,accepted,0
corpus/x-child-reborrow-run,b,accepted,0
corpus/x-child-reborrow-run,rows,accepted,0
corpus/x-child-reborrow-run,b_rows,accepted,0
corpus/fn3-neg-missing-binding,base,Source:FN-3:TypeMismatch,1
corpus/fn3-neg-missing-binding,off,Source:FN-3:TypeMismatch,1
corpus/fn3-neg-missing-binding,a,Source:FN-3:TypeMismatch,1
corpus/fn3-neg-missing-binding,ap,Source:FN-3:TypeMismatch,1
corpus/fn3-neg-missing-binding,b,Source:FN-3:TypeMismatch,1
corpus/fn3-neg-missing-binding,rows,Source:FN-3:TypeMismatch,1
corpus/fn3-neg-missing-binding,b_rows,Source:FN-3:TypeMismatch,1
corpus/fn3-neg-extra-binding,base,Source:FN-3:TypeMismatch,1
corpus/fn3-neg-extra-binding,off,Source:FN-3:TypeMismatch,1
corpus/fn3-neg-extra-binding,a,Source:FN-3:TypeMismatch,1
corpus/fn3-neg-extra-binding,ap,Source:FN-3:TypeMismatch,1
corpus/fn3-neg-extra-binding,b,Source:FN-3:TypeMismatch,1
corpus/fn3-neg-extra-binding,rows,Source:FN-3:TypeMismatch,1
corpus/fn3-neg-extra-binding,b_rows,Source:FN-3:TypeMismatch,1
corpus/fn3-neg-out-of-order-binding,base,Source:FN-3:TypeMismatch,1
corpus/fn3-neg-out-of-order-binding,off,Source:FN-3:TypeMismatch,1
corpus/fn3-neg-out-of-order-binding,a,Source:FN-3:TypeMismatch,1
corpus/fn3-neg-out-of-order-binding,ap,Source:FN-3:TypeMismatch,1
corpus/fn3-neg-out-of-order-binding,b,Source:FN-3:TypeMismatch,1
corpus/fn3-neg-out-of-order-binding,rows,Source:FN-3:TypeMismatch,1
corpus/fn3-neg-out-of-order-binding,b_rows,Source:FN-3:TypeMismatch,1
corpus/fn3-pos-zero-argument-interface-import,base,accepted,0
corpus/fn3-pos-zero-argument-interface-import,off,accepted,0
corpus/fn3-pos-zero-argument-interface-import,a,accepted,0
corpus/fn3-pos-zero-argument-interface-import,ap,accepted,0
corpus/fn3-pos-zero-argument-interface-import,b,accepted,0
corpus/fn3-pos-zero-argument-interface-import,rows,accepted,0
corpus/fn3-pos-zero-argument-interface-import,b_rows,accepted,0
corpus/fn3-pos-interface-import-forwarding,base,accepted,0
corpus/fn3-pos-interface-import-forwarding,off,accepted,0
corpus/fn3-pos-interface-import-forwarding,a,accepted,0
corpus/fn3-pos-interface-import-forwarding,ap,accepted,0
corpus/fn3-pos-interface-import-forwarding,b,accepted,0
corpus/fn3-pos-interface-import-forwarding,rows,accepted,0
corpus/fn3-pos-interface-import-forwarding,b_rows,accepted,0
corpus/fn3-pos-generic-formal,base,accepted,0
corpus/fn3-pos-generic-formal,off,accepted,0
corpus/fn3-pos-generic-formal,a,accepted,0
corpus/fn3-pos-generic-formal,ap,accepted,0
corpus/fn3-pos-generic-formal,b,accepted,0
corpus/fn3-pos-generic-formal,rows,accepted,0
corpus/fn3-pos-generic-formal,b_rows,accepted,0
corpus/fn3-neg-contract-arguments,base,Source:FN-3:TypeMismatch,1
corpus/fn3-neg-contract-arguments,off,Source:FN-3:TypeMismatch,1
corpus/fn3-neg-contract-arguments,a,Source:FN-3:TypeMismatch,1
corpus/fn3-neg-contract-arguments,ap,Source:FN-3:TypeMismatch,1
corpus/fn3-neg-contract-arguments,b,Source:FN-3:TypeMismatch,1
corpus/fn3-neg-contract-arguments,rows,Source:FN-3:TypeMismatch,1
corpus/fn3-neg-contract-arguments,b_rows,Source:FN-3:TypeMismatch,1
corpus/fn3-neg-source-contract-bound,base,Source:FN-3:UnresolvedUse,1
corpus/fn3-neg-source-contract-bound,off,Source:FN-3:UnresolvedUse,1
corpus/fn3-neg-source-contract-bound,a,Source:FN-3:UnresolvedUse,1
corpus/fn3-neg-source-contract-bound,ap,Source:FN-3:UnresolvedUse,1
corpus/fn3-neg-source-contract-bound,b,Source:FN-3:UnresolvedUse,1
corpus/fn3-neg-source-contract-bound,rows,Source:FN-3:UnresolvedUse,1
corpus/fn3-neg-source-contract-bound,b_rows,Source:FN-3:UnresolvedUse,1
corpus/fn3-pos-normalized-region-effects,base,accepted,0
corpus/fn3-pos-normalized-region-effects,off,accepted,0
corpus/fn3-pos-normalized-region-effects,a,accepted,0
corpus/fn3-pos-normalized-region-effects,ap,accepted,0
corpus/fn3-pos-normalized-region-effects,b,accepted,0
corpus/fn3-pos-normalized-region-effects,rows,accepted,0
corpus/fn3-pos-normalized-region-effects,b_rows,accepted,0
corpus/fn3-pos-empty-marker-conformance,base,accepted,0
corpus/fn3-pos-empty-marker-conformance,off,accepted,0
corpus/fn3-pos-empty-marker-conformance,a,accepted,0
corpus/fn3-pos-empty-marker-conformance,ap,accepted,0
corpus/fn3-pos-empty-marker-conformance,b,accepted,0
corpus/fn3-pos-empty-marker-conformance,rows,accepted,0
corpus/fn3-pos-empty-marker-conformance,b_rows,accepted,0
corpus/fn1-pos-returned-slice-inputs-run,base,accepted,0
corpus/fn1-pos-returned-slice-inputs-run,off,accepted,0
corpus/fn1-pos-returned-slice-inputs-run,a,accepted,0
corpus/fn1-pos-returned-slice-inputs-run,ap,accepted,0
corpus/fn1-pos-returned-slice-inputs-run,b,accepted,0
corpus/fn1-pos-returned-slice-inputs-run,rows,accepted,0
corpus/fn1-pos-returned-slice-inputs-run,b_rows,accepted,0
corpus/fn1-pos-returned-slice-const-run,base,accepted,0
corpus/fn1-pos-returned-slice-const-run,off,accepted,0
corpus/fn1-pos-returned-slice-const-run,a,accepted,0
corpus/fn1-pos-returned-slice-const-run,ap,accepted,0
corpus/fn1-pos-returned-slice-const-run,b,accepted,0
corpus/fn1-pos-returned-slice-const-run,rows,accepted,0
corpus/fn1-pos-returned-slice-const-run,b_rows,accepted,0
corpus/fn1-neg-returned-slice-arena-origin,base,Source:REF-3:EscapingReference,1
corpus/fn1-neg-returned-slice-arena-origin,off,Source:REF-3:EscapingReference,1
corpus/fn1-neg-returned-slice-arena-origin,a,Source:REF-3:EscapingReference,1
corpus/fn1-neg-returned-slice-arena-origin,ap,Source:REF-3:EscapingReference,1
corpus/fn1-neg-returned-slice-arena-origin,b,Source:REF-3:EscapingReference,1
corpus/fn1-neg-returned-slice-arena-origin,rows,Source:REF-3:EscapingReference,1
corpus/fn1-neg-returned-slice-arena-origin,b_rows,Source:REF-3:EscapingReference,1
corpus/fn1-neg-borrowed-slice-result,base,Source:GRAM-3:UnexpectedToken,1
corpus/fn1-neg-borrowed-slice-result,off,Source:GRAM-3:UnexpectedToken,1
corpus/fn1-neg-borrowed-slice-result,a,Source:GRAM-3:UnexpectedToken,1
corpus/fn1-neg-borrowed-slice-result,ap,Source:GRAM-3:UnexpectedToken,1
corpus/fn1-neg-borrowed-slice-result,b,Source:GRAM-3:UnexpectedToken,1
corpus/fn1-neg-borrowed-slice-result,rows,Source:GRAM-3:UnexpectedToken,1
corpus/fn1-neg-borrowed-slice-result,b_rows,Source:GRAM-3:UnexpectedToken,1
corpus/fn1-neg-contract-borrowed-slice-result,base,Source:GRAM-3:UnexpectedToken,1
corpus/fn1-neg-contract-borrowed-slice-result,off,Source:GRAM-3:UnexpectedToken,1
corpus/fn1-neg-contract-borrowed-slice-result,a,Source:GRAM-3:UnexpectedToken,1
corpus/fn1-neg-contract-borrowed-slice-result,ap,Source:GRAM-3:UnexpectedToken,1
corpus/fn1-neg-contract-borrowed-slice-result,b,Source:GRAM-3:UnexpectedToken,1
corpus/fn1-neg-contract-borrowed-slice-result,rows,Source:GRAM-3:UnexpectedToken,1
corpus/fn1-neg-contract-borrowed-slice-result,b_rows,Source:GRAM-3:UnexpectedToken,1
corpus/fn2-neg-function-region-bearing-targ,base,Source:GRAM-3:UnexpectedToken,1
corpus/fn2-neg-function-region-bearing-targ,off,Source:GRAM-3:UnexpectedToken,1
corpus/fn2-neg-function-region-bearing-targ,a,Source:GRAM-3:UnexpectedToken,1
corpus/fn2-neg-function-region-bearing-targ,ap,Source:GRAM-3:UnexpectedToken,1
corpus/fn2-neg-function-region-bearing-targ,b,Source:GRAM-3:UnexpectedToken,1
corpus/fn2-neg-function-region-bearing-targ,rows,Source:GRAM-3:UnexpectedToken,1
corpus/fn2-neg-function-region-bearing-targ,b_rows,Source:GRAM-3:UnexpectedToken,1
corpus/fn2-neg-nominal-region-bearing-targ,base,Source:GRAM-3:UnexpectedToken,1
corpus/fn2-neg-nominal-region-bearing-targ,off,Source:GRAM-3:UnexpectedToken,1
corpus/fn2-neg-nominal-region-bearing-targ,a,Source:GRAM-3:UnexpectedToken,1
corpus/fn2-neg-nominal-region-bearing-targ,ap,Source:GRAM-3:UnexpectedToken,1
corpus/fn2-neg-nominal-region-bearing-targ,b,Source:GRAM-3:UnexpectedToken,1
corpus/fn2-neg-nominal-region-bearing-targ,rows,Source:GRAM-3:UnexpectedToken,1
corpus/fn2-neg-nominal-region-bearing-targ,b_rows,Source:GRAM-3:UnexpectedToken,1
corpus/stor5-neg-box-new-region-bearing,base,Source:STOR-8:HeapTypeUnderNoHeap,1
corpus/stor5-neg-box-new-region-bearing,off,Source:STOR-8:HeapTypeUnderNoHeap,1
corpus/stor5-neg-box-new-region-bearing,a,Source:STOR-8:HeapTypeUnderNoHeap,1
corpus/stor5-neg-box-new-region-bearing,ap,Source:STOR-8:HeapTypeUnderNoHeap,1
corpus/stor5-neg-box-new-region-bearing,b,Source:STOR-8:HeapTypeUnderNoHeap,1
corpus/stor5-neg-box-new-region-bearing,rows,Source:STOR-8:HeapTypeUnderNoHeap,1
corpus/stor5-neg-box-new-region-bearing,b_rows,Source:STOR-8:HeapTypeUnderNoHeap,1
corpus/stor5-neg-box-new-arena-content,base,Source:STOR-8:HeapTypeUnderNoHeap,1
corpus/stor5-neg-box-new-arena-content,off,Source:STOR-8:HeapTypeUnderNoHeap,1
corpus/stor5-neg-box-new-arena-content,a,Source:STOR-8:HeapTypeUnderNoHeap,1
corpus/stor5-neg-box-new-arena-content,ap,Source:STOR-8:HeapTypeUnderNoHeap,1
corpus/stor5-neg-box-new-arena-content,b,Source:STOR-8:HeapTypeUnderNoHeap,1
corpus/stor5-neg-box-new-arena-content,rows,Source:STOR-8:HeapTypeUnderNoHeap,1
corpus/stor5-neg-box-new-arena-content,b_rows,Source:STOR-8:HeapTypeUnderNoHeap,1
corpus/stor5-neg-arena-new-region-bearing,base,Source:TYPE-9:TypeMismatch,1
corpus/stor5-neg-arena-new-region-bearing,off,Source:TYPE-9:TypeMismatch,1
corpus/stor5-neg-arena-new-region-bearing,a,Source:TYPE-9:TypeMismatch,1
corpus/stor5-neg-arena-new-region-bearing,ap,Source:TYPE-9:TypeMismatch,1
corpus/stor5-neg-arena-new-region-bearing,b,Source:TYPE-9:TypeMismatch,1
corpus/stor5-neg-arena-new-region-bearing,rows,Source:TYPE-9:TypeMismatch,1
corpus/stor5-neg-arena-new-region-bearing,b_rows,Source:TYPE-9:TypeMismatch,1
corpus/stor5-pos-direct-nested-slice-type,base,accepted,0
corpus/stor5-pos-direct-nested-slice-type,off,accepted,0
corpus/stor5-pos-direct-nested-slice-type,a,accepted,0
corpus/stor5-pos-direct-nested-slice-type,ap,accepted,0
corpus/stor5-pos-direct-nested-slice-type,b,accepted,0
corpus/stor5-pos-direct-nested-slice-type,rows,accepted,0
corpus/stor5-pos-direct-nested-slice-type,b_rows,accepted,0
corpus/accept-sysentry-command-all-inputs,base,accepted,0
corpus/accept-sysentry-command-all-inputs,off,accepted,0
corpus/accept-sysentry-command-all-inputs,a,accepted,0
corpus/accept-sysentry-command-all-inputs,ap,accepted,0
corpus/accept-sysentry-command-all-inputs,b,accepted,0
corpus/accept-sysentry-command-all-inputs,rows,accepted,0
corpus/accept-sysentry-command-all-inputs,b_rows,accepted,0
corpus/accept-sysentry-command-no-inputs,base,accepted,0
corpus/accept-sysentry-command-no-inputs,off,accepted,0
corpus/accept-sysentry-command-no-inputs,a,accepted,0
corpus/accept-sysentry-command-no-inputs,ap,accepted,0
corpus/accept-sysentry-command-no-inputs,b,accepted,0
corpus/accept-sysentry-command-no-inputs,rows,accepted,0
corpus/accept-sysentry-command-no-inputs,b_rows,accepted,0
corpus/fn7-neg-missing-command-marker,base,accepted,0
corpus/fn7-neg-missing-command-marker,off,accepted,0
corpus/fn7-neg-missing-command-marker,a,accepted,0
corpus/fn7-neg-missing-command-marker,ap,accepted,0
corpus/fn7-neg-missing-command-marker,b,accepted,0
corpus/fn7-neg-missing-command-marker,rows,accepted,0
corpus/fn7-neg-missing-command-marker,b_rows,accepted,0
corpus/reject-type5-system-arg-mismatch,base,Source:TYPE-5:TypeMismatch,1
corpus/reject-type5-system-arg-mismatch,off,Source:TYPE-5:TypeMismatch,1
corpus/reject-type5-system-arg-mismatch,a,Source:TYPE-5:TypeMismatch,1
corpus/reject-type5-system-arg-mismatch,ap,Source:TYPE-5:TypeMismatch,1
corpus/reject-type5-system-arg-mismatch,b,Source:TYPE-5:TypeMismatch,1
corpus/reject-type5-system-arg-mismatch,rows,Source:TYPE-5:TypeMismatch,1
corpus/reject-type5-system-arg-mismatch,b_rows,Source:TYPE-5:TypeMismatch,1
corpus/accept-sysname-near-lookalike,base,accepted,0
corpus/accept-sysname-near-lookalike,off,accepted,0
corpus/accept-sysname-near-lookalike,a,accepted,0
corpus/accept-sysname-near-lookalike,ap,accepted,0
corpus/accept-sysname-near-lookalike,b,accepted,0
corpus/accept-sysname-near-lookalike,rows,accepted,0
corpus/accept-sysname-near-lookalike,b_rows,accepted,0
corpus/reject-sysname-collision-in-kind-unit,base,Source:TYPE-6:DeclarationCollision,1
corpus/reject-sysname-collision-in-kind-unit,off,Source:TYPE-6:DeclarationCollision,1
corpus/reject-sysname-collision-in-kind-unit,a,Source:TYPE-6:DeclarationCollision,1
corpus/reject-sysname-collision-in-kind-unit,ap,Source:TYPE-6:DeclarationCollision,1
corpus/reject-sysname-collision-in-kind-unit,b,Source:TYPE-6:DeclarationCollision,1
corpus/reject-sysname-collision-in-kind-unit,rows,Source:TYPE-6:DeclarationCollision,1
corpus/reject-sysname-collision-in-kind-unit,b_rows,Source:TYPE-6:DeclarationCollision,1
corpus/reject-sysexit-return-u8-no-conversion,base,Source:FN-1:ReturnMismatch,1
corpus/reject-sysexit-return-u8-no-conversion,off,Source:FN-1:ReturnMismatch,1
corpus/reject-sysexit-return-u8-no-conversion,a,Source:FN-1:ReturnMismatch,1
corpus/reject-sysexit-return-u8-no-conversion,ap,Source:FN-1:ReturnMismatch,1
corpus/reject-sysexit-return-u8-no-conversion,b,Source:FN-1:ReturnMismatch,1
corpus/reject-sysexit-return-u8-no-conversion,rows,Source:FN-1:ReturnMismatch,1
corpus/reject-sysexit-return-u8-no-conversion,b_rows,Source:FN-1:ReturnMismatch,1
corpus/reject-form1-service-leading-construct,base,Source:FORM-1:UnexpectedToken,1
corpus/reject-form1-service-leading-construct,off,Source:FORM-1:UnexpectedToken,1
corpus/reject-form1-service-leading-construct,a,Source:FORM-1:UnexpectedToken,1
corpus/reject-form1-service-leading-construct,ap,Source:FORM-1:UnexpectedToken,1
corpus/reject-form1-service-leading-construct,b,Source:FORM-1:UnexpectedToken,1
corpus/reject-form1-service-leading-construct,rows,Source:FORM-1:UnexpectedToken,1
corpus/reject-form1-service-leading-construct,b_rows,Source:FORM-1:UnexpectedToken,1
corpus/reject-form1-embedded-leading-construct,base,Source:FORM-1:UnexpectedToken,1
corpus/reject-form1-embedded-leading-construct,off,Source:FORM-1:UnexpectedToken,1
corpus/reject-form1-embedded-leading-construct,a,Source:FORM-1:UnexpectedToken,1
corpus/reject-form1-embedded-leading-construct,ap,Source:FORM-1:UnexpectedToken,1
corpus/reject-form1-embedded-leading-construct,b,Source:FORM-1:UnexpectedToken,1
corpus/reject-form1-embedded-leading-construct,rows,Source:FORM-1:UnexpectedToken,1
corpus/reject-form1-embedded-leading-construct,b_rows,Source:FORM-1:UnexpectedToken,1
corpus/reject-form1-daemon-leading-construct,base,Source:FORM-1:UnexpectedToken,1
corpus/reject-form1-daemon-leading-construct,off,Source:FORM-1:UnexpectedToken,1
corpus/reject-form1-daemon-leading-construct,a,Source:FORM-1:UnexpectedToken,1
corpus/reject-form1-daemon-leading-construct,ap,Source:FORM-1:UnexpectedToken,1
corpus/reject-form1-daemon-leading-construct,b,Source:FORM-1:UnexpectedToken,1
corpus/reject-form1-daemon-leading-construct,rows,Source:FORM-1:UnexpectedToken,1
corpus/reject-form1-daemon-leading-construct,b_rows,Source:FORM-1:UnexpectedToken,1
corpus/reject-sysentry-label-out-of-order,base,accepted,0
corpus/reject-sysentry-label-out-of-order,off,accepted,0
corpus/reject-sysentry-label-out-of-order,a,accepted,0
corpus/reject-sysentry-label-out-of-order,ap,accepted,0
corpus/reject-sysentry-label-out-of-order,b,accepted,0
corpus/reject-sysentry-label-out-of-order,rows,accepted,0
corpus/reject-sysentry-label-out-of-order,b_rows,accepted,0
corpus/reject-sysentry-label-repeated,base,accepted,0
corpus/reject-sysentry-label-repeated,off,accepted,0
corpus/reject-sysentry-label-repeated,a,accepted,0
corpus/reject-sysentry-label-repeated,ap,accepted,0
corpus/reject-sysentry-label-repeated,b,accepted,0
corpus/reject-sysentry-label-repeated,rows,accepted,0
corpus/reject-sysentry-label-repeated,b_rows,accepted,0
corpus/reject-sysentry-label-unknown,base,accepted,0
corpus/reject-sysentry-label-unknown,off,accepted,0
corpus/reject-sysentry-label-unknown,a,accepted,0
corpus/reject-sysentry-label-unknown,ap,accepted,0
corpus/reject-sysentry-label-unknown,b,accepted,0
corpus/reject-sysentry-label-unknown,rows,accepted,0
corpus/reject-sysentry-label-unknown,b_rows,accepted,0
corpus/reject-sysentry-label-outside-entry,base,accepted,0
corpus/reject-sysentry-label-outside-entry,off,accepted,0
corpus/reject-sysentry-label-outside-entry,a,accepted,0
corpus/reject-sysentry-label-outside-entry,ap,accepted,0
corpus/reject-sysentry-label-outside-entry,b,accepted,0
corpus/reject-sysentry-label-outside-entry,rows,accepted,0
corpus/reject-sysentry-label-outside-entry,b_rows,accepted,0
corpus/reject-sysentry-input-type-mismatch,base,accepted,0
corpus/reject-sysentry-input-type-mismatch,off,accepted,0
corpus/reject-sysentry-input-type-mismatch,a,accepted,0
corpus/reject-sysentry-input-type-mismatch,ap,accepted,0
corpus/reject-sysentry-input-type-mismatch,b,accepted,0
corpus/reject-sysentry-input-type-mismatch,rows,accepted,0
corpus/reject-sysentry-input-type-mismatch,b_rows,accepted,0
corpus/reject-sysentry-call-to-kind-entry,base,accepted,0
corpus/reject-sysentry-call-to-kind-entry,off,accepted,0
corpus/reject-sysentry-call-to-kind-entry,a,accepted,0
corpus/reject-sysentry-call-to-kind-entry,ap,accepted,0
corpus/reject-sysentry-call-to-kind-entry,b,accepted,0
corpus/reject-sysentry-call-to-kind-entry,rows,accepted,0
corpus/reject-sysentry-call-to-kind-entry,b_rows,accepted,0
corpus/accept-sysrelease-return-unit-declared,base,accepted,0
corpus/accept-sysrelease-return-unit-declared,off,accepted,0
corpus/accept-sysrelease-return-unit-declared,a,accepted,0
corpus/accept-sysrelease-return-unit-declared,ap,accepted,0
corpus/accept-sysrelease-return-unit-declared,b,accepted,0
corpus/accept-sysrelease-return-unit-declared,rows,accepted,0
corpus/accept-sysrelease-return-unit-declared,b_rows,accepted,0
corpus/reject-syseff-return-unit-pure,base,Source:PROV-6:LinearValueNotConsumed,1
corpus/reject-syseff-return-unit-pure,off,Source:PROV-6:LinearValueNotConsumed,1
corpus/reject-syseff-return-unit-pure,a,Source:PROV-6:LinearValueNotConsumed,1
corpus/reject-syseff-return-unit-pure,ap,Source:PROV-6:LinearValueNotConsumed,1
corpus/reject-syseff-return-unit-pure,b,Source:PROV-6:LinearValueNotConsumed,1
corpus/reject-syseff-return-unit-pure,rows,Source:PROV-6:LinearValueNotConsumed,1
corpus/reject-syseff-return-unit-pure,b_rows,Source:PROV-6:LinearValueNotConsumed,1
corpus/reject-syseff-declared-unexhibited,base,Source:EFF-2:EffectMismatch,1
corpus/reject-syseff-declared-unexhibited,off,Source:EFF-2:EffectMismatch,1
corpus/reject-syseff-declared-unexhibited,a,Source:EFF-2:EffectMismatch,1
corpus/reject-syseff-declared-unexhibited,ap,Source:EFF-2:EffectMismatch,1
corpus/reject-syseff-declared-unexhibited,b,Source:EFF-2:EffectMismatch,1
corpus/reject-syseff-declared-unexhibited,rows,Source:EFF-2:EffectMismatch,1
corpus/reject-syseff-declared-unexhibited,b_rows,Source:EFF-2:EffectMismatch,1
corpus/accept-syseff-conditional-release-union,base,accepted,0
corpus/accept-syseff-conditional-release-union,off,accepted,0
corpus/accept-syseff-conditional-release-union,a,accepted,0
corpus/accept-syseff-conditional-release-union,ap,accepted,0
corpus/accept-syseff-conditional-release-union,b,accepted,0
corpus/accept-syseff-conditional-release-union,rows,accepted,0
corpus/accept-syseff-conditional-release-union,b_rows,accepted,0
corpus/reject-syseff-conditional-release-narrow,base,Source:EFF-2:EffectMismatch,1
corpus/reject-syseff-conditional-release-narrow,off,Source:EFF-2:EffectMismatch,1
corpus/reject-syseff-conditional-release-narrow,a,Source:EFF-2:EffectMismatch,1
corpus/reject-syseff-conditional-release-narrow,ap,Source:EFF-2:EffectMismatch,1
corpus/reject-syseff-conditional-release-narrow,b,Source:EFF-2:EffectMismatch,1
corpus/reject-syseff-conditional-release-narrow,rows,Source:EFF-2:EffectMismatch,1
corpus/reject-syseff-conditional-release-narrow,b_rows,Source:EFF-2:EffectMismatch,1
corpus/accept-syseff-pure-immutable-only,base,accepted,0
corpus/accept-syseff-pure-immutable-only,off,accepted,0
corpus/accept-syseff-pure-immutable-only,a,accepted,0
corpus/accept-syseff-pure-immutable-only,ap,accepted,0
corpus/accept-syseff-pure-immutable-only,b,accepted,0
corpus/accept-syseff-pure-immutable-only,rows,accepted,0
corpus/accept-syseff-pure-immutable-only,b_rows,accepted,0
corpus/fn4-neg-pure-member-binds-release,base,Source:FN-4:BehaviorArgumentMismatch,1
corpus/fn4-neg-pure-member-binds-release,off,Source:FN-4:BehaviorArgumentMismatch,1
corpus/fn4-neg-pure-member-binds-release,a,Source:FN-4:BehaviorArgumentMismatch,1
corpus/fn4-neg-pure-member-binds-release,ap,Source:FN-4:BehaviorArgumentMismatch,1
corpus/fn4-neg-pure-member-binds-release,b,Source:FN-4:BehaviorArgumentMismatch,1
corpus/fn4-neg-pure-member-binds-release,rows,Source:FN-4:BehaviorArgumentMismatch,1
corpus/fn4-neg-pure-member-binds-release,b_rows,Source:FN-4:BehaviorArgumentMismatch,1
corpus/run-sysexit-code-0,base,accepted,0
corpus/run-sysexit-code-0,off,accepted,0
corpus/run-sysexit-code-0,a,accepted,0
corpus/run-sysexit-code-0,ap,accepted,0
corpus/run-sysexit-code-0,b,accepted,0
corpus/run-sysexit-code-0,rows,accepted,0
corpus/run-sysexit-code-0,b_rows,accepted,0
corpus/run-sysexit-code-1,base,accepted,0
corpus/run-sysexit-code-1,off,accepted,0
corpus/run-sysexit-code-1,a,accepted,0
corpus/run-sysexit-code-1,ap,accepted,0
corpus/run-sysexit-code-1,b,accepted,0
corpus/run-sysexit-code-1,rows,accepted,0
corpus/run-sysexit-code-1,b_rows,accepted,0
corpus/run-sysexit-code-2,base,accepted,0
corpus/run-sysexit-code-2,off,accepted,0
corpus/run-sysexit-code-2,a,accepted,0
corpus/run-sysexit-code-2,ap,accepted,0
corpus/run-sysexit-code-2,b,accepted,0
corpus/run-sysexit-code-2,rows,accepted,0
corpus/run-sysexit-code-2,b_rows,accepted,0
corpus/run-sysarg-count-and-get,base,accepted,0
corpus/run-sysarg-count-and-get,off,accepted,0
corpus/run-sysarg-count-and-get,a,accepted,0
corpus/run-sysarg-count-and-get,ap,accepted,0
corpus/run-sysarg-count-and-get,b,accepted,0
corpus/run-sysarg-count-and-get,rows,accepted,0
corpus/run-sysarg-count-and-get,b_rows,accepted,0
corpus/run-syshost-nontext-argv-bytes-roundtrip,base,accepted,0
corpus/run-syshost-nontext-argv-bytes-roundtrip,off,accepted,0
corpus/run-syshost-nontext-argv-bytes-roundtrip,a,accepted,0
corpus/run-syshost-nontext-argv-bytes-roundtrip,ap,accepted,0
corpus/run-syshost-nontext-argv-bytes-roundtrip,b,accepted,0
corpus/run-syshost-nontext-argv-bytes-roundtrip,rows,accepted,0
corpus/run-syshost-nontext-argv-bytes-roundtrip,b_rows,accepted,0
corpus/run-syshost-nontext-argv-utf8-invalid,base,accepted,0
corpus/run-syshost-nontext-argv-utf8-invalid,off,accepted,0
corpus/run-syshost-nontext-argv-utf8-invalid,a,accepted,0
corpus/run-syshost-nontext-argv-utf8-invalid,ap,accepted,0
corpus/run-syshost-nontext-argv-utf8-invalid,b,accepted,0
corpus/run-syshost-nontext-argv-utf8-invalid,rows,accepted,0
corpus/run-syshost-nontext-argv-utf8-invalid,b_rows,accepted,0
corpus/run-syshost-copybytes-toosmall-unchanged,base,accepted,0
corpus/run-syshost-copybytes-toosmall-unchanged,off,accepted,0
corpus/run-syshost-copybytes-toosmall-unchanged,a,accepted,0
corpus/run-syshost-copybytes-toosmall-unchanged,ap,accepted,0
corpus/run-syshost-copybytes-toosmall-unchanged,b,accepted,0
corpus/run-syshost-copybytes-toosmall-unchanged,rows,accepted,0
corpus/run-syshost-copybytes-toosmall-unchanged,b_rows,accepted,0
corpus/run-syshost-copyutf8-invalid-unchanged,base,accepted,0
corpus/run-syshost-copyutf8-invalid-unchanged,off,accepted,0
corpus/run-syshost-copyutf8-invalid-unchanged,a,accepted,0
corpus/run-syshost-copyutf8-invalid-unchanged,ap,accepted,0
corpus/run-syshost-copyutf8-invalid-unchanged,b,accepted,0
corpus/run-syshost-copyutf8-invalid-unchanged,rows,accepted,0
corpus/run-syshost-copyutf8-invalid-unchanged,b_rows,accepted,0
corpus/run-syshost-copyutf8-toosmall-unchanged,base,accepted,0
corpus/run-syshost-copyutf8-toosmall-unchanged,off,accepted,0
corpus/run-syshost-copyutf8-toosmall-unchanged,a,accepted,0
corpus/run-syshost-copyutf8-toosmall-unchanged,ap,accepted,0
corpus/run-syshost-copyutf8-toosmall-unchanged,b,accepted,0
corpus/run-syshost-copyutf8-toosmall-unchanged,rows,accepted,0
corpus/run-syshost-copyutf8-toosmall-unchanged,b_rows,accepted,0
corpus/reject-syshost-copybytes-start-after-end,base,Source:FN-8:UndischargedCallRequirement,1
corpus/reject-syshost-copybytes-start-after-end,off,Source:FN-8:UndischargedCallRequirement,1
corpus/reject-syshost-copybytes-start-after-end,a,Source:FN-8:UndischargedCallRequirement,1
corpus/reject-syshost-copybytes-start-after-end,ap,Source:FN-8:UndischargedCallRequirement,1
corpus/reject-syshost-copybytes-start-after-end,b,Source:FN-8:UndischargedCallRequirement,1
corpus/reject-syshost-copybytes-start-after-end,rows,Source:FN-8:UndischargedCallRequirement,1
corpus/reject-syshost-copybytes-start-after-end,b_rows,Source:FN-8:UndischargedCallRequirement,1
corpus/reject-syshost-copybytes-start-beyond-buffer,base,Source:FN-8:UndischargedCallRequirement,1
corpus/reject-syshost-copybytes-start-beyond-buffer,off,Source:FN-8:UndischargedCallRequirement,1
corpus/reject-syshost-copybytes-start-beyond-buffer,a,Source:FN-8:UndischargedCallRequirement,1
corpus/reject-syshost-copybytes-start-beyond-buffer,ap,Source:FN-8:UndischargedCallRequirement,1
corpus/reject-syshost-copybytes-start-beyond-buffer,b,Source:FN-8:UndischargedCallRequirement,1
corpus/reject-syshost-copybytes-start-beyond-buffer,rows,Source:FN-8:UndischargedCallRequirement,1
corpus/reject-syshost-copybytes-start-beyond-buffer,b_rows,Source:FN-8:UndischargedCallRequirement,1
corpus/reject-syshost-copybytes-end-beyond-buffer,base,Source:FN-8:UndischargedCallRequirement,1
corpus/reject-syshost-copybytes-end-beyond-buffer,off,Source:FN-8:UndischargedCallRequirement,1
corpus/reject-syshost-copybytes-end-beyond-buffer,a,Source:FN-8:UndischargedCallRequirement,1
corpus/reject-syshost-copybytes-end-beyond-buffer,ap,Source:FN-8:UndischargedCallRequirement,1
corpus/reject-syshost-copybytes-end-beyond-buffer,b,Source:FN-8:UndischargedCallRequirement,1
corpus/reject-syshost-copybytes-end-beyond-buffer,rows,Source:FN-8:UndischargedCallRequirement,1
corpus/reject-syshost-copybytes-end-beyond-buffer,b_rows,Source:FN-8:UndischargedCallRequirement,1
corpus/run-syspath-relative-basic,base,accepted,0
corpus/run-syspath-relative-basic,off,accepted,0
corpus/run-syspath-relative-basic,a,accepted,0
corpus/run-syspath-relative-basic,ap,accepted,0
corpus/run-syspath-relative-basic,b,accepted,0
corpus/run-syspath-relative-basic,rows,accepted,0
corpus/run-syspath-relative-basic,b_rows,accepted,0
corpus/run-syspath-dotdot-preserved,base,accepted,0
corpus/run-syspath-dotdot-preserved,off,accepted,0
corpus/run-syspath-dotdot-preserved,a,accepted,0
corpus/run-syspath-dotdot-preserved,ap,accepted,0
corpus/run-syspath-dotdot-preserved,b,accepted,0
corpus/run-syspath-dotdot-preserved,rows,accepted,0
corpus/run-syspath-dotdot-preserved,b_rows,accepted,0
corpus/run-syspath-absolute-rejected,base,accepted,0
corpus/run-syspath-absolute-rejected,off,accepted,0
corpus/run-syspath-absolute-rejected,a,accepted,0
corpus/run-syspath-absolute-rejected,ap,accepted,0
corpus/run-syspath-absolute-rejected,b,accepted,0
corpus/run-syspath-absolute-rejected,rows,accepted,0
corpus/run-syspath-absolute-rejected,b_rows,accepted,0
corpus/run-sysdir-open-notfound,base,accepted,0
corpus/run-sysdir-open-notfound,off,accepted,0
corpus/run-sysdir-open-notfound,a,accepted,0
corpus/run-sysdir-open-notfound,ap,accepted,0
corpus/run-sysdir-open-notfound,b,accepted,0
corpus/run-sysdir-open-notfound,rows,accepted,0
corpus/run-sysdir-open-notfound,b_rows,accepted,0
corpus/run-sysfile-empty,base,accepted,0
corpus/run-sysfile-empty,off,accepted,0
corpus/run-sysfile-empty,a,accepted,0
corpus/run-sysfile-empty,ap,accepted,0
corpus/run-sysfile-empty,b,accepted,0
corpus/run-sysfile-empty,rows,accepted,0
corpus/run-sysfile-empty,b_rows,accepted,0
corpus/run-sysfile-short,base,accepted,0
corpus/run-sysfile-short,off,accepted,0
corpus/run-sysfile-short,a,accepted,0
corpus/run-sysfile-short,ap,accepted,0
corpus/run-sysfile-short,b,accepted,0
corpus/run-sysfile-short,rows,accepted,0
corpus/run-sysfile-short,b_rows,accepted,0
corpus/run-sysfile-exact,base,accepted,0
corpus/run-sysfile-exact,off,accepted,0
corpus/run-sysfile-exact,a,accepted,0
corpus/run-sysfile-exact,ap,accepted,0
corpus/run-sysfile-exact,b,accepted,0
corpus/run-sysfile-exact,rows,accepted,0
corpus/run-sysfile-exact,b_rows,accepted,0
corpus/run-sysfile-multichunk,base,accepted,0
corpus/run-sysfile-multichunk,off,accepted,0
corpus/run-sysfile-multichunk,a,accepted,0
corpus/run-sysfile-multichunk,ap,accepted,0
corpus/run-sysfile-multichunk,b,accepted,0
corpus/run-sysfile-multichunk,rows,accepted,0
corpus/run-sysfile-multichunk,b_rows,accepted,0
corpus/run-sysout-basic-write,base,accepted,0
corpus/run-sysout-basic-write,off,accepted,0
corpus/run-sysout-basic-write,a,accepted,0
corpus/run-sysout-basic-write,ap,accepted,0
corpus/run-sysout-basic-write,b,accepted,0
corpus/run-sysout-basic-write,rows,accepted,0
corpus/run-sysout-basic-write,b_rows,accepted,0
corpus/run-sysout-redirect-same-sink-order,base,accepted,0
corpus/run-sysout-redirect-same-sink-order,off,accepted,0
corpus/run-sysout-redirect-same-sink-order,a,accepted,0
corpus/run-sysout-redirect-same-sink-order,ap,accepted,0
corpus/run-sysout-redirect-same-sink-order,b,accepted,0
corpus/run-sysout-redirect-same-sink-order,rows,accepted,0
corpus/run-sysout-redirect-same-sink-order,b_rows,accepted,0
corpus/form3-pos-index-ordinary-ident,base,accepted,0
corpus/form3-pos-index-ordinary-ident,off,accepted,0
corpus/form3-pos-index-ordinary-ident,a,accepted,0
corpus/form3-pos-index-ordinary-ident,ap,accepted,0
corpus/form3-pos-index-ordinary-ident,b,accepted,0
corpus/form3-pos-index-ordinary-ident,rows,accepted,0
corpus/form3-pos-index-ordinary-ident,b_rows,accepted,0
corpus/ent3-pos-s11-counted-range-run,base,accepted,0
corpus/ent3-pos-s11-counted-range-run,off,accepted,0
corpus/ent3-pos-s11-counted-range-run,a,accepted,0
corpus/ent3-pos-s11-counted-range-run,ap,accepted,0
corpus/ent3-pos-s11-counted-range-run,b,accepted,0
corpus/ent3-pos-s11-counted-range-run,rows,accepted,0
corpus/ent3-pos-s11-counted-range-run,b_rows,accepted,0
corpus/ent2-neg-counted-subscript-endpoint,base,Source:ENT-2:InvalidCountedEndpoint,1
corpus/ent2-neg-counted-subscript-endpoint,off,Source:ENT-2:InvalidCountedEndpoint,1
corpus/ent2-neg-counted-subscript-endpoint,a,Source:ENT-2:InvalidCountedEndpoint,1
corpus/ent2-neg-counted-subscript-endpoint,ap,Source:ENT-2:InvalidCountedEndpoint,1
corpus/ent2-neg-counted-subscript-endpoint,b,Source:ENT-2:InvalidCountedEndpoint,1
corpus/ent2-neg-counted-subscript-endpoint,rows,Source:ENT-2:InvalidCountedEndpoint,1
corpus/ent2-neg-counted-subscript-endpoint,b_rows,Source:ENT-2:InvalidCountedEndpoint,1
corpus/ent2-pos-counted-measure-endpoint,base,accepted,0
corpus/ent2-pos-counted-measure-endpoint,off,accepted,0
corpus/ent2-pos-counted-measure-endpoint,a,accepted,0
corpus/ent2-pos-counted-measure-endpoint,ap,accepted,0
corpus/ent2-pos-counted-measure-endpoint,b,accepted,0
corpus/ent2-pos-counted-measure-endpoint,rows,accepted,0
corpus/ent2-pos-counted-measure-endpoint,b_rows,accepted,0
corpus/op4-neg-counted-measure-endpoint-shrunk-in-body,base,Source:OP-4:UndischargedBoundsObligation,1
corpus/op4-neg-counted-measure-endpoint-shrunk-in-body,off,Source:OP-4:UndischargedBoundsObligation,1
corpus/op4-neg-counted-measure-endpoint-shrunk-in-body,a,Source:OP-4:UndischargedBoundsObligation,1
corpus/op4-neg-counted-measure-endpoint-shrunk-in-body,ap,Source:OP-4:UndischargedBoundsObligation,1
corpus/op4-neg-counted-measure-endpoint-shrunk-in-body,b,Source:OP-4:UndischargedBoundsObligation,1
corpus/op4-neg-counted-measure-endpoint-shrunk-in-body,rows,Source:OP-4:UndischargedBoundsObligation,1
corpus/op4-neg-counted-measure-endpoint-shrunk-in-body,b_rows,Source:OP-4:UndischargedBoundsObligation,1
corpus/set1-neg-counted-binder-write,base,Source:SET-1:InvalidSetTarget,1
corpus/set1-neg-counted-binder-write,off,Source:SET-1:InvalidSetTarget,1
corpus/set1-neg-counted-binder-write,a,Source:SET-1:InvalidSetTarget,1
corpus/set1-neg-counted-binder-write,ap,Source:SET-1:InvalidSetTarget,1
corpus/set1-neg-counted-binder-write,b,Source:SET-1:InvalidSetTarget,1
corpus/set1-neg-counted-binder-write,rows,Source:SET-1:InvalidSetTarget,1
corpus/set1-neg-counted-binder-write,b_rows,Source:SET-1:InvalidSetTarget,1
corpus/fn9-pos-plain-direct-result,base,accepted,0
corpus/fn9-pos-plain-direct-result,off,accepted,0
corpus/fn9-pos-plain-direct-result,a,accepted,0
corpus/fn9-pos-plain-direct-result,ap,accepted,0
corpus/fn9-pos-plain-direct-result,b,accepted,0
corpus/fn9-pos-plain-direct-result,rows,accepted,0
corpus/fn9-pos-plain-direct-result,b_rows,accepted,0
corpus/fn9-pos-ok-selected-receiver,base,accepted,0
corpus/fn9-pos-ok-selected-receiver,off,accepted,0
corpus/fn9-pos-ok-selected-receiver,a,accepted,0
corpus/fn9-pos-ok-selected-receiver,ap,accepted,0
corpus/fn9-pos-ok-selected-receiver,b,accepted,0
corpus/fn9-pos-ok-selected-receiver,rows,accepted,0
corpus/fn9-pos-ok-selected-receiver,b_rows,accepted,0
corpus/fn9-neg-no-selected-normal-exit,base,Source:FN-9:NoSelectedNormalExit,1
corpus/fn9-neg-no-selected-normal-exit,off,Source:FN-9:NoSelectedNormalExit,1
corpus/fn9-neg-no-selected-normal-exit,a,Source:FN-9:NoSelectedNormalExit,1
corpus/fn9-neg-no-selected-normal-exit,ap,Source:FN-9:NoSelectedNormalExit,1
corpus/fn9-neg-no-selected-normal-exit,b,Source:FN-9:NoSelectedNormalExit,1
corpus/fn9-neg-no-selected-normal-exit,rows,Source:FN-9:NoSelectedNormalExit,1
corpus/fn9-neg-no-selected-normal-exit,b_rows,Source:FN-9:NoSelectedNormalExit,1
corpus/fn9-neg-propagated-exit-state,base,Source:FN-9:UndischargedPostcondition,1
corpus/fn9-neg-propagated-exit-state,off,Source:FN-9:UndischargedPostcondition,1
corpus/fn9-neg-propagated-exit-state,a,Source:FN-9:UndischargedPostcondition,1
corpus/fn9-neg-propagated-exit-state,ap,Source:FN-9:UndischargedPostcondition,1
corpus/fn9-neg-propagated-exit-state,b,Source:FN-9:UndischargedPostcondition,1
corpus/fn9-neg-propagated-exit-state,rows,Source:FN-9:UndischargedPostcondition,1
corpus/fn9-neg-propagated-exit-state,b_rows,Source:FN-9:UndischargedPostcondition,1
corpus/fn9-neg-unproved-selected-return,base,Source:FN-9:UndischargedPostcondition,1
corpus/fn9-neg-unproved-selected-return,off,Source:FN-9:UndischargedPostcondition,1
corpus/fn9-neg-unproved-selected-return,a,Source:FN-9:UndischargedPostcondition,1
corpus/fn9-neg-unproved-selected-return,ap,Source:FN-9:UndischargedPostcondition,1
corpus/fn9-neg-unproved-selected-return,b,Source:FN-9:UndischargedPostcondition,1
corpus/fn9-neg-unproved-selected-return,rows,Source:FN-9:UndischargedPostcondition,1
corpus/fn9-neg-unproved-selected-return,b_rows,Source:FN-9:UndischargedPostcondition,1
corpus/fn9-neg-entry-image-kill,base,Source:FN-9:UndischargedPostcondition,1
corpus/fn9-neg-entry-image-kill,off,Source:FN-9:UndischargedPostcondition,1
corpus/fn9-neg-entry-image-kill,a,Source:FN-9:UndischargedPostcondition,1
corpus/fn9-neg-entry-image-kill,ap,Source:FN-9:UndischargedPostcondition,1
corpus/fn9-neg-entry-image-kill,b,Source:FN-9:UndischargedPostcondition,1
corpus/fn9-neg-entry-image-kill,rows,Source:FN-9:UndischargedPostcondition,1
corpus/fn9-neg-entry-image-kill,b_rows,Source:FN-9:UndischargedPostcondition,1
corpus/fn9-neg-same-scc-summary,base,Source:FN-9:UndischargedPostcondition,1
corpus/fn9-neg-same-scc-summary,off,Source:FN-9:UndischargedPostcondition,1
corpus/fn9-neg-same-scc-summary,a,Source:FN-9:UndischargedPostcondition,1
corpus/fn9-neg-same-scc-summary,ap,Source:FN-9:UndischargedPostcondition,1
corpus/fn9-neg-same-scc-summary,b,Source:FN-9:UndischargedPostcondition,1
corpus/fn9-neg-same-scc-summary,rows,Source:FN-9:UndischargedPostcondition,1
corpus/fn9-neg-same-scc-summary,b_rows,Source:FN-9:UndischargedPostcondition,1
corpus/ent3-pos-stage8b-bit-sources,base,accepted,0
corpus/ent3-pos-stage8b-bit-sources,off,accepted,0
corpus/ent3-pos-stage8b-bit-sources,a,accepted,0
corpus/ent3-pos-stage8b-bit-sources,ap,accepted,0
corpus/ent3-pos-stage8b-bit-sources,b,accepted,0
corpus/ent3-pos-stage8b-bit-sources,rows,accepted,0
corpus/ent3-pos-stage8b-bit-sources,b_rows,accepted,0
corpus/ent3-pos-s7-local-one-shift,base,accepted,0
corpus/ent3-pos-s7-local-one-shift,off,accepted,0
corpus/ent3-pos-s7-local-one-shift,a,accepted,0
corpus/ent3-pos-s7-local-one-shift,ap,accepted,0
corpus/ent3-pos-s7-local-one-shift,b,accepted,0
corpus/ent3-pos-s7-local-one-shift,rows,accepted,0
corpus/ent3-pos-s7-local-one-shift,b_rows,accepted,0
corpus/ent3-neg-s7-shift-may-be-zero,base,Source:FN-8:UndischargedCallRequirement,1
corpus/ent3-neg-s7-shift-may-be-zero,off,Source:FN-8:UndischargedCallRequirement,1
corpus/ent3-neg-s7-shift-may-be-zero,a,Source:FN-8:UndischargedCallRequirement,1
corpus/ent3-neg-s7-shift-may-be-zero,ap,Source:FN-8:UndischargedCallRequirement,1
corpus/ent3-neg-s7-shift-may-be-zero,b,Source:FN-8:UndischargedCallRequirement,1
corpus/ent3-neg-s7-shift-may-be-zero,rows,Source:FN-8:UndischargedCallRequirement,1
corpus/ent3-neg-s7-shift-may-be-zero,b_rows,Source:FN-8:UndischargedCallRequirement,1
corpus/ent3-pos-s7-arithmetic-rows,base,accepted,0
corpus/ent3-pos-s7-arithmetic-rows,off,accepted,0
corpus/ent3-pos-s7-arithmetic-rows,a,accepted,0
corpus/ent3-pos-s7-arithmetic-rows,ap,accepted,0
corpus/ent3-pos-s7-arithmetic-rows,b,accepted,0
corpus/ent3-pos-s7-arithmetic-rows,rows,accepted,0
corpus/ent3-pos-s7-arithmetic-rows,b_rows,accepted,0
corpus/ent3-pos-s7-division-rows,base,accepted,0
corpus/ent3-pos-s7-division-rows,off,accepted,0
corpus/ent3-pos-s7-division-rows,a,accepted,0
corpus/ent3-pos-s7-division-rows,ap,accepted,0
corpus/ent3-pos-s7-division-rows,b,accepted,0
corpus/ent3-pos-s7-division-rows,rows,accepted,0
corpus/ent3-pos-s7-division-rows,b_rows,accepted,0
corpus/ent3-pos-s7-bit-rows,base,accepted,0
corpus/ent3-pos-s7-bit-rows,off,accepted,0
corpus/ent3-pos-s7-bit-rows,a,accepted,0
corpus/ent3-pos-s7-bit-rows,ap,accepted,0
corpus/ent3-pos-s7-bit-rows,b,accepted,0
corpus/ent3-pos-s7-bit-rows,rows,accepted,0
corpus/ent3-pos-s7-bit-rows,b_rows,accepted,0
corpus/ent3-pos-s7-shift-rows,base,accepted,0
corpus/ent3-pos-s7-shift-rows,off,accepted,0
corpus/ent3-pos-s7-shift-rows,a,accepted,0
corpus/ent3-pos-s7-shift-rows,ap,accepted,0
corpus/ent3-pos-s7-shift-rows,b,accepted,0
corpus/ent3-pos-s7-shift-rows,rows,accepted,0
corpus/ent3-pos-s7-shift-rows,b_rows,accepted,0
corpus/ent3-pos-s7-order-rows,base,accepted,0
corpus/ent3-pos-s7-order-rows,off,accepted,0
corpus/ent3-pos-s7-order-rows,a,accepted,0
corpus/ent3-pos-s7-order-rows,ap,accepted,0
corpus/ent3-pos-s7-order-rows,b,accepted,0
corpus/ent3-pos-s7-order-rows,rows,accepted,0
corpus/ent3-pos-s7-order-rows,b_rows,accepted,0
corpus/ent3-pos-s7-count-rows,base,accepted,0
corpus/ent3-pos-s7-count-rows,off,accepted,0
corpus/ent3-pos-s7-count-rows,a,accepted,0
corpus/ent3-pos-s7-count-rows,ap,accepted,0
corpus/ent3-pos-s7-count-rows,b,accepted,0
corpus/ent3-pos-s7-count-rows,rows,accepted,0
corpus/ent3-pos-s7-count-rows,b_rows,accepted,0
corpus/ent3-pos-s7-reinterpret-and-single-values,base,accepted,0
corpus/ent3-pos-s7-reinterpret-and-single-values,off,accepted,0
corpus/ent3-pos-s7-reinterpret-and-single-values,a,accepted,0
corpus/ent3-pos-s7-reinterpret-and-single-values,ap,accepted,0
corpus/ent3-pos-s7-reinterpret-and-single-values,b,accepted,0
corpus/ent3-pos-s7-reinterpret-and-single-values,rows,accepted,0
corpus/ent3-pos-s7-reinterpret-and-single-values,b_rows,accepted,0
corpus/ent3-pos-s7-measure-operand,base,accepted,0
corpus/ent3-pos-s7-measure-operand,off,accepted,0
corpus/ent3-pos-s7-measure-operand,a,accepted,0
corpus/ent3-pos-s7-measure-operand,ap,accepted,0
corpus/ent3-pos-s7-measure-operand,b,accepted,0
corpus/ent3-pos-s7-measure-operand,rows,accepted,0
corpus/ent3-pos-s7-measure-operand,b_rows,accepted,0
corpus/ent3-pos-s7-interval-survives-operand-write,base,accepted,0
corpus/ent3-pos-s7-interval-survives-operand-write,off,accepted,0
corpus/ent3-pos-s7-interval-survives-operand-write,a,accepted,0
corpus/ent3-pos-s7-interval-survives-operand-write,ap,accepted,0
corpus/ent3-pos-s7-interval-survives-operand-write,b,accepted,0
corpus/ent3-pos-s7-interval-survives-operand-write,rows,accepted,0
corpus/ent3-pos-s7-interval-survives-operand-write,b_rows,accepted,0
corpus/ent3-neg-s7-shift-right-one-past,base,Source:OP-6:UndischargedConversionDomainObligation,1
corpus/ent3-neg-s7-shift-right-one-past,off,Source:OP-6:UndischargedConversionDomainObligation,1
corpus/ent3-neg-s7-shift-right-one-past,a,Source:OP-6:UndischargedConversionDomainObligation,1
corpus/ent3-neg-s7-shift-right-one-past,ap,Source:OP-6:UndischargedConversionDomainObligation,1
corpus/ent3-neg-s7-shift-right-one-past,b,Source:OP-6:UndischargedConversionDomainObligation,1
corpus/ent3-neg-s7-shift-right-one-past,rows,Source:OP-6:UndischargedConversionDomainObligation,1
corpus/ent3-neg-s7-shift-right-one-past,b_rows,Source:OP-6:UndischargedConversionDomainObligation,1
corpus/ent3-neg-s7-wrap-may-wrap,base,Source:FN-8:UndischargedCallRequirement,1
corpus/ent3-neg-s7-wrap-may-wrap,off,Source:FN-8:UndischargedCallRequirement,1
corpus/ent3-neg-s7-wrap-may-wrap,a,Source:FN-8:UndischargedCallRequirement,1
corpus/ent3-neg-s7-wrap-may-wrap,ap,Source:FN-8:UndischargedCallRequirement,1
corpus/ent3-neg-s7-wrap-may-wrap,b,Source:FN-8:UndischargedCallRequirement,1
corpus/ent3-neg-s7-wrap-may-wrap,rows,Source:FN-8:UndischargedCallRequirement,1
corpus/ent3-neg-s7-wrap-may-wrap,b_rows,Source:FN-8:UndischargedCallRequirement,1
corpus/ent3-neg-s7-signed-and-without-mask,base,Source:FN-8:UndischargedCallRequirement,1
corpus/ent3-neg-s7-signed-and-without-mask,off,Source:FN-8:UndischargedCallRequirement,1
corpus/ent3-neg-s7-signed-and-without-mask,a,Source:FN-8:UndischargedCallRequirement,1
corpus/ent3-neg-s7-signed-and-without-mask,ap,Source:FN-8:UndischargedCallRequirement,1
corpus/ent3-neg-s7-signed-and-without-mask,b,Source:FN-8:UndischargedCallRequirement,1
corpus/ent3-neg-s7-signed-and-without-mask,rows,Source:FN-8:UndischargedCallRequirement,1
corpus/ent3-neg-s7-signed-and-without-mask,b_rows,Source:FN-8:UndischargedCallRequirement,1
corpus/ent3-neg-s7-shift-into-sign-bit,base,Source:FN-8:UndischargedCallRequirement,1
corpus/ent3-neg-s7-shift-into-sign-bit,off,Source:FN-8:UndischargedCallRequirement,1
corpus/ent3-neg-s7-shift-into-sign-bit,a,Source:FN-8:UndischargedCallRequirement,1
corpus/ent3-neg-s7-shift-into-sign-bit,ap,Source:FN-8:UndischargedCallRequirement,1
corpus/ent3-neg-s7-shift-into-sign-bit,b,Source:FN-8:UndischargedCallRequirement,1
corpus/ent3-neg-s7-shift-into-sign-bit,rows,Source:FN-8:UndischargedCallRequirement,1
corpus/ent3-neg-s7-shift-into-sign-bit,b_rows,Source:FN-8:UndischargedCallRequirement,1
corpus/ent3-neg-s7-wrap-amount-past-width,base,Source:OP-6:UndischargedConversionDomainObligation,1
corpus/ent3-neg-s7-wrap-amount-past-width,off,Source:OP-6:UndischargedConversionDomainObligation,1
corpus/ent3-neg-s7-wrap-amount-past-width,a,Source:OP-6:UndischargedConversionDomainObligation,1
corpus/ent3-neg-s7-wrap-amount-past-width,ap,Source:OP-6:UndischargedConversionDomainObligation,1
corpus/ent3-neg-s7-wrap-amount-past-width,b,Source:OP-6:UndischargedConversionDomainObligation,1
corpus/ent3-neg-s7-wrap-amount-past-width,rows,Source:OP-6:UndischargedConversionDomainObligation,1
corpus/ent3-neg-s7-wrap-amount-past-width,b_rows,Source:OP-6:UndischargedConversionDomainObligation,1
corpus/ent3-neg-s7-signed-remainder-one-past,base,Source:FN-8:UndischargedCallRequirement,1
corpus/ent3-neg-s7-signed-remainder-one-past,off,Source:FN-8:UndischargedCallRequirement,1
corpus/ent3-neg-s7-signed-remainder-one-past,a,Source:FN-8:UndischargedCallRequirement,1
corpus/ent3-neg-s7-signed-remainder-one-past,ap,Source:FN-8:UndischargedCallRequirement,1
corpus/ent3-neg-s7-signed-remainder-one-past,b,Source:FN-8:UndischargedCallRequirement,1
corpus/ent3-neg-s7-signed-remainder-one-past,rows,Source:FN-8:UndischargedCallRequirement,1
corpus/ent3-neg-s7-signed-remainder-one-past,b_rows,Source:FN-8:UndischargedCallRequirement,1
corpus/ent3-neg-s7-popcount-one-past,base,Source:FN-8:UndischargedCallRequirement,1
corpus/ent3-neg-s7-popcount-one-past,off,Source:FN-8:UndischargedCallRequirement,1
corpus/ent3-neg-s7-popcount-one-past,a,Source:FN-8:UndischargedCallRequirement,1
corpus/ent3-neg-s7-popcount-one-past,ap,Source:FN-8:UndischargedCallRequirement,1
corpus/ent3-neg-s7-popcount-one-past,b,Source:FN-8:UndischargedCallRequirement,1
corpus/ent3-neg-s7-popcount-one-past,rows,Source:FN-8:UndischargedCallRequirement,1
corpus/ent3-neg-s7-popcount-one-past,b_rows,Source:FN-8:UndischargedCallRequirement,1
corpus/ent3-neg-s7-reinterpret-mixed-signs,base,Source:FN-8:UndischargedCallRequirement,1
corpus/ent3-neg-s7-reinterpret-mixed-signs,off,Source:FN-8:UndischargedCallRequirement,1
corpus/ent3-neg-s7-reinterpret-mixed-signs,a,Source:FN-8:UndischargedCallRequirement,1
corpus/ent3-neg-s7-reinterpret-mixed-signs,ap,Source:FN-8:UndischargedCallRequirement,1
corpus/ent3-neg-s7-reinterpret-mixed-signs,b,Source:FN-8:UndischargedCallRequirement,1
corpus/ent3-neg-s7-reinterpret-mixed-signs,rows,Source:FN-8:UndischargedCallRequirement,1
corpus/ent3-neg-s7-reinterpret-mixed-signs,b_rows,Source:FN-8:UndischargedCallRequirement,1
corpus/ent3-neg-s7-unrepresentable-high-product,base,Source:FN-8:UndischargedCallRequirement,1
corpus/ent3-neg-s7-unrepresentable-high-product,off,Source:FN-8:UndischargedCallRequirement,1
corpus/ent3-neg-s7-unrepresentable-high-product,a,Source:FN-8:UndischargedCallRequirement,1
corpus/ent3-neg-s7-unrepresentable-high-product,ap,Source:FN-8:UndischargedCallRequirement,1
corpus/ent3-neg-s7-unrepresentable-high-product,b,Source:FN-8:UndischargedCallRequirement,1
corpus/ent3-neg-s7-unrepresentable-high-product,rows,Source:FN-8:UndischargedCallRequirement,1
corpus/ent3-neg-s7-unrepresentable-high-product,b_rows,Source:FN-8:UndischargedCallRequirement,1
corpus/ent3-neg-s7-relation-dies-with-operand,base,Source:FN-8:UndischargedCallRequirement,1
corpus/ent3-neg-s7-relation-dies-with-operand,off,Source:FN-8:UndischargedCallRequirement,1
corpus/ent3-neg-s7-relation-dies-with-operand,a,Source:FN-8:UndischargedCallRequirement,1
corpus/ent3-neg-s7-relation-dies-with-operand,ap,Source:FN-8:UndischargedCallRequirement,1
corpus/ent3-neg-s7-relation-dies-with-operand,b,Source:FN-8:UndischargedCallRequirement,1
corpus/ent3-neg-s7-relation-dies-with-operand,rows,Source:FN-8:UndischargedCallRequirement,1
corpus/ent3-neg-s7-relation-dies-with-operand,b_rows,Source:FN-8:UndischargedCallRequirement,1
corpus/ent3-pos-s7-callee-in-another-module,base,accepted,0
corpus/ent3-pos-s7-callee-in-another-module,off,accepted,0
corpus/ent3-pos-s7-callee-in-another-module,a,accepted,0
corpus/ent3-pos-s7-callee-in-another-module,ap,accepted,0
corpus/ent3-pos-s7-callee-in-another-module,b,accepted,0
corpus/ent3-pos-s7-callee-in-another-module,rows,accepted,0
corpus/ent3-pos-s7-callee-in-another-module,b_rows,accepted,0
chain/4,base,accepted,0
chain/4,off,accepted,0
chain/4,a,accepted,0
chain/4,ap,accepted,0
chain/4,b,accepted,0
chain/4,rows,accepted,0
chain/4,b_rows,accepted,0
chain/8,base,accepted,0
chain/8,off,accepted,0
chain/8,a,accepted,0
chain/8,ap,accepted,0
chain/8,b,accepted,0
chain/8,rows,accepted,0
chain/8,b_rows,accepted,0
chain/16,base,accepted,0
chain/16,off,accepted,0
chain/16,a,accepted,0
chain/16,ap,accepted,0
chain/16,b,accepted,0
chain/16,rows,accepted,0
chain/16,b_rows,accepted,0
chain/32,base,accepted,0
chain/32,off,accepted,0
chain/32,a,accepted,0
chain/32,ap,accepted,0
chain/32,b,accepted,0
chain/32,rows,accepted,0
chain/32,b_rows,accepted,0
chain/64,base,accepted,0
chain/64,off,accepted,0
chain/64,a,accepted,0
chain/64,ap,accepted,0
chain/64,b,accepted,0
chain/64,rows,accepted,0
chain/64,b_rows,accepted,0
corpus/ent3-neg-s7-no-callee-contract-across-modules,base,Source:OP-6:UndischargedConversionDomainObligation,1
corpus/ent3-neg-s7-no-callee-contract-across-modules,off,Source:OP-6:UndischargedConversionDomainObligation,1
corpus/ent3-neg-s7-no-callee-contract-across-modules,a,Source:OP-6:UndischargedConversionDomainObligation,1
corpus/ent3-neg-s7-no-callee-contract-across-modules,ap,Source:OP-6:UndischargedConversionDomainObligation,1
corpus/ent3-neg-s7-no-callee-contract-across-modules,b,Source:OP-6:UndischargedConversionDomainObligation,1
corpus/ent3-neg-s7-no-callee-contract-across-modules,rows,Source:OP-6:UndischargedConversionDomainObligation,1
corpus/ent3-neg-s7-no-callee-contract-across-modules,b_rows,Source:OP-6:UndischargedConversionDomainObligation,1
corpus/ent5-pos-checked-payload-facts,base,accepted,0
corpus/ent5-pos-checked-payload-facts,off,accepted,0
corpus/ent5-pos-checked-payload-facts,a,accepted,0
corpus/ent5-pos-checked-payload-facts,ap,accepted,0
corpus/ent5-pos-checked-payload-facts,b,accepted,0
corpus/ent5-pos-checked-payload-facts,rows,accepted,0
corpus/ent5-pos-checked-payload-facts,b_rows,accepted,0
corpus/ent5-neg-checked-product-one-past,base,Source:FN-8:UndischargedCallRequirement,1
corpus/ent5-neg-checked-product-one-past,off,Source:FN-8:UndischargedCallRequirement,1
corpus/ent5-neg-checked-product-one-past,a,Source:FN-8:UndischargedCallRequirement,1
corpus/ent5-neg-checked-product-one-past,ap,Source:FN-8:UndischargedCallRequirement,1
corpus/ent5-neg-checked-product-one-past,b,Source:FN-8:UndischargedCallRequirement,1
corpus/ent5-neg-checked-product-one-past,rows,Source:FN-8:UndischargedCallRequirement,1
corpus/ent5-neg-checked-product-one-past,b_rows,Source:FN-8:UndischargedCallRequirement,1
corpus/fn9-pos-direct-set-receiver,base,accepted,0
corpus/fn9-pos-direct-set-receiver,off,accepted,0
corpus/fn9-pos-direct-set-receiver,a,accepted,0
corpus/fn9-pos-direct-set-receiver,ap,accepted,0
corpus/fn9-pos-direct-set-receiver,b,accepted,0
corpus/fn9-pos-direct-set-receiver,rows,accepted,0
corpus/fn9-pos-direct-set-receiver,b_rows,accepted,0
corpus/fn9-pos-named-outcome-publication,base,accepted,0
corpus/fn9-pos-named-outcome-publication,off,accepted,0
corpus/fn9-pos-named-outcome-publication,a,accepted,0
corpus/fn9-pos-named-outcome-publication,ap,accepted,0
corpus/fn9-pos-named-outcome-publication,b,accepted,0
corpus/fn9-pos-named-outcome-publication,rows,accepted,0
corpus/fn9-pos-named-outcome-publication,b_rows,accepted,0
corpus/ent5-pos-value-if-delivery-join,base,accepted,0
corpus/ent5-pos-value-if-delivery-join,off,accepted,0
corpus/ent5-pos-value-if-delivery-join,a,accepted,0
corpus/ent5-pos-value-if-delivery-join,ap,accepted,0
corpus/ent5-pos-value-if-delivery-join,b,accepted,0
corpus/ent5-pos-value-if-delivery-join,rows,accepted,0
corpus/ent5-pos-value-if-delivery-join,b_rows,accepted,0
corpus/ent5-pos-value-match-delivery,base,accepted,0
corpus/ent5-pos-value-match-delivery,off,accepted,0
corpus/ent5-pos-value-match-delivery,a,accepted,0
corpus/ent5-pos-value-match-delivery,ap,accepted,0
corpus/ent5-pos-value-match-delivery,b,accepted,0
corpus/ent5-pos-value-match-delivery,rows,accepted,0
corpus/ent5-pos-value-match-delivery,b_rows,accepted,0
corpus/set2-pos-affine-field-replace,base,accepted,0
corpus/set2-pos-affine-field-replace,off,accepted,0
corpus/set2-pos-affine-field-replace,a,accepted,0
corpus/set2-pos-affine-field-replace,ap,accepted,0
corpus/set2-pos-affine-field-replace,b,accepted,0
corpus/set2-pos-affine-field-replace,rows,accepted,0
corpus/set2-pos-affine-field-replace,b_rows,accepted,0
corpus/set2-neg-rhs-type-mismatch,base,Source:TYPE-5:TypeMismatch,1
corpus/set2-neg-rhs-type-mismatch,off,Source:TYPE-5:TypeMismatch,1
corpus/set2-neg-rhs-type-mismatch,a,Source:TYPE-5:TypeMismatch,1
corpus/set2-neg-rhs-type-mismatch,ap,Source:TYPE-5:TypeMismatch,1
corpus/set2-neg-rhs-type-mismatch,b,Source:TYPE-5:TypeMismatch,1
corpus/set2-neg-rhs-type-mismatch,rows,Source:TYPE-5:TypeMismatch,1
corpus/set2-neg-rhs-type-mismatch,b_rows,Source:TYPE-5:TypeMismatch,1
corpus/set2-pos-box-descriptor-replace,base,accepted,0
corpus/set2-pos-box-descriptor-replace,off,accepted,0
corpus/set2-pos-box-descriptor-replace,a,accepted,0
corpus/set2-pos-box-descriptor-replace,ap,accepted,0
corpus/set2-pos-box-descriptor-replace,b,accepted,0
corpus/set2-pos-box-descriptor-replace,rows,accepted,0
corpus/set2-pos-box-descriptor-replace,b_rows,accepted,0
corpus/op2-pos-overflow-obligation-discharged,base,accepted,0
corpus/op2-pos-overflow-obligation-discharged,off,accepted,0
corpus/op2-pos-overflow-obligation-discharged,a,accepted,0
corpus/op2-pos-overflow-obligation-discharged,ap,accepted,0
corpus/op2-pos-overflow-obligation-discharged,b,accepted,0
corpus/op2-pos-overflow-obligation-discharged,rows,accepted,0
corpus/op2-pos-overflow-obligation-discharged,b_rows,accepted,0
corpus/op2-neg-overflow-obligation-undischarged,base,Source:OP-2:UndischargedIntegerDomainObligation,1
corpus/op2-neg-overflow-obligation-undischarged,off,Source:OP-2:UndischargedIntegerDomainObligation,1
corpus/op2-neg-overflow-obligation-undischarged,a,Source:OP-2:UndischargedIntegerDomainObligation,1
corpus/op2-neg-overflow-obligation-undischarged,ap,Source:OP-2:UndischargedIntegerDomainObligation,1
corpus/op2-neg-overflow-obligation-undischarged,b,Source:OP-2:UndischargedIntegerDomainObligation,1
corpus/op2-neg-overflow-obligation-undischarged,rows,Source:OP-2:UndischargedIntegerDomainObligation,1
corpus/op2-neg-overflow-obligation-undischarged,b_rows,Source:OP-2:UndischargedIntegerDomainObligation,1
corpus/op2-pos-wrap-untouched-by-dissolution,base,accepted,0
corpus/op2-pos-wrap-untouched-by-dissolution,off,accepted,0
corpus/op2-pos-wrap-untouched-by-dissolution,a,accepted,0
corpus/op2-pos-wrap-untouched-by-dissolution,ap,accepted,0
corpus/op2-pos-wrap-untouched-by-dissolution,b,accepted,0
corpus/op2-pos-wrap-untouched-by-dissolution,rows,accepted,0
corpus/op2-pos-wrap-untouched-by-dissolution,b_rows,accepted,0
corpus/fn1-neg-result-provenance-two-same-kind-called,base,Source:REF-3:EscapingReference,1
corpus/fn1-neg-result-provenance-two-same-kind-called,off,Source:REF-3:EscapingReference,1
corpus/fn1-neg-result-provenance-two-same-kind-called,a,Source:REF-3:EscapingReference,1
corpus/fn1-neg-result-provenance-two-same-kind-called,ap,Source:REF-3:EscapingReference,1
corpus/fn1-neg-result-provenance-two-same-kind-called,b,Source:REF-3:EscapingReference,1
corpus/fn1-neg-result-provenance-two-same-kind-called,rows,Source:REF-3:EscapingReference,1
corpus/fn1-neg-result-provenance-two-same-kind-called,b_rows,Source:REF-3:EscapingReference,1
corpus/const1-pos-forwarded-arithmetic,base,accepted,0
corpus/const1-pos-forwarded-arithmetic,off,accepted,0
corpus/const1-pos-forwarded-arithmetic,a,accepted,0
corpus/const1-pos-forwarded-arithmetic,ap,accepted,0
corpus/const1-pos-forwarded-arithmetic,b,accepted,0
corpus/const1-pos-forwarded-arithmetic,rows,accepted,0
corpus/const1-pos-forwarded-arithmetic,b_rows,accepted,0
corpus/const1-neg-eval-overflow,base,Source:CONST-1:ConstEvalOverflow,1
corpus/const1-neg-eval-overflow,off,Source:CONST-1:ConstEvalOverflow,1
corpus/const1-neg-eval-overflow,a,Source:CONST-1:ConstEvalOverflow,1
corpus/const1-neg-eval-overflow,ap,Source:CONST-1:ConstEvalOverflow,1
corpus/const1-neg-eval-overflow,b,Source:CONST-1:ConstEvalOverflow,1
corpus/const1-neg-eval-overflow,rows,Source:CONST-1:ConstEvalOverflow,1
corpus/const1-neg-eval-overflow,b_rows,Source:CONST-1:ConstEvalOverflow,1
corpus/const1-neg-runtime-arithmetic-mode,base,Source:CONST-1:ConstRuntimeArithmeticMode,1
corpus/const1-neg-runtime-arithmetic-mode,off,Source:CONST-1:ConstRuntimeArithmeticMode,1
corpus/const1-neg-runtime-arithmetic-mode,a,Source:CONST-1:ConstRuntimeArithmeticMode,1
corpus/const1-neg-runtime-arithmetic-mode,ap,Source:CONST-1:ConstRuntimeArithmeticMode,1
corpus/const1-neg-runtime-arithmetic-mode,b,Source:CONST-1:ConstRuntimeArithmeticMode,1
corpus/const1-neg-runtime-arithmetic-mode,rows,Source:CONST-1:ConstRuntimeArithmeticMode,1
corpus/const1-neg-runtime-arithmetic-mode,b_rows,Source:CONST-1:ConstRuntimeArithmeticMode,1
corpus/const2-pos-struct-const,base,accepted,0
corpus/const2-pos-struct-const,off,accepted,0
corpus/const2-pos-struct-const,a,accepted,0
corpus/const2-pos-struct-const,ap,accepted,0
corpus/const2-pos-struct-const,b,accepted,0
corpus/const2-pos-struct-const,rows,accepted,0
corpus/const2-pos-struct-const,b_rows,accepted,0
corpus/const2-neg-enum-not-const-eligible,base,Source:CONST-2:InvalidConstValue,1
corpus/const2-neg-enum-not-const-eligible,off,Source:CONST-2:InvalidConstValue,1
corpus/const2-neg-enum-not-const-eligible,a,Source:CONST-2:InvalidConstValue,1
corpus/const2-neg-enum-not-const-eligible,ap,Source:CONST-2:InvalidConstValue,1
corpus/const2-neg-enum-not-const-eligible,b,Source:CONST-2:InvalidConstValue,1
corpus/const2-neg-enum-not-const-eligible,rows,Source:CONST-2:InvalidConstValue,1
corpus/const2-neg-enum-not-const-eligible,b_rows,Source:CONST-2:InvalidConstValue,1
corpus/op2-pos-division-obligation-discharged,base,accepted,0
corpus/op2-pos-division-obligation-discharged,off,accepted,0
corpus/op2-pos-division-obligation-discharged,a,accepted,0
corpus/op2-pos-division-obligation-discharged,ap,accepted,0
corpus/op2-pos-division-obligation-discharged,b,accepted,0
corpus/op2-pos-division-obligation-discharged,rows,accepted,0
corpus/op2-pos-division-obligation-discharged,b_rows,accepted,0
corpus/op2-neg-division-obligation-undischarged,base,Source:OP-2:UndischargedIntegerDomainObligation,1
corpus/op2-neg-division-obligation-undischarged,off,Source:OP-2:UndischargedIntegerDomainObligation,1
corpus/op2-neg-division-obligation-undischarged,a,Source:OP-2:UndischargedIntegerDomainObligation,1
corpus/op2-neg-division-obligation-undischarged,ap,Source:OP-2:UndischargedIntegerDomainObligation,1
corpus/op2-neg-division-obligation-undischarged,b,Source:OP-2:UndischargedIntegerDomainObligation,1
corpus/op2-neg-division-obligation-undischarged,rows,Source:OP-2:UndischargedIntegerDomainObligation,1
corpus/op2-neg-division-obligation-undischarged,b_rows,Source:OP-2:UndischargedIntegerDomainObligation,1
corpus/op2-pos-division-requires-nonzero,base,accepted,0
corpus/op2-pos-division-requires-nonzero,off,accepted,0
corpus/op2-pos-division-requires-nonzero,a,accepted,0
corpus/op2-pos-division-requires-nonzero,ap,accepted,0
corpus/op2-pos-division-requires-nonzero,b,accepted,0
corpus/op2-pos-division-requires-nonzero,rows,accepted,0
corpus/op2-pos-division-requires-nonzero,b_rows,accepted,0
corpus/op2-pos-unsigned-literal-division-images,base,accepted,0
corpus/op2-pos-unsigned-literal-division-images,off,accepted,0
corpus/op2-pos-unsigned-literal-division-images,a,accepted,0
corpus/op2-pos-unsigned-literal-division-images,ap,accepted,0
corpus/op2-pos-unsigned-literal-division-images,b,accepted,0
corpus/op2-pos-unsigned-literal-division-images,rows,accepted,0
corpus/op2-pos-unsigned-literal-division-images,b_rows,accepted,0
corpus/op2-neg-division-constant-zero-divisor,base,Source:OP-2:UndischargedIntegerDomainObligation,1
corpus/op2-neg-division-constant-zero-divisor,off,Source:OP-2:UndischargedIntegerDomainObligation,1
corpus/op2-neg-division-constant-zero-divisor,a,Source:OP-2:UndischargedIntegerDomainObligation,1
corpus/op2-neg-division-constant-zero-divisor,ap,Source:OP-2:UndischargedIntegerDomainObligation,1
corpus/op2-neg-division-constant-zero-divisor,b,Source:OP-2:UndischargedIntegerDomainObligation,1
corpus/op2-neg-division-constant-zero-divisor,rows,Source:OP-2:UndischargedIntegerDomainObligation,1
corpus/op2-neg-division-constant-zero-divisor,b_rows,Source:OP-2:UndischargedIntegerDomainObligation,1
corpus/op2-pos-division-constant-divisor-total,base,accepted,0
corpus/op2-pos-division-constant-divisor-total,off,accepted,0
corpus/op2-pos-division-constant-divisor-total,a,accepted,0
corpus/op2-pos-division-constant-divisor-total,ap,accepted,0
corpus/op2-pos-division-constant-divisor-total,b,accepted,0
corpus/op2-pos-division-constant-divisor-total,rows,accepted,0
corpus/op2-pos-division-constant-divisor-total,b_rows,accepted,0
corpus/op2-neg-division-minus-one-divisor-unbounded,base,Source:OP-2:UndischargedIntegerDomainObligation,1
corpus/op2-neg-division-minus-one-divisor-unbounded,off,Source:OP-2:UndischargedIntegerDomainObligation,1
corpus/op2-neg-division-minus-one-divisor-unbounded,a,Source:OP-2:UndischargedIntegerDomainObligation,1
corpus/op2-neg-division-minus-one-divisor-unbounded,ap,Source:OP-2:UndischargedIntegerDomainObligation,1
corpus/op2-neg-division-minus-one-divisor-unbounded,b,Source:OP-2:UndischargedIntegerDomainObligation,1
corpus/op2-neg-division-minus-one-divisor-unbounded,rows,Source:OP-2:UndischargedIntegerDomainObligation,1
corpus/op2-neg-division-minus-one-divisor-unbounded,b_rows,Source:OP-2:UndischargedIntegerDomainObligation,1
corpus/op2-pos-division-minus-one-divisor-bounded,base,accepted,0
corpus/op2-pos-division-minus-one-divisor-bounded,off,accepted,0
corpus/op2-pos-division-minus-one-divisor-bounded,a,accepted,0
corpus/op2-pos-division-minus-one-divisor-bounded,ap,accepted,0
corpus/op2-pos-division-minus-one-divisor-bounded,b,accepted,0
corpus/op2-pos-division-minus-one-divisor-bounded,rows,accepted,0
corpus/op2-pos-division-minus-one-divisor-bounded,b_rows,accepted,0
corpus/op2-pos-division-remainder-same-obligation,base,accepted,0
corpus/op2-pos-division-remainder-same-obligation,off,accepted,0
corpus/op2-pos-division-remainder-same-obligation,a,accepted,0
corpus/op2-pos-division-remainder-same-obligation,ap,accepted,0
corpus/op2-pos-division-remainder-same-obligation,b,accepted,0
corpus/op2-pos-division-remainder-same-obligation,rows,accepted,0
corpus/op2-pos-division-remainder-same-obligation,b_rows,accepted,0
corpus/op2-pos-division-checked-untouched,base,accepted,0
corpus/op2-pos-division-checked-untouched,off,accepted,0
corpus/op2-pos-division-checked-untouched,a,accepted,0
corpus/op2-pos-division-checked-untouched,ap,accepted,0
corpus/op2-pos-division-checked-untouched,b,accepted,0
corpus/op2-pos-division-checked-untouched,rows,accepted,0
corpus/op2-pos-division-checked-untouched,b_rows,accepted,0
corpus/eff2-pos-discharged-division-site-pure-row,base,accepted,0
corpus/eff2-pos-discharged-division-site-pure-row,off,accepted,0
corpus/eff2-pos-discharged-division-site-pure-row,a,accepted,0
corpus/eff2-pos-discharged-division-site-pure-row,ap,accepted,0
corpus/eff2-pos-discharged-division-site-pure-row,b,accepted,0
corpus/eff2-pos-discharged-division-site-pure-row,rows,accepted,0
corpus/eff2-pos-discharged-division-site-pure-row,b_rows,accepted,0
corpus/fn1-neg-result-provenance-two-same-kind,base,Source:REF-3:EscapingReference,1
corpus/fn1-neg-result-provenance-two-same-kind,off,Source:REF-3:EscapingReference,1
corpus/fn1-neg-result-provenance-two-same-kind,a,Source:REF-3:EscapingReference,1
corpus/fn1-neg-result-provenance-two-same-kind,ap,Source:REF-3:EscapingReference,1
corpus/fn1-neg-result-provenance-two-same-kind,b,Source:REF-3:EscapingReference,1
corpus/fn1-neg-result-provenance-two-same-kind,rows,Source:REF-3:EscapingReference,1
corpus/fn1-neg-result-provenance-two-same-kind,b_rows,Source:REF-3:EscapingReference,1
corpus/fn1-neg-result-provenance-other-kind,base,Source:REF-3:EscapingReference,1
corpus/fn1-neg-result-provenance-other-kind,off,Source:REF-3:EscapingReference,1
corpus/fn1-neg-result-provenance-other-kind,a,Source:REF-3:EscapingReference,1
corpus/fn1-neg-result-provenance-other-kind,ap,Source:REF-3:EscapingReference,1
corpus/fn1-neg-result-provenance-other-kind,b,Source:REF-3:EscapingReference,1
corpus/fn1-neg-result-provenance-other-kind,rows,Source:REF-3:EscapingReference,1
corpus/fn1-neg-result-provenance-other-kind,b_rows,Source:REF-3:EscapingReference,1
corpus/fn1-pos-result-provenance-distinct-regions,base,accepted,0
corpus/fn1-pos-result-provenance-distinct-regions,off,accepted,0
corpus/fn1-pos-result-provenance-distinct-regions,a,accepted,0
corpus/fn1-pos-result-provenance-distinct-regions,ap,accepted,0
corpus/fn1-pos-result-provenance-distinct-regions,b,accepted,0
corpus/fn1-pos-result-provenance-distinct-regions,rows,accepted,0
corpus/fn1-pos-result-provenance-distinct-regions,b_rows,accepted,0
corpus/fn1-pos-result-provenance-zero-candidate,base,accepted,0
corpus/fn1-pos-result-provenance-zero-candidate,off,accepted,0
corpus/fn1-pos-result-provenance-zero-candidate,a,accepted,0
corpus/fn1-pos-result-provenance-zero-candidate,ap,accepted,0
corpus/fn1-pos-result-provenance-zero-candidate,b,accepted,0
corpus/fn1-pos-result-provenance-zero-candidate,rows,accepted,0
corpus/fn1-pos-result-provenance-zero-candidate,b_rows,accepted,0
corpus/sys14-list-outcome-exhaustive,base,accepted,0
corpus/sys14-list-outcome-exhaustive,off,accepted,0
corpus/sys14-list-outcome-exhaustive,a,accepted,0
corpus/sys14-list-outcome-exhaustive,ap,accepted,0
corpus/sys14-list-outcome-exhaustive,b,accepted,0
corpus/sys14-list-outcome-exhaustive,rows,accepted,0
corpus/sys14-list-outcome-exhaustive,b_rows,accepted,0
corpus/reject-sys14-list-end-beyond-buffer,base,Source:FN-8:UndischargedCallRequirement,1
corpus/reject-sys14-list-end-beyond-buffer,off,Source:FN-8:UndischargedCallRequirement,1
corpus/reject-sys14-list-end-beyond-buffer,a,Source:FN-8:UndischargedCallRequirement,1
corpus/reject-sys14-list-end-beyond-buffer,ap,Source:FN-8:UndischargedCallRequirement,1
corpus/reject-sys14-list-end-beyond-buffer,b,Source:FN-8:UndischargedCallRequirement,1
corpus/reject-sys14-list-end-beyond-buffer,rows,Source:FN-8:UndischargedCallRequirement,1
corpus/reject-sys14-list-end-beyond-buffer,b_rows,Source:FN-8:UndischargedCallRequirement,1
corpus/sys14-list-zero-range,base,accepted,0
corpus/sys14-list-zero-range,off,accepted,0
corpus/sys14-list-zero-range,a,accepted,0
corpus/sys14-list-zero-range,ap,accepted,0
corpus/sys14-list-zero-range,b,accepted,0
corpus/sys14-list-zero-range,rows,accepted,0
corpus/sys14-list-zero-range,b_rows,accepted,0
corpus/sys14-open-directory-component,base,accepted,0
corpus/sys14-open-directory-component,off,accepted,0
corpus/sys14-open-directory-component,a,accepted,0
corpus/sys14-open-directory-component,ap,accepted,0
corpus/sys14-open-directory-component,b,accepted,0
corpus/sys14-open-directory-component,rows,accepted,0
corpus/sys14-open-directory-component,b_rows,accepted,0
corpus/sys14-open-directory-empty-name,base,accepted,0
corpus/sys14-open-directory-empty-name,off,accepted,0
corpus/sys14-open-directory-empty-name,a,accepted,0
corpus/sys14-open-directory-empty-name,ap,accepted,0
corpus/sys14-open-directory-empty-name,b,accepted,0
corpus/sys14-open-directory-empty-name,rows,accepted,0
corpus/sys14-open-directory-empty-name,b_rows,accepted,0
corpus/sys14-open-directory-success,base,accepted,0
corpus/sys14-open-directory-success,off,accepted,0
corpus/sys14-open-directory-success,a,accepted,0
corpus/sys14-open-directory-success,ap,accepted,0
corpus/sys14-open-directory-success,b,accepted,0
corpus/sys14-open-directory-success,rows,accepted,0
corpus/sys14-open-directory-success,b_rows,accepted,0
corpus/sys14-list-handle-affine,base,Source:OWN-1:UseAfterMove,1
corpus/sys14-list-handle-affine,off,Source:OWN-1:UseAfterMove,1
corpus/sys14-list-handle-affine,a,Source:OWN-1:UseAfterMove,1
corpus/sys14-list-handle-affine,ap,Source:OWN-1:UseAfterMove,1
corpus/sys14-list-handle-affine,b,Source:OWN-1:UseAfterMove,1
corpus/sys14-list-handle-affine,rows,Source:OWN-1:UseAfterMove,1
corpus/sys14-list-handle-affine,b_rows,Source:OWN-1:UseAfterMove,1
corpus/sys14-list-handle-unique,base,Source:EFF-5:OverlappingCallEffects,1
corpus/sys14-list-handle-unique,off,Source:EFF-5:OverlappingCallEffects,1
corpus/sys14-list-handle-unique,a,Source:EFF-5:OverlappingCallEffects,1
corpus/sys14-list-handle-unique,ap,Source:EFF-5:OverlappingCallEffects,1
corpus/sys14-list-handle-unique,b,Source:EFF-5:OverlappingCallEffects,1
corpus/sys14-list-handle-unique,rows,Source:EFF-5:OverlappingCallEffects,1
corpus/sys14-list-handle-unique,b_rows,Source:EFF-5:OverlappingCallEffects,1
corpus/sys14-no-path-from-bytes,base,Source:TYPE-5:TypeMismatch,1
corpus/sys14-no-path-from-bytes,off,Source:TYPE-5:TypeMismatch,1
corpus/sys14-no-path-from-bytes,a,Source:TYPE-5:TypeMismatch,1
corpus/sys14-no-path-from-bytes,ap,Source:TYPE-5:TypeMismatch,1
corpus/sys14-no-path-from-bytes,b,Source:TYPE-5:TypeMismatch,1
corpus/sys14-no-path-from-bytes,rows,Source:TYPE-5:TypeMismatch,1
corpus/sys14-no-path-from-bytes,b_rows,Source:TYPE-5:TypeMismatch,1
corpus/sys14-directory-release,base,accepted,0
corpus/sys14-directory-release,off,accepted,0
corpus/sys14-directory-release,a,accepted,0
corpus/sys14-directory-release,ap,accepted,0
corpus/sys14-directory-release,b,accepted,0
corpus/sys14-directory-release,rows,accepted,0
corpus/sys14-directory-release,b_rows,accepted,0
corpus/sys14-entry-kind-closed,base,accepted,0
corpus/sys14-entry-kind-closed,off,accepted,0
corpus/sys14-entry-kind-closed,a,accepted,0
corpus/sys14-entry-kind-closed,ap,accepted,0
corpus/sys14-entry-kind-closed,b,accepted,0
corpus/sys14-entry-kind-closed,rows,accepted,0
corpus/sys14-entry-kind-closed,b_rows,accepted,0
corpus/accept-sysfile-two-permits-shared-directory,base,accepted,0
corpus/accept-sysfile-two-permits-shared-directory,off,accepted,0
corpus/accept-sysfile-two-permits-shared-directory,a,accepted,0
corpus/accept-sysfile-two-permits-shared-directory,ap,accepted,0
corpus/accept-sysfile-two-permits-shared-directory,b,accepted,0
corpus/accept-sysfile-two-permits-shared-directory,rows,accepted,0
corpus/accept-sysfile-two-permits-shared-directory,b_rows,accepted,0
corpus/reject-sysfile-permit-used-twice,base,Source:OWN-1:UseAfterMove,1
corpus/reject-sysfile-permit-used-twice,off,Source:OWN-1:UseAfterMove,1
corpus/reject-sysfile-permit-used-twice,a,Source:OWN-1:UseAfterMove,1
corpus/reject-sysfile-permit-used-twice,ap,Source:OWN-1:UseAfterMove,1
corpus/reject-sysfile-permit-used-twice,b,Source:OWN-1:UseAfterMove,1
corpus/reject-sysfile-permit-used-twice,rows,Source:OWN-1:UseAfterMove,1
corpus/reject-sysfile-permit-used-twice,b_rows,Source:OWN-1:UseAfterMove,1
corpus/v033-neg-missing-result-binding,base,Source:FORM-3:UnexpectedToken,1
corpus/v033-neg-missing-result-binding,off,Source:FORM-3:UnexpectedToken,1
corpus/v033-neg-missing-result-binding,a,Source:FORM-3:UnexpectedToken,1
corpus/v033-neg-missing-result-binding,ap,Source:FORM-3:UnexpectedToken,1
corpus/v033-neg-missing-result-binding,b,Source:FORM-3:UnexpectedToken,1
corpus/v033-neg-missing-result-binding,rows,Source:FORM-3:UnexpectedToken,1
corpus/v033-neg-missing-result-binding,b_rows,Source:FORM-3:UnexpectedToken,1
corpus/v033-pos-shared-contract-define,base,accepted,0
corpus/v033-pos-shared-contract-define,off,accepted,0
corpus/v033-pos-shared-contract-define,a,accepted,0
corpus/v033-pos-shared-contract-define,ap,accepted,0
corpus/v033-pos-shared-contract-define,b,accepted,0
corpus/v033-pos-shared-contract-define,rows,accepted,0
corpus/v033-pos-shared-contract-define,b_rows,accepted,0
corpus/v033-pos-uninhabited-contract,base,accepted,0
corpus/v033-pos-uninhabited-contract,off,accepted,0
corpus/v033-pos-uninhabited-contract,a,accepted,0
corpus/v033-pos-uninhabited-contract,ap,accepted,0
corpus/v033-pos-uninhabited-contract,b,accepted,0
corpus/v033-pos-uninhabited-contract,rows,accepted,0
corpus/v033-pos-uninhabited-contract,b_rows,accepted,0
corpus/v033-neg-exact-domain-unproved,base,Source:OP-2:UndischargedIntegerDomainObligation,1
corpus/v033-neg-exact-domain-unproved,off,Source:OP-2:UndischargedIntegerDomainObligation,1
corpus/v033-neg-exact-domain-unproved,a,Source:OP-2:UndischargedIntegerDomainObligation,1
corpus/v033-neg-exact-domain-unproved,ap,Source:OP-2:UndischargedIntegerDomainObligation,1
corpus/v033-neg-exact-domain-unproved,b,Source:OP-2:UndischargedIntegerDomainObligation,1
corpus/v033-neg-exact-domain-unproved,rows,Source:OP-2:UndischargedIntegerDomainObligation,1
corpus/v033-neg-exact-domain-unproved,b_rows,Source:OP-2:UndischargedIntegerDomainObligation,1
corpus/s7-pos-signed-remainder-ranges-run,base,accepted,0
corpus/s7-pos-signed-remainder-ranges-run,off,accepted,0
corpus/s7-pos-signed-remainder-ranges-run,a,accepted,0
corpus/s7-pos-signed-remainder-ranges-run,ap,accepted,0
corpus/s7-pos-signed-remainder-ranges-run,b,accepted,0
corpus/s7-pos-signed-remainder-ranges-run,rows,accepted,0
corpus/s7-pos-signed-remainder-ranges-run,b_rows,accepted,0
corpus/v033-neg-allocation-fit-unproved,base,Source:OP-9:UndischargedAllocationFitObligation,1
corpus/v033-neg-allocation-fit-unproved,off,Source:OP-9:UndischargedAllocationFitObligation,1
corpus/v033-neg-allocation-fit-unproved,a,Source:OP-9:UndischargedAllocationFitObligation,1
corpus/v033-neg-allocation-fit-unproved,ap,Source:OP-9:UndischargedAllocationFitObligation,1
corpus/v033-neg-allocation-fit-unproved,b,Source:OP-9:UndischargedAllocationFitObligation,1
corpus/v033-neg-allocation-fit-unproved,rows,Source:OP-9:UndischargedAllocationFitObligation,1
corpus/v033-neg-allocation-fit-unproved,b_rows,Source:OP-9:UndischargedAllocationFitObligation,1
corpus/v033-run-system-nonzero-next,base,accepted,0
corpus/v033-run-system-nonzero-next,off,accepted,0
corpus/v033-run-system-nonzero-next,a,accepted,0
corpus/v033-run-system-nonzero-next,ap,accepted,0
corpus/v033-run-system-nonzero-next,b,accepted,0
corpus/v033-run-system-nonzero-next,rows,accepted,0
corpus/v033-run-system-nonzero-next,b_rows,accepted,0
corpus/v033-run-open-file-regular,base,accepted,0
corpus/v033-run-open-file-regular,off,accepted,0
corpus/v033-run-open-file-regular,a,accepted,0
corpus/v033-run-open-file-regular,ap,accepted,0
corpus/v033-run-open-file-regular,b,accepted,0
corpus/v033-run-open-file-regular,rows,accepted,0
corpus/v033-run-open-file-regular,b_rows,accepted,0
corpus/v033-run-open-file-directory,base,accepted,0
corpus/v033-run-open-file-directory,off,accepted,0
corpus/v033-run-open-file-directory,a,accepted,0
corpus/v033-run-open-file-directory,ap,accepted,0
corpus/v033-run-open-file-directory,b,accepted,0
corpus/v033-run-open-file-directory,rows,accepted,0
corpus/v033-run-open-file-directory,b_rows,accepted,0
corpus/accept-par3-staged-iteration-own-scratch,base,accepted,0
corpus/accept-par3-staged-iteration-own-scratch,off,accepted,0
corpus/accept-par3-staged-iteration-own-scratch,a,accepted,0
corpus/accept-par3-staged-iteration-own-scratch,ap,accepted,0
corpus/accept-par3-staged-iteration-own-scratch,b,accepted,0
corpus/accept-par3-staged-iteration-own-scratch,rows,accepted,0
corpus/accept-par3-staged-iteration-own-scratch,b_rows,accepted,0
corpus/accept-par3-staged-loop-with-prologue-break,base,accepted,0
corpus/accept-par3-staged-loop-with-prologue-break,off,accepted,0
corpus/accept-par3-staged-loop-with-prologue-break,a,accepted,0
corpus/accept-par3-staged-loop-with-prologue-break,ap,accepted,0
corpus/accept-par3-staged-loop-with-prologue-break,b,accepted,0
corpus/accept-par3-staged-loop-with-prologue-break,rows,accepted,0
corpus/accept-par3-staged-loop-with-prologue-break,b_rows,accepted,0
corpus/accept-par3-staged-denied-hoisted-scratch,base,accepted,0
corpus/accept-par3-staged-denied-hoisted-scratch,off,accepted,0
corpus/accept-par3-staged-denied-hoisted-scratch,a,accepted,0
corpus/accept-par3-staged-denied-hoisted-scratch,ap,accepted,0
corpus/accept-par3-staged-denied-hoisted-scratch,b,accepted,0
corpus/accept-par3-staged-denied-hoisted-scratch,rows,accepted,0
corpus/accept-par3-staged-denied-hoisted-scratch,b_rows,accepted,0
corpus/accept-par3-staged-denied-read-before-write,base,accepted,0
corpus/accept-par3-staged-denied-read-before-write,off,accepted,0
corpus/accept-par3-staged-denied-read-before-write,a,accepted,0
corpus/accept-par3-staged-denied-read-before-write,ap,accepted,0
corpus/accept-par3-staged-denied-read-before-write,b,accepted,0
corpus/accept-par3-staged-denied-read-before-write,rows,accepted,0
corpus/accept-par3-staged-denied-read-before-write,b_rows,accepted,0
corpus/accept-par3-staged-denied-carried-scratch-byte,base,accepted,0
corpus/accept-par3-staged-denied-carried-scratch-byte,off,accepted,0
corpus/accept-par3-staged-denied-carried-scratch-byte,a,accepted,0
corpus/accept-par3-staged-denied-carried-scratch-byte,ap,accepted,0
corpus/accept-par3-staged-denied-carried-scratch-byte,b,accepted,0
corpus/accept-par3-staged-denied-carried-scratch-byte,rows,accepted,0
corpus/accept-par3-staged-denied-carried-scratch-byte,b_rows,accepted,0
corpus/accept-par3-staged-denied-opaque-cursor,base,accepted,0
corpus/accept-par3-staged-denied-opaque-cursor,off,accepted,0
corpus/accept-par3-staged-denied-opaque-cursor,a,accepted,0
corpus/accept-par3-staged-denied-opaque-cursor,ap,accepted,0
corpus/accept-par3-staged-denied-opaque-cursor,b,accepted,0
corpus/accept-par3-staged-denied-opaque-cursor,rows,accepted,0
corpus/accept-par3-staged-denied-opaque-cursor,b_rows,accepted,0
corpus/accept-par3-staged-denied-exit-in-remainder,base,accepted,0
corpus/accept-par3-staged-denied-exit-in-remainder,off,accepted,0
corpus/accept-par3-staged-denied-exit-in-remainder,a,accepted,0
corpus/accept-par3-staged-denied-exit-in-remainder,ap,accepted,0
corpus/accept-par3-staged-denied-exit-in-remainder,b,accepted,0
corpus/accept-par3-staged-denied-exit-in-remainder,rows,accepted,0
corpus/accept-par3-staged-denied-exit-in-remainder,b_rows,accepted,0
corpus/gram5-pos-comparison-operators,base,accepted,0
corpus/gram5-pos-comparison-operators,off,accepted,0
corpus/gram5-pos-comparison-operators,a,accepted,0
corpus/gram5-pos-comparison-operators,ap,accepted,0
corpus/gram5-pos-comparison-operators,b,accepted,0
corpus/gram5-pos-comparison-operators,rows,accepted,0
corpus/gram5-pos-comparison-operators,b_rows,accepted,0
corpus/gram5-neg-type-application-without-delimiter,base,Source:FORM-3:UnexpectedToken,1
corpus/gram5-neg-type-application-without-delimiter,off,Source:FORM-3:UnexpectedToken,1
corpus/gram5-neg-type-application-without-delimiter,a,Source:FORM-3:UnexpectedToken,1
corpus/gram5-neg-type-application-without-delimiter,ap,Source:FORM-3:UnexpectedToken,1
corpus/gram5-neg-type-application-without-delimiter,b,Source:FORM-3:UnexpectedToken,1
corpus/gram5-neg-type-application-without-delimiter,rows,Source:FORM-3:UnexpectedToken,1
corpus/gram5-neg-type-application-without-delimiter,b_rows,Source:FORM-3:UnexpectedToken,1
corpus/gram4-neg-multiplied-use-relation-bare,base,Source:GRAM-4:UnexpectedToken,1
corpus/gram4-neg-multiplied-use-relation-bare,off,Source:GRAM-4:UnexpectedToken,1
corpus/gram4-neg-multiplied-use-relation-bare,a,Source:GRAM-4:UnexpectedToken,1
corpus/gram4-neg-multiplied-use-relation-bare,ap,Source:GRAM-4:UnexpectedToken,1
corpus/gram4-neg-multiplied-use-relation-bare,b,Source:GRAM-4:UnexpectedToken,1
corpus/gram4-neg-multiplied-use-relation-bare,rows,Source:GRAM-4:UnexpectedToken,1
corpus/gram4-neg-multiplied-use-relation-bare,b_rows,Source:GRAM-4:UnexpectedToken,1
corpus/prf1-pos-multiplied-relation-use,base,accepted,0
corpus/prf1-pos-multiplied-relation-use,off,accepted,0
corpus/prf1-pos-multiplied-relation-use,a,accepted,0
corpus/prf1-pos-multiplied-relation-use,ap,accepted,0
corpus/prf1-pos-multiplied-relation-use,b,accepted,0
corpus/prf1-pos-multiplied-relation-use,rows,accepted,0
corpus/prf1-pos-multiplied-relation-use,b_rows,accepted,0
corpus/run-sysfile-close-returns-permit,base,accepted,0
corpus/run-sysfile-close-returns-permit,off,accepted,0
corpus/run-sysfile-close-returns-permit,a,accepted,0
corpus/run-sysfile-close-returns-permit,ap,accepted,0
corpus/run-sysfile-close-returns-permit,b,accepted,0
corpus/run-sysfile-close-returns-permit,rows,accepted,0
corpus/run-sysfile-close-returns-permit,b_rows,accepted,0
corpus/run-sysfile-failed-open-returns-permit,base,accepted,0
corpus/run-sysfile-failed-open-returns-permit,off,accepted,0
corpus/run-sysfile-failed-open-returns-permit,a,accepted,0
corpus/run-sysfile-failed-open-returns-permit,ap,accepted,0
corpus/run-sysfile-failed-open-returns-permit,b,accepted,0
corpus/run-sysfile-failed-open-returns-permit,rows,accepted,0
corpus/run-sysfile-failed-open-returns-permit,b_rows,accepted,0
corpus/form8-pos-elided-regions-run,base,accepted,0
corpus/form8-pos-elided-regions-run,off,accepted,0
corpus/form8-pos-elided-regions-run,a,accepted,0
corpus/form8-pos-elided-regions-run,ap,accepted,0
corpus/form8-pos-elided-regions-run,b,accepted,0
corpus/form8-pos-elided-regions-run,rows,accepted,0
corpus/form8-pos-elided-regions-run,b_rows,accepted,0
corpus/form8-pos-related-pair-written,base,accepted,0
corpus/form8-pos-related-pair-written,off,accepted,0
corpus/form8-pos-related-pair-written,a,accepted,0
corpus/form8-pos-related-pair-written,ap,accepted,0
corpus/form8-pos-related-pair-written,b,accepted,0
corpus/form8-pos-related-pair-written,rows,accepted,0
corpus/form8-pos-related-pair-written,b_rows,accepted,0
corpus/own11-pos-loop-body-region,base,accepted,0
corpus/own11-pos-loop-body-region,off,accepted,0
corpus/own11-pos-loop-body-region,a,accepted,0
corpus/own11-pos-loop-body-region,ap,accepted,0
corpus/own11-pos-loop-body-region,b,accepted,0
corpus/own11-pos-loop-body-region,rows,accepted,0
corpus/own11-pos-loop-body-region,b_rows,accepted,0
corpus/ent6-pos-nested-join-keeps-the-flat-image,base,accepted,0
corpus/ent6-pos-nested-join-keeps-the-flat-image,off,accepted,0
corpus/ent6-pos-nested-join-keeps-the-flat-image,a,accepted,0
corpus/ent6-pos-nested-join-keeps-the-flat-image,ap,accepted,0
corpus/ent6-pos-nested-join-keeps-the-flat-image,b,accepted,0
corpus/ent6-pos-nested-join-keeps-the-flat-image,rows,accepted,0
corpus/ent6-pos-nested-join-keeps-the-flat-image,b_rows,accepted,0
corpus/ent6-pos-join-shape-independence,base,accepted,0
corpus/ent6-pos-join-shape-independence,off,accepted,0
corpus/ent6-pos-join-shape-independence,a,accepted,0
corpus/ent6-pos-join-shape-independence,ap,accepted,0
corpus/ent6-pos-join-shape-independence,b,accepted,0
corpus/ent6-pos-join-shape-independence,rows,accepted,0
corpus/ent6-pos-join-shape-independence,b_rows,accepted,0
corpus/ent6-neg-nested-join-does-not-invent-a-bound,base,Source:INV-1:UndischargedLoopInvariant,1
corpus/ent6-neg-nested-join-does-not-invent-a-bound,off,Source:INV-1:UndischargedLoopInvariant,1
corpus/ent6-neg-nested-join-does-not-invent-a-bound,a,Source:INV-1:UndischargedLoopInvariant,1
corpus/ent6-neg-nested-join-does-not-invent-a-bound,ap,Source:INV-1:UndischargedLoopInvariant,1
corpus/ent6-neg-nested-join-does-not-invent-a-bound,b,Source:INV-1:UndischargedLoopInvariant,1
corpus/ent6-neg-nested-join-does-not-invent-a-bound,rows,Source:INV-1:UndischargedLoopInvariant,1
corpus/ent6-neg-nested-join-does-not-invent-a-bound,b_rows,Source:INV-1:UndischargedLoopInvariant,1
corpus/msr5-pos-two-measure-clause,base,accepted,0
corpus/msr5-pos-two-measure-clause,off,accepted,0
corpus/msr5-pos-two-measure-clause,a,accepted,0
corpus/msr5-pos-two-measure-clause,ap,accepted,0
corpus/msr5-pos-two-measure-clause,b,accepted,0
corpus/msr5-pos-two-measure-clause,rows,accepted,0
corpus/msr5-pos-two-measure-clause,b_rows,accepted,0
corpus/msr3-pos-own-operand-call-datum,base,accepted,0
corpus/msr3-pos-own-operand-call-datum,off,accepted,0
corpus/msr3-pos-own-operand-call-datum,a,accepted,0
corpus/msr3-pos-own-operand-call-datum,ap,accepted,0
corpus/msr3-pos-own-operand-call-datum,b,accepted,0
corpus/msr3-pos-own-operand-call-datum,rows,accepted,0
corpus/msr3-pos-own-operand-call-datum,b_rows,accepted,0
corpus/msr3-pos-uniq-state-measure-in-ensures,base,accepted,0
corpus/msr3-pos-uniq-state-measure-in-ensures,off,accepted,0
corpus/msr3-pos-uniq-state-measure-in-ensures,a,accepted,0
corpus/msr3-pos-uniq-state-measure-in-ensures,ap,accepted,0
corpus/msr3-pos-uniq-state-measure-in-ensures,b,accepted,0
corpus/msr3-pos-uniq-state-measure-in-ensures,rows,accepted,0
corpus/msr3-pos-uniq-state-measure-in-ensures,b_rows,accepted,0
corpus/call6-neg-contradictory-published-relations,base,Source:CALL-6:ContradictoryPublishedRelations,1
corpus/call6-neg-contradictory-published-relations,off,Source:CALL-6:ContradictoryPublishedRelations,1
corpus/call6-neg-contradictory-published-relations,a,Source:CALL-6:ContradictoryPublishedRelations,1
corpus/call6-neg-contradictory-published-relations,ap,Source:CALL-6:ContradictoryPublishedRelations,1
corpus/call6-neg-contradictory-published-relations,b,Source:CALL-6:ContradictoryPublishedRelations,1
corpus/call6-neg-contradictory-published-relations,rows,Source:CALL-6:ContradictoryPublishedRelations,1
corpus/call6-neg-contradictory-published-relations,b_rows,Source:CALL-6:ContradictoryPublishedRelations,1
corpus/call6-pos-routed-relation-over-a-call-datum,base,accepted,0
corpus/call6-pos-routed-relation-over-a-call-datum,off,accepted,0
corpus/call6-pos-routed-relation-over-a-call-datum,a,accepted,0
corpus/call6-pos-routed-relation-over-a-call-datum,ap,accepted,0
corpus/call6-pos-routed-relation-over-a-call-datum,b,accepted,0
corpus/call6-pos-routed-relation-over-a-call-datum,rows,accepted,0
corpus/call6-pos-routed-relation-over-a-call-datum,b_rows,accepted,0
corpus/call4-neg-measured-result-not-admitted,base,Source:FN-9:UndischargedPostcondition,1
corpus/call4-neg-measured-result-not-admitted,off,Source:FN-9:UndischargedPostcondition,1
corpus/call4-neg-measured-result-not-admitted,a,Source:FN-9:UndischargedPostcondition,1
corpus/call4-neg-measured-result-not-admitted,ap,Source:FN-9:UndischargedPostcondition,1
corpus/call4-neg-measured-result-not-admitted,b,Source:FN-9:UndischargedPostcondition,1
corpus/call4-neg-measured-result-not-admitted,rows,Source:FN-9:UndischargedPostcondition,1
corpus/call4-neg-measured-result-not-admitted,b_rows,Source:FN-9:UndischargedPostcondition,1
corpus/s16-pos-result-list-reaches-both-let-binders,base,accepted,0
corpus/s16-pos-result-list-reaches-both-let-binders,off,accepted,0
corpus/s16-pos-result-list-reaches-both-let-binders,a,accepted,0
corpus/s16-pos-result-list-reaches-both-let-binders,ap,accepted,0
corpus/s16-pos-result-list-reaches-both-let-binders,b,accepted,0
corpus/s16-pos-result-list-reaches-both-let-binders,rows,accepted,0
corpus/s16-pos-result-list-reaches-both-let-binders,b_rows,accepted,0
corpus/s16-pos-result-list-reaches-both-set-targets,base,accepted,0
corpus/s16-pos-result-list-reaches-both-set-targets,off,accepted,0
corpus/s16-pos-result-list-reaches-both-set-targets,a,accepted,0
corpus/s16-pos-result-list-reaches-both-set-targets,ap,accepted,0
corpus/s16-pos-result-list-reaches-both-set-targets,b,accepted,0
corpus/s16-pos-result-list-reaches-both-set-targets,rows,accepted,0
corpus/s16-pos-result-list-reaches-both-set-targets,b_rows,accepted,0
corpus/call4-pos-route-names-a-result-ordinal,base,accepted,0
corpus/call4-pos-route-names-a-result-ordinal,off,accepted,0
corpus/call4-pos-route-names-a-result-ordinal,a,accepted,0
corpus/call4-pos-route-names-a-result-ordinal,ap,accepted,0
corpus/call4-pos-route-names-a-result-ordinal,b,accepted,0
corpus/call4-pos-route-names-a-result-ordinal,rows,accepted,0
corpus/call4-pos-route-names-a-result-ordinal,b_rows,accepted,0
corpus/call4-pos-omitted-route-binder-with-one-enum-ordinal,base,accepted,0
corpus/call4-pos-omitted-route-binder-with-one-enum-ordinal,off,accepted,0
corpus/call4-pos-omitted-route-binder-with-one-enum-ordinal,a,accepted,0
corpus/call4-pos-omitted-route-binder-with-one-enum-ordinal,ap,accepted,0
corpus/call4-pos-omitted-route-binder-with-one-enum-ordinal,b,accepted,0
corpus/call4-pos-omitted-route-binder-with-one-enum-ordinal,rows,accepted,0
corpus/call4-pos-omitted-route-binder-with-one-enum-ordinal,b_rows,accepted,0
corpus/call4-neg-ambiguous-route-over-two-enum-ordinals,base,Source:CALL-4:AmbiguousResultRoute,1
corpus/call4-neg-ambiguous-route-over-two-enum-ordinals,off,Source:CALL-4:AmbiguousResultRoute,1
corpus/call4-neg-ambiguous-route-over-two-enum-ordinals,a,Source:CALL-4:AmbiguousResultRoute,1
corpus/call4-neg-ambiguous-route-over-two-enum-ordinals,ap,Source:CALL-4:AmbiguousResultRoute,1
corpus/call4-neg-ambiguous-route-over-two-enum-ordinals,b,Source:CALL-4:AmbiguousResultRoute,1
corpus/call4-neg-ambiguous-route-over-two-enum-ordinals,rows,Source:CALL-4:AmbiguousResultRoute,1
corpus/call4-neg-ambiguous-route-over-two-enum-ordinals,b_rows,Source:CALL-4:AmbiguousResultRoute,1
corpus/call4-pos-result-field-measure-reaches-the-caller,base,accepted,0
corpus/call4-pos-result-field-measure-reaches-the-caller,off,accepted,0
corpus/call4-pos-result-field-measure-reaches-the-caller,a,accepted,0
corpus/call4-pos-result-field-measure-reaches-the-caller,ap,accepted,0
corpus/call4-pos-result-field-measure-reaches-the-caller,b,accepted,0
corpus/call4-pos-result-field-measure-reaches-the-caller,rows,accepted,0
corpus/call4-pos-result-field-measure-reaches-the-caller,b_rows,accepted,0
corpus/call4-neg-result-payload-measure-projection,base,Source:FN-9:InvalidPostconditionSelector,1
corpus/call4-neg-result-payload-measure-projection,off,Source:FN-9:InvalidPostconditionSelector,1
corpus/call4-neg-result-payload-measure-projection,a,Source:FN-9:InvalidPostconditionSelector,1
corpus/call4-neg-result-payload-measure-projection,ap,Source:FN-9:InvalidPostconditionSelector,1
corpus/call4-neg-result-payload-measure-projection,b,Source:FN-9:InvalidPostconditionSelector,1
corpus/call4-neg-result-payload-measure-projection,rows,Source:FN-9:InvalidPostconditionSelector,1
corpus/call4-neg-result-payload-measure-projection,b_rows,Source:FN-9:InvalidPostconditionSelector,1
corpus/call1-pos-a-shared-borrow-keeps-every-fact,base,accepted,0
corpus/call1-pos-a-shared-borrow-keeps-every-fact,off,accepted,0
corpus/call1-pos-a-shared-borrow-keeps-every-fact,a,accepted,0
corpus/call1-pos-a-shared-borrow-keeps-every-fact,ap,accepted,0
corpus/call1-pos-a-shared-borrow-keeps-every-fact,b,accepted,0
corpus/call1-pos-a-shared-borrow-keeps-every-fact,rows,accepted,0
corpus/call1-pos-a-shared-borrow-keeps-every-fact,b_rows,accepted,0
corpus/call2-pos-an-own-operand-measure-reaches-the-result,base,accepted,0
corpus/call2-pos-an-own-operand-measure-reaches-the-result,off,accepted,0
corpus/call2-pos-an-own-operand-measure-reaches-the-result,a,accepted,0
corpus/call2-pos-an-own-operand-measure-reaches-the-result,ap,accepted,0
corpus/call2-pos-an-own-operand-measure-reaches-the-result,b,accepted,0
corpus/call2-pos-an-own-operand-measure-reaches-the-result,rows,accepted,0
corpus/call2-pos-an-own-operand-measure-reaches-the-result,b_rows,accepted,0
corpus/call2-neg-a-result-carries-only-the-contract,base,Source:OP-4:UndischargedBoundsObligation,1
corpus/call2-neg-a-result-carries-only-the-contract,off,Source:OP-4:UndischargedBoundsObligation,1
corpus/call2-neg-a-result-carries-only-the-contract,a,Source:OP-4:UndischargedBoundsObligation,1
corpus/call2-neg-a-result-carries-only-the-contract,ap,Source:OP-4:UndischargedBoundsObligation,1
corpus/call2-neg-a-result-carries-only-the-contract,b,Source:OP-4:UndischargedBoundsObligation,1
corpus/call2-neg-a-result-carries-only-the-contract,rows,Source:OP-4:UndischargedBoundsObligation,1
corpus/call2-neg-a-result-carries-only-the-contract,b_rows,Source:OP-4:UndischargedBoundsObligation,1
corpus/call2-pos-a-copy-actual-at-an-own-parameter-is-not-a-consume,base,accepted,0
corpus/call2-pos-a-copy-actual-at-an-own-parameter-is-not-a-consume,off,accepted,0
corpus/call2-pos-a-copy-actual-at-an-own-parameter-is-not-a-consume,a,accepted,0
corpus/call2-pos-a-copy-actual-at-an-own-parameter-is-not-a-consume,ap,accepted,0
corpus/call2-pos-a-copy-actual-at-an-own-parameter-is-not-a-consume,b,accepted,0
corpus/call2-pos-a-copy-actual-at-an-own-parameter-is-not-a-consume,rows,accepted,0
corpus/call2-pos-a-copy-actual-at-an-own-parameter-is-not-a-consume,b_rows,accepted,0
corpus/call3-pos-a-fill-through-an-exclusive-view-keeps-both-lengths,base,accepted,0
corpus/call3-pos-a-fill-through-an-exclusive-view-keeps-both-lengths,off,accepted,0
corpus/call3-pos-a-fill-through-an-exclusive-view-keeps-both-lengths,a,accepted,0
corpus/call3-pos-a-fill-through-an-exclusive-view-keeps-both-lengths,ap,accepted,0
corpus/call3-pos-a-fill-through-an-exclusive-view-keeps-both-lengths,b,accepted,0
corpus/call3-pos-a-fill-through-an-exclusive-view-keeps-both-lengths,rows,accepted,0
corpus/call3-pos-a-fill-through-an-exclusive-view-keeps-both-lengths,b_rows,accepted,0
corpus/call5-neg-a-bound-borrow-actual-kills-the-same,base,Source:FN-8:UndischargedCallRequirement,1
corpus/call5-neg-a-bound-borrow-actual-kills-the-same,off,Source:FN-8:UndischargedCallRequirement,1
corpus/call5-neg-a-bound-borrow-actual-kills-the-same,a,Source:FN-8:UndischargedCallRequirement,1
corpus/call5-neg-a-bound-borrow-actual-kills-the-same,ap,Source:FN-8:UndischargedCallRequirement,1
corpus/call5-neg-a-bound-borrow-actual-kills-the-same,b,Source:FN-8:UndischargedCallRequirement,1
corpus/call5-neg-a-bound-borrow-actual-kills-the-same,rows,Source:FN-8:UndischargedCallRequirement,1
corpus/call5-neg-a-bound-borrow-actual-kills-the-same,b_rows,Source:FN-8:UndischargedCallRequirement,1
corpus/msr1-pos-the-four-measure-readers,base,accepted,0
corpus/msr1-pos-the-four-measure-readers,off,accepted,0
corpus/msr1-pos-the-four-measure-readers,a,accepted,0
corpus/msr1-pos-the-four-measure-readers,ap,accepted,0
corpus/msr1-pos-the-four-measure-readers,b,accepted,0
corpus/msr1-pos-the-four-measure-readers,rows,accepted,0
corpus/msr1-pos-the-four-measure-readers,b_rows,accepted,0
corpus/msr1-pos-subscript-obligation-against-len,base,accepted,0
corpus/msr1-pos-subscript-obligation-against-len,off,accepted,0
corpus/msr1-pos-subscript-obligation-against-len,a,accepted,0
corpus/msr1-pos-subscript-obligation-against-len,ap,accepted,0
corpus/msr1-pos-subscript-obligation-against-len,b,accepted,0
corpus/msr1-pos-subscript-obligation-against-len,rows,accepted,0
corpus/msr1-pos-subscript-obligation-against-len,b_rows,accepted,0
corpus/msr2-pos-sibling-field-write-keeps-the-measure,base,accepted,0
corpus/msr2-pos-sibling-field-write-keeps-the-measure,off,accepted,0
corpus/msr2-pos-sibling-field-write-keeps-the-measure,a,accepted,0
corpus/msr2-pos-sibling-field-write-keeps-the-measure,ap,accepted,0
corpus/msr2-pos-sibling-field-write-keeps-the-measure,b,accepted,0
corpus/msr2-pos-sibling-field-write-keeps-the-measure,rows,accepted,0
corpus/msr2-pos-sibling-field-write-keeps-the-measure,b_rows,accepted,0
corpus/msr2-pos-element-write-keeps-the-measure,base,accepted,0
corpus/msr2-pos-element-write-keeps-the-measure,off,accepted,0
corpus/msr2-pos-element-write-keeps-the-measure,a,accepted,0
corpus/msr2-pos-element-write-keeps-the-measure,ap,accepted,0
corpus/msr2-pos-element-write-keeps-the-measure,b,accepted,0
corpus/msr2-pos-element-write-keeps-the-measure,rows,accepted,0
corpus/msr2-pos-element-write-keeps-the-measure,b_rows,accepted,0
corpus/msr2-neg-descriptor-write-kills-the-measure,base,Source:OP-4:UndischargedBoundsObligation,1
corpus/msr2-neg-descriptor-write-kills-the-measure,off,Source:OP-4:UndischargedBoundsObligation,1
corpus/msr2-neg-descriptor-write-kills-the-measure,a,Source:OP-4:UndischargedBoundsObligation,1
corpus/msr2-neg-descriptor-write-kills-the-measure,ap,Source:OP-4:UndischargedBoundsObligation,1
corpus/msr2-neg-descriptor-write-kills-the-measure,b,Source:OP-4:UndischargedBoundsObligation,1
corpus/msr2-neg-descriptor-write-kills-the-measure,rows,Source:OP-4:UndischargedBoundsObligation,1
corpus/msr2-neg-descriptor-write-kills-the-measure,b_rows,Source:OP-4:UndischargedBoundsObligation,1
corpus/msr4-pos-capacity-requirement-discharges-a-length-obligation,base,accepted,0
corpus/msr4-pos-capacity-requirement-discharges-a-length-obligation,off,accepted,0
corpus/msr4-pos-capacity-requirement-discharges-a-length-obligation,a,accepted,0
corpus/msr4-pos-capacity-requirement-discharges-a-length-obligation,ap,accepted,0
corpus/msr4-pos-capacity-requirement-discharges-a-length-obligation,b,accepted,0
corpus/msr4-pos-capacity-requirement-discharges-a-length-obligation,rows,accepted,0
corpus/msr4-pos-capacity-requirement-discharges-a-length-obligation,b_rows,accepted,0
corpus/msr6-pos-const-generic-as-a-value,base,accepted,0
corpus/msr6-pos-const-generic-as-a-value,off,accepted,0
corpus/msr6-pos-const-generic-as-a-value,a,accepted,0
corpus/msr6-pos-const-generic-as-a-value,ap,accepted,0
corpus/msr6-pos-const-generic-as-a-value,b,accepted,0
corpus/msr6-pos-const-generic-as-a-value,rows,accepted,0
corpus/msr6-pos-const-generic-as-a-value,b_rows,accepted,0
corpus/msr6-pos-const-generic-in-a-clause-and-an-endpoint,base,accepted,0
corpus/msr6-pos-const-generic-in-a-clause-and-an-endpoint,off,accepted,0
corpus/msr6-pos-const-generic-in-a-clause-and-an-endpoint,a,accepted,0
corpus/msr6-pos-const-generic-in-a-clause-and-an-endpoint,ap,accepted,0
corpus/msr6-pos-const-generic-in-a-clause-and-an-endpoint,b,accepted,0
corpus/msr6-pos-const-generic-in-a-clause-and-an-endpoint,rows,accepted,0
corpus/msr6-pos-const-generic-in-a-clause-and-an-endpoint,b_rows,accepted,0
corpus/liv1-neg-branches-disagree-on-liveness,base,Source:LIV-1:LivenessJoinDisagreement,1
corpus/liv1-neg-branches-disagree-on-liveness,off,Source:LIV-1:LivenessJoinDisagreement,1
corpus/liv1-neg-branches-disagree-on-liveness,a,Source:LIV-1:LivenessJoinDisagreement,1
corpus/liv1-neg-branches-disagree-on-liveness,ap,Source:LIV-1:LivenessJoinDisagreement,1
corpus/liv1-neg-branches-disagree-on-liveness,b,Source:LIV-1:LivenessJoinDisagreement,1
corpus/liv1-neg-branches-disagree-on-liveness,rows,Source:LIV-1:LivenessJoinDisagreement,1
corpus/liv1-neg-branches-disagree-on-liveness,b_rows,Source:LIV-1:LivenessJoinDisagreement,1
corpus/liv1-pos-loop-moves-and-restores-an-outer-binding,base,accepted,0
corpus/liv1-pos-loop-moves-and-restores-an-outer-binding,off,accepted,0
corpus/liv1-pos-loop-moves-and-restores-an-outer-binding,a,accepted,0
corpus/liv1-pos-loop-moves-and-restores-an-outer-binding,ap,accepted,0
corpus/liv1-pos-loop-moves-and-restores-an-outer-binding,b,accepted,0
corpus/liv1-pos-loop-moves-and-restores-an-outer-binding,rows,accepted,0
corpus/liv1-pos-loop-moves-and-restores-an-outer-binding,b_rows,accepted,0
corpus/liv1-neg-loop-leaves-an-outer-binding-dead,base,Source:OWN-11:MoveOuterBindingInLoop,1
corpus/liv1-neg-loop-leaves-an-outer-binding-dead,off,Source:OWN-11:MoveOuterBindingInLoop,1
corpus/liv1-neg-loop-leaves-an-outer-binding-dead,a,Source:OWN-11:MoveOuterBindingInLoop,1
corpus/liv1-neg-loop-leaves-an-outer-binding-dead,ap,Source:OWN-11:MoveOuterBindingInLoop,1
corpus/liv1-neg-loop-leaves-an-outer-binding-dead,b,Source:OWN-11:MoveOuterBindingInLoop,1
corpus/liv1-neg-loop-leaves-an-outer-binding-dead,rows,Source:OWN-11:MoveOuterBindingInLoop,1
corpus/liv1-neg-loop-leaves-an-outer-binding-dead,b_rows,Source:OWN-11:MoveOuterBindingInLoop,1
corpus/liv2-pos-read-out-at-a-binding-a-field-and-a-deref,base,accepted,0
corpus/liv2-pos-read-out-at-a-binding-a-field-and-a-deref,off,accepted,0
corpus/liv2-pos-read-out-at-a-binding-a-field-and-a-deref,a,accepted,0
corpus/liv2-pos-read-out-at-a-binding-a-field-and-a-deref,ap,accepted,0
corpus/liv2-pos-read-out-at-a-binding-a-field-and-a-deref,b,accepted,0
corpus/liv2-pos-read-out-at-a-binding-a-field-and-a-deref,rows,accepted,0
corpus/liv2-pos-read-out-at-a-binding-a-field-and-a-deref,b_rows,accepted,0
corpus/liv2-pos-read-out-keeps-the-root-and-its-other-fields,base,accepted,0
corpus/liv2-pos-read-out-keeps-the-root-and-its-other-fields,off,accepted,0
corpus/liv2-pos-read-out-keeps-the-root-and-its-other-fields,a,accepted,0
corpus/liv2-pos-read-out-keeps-the-root-and-its-other-fields,ap,accepted,0
corpus/liv2-pos-read-out-keeps-the-root-and-its-other-fields,b,accepted,0
corpus/liv2-pos-read-out-keeps-the-root-and-its-other-fields,rows,accepted,0
corpus/liv2-pos-read-out-keeps-the-root-and-its-other-fields,b_rows,accepted,0
corpus/liv2-pos-swap-and-rotation,base,accepted,0
corpus/liv2-pos-swap-and-rotation,off,accepted,0
corpus/liv2-pos-swap-and-rotation,a,accepted,0
corpus/liv2-pos-swap-and-rotation,ap,accepted,0
corpus/liv2-pos-swap-and-rotation,b,accepted,0
corpus/liv2-pos-swap-and-rotation,rows,accepted,0
corpus/liv2-pos-swap-and-rotation,b_rows,accepted,0
corpus/liv2-pos-proved-dynamic-indices-swap-affine-elements,base,accepted,0
corpus/liv2-pos-proved-dynamic-indices-swap-affine-elements,off,accepted,0
corpus/liv2-pos-proved-dynamic-indices-swap-affine-elements,a,accepted,0
corpus/liv2-pos-proved-dynamic-indices-swap-affine-elements,ap,accepted,0
corpus/liv2-pos-proved-dynamic-indices-swap-affine-elements,b,accepted,0
corpus/liv2-pos-proved-dynamic-indices-swap-affine-elements,rows,accepted,0
corpus/liv2-pos-proved-dynamic-indices-swap-affine-elements,b_rows,accepted,0
corpus/own1-neg-an-unproved-candidate-index-pair-does-not-separate-a-cross-path,base,Source:OWN-1:UseAfterMove,1
corpus/own1-neg-an-unproved-candidate-index-pair-does-not-separate-a-cross-path,off,Source:OWN-1:UseAfterMove,1
corpus/own1-neg-an-unproved-candidate-index-pair-does-not-separate-a-cross-path,a,Source:OWN-1:UseAfterMove,1
corpus/own1-neg-an-unproved-candidate-index-pair-does-not-separate-a-cross-path,ap,Source:OWN-1:UseAfterMove,1
corpus/own1-neg-an-unproved-candidate-index-pair-does-not-separate-a-cross-path,b,Source:OWN-1:UseAfterMove,1
corpus/own1-neg-an-unproved-candidate-index-pair-does-not-separate-a-cross-path,rows,Source:OWN-1:UseAfterMove,1
corpus/own1-neg-an-unproved-candidate-index-pair-does-not-separate-a-cross-path,b_rows,Source:OWN-1:UseAfterMove,1
corpus/liv2-pos-two-fields-of-one-root,base,accepted,0
corpus/liv2-pos-two-fields-of-one-root,off,accepted,0
corpus/liv2-pos-two-fields-of-one-root,a,accepted,0
corpus/liv2-pos-two-fields-of-one-root,ap,accepted,0
corpus/liv2-pos-two-fields-of-one-root,b,accepted,0
corpus/liv2-pos-two-fields-of-one-root,rows,accepted,0
corpus/liv2-pos-two-fields-of-one-root,b_rows,accepted,0
corpus/liv2-pos-subscript-targets-commit-their-own-ordinals,base,accepted,0
corpus/liv2-pos-subscript-targets-commit-their-own-ordinals,off,accepted,0
corpus/liv2-pos-subscript-targets-commit-their-own-ordinals,a,accepted,0
corpus/liv2-pos-subscript-targets-commit-their-own-ordinals,ap,accepted,0
corpus/liv2-pos-subscript-targets-commit-their-own-ordinals,b,accepted,0
corpus/liv2-pos-subscript-targets-commit-their-own-ordinals,rows,accepted,0
corpus/liv2-pos-subscript-targets-commit-their-own-ordinals,b_rows,accepted,0
corpus/prov6-pos-dispose-runs-the-release-walk-early,base,accepted,0
corpus/prov6-pos-dispose-runs-the-release-walk-early,off,accepted,0
corpus/prov6-pos-dispose-runs-the-release-walk-early,a,accepted,0
corpus/prov6-pos-dispose-runs-the-release-walk-early,ap,accepted,0
corpus/prov6-pos-dispose-runs-the-release-walk-early,b,accepted,0
corpus/prov6-pos-dispose-runs-the-release-walk-early,rows,accepted,0
corpus/prov6-pos-dispose-runs-the-release-walk-early,b_rows,accepted,0
corpus/prov6-pos-dispose-writes-the-operands-storage-origin,base,accepted,0
corpus/prov6-pos-dispose-writes-the-operands-storage-origin,off,accepted,0
corpus/prov6-pos-dispose-writes-the-operands-storage-origin,a,accepted,0
corpus/prov6-pos-dispose-writes-the-operands-storage-origin,ap,accepted,0
corpus/prov6-pos-dispose-writes-the-operands-storage-origin,b,accepted,0
corpus/prov6-pos-dispose-writes-the-operands-storage-origin,rows,accepted,0
corpus/prov6-pos-dispose-writes-the-operands-storage-origin,b_rows,accepted,0
corpus/prov6-neg-dispose-without-the-declared-write,base,Source:EFF-2:EffectMismatch,1
corpus/prov6-neg-dispose-without-the-declared-write,off,Source:EFF-2:EffectMismatch,1
corpus/prov6-neg-dispose-without-the-declared-write,a,Source:EFF-2:EffectMismatch,1
corpus/prov6-neg-dispose-without-the-declared-write,ap,Source:EFF-2:EffectMismatch,1
corpus/prov6-neg-dispose-without-the-declared-write,b,Source:EFF-2:EffectMismatch,1
corpus/prov6-neg-dispose-without-the-declared-write,rows,Source:EFF-2:EffectMismatch,1
corpus/prov6-neg-dispose-without-the-declared-write,b_rows,Source:EFF-2:EffectMismatch,1
corpus/prov6-neg-linear-value-not-consumed,base,Source:PROV-6:LinearValueNotConsumed,1
corpus/prov6-neg-linear-value-not-consumed,off,Source:PROV-6:LinearValueNotConsumed,1
corpus/prov6-neg-linear-value-not-consumed,a,Source:PROV-6:LinearValueNotConsumed,1
corpus/prov6-neg-linear-value-not-consumed,ap,Source:PROV-6:LinearValueNotConsumed,1
corpus/prov6-neg-linear-value-not-consumed,b,Source:PROV-6:LinearValueNotConsumed,1
corpus/prov6-neg-linear-value-not-consumed,rows,Source:PROV-6:LinearValueNotConsumed,1
corpus/prov6-neg-linear-value-not-consumed,b_rows,Source:PROV-6:LinearValueNotConsumed,1
corpus/prov6-pos-linear-value-moved-out-whole,base,accepted,0
corpus/prov6-pos-linear-value-moved-out-whole,off,accepted,0
corpus/prov6-pos-linear-value-moved-out-whole,a,accepted,0
corpus/prov6-pos-linear-value-moved-out-whole,ap,accepted,0
corpus/prov6-pos-linear-value-moved-out-whole,b,accepted,0
corpus/prov6-pos-linear-value-moved-out-whole,rows,accepted,0
corpus/prov6-pos-linear-value-moved-out-whole,b_rows,accepted,0
corpus/prov6-pos-destructuring-consume-discharges-the-obligation,base,accepted,0
corpus/prov6-pos-destructuring-consume-discharges-the-obligation,off,accepted,0
corpus/prov6-pos-destructuring-consume-discharges-the-obligation,a,accepted,0
corpus/prov6-pos-destructuring-consume-discharges-the-obligation,ap,accepted,0
corpus/prov6-pos-destructuring-consume-discharges-the-obligation,b,accepted,0
corpus/prov6-pos-destructuring-consume-discharges-the-obligation,rows,accepted,0
corpus/prov6-pos-destructuring-consume-discharges-the-obligation,b_rows,accepted,0
corpus/prov6-neg-linear-value-partially-consumed,base,Source:PROV-6:LinearValuePartiallyConsumed,1
corpus/prov6-neg-linear-value-partially-consumed,off,Source:PROV-6:LinearValuePartiallyConsumed,1
corpus/prov6-neg-linear-value-partially-consumed,a,Source:PROV-6:LinearValuePartiallyConsumed,1
corpus/prov6-neg-linear-value-partially-consumed,ap,Source:PROV-6:LinearValuePartiallyConsumed,1
corpus/prov6-neg-linear-value-partially-consumed,b,Source:PROV-6:LinearValuePartiallyConsumed,1
corpus/prov6-neg-linear-value-partially-consumed,rows,Source:PROV-6:LinearValuePartiallyConsumed,1
corpus/prov6-neg-linear-value-partially-consumed,b_rows,Source:PROV-6:LinearValuePartiallyConsumed,1
corpus/prov6-neg-a-partial-consume-cannot-abandon-a-symbolically-linear-member,base,Source:PROV-6:LinearValuePartiallyConsumed,1
corpus/prov6-neg-a-partial-consume-cannot-abandon-a-symbolically-linear-member,off,Source:PROV-6:LinearValuePartiallyConsumed,1
corpus/prov6-neg-a-partial-consume-cannot-abandon-a-symbolically-linear-member,a,Source:PROV-6:LinearValuePartiallyConsumed,1
corpus/prov6-neg-a-partial-consume-cannot-abandon-a-symbolically-linear-member,ap,Source:PROV-6:LinearValuePartiallyConsumed,1
corpus/prov6-neg-a-partial-consume-cannot-abandon-a-symbolically-linear-member,b,Source:PROV-6:LinearValuePartiallyConsumed,1
corpus/prov6-neg-a-partial-consume-cannot-abandon-a-symbolically-linear-member,rows,Source:PROV-6:LinearValuePartiallyConsumed,1
corpus/prov6-neg-a-partial-consume-cannot-abandon-a-symbolically-linear-member,b_rows,Source:PROV-6:LinearValuePartiallyConsumed,1
corpus/prov6-neg-a-partial-consume-cannot-abandon-storage-without-its-provider,base,Source:PROV-6:LinearValuePartiallyConsumed,1
corpus/prov6-neg-a-partial-consume-cannot-abandon-storage-without-its-provider,off,Source:PROV-6:LinearValuePartiallyConsumed,1
corpus/prov6-neg-a-partial-consume-cannot-abandon-storage-without-its-provider,a,Source:PROV-6:LinearValuePartiallyConsumed,1
corpus/prov6-neg-a-partial-consume-cannot-abandon-storage-without-its-provider,ap,Source:PROV-6:LinearValuePartiallyConsumed,1
corpus/prov6-neg-a-partial-consume-cannot-abandon-storage-without-its-provider,b,Source:PROV-6:LinearValuePartiallyConsumed,1
corpus/prov6-neg-a-partial-consume-cannot-abandon-storage-without-its-provider,rows,Source:PROV-6:LinearValuePartiallyConsumed,1
corpus/prov6-neg-a-partial-consume-cannot-abandon-storage-without-its-provider,b_rows,Source:PROV-6:LinearValuePartiallyConsumed,1
corpus/prov6-pos-commit-reinitialises-the-consumed-sub-place,base,accepted,0
corpus/prov6-pos-commit-reinitialises-the-consumed-sub-place,off,accepted,0
corpus/prov6-pos-commit-reinitialises-the-consumed-sub-place,a,accepted,0
corpus/prov6-pos-commit-reinitialises-the-consumed-sub-place,ap,accepted,0
corpus/prov6-pos-commit-reinitialises-the-consumed-sub-place,b,accepted,0
corpus/prov6-pos-commit-reinitialises-the-consumed-sub-place,rows,accepted,0
corpus/prov6-pos-commit-reinitialises-the-consumed-sub-place,b_rows,accepted,0
corpus/prov6-neg-dispose-through-a-shared-borrow,base,Source:OWN-1:MoveThroughReference,1
corpus/prov6-neg-dispose-through-a-shared-borrow,off,Source:OWN-1:MoveThroughReference,1
corpus/prov6-neg-dispose-through-a-shared-borrow,a,Source:OWN-1:MoveThroughReference,1
corpus/prov6-neg-dispose-through-a-shared-borrow,ap,Source:OWN-1:MoveThroughReference,1
corpus/prov6-neg-dispose-through-a-shared-borrow,b,Source:OWN-1:MoveThroughReference,1
corpus/prov6-neg-dispose-through-a-shared-borrow,rows,Source:OWN-1:MoveThroughReference,1
corpus/prov6-neg-dispose-through-a-shared-borrow,b_rows,Source:OWN-1:MoveThroughReference,1
corpus/prov6-neg-dispose-of-a-view,base,Source:OWN-1:MoveOfCopy,1
corpus/prov6-neg-dispose-of-a-view,off,Source:OWN-1:MoveOfCopy,1
corpus/prov6-neg-dispose-of-a-view,a,Source:OWN-1:MoveOfCopy,1
corpus/prov6-neg-dispose-of-a-view,ap,Source:OWN-1:MoveOfCopy,1
corpus/prov6-neg-dispose-of-a-view,b,Source:OWN-1:MoveOfCopy,1
corpus/prov6-neg-dispose-of-a-view,rows,Source:OWN-1:MoveOfCopy,1
corpus/prov6-neg-dispose-of-a-view,b_rows,Source:OWN-1:MoveOfCopy,1
corpus/prov6-neg-dispose-of-a-modifier-linear-node,base,Source:PROV-6:LinearValueNotConsumed,1
corpus/prov6-neg-dispose-of-a-modifier-linear-node,off,Source:PROV-6:LinearValueNotConsumed,1
corpus/prov6-neg-dispose-of-a-modifier-linear-node,a,Source:PROV-6:LinearValueNotConsumed,1
corpus/prov6-neg-dispose-of-a-modifier-linear-node,ap,Source:PROV-6:LinearValueNotConsumed,1
corpus/prov6-neg-dispose-of-a-modifier-linear-node,b,Source:PROV-6:LinearValueNotConsumed,1
corpus/prov6-neg-dispose-of-a-modifier-linear-node,rows,Source:PROV-6:LinearValueNotConsumed,1
corpus/prov6-neg-dispose-of-a-modifier-linear-node,b_rows,Source:PROV-6:LinearValueNotConsumed,1
corpus/prov6-pos-a-proved-empty-generic-run-disposes-early,base,accepted,0
corpus/prov6-pos-a-proved-empty-generic-run-disposes-early,off,accepted,0
corpus/prov6-pos-a-proved-empty-generic-run-disposes-early,a,accepted,0
corpus/prov6-pos-a-proved-empty-generic-run-disposes-early,ap,accepted,0
corpus/prov6-pos-a-proved-empty-generic-run-disposes-early,b,accepted,0
corpus/prov6-pos-a-proved-empty-generic-run-disposes-early,rows,accepted,0
corpus/prov6-pos-a-proved-empty-generic-run-disposes-early,b_rows,accepted,0
corpus/prov6-pos-a-proved-empty-generic-run-releases-at-scope-exit,base,accepted,0
corpus/prov6-pos-a-proved-empty-generic-run-releases-at-scope-exit,off,accepted,0
corpus/prov6-pos-a-proved-empty-generic-run-releases-at-scope-exit,a,accepted,0
corpus/prov6-pos-a-proved-empty-generic-run-releases-at-scope-exit,ap,accepted,0
corpus/prov6-pos-a-proved-empty-generic-run-releases-at-scope-exit,b,accepted,0
corpus/prov6-pos-a-proved-empty-generic-run-releases-at-scope-exit,rows,accepted,0
corpus/prov6-pos-a-proved-empty-generic-run-releases-at-scope-exit,b_rows,accepted,0
corpus/prov6-neg-an-empty-run-release-needs-a-proof,base,Source:OP-14:UndischargedEmptyRunRelease,1
corpus/prov6-neg-an-empty-run-release-needs-a-proof,off,Source:OP-14:UndischargedEmptyRunRelease,1
corpus/prov6-neg-an-empty-run-release-needs-a-proof,a,Source:OP-14:UndischargedEmptyRunRelease,1
corpus/prov6-neg-an-empty-run-release-needs-a-proof,ap,Source:OP-14:UndischargedEmptyRunRelease,1
corpus/prov6-neg-an-empty-run-release-needs-a-proof,b,Source:OP-14:UndischargedEmptyRunRelease,1
corpus/prov6-neg-an-empty-run-release-needs-a-proof,rows,Source:OP-14:UndischargedEmptyRunRelease,1
corpus/prov6-neg-an-empty-run-release-needs-a-proof,b_rows,Source:OP-14:UndischargedEmptyRunRelease,1
corpus/prov6-neg-a-proved-empty-run-still-needs-its-backing-provider,base,Source:PROV-6:LinearValueNotConsumed,1
corpus/prov6-neg-a-proved-empty-run-still-needs-its-backing-provider,off,Source:PROV-6:LinearValueNotConsumed,1
corpus/prov6-neg-a-proved-empty-run-still-needs-its-backing-provider,a,Source:PROV-6:LinearValueNotConsumed,1
corpus/prov6-neg-a-proved-empty-run-still-needs-its-backing-provider,ap,Source:PROV-6:LinearValueNotConsumed,1
corpus/prov6-neg-a-proved-empty-run-still-needs-its-backing-provider,b,Source:PROV-6:LinearValueNotConsumed,1
corpus/prov6-neg-a-proved-empty-run-still-needs-its-backing-provider,rows,Source:PROV-6:LinearValueNotConsumed,1
corpus/prov6-neg-a-proved-empty-run-still-needs-its-backing-provider,b_rows,Source:PROV-6:LinearValueNotConsumed,1
corpus/prov6-pos-a-proved-empty-fixed-run-releases-at-scope-exit,base,accepted,0
corpus/prov6-pos-a-proved-empty-fixed-run-releases-at-scope-exit,off,accepted,0
corpus/prov6-pos-a-proved-empty-fixed-run-releases-at-scope-exit,a,accepted,0
corpus/prov6-pos-a-proved-empty-fixed-run-releases-at-scope-exit,ap,accepted,0
corpus/prov6-pos-a-proved-empty-fixed-run-releases-at-scope-exit,b,accepted,0
corpus/prov6-pos-a-proved-empty-fixed-run-releases-at-scope-exit,rows,accepted,0
corpus/prov6-pos-a-proved-empty-fixed-run-releases-at-scope-exit,b_rows,accepted,0
corpus/prov6-neg-a-generic-run-scope-release-needs-an-empty-proof,base,Source:PROV-6:LinearValueNotConsumed,1
corpus/prov6-neg-a-generic-run-scope-release-needs-an-empty-proof,off,Source:PROV-6:LinearValueNotConsumed,1
corpus/prov6-neg-a-generic-run-scope-release-needs-an-empty-proof,a,Source:PROV-6:LinearValueNotConsumed,1
corpus/prov6-neg-a-generic-run-scope-release-needs-an-empty-proof,ap,Source:PROV-6:LinearValueNotConsumed,1
corpus/prov6-neg-a-generic-run-scope-release-needs-an-empty-proof,b,Source:PROV-6:LinearValueNotConsumed,1
corpus/prov6-neg-a-generic-run-scope-release-needs-an-empty-proof,rows,Source:PROV-6:LinearValueNotConsumed,1
corpus/prov6-neg-a-generic-run-scope-release-needs-an-empty-proof,b_rows,Source:PROV-6:LinearValueNotConsumed,1
corpus/prov6-neg-dispose-without-a-capability-leaf,base,Source:OP-14:UnadmittedOperandShape,1
corpus/prov6-neg-dispose-without-a-capability-leaf,off,Source:OP-14:UnadmittedOperandShape,1
corpus/prov6-neg-dispose-without-a-capability-leaf,a,Source:OP-14:UnadmittedOperandShape,1
corpus/prov6-neg-dispose-without-a-capability-leaf,ap,Source:OP-14:UnadmittedOperandShape,1
corpus/prov6-neg-dispose-without-a-capability-leaf,b,Source:OP-14:UnadmittedOperandShape,1
corpus/prov6-neg-dispose-without-a-capability-leaf,rows,Source:OP-14:UnadmittedOperandShape,1
corpus/prov6-neg-dispose-without-a-capability-leaf,b_rows,Source:OP-14:UnadmittedOperandShape,1
corpus/prov6-pos-nodrop-tag-only-enum-consumed,base,accepted,0
corpus/prov6-pos-nodrop-tag-only-enum-consumed,off,accepted,0
corpus/prov6-pos-nodrop-tag-only-enum-consumed,a,accepted,0
corpus/prov6-pos-nodrop-tag-only-enum-consumed,ap,accepted,0
corpus/prov6-pos-nodrop-tag-only-enum-consumed,b,accepted,0
corpus/prov6-pos-nodrop-tag-only-enum-consumed,rows,accepted,0
corpus/prov6-pos-nodrop-tag-only-enum-consumed,b_rows,accepted,0
corpus/own1-pos-nocopy-tag-only-enum-consumed,base,accepted,0
corpus/own1-pos-nocopy-tag-only-enum-consumed,off,accepted,0
corpus/own1-pos-nocopy-tag-only-enum-consumed,a,accepted,0
corpus/own1-pos-nocopy-tag-only-enum-consumed,ap,accepted,0
corpus/own1-pos-nocopy-tag-only-enum-consumed,b,accepted,0
corpus/own1-pos-nocopy-tag-only-enum-consumed,rows,accepted,0
corpus/own1-pos-nocopy-tag-only-enum-consumed,b_rows,accepted,0
corpus/prov6-neg-nodrop-tag-only-enum-reaches-exit,base,Source:PROV-6:LinearValueNotConsumed,1
corpus/prov6-neg-nodrop-tag-only-enum-reaches-exit,off,Source:PROV-6:LinearValueNotConsumed,1
corpus/prov6-neg-nodrop-tag-only-enum-reaches-exit,a,Source:PROV-6:LinearValueNotConsumed,1
corpus/prov6-neg-nodrop-tag-only-enum-reaches-exit,ap,Source:PROV-6:LinearValueNotConsumed,1
corpus/prov6-neg-nodrop-tag-only-enum-reaches-exit,b,Source:PROV-6:LinearValueNotConsumed,1
corpus/prov6-neg-nodrop-tag-only-enum-reaches-exit,rows,Source:PROV-6:LinearValueNotConsumed,1
corpus/prov6-neg-nodrop-tag-only-enum-reaches-exit,b_rows,Source:PROV-6:LinearValueNotConsumed,1
corpus/own1-neg-nodrop-tag-only-enum-duplicated,base,Source:OWN-1:UseAfterMove,1
corpus/own1-neg-nodrop-tag-only-enum-duplicated,off,Source:OWN-1:UseAfterMove,1
corpus/own1-neg-nodrop-tag-only-enum-duplicated,a,Source:OWN-1:UseAfterMove,1
corpus/own1-neg-nodrop-tag-only-enum-duplicated,ap,Source:OWN-1:UseAfterMove,1
corpus/own1-neg-nodrop-tag-only-enum-duplicated,b,Source:OWN-1:UseAfterMove,1
corpus/own1-neg-nodrop-tag-only-enum-duplicated,rows,Source:OWN-1:UseAfterMove,1
corpus/own1-neg-nodrop-tag-only-enum-duplicated,b_rows,Source:OWN-1:UseAfterMove,1
corpus/own1-pos-structural-copy-aggregates,base,accepted,0
corpus/own1-pos-structural-copy-aggregates,off,accepted,0
corpus/own1-pos-structural-copy-aggregates,a,accepted,0
corpus/own1-pos-structural-copy-aggregates,ap,accepted,0
corpus/own1-pos-structural-copy-aggregates,b,accepted,0
corpus/own1-pos-structural-copy-aggregates,rows,accepted,0
corpus/own1-pos-structural-copy-aggregates,b_rows,accepted,0
corpus/own1-pos-generic-struct-copy-substitution,base,accepted,0
corpus/own1-pos-generic-struct-copy-substitution,off,accepted,0
corpus/own1-pos-generic-struct-copy-substitution,a,accepted,0
corpus/own1-pos-generic-struct-copy-substitution,ap,accepted,0
corpus/own1-pos-generic-struct-copy-substitution,b,accepted,0
corpus/own1-pos-generic-struct-copy-substitution,rows,accepted,0
corpus/own1-pos-generic-struct-copy-substitution,b_rows,accepted,0
corpus/prov6-neg-generic-struct-affine-substitution-at-copy-bound,base,Source:PROV-6:LinearityBoundMismatch,1
corpus/prov6-neg-generic-struct-affine-substitution-at-copy-bound,off,Source:PROV-6:LinearityBoundMismatch,1
corpus/prov6-neg-generic-struct-affine-substitution-at-copy-bound,a,Source:PROV-6:LinearityBoundMismatch,1
corpus/prov6-neg-generic-struct-affine-substitution-at-copy-bound,ap,Source:PROV-6:LinearityBoundMismatch,1
corpus/prov6-neg-generic-struct-affine-substitution-at-copy-bound,b,Source:PROV-6:LinearityBoundMismatch,1
corpus/prov6-neg-generic-struct-affine-substitution-at-copy-bound,rows,Source:PROV-6:LinearityBoundMismatch,1
corpus/prov6-neg-generic-struct-affine-substitution-at-copy-bound,b_rows,Source:PROV-6:LinearityBoundMismatch,1
corpus/prov6-neg-a-region-argument-that-names-no-store,base,Source:PROV-6:LinearityBoundMismatch,1
corpus/prov6-neg-a-region-argument-that-names-no-store,off,Source:PROV-6:LinearityBoundMismatch,1
corpus/prov6-neg-a-region-argument-that-names-no-store,a,Source:PROV-6:LinearityBoundMismatch,1
corpus/prov6-neg-a-region-argument-that-names-no-store,ap,Source:PROV-6:LinearityBoundMismatch,1
corpus/prov6-neg-a-region-argument-that-names-no-store,b,Source:PROV-6:LinearityBoundMismatch,1
corpus/prov6-neg-a-region-argument-that-names-no-store,rows,Source:PROV-6:LinearityBoundMismatch,1
corpus/prov6-neg-a-region-argument-that-names-no-store,b_rows,Source:PROV-6:LinearityBoundMismatch,1
corpus/prov6-pos-linearity-bound-admits-the-instantiation,base,accepted,0
corpus/prov6-pos-linearity-bound-admits-the-instantiation,off,accepted,0
corpus/prov6-pos-linearity-bound-admits-the-instantiation,a,accepted,0
corpus/prov6-pos-linearity-bound-admits-the-instantiation,ap,accepted,0
corpus/prov6-pos-linearity-bound-admits-the-instantiation,b,accepted,0
corpus/prov6-pos-linearity-bound-admits-the-instantiation,rows,accepted,0
corpus/prov6-pos-linearity-bound-admits-the-instantiation,b_rows,accepted,0
corpus/prov6-neg-linearity-bound-refuses-the-instantiation,base,Source:PROV-6:LinearityBoundMismatch,1
corpus/prov6-neg-linearity-bound-refuses-the-instantiation,off,Source:PROV-6:LinearityBoundMismatch,1
corpus/prov6-neg-linearity-bound-refuses-the-instantiation,a,Source:PROV-6:LinearityBoundMismatch,1
corpus/prov6-neg-linearity-bound-refuses-the-instantiation,ap,Source:PROV-6:LinearityBoundMismatch,1
corpus/prov6-neg-linearity-bound-refuses-the-instantiation,b,Source:PROV-6:LinearityBoundMismatch,1
corpus/prov6-neg-linearity-bound-refuses-the-instantiation,rows,Source:PROV-6:LinearityBoundMismatch,1
corpus/prov6-neg-linearity-bound-refuses-the-instantiation,b_rows,Source:PROV-6:LinearityBoundMismatch,1
corpus/prov1-pos-a-store-branded-run-in-a-field,base,accepted,0
corpus/prov1-pos-a-store-branded-run-in-a-field,off,accepted,0
corpus/prov1-pos-a-store-branded-run-in-a-field,a,accepted,0
corpus/prov1-pos-a-store-branded-run-in-a-field,ap,accepted,0
corpus/prov1-pos-a-store-branded-run-in-a-field,b,accepted,0
corpus/prov1-pos-a-store-branded-run-in-a-field,rows,accepted,0
corpus/prov1-pos-a-store-branded-run-in-a-field,b_rows,accepted,0
corpus/prov1-pos-a-nominal-declares-a-store-region,base,accepted,0
corpus/prov1-pos-a-nominal-declares-a-store-region,off,accepted,0
corpus/prov1-pos-a-nominal-declares-a-store-region,a,accepted,0
corpus/prov1-pos-a-nominal-declares-a-store-region,ap,accepted,0
corpus/prov1-pos-a-nominal-declares-a-store-region,b,accepted,0
corpus/prov1-pos-a-nominal-declares-a-store-region,rows,accepted,0
corpus/prov1-pos-a-nominal-declares-a-store-region,b_rows,accepted,0
corpus/prov1-neg-a-provider-in-a-stored-position,base,Source:TYPE-9:TypeMismatch,1
corpus/prov1-neg-a-provider-in-a-stored-position,off,Source:TYPE-9:TypeMismatch,1
corpus/prov1-neg-a-provider-in-a-stored-position,a,Source:TYPE-9:TypeMismatch,1
corpus/prov1-neg-a-provider-in-a-stored-position,ap,Source:TYPE-9:TypeMismatch,1
corpus/prov1-neg-a-provider-in-a-stored-position,b,Source:TYPE-9:TypeMismatch,1
corpus/prov1-neg-a-provider-in-a-stored-position,rows,Source:TYPE-9:TypeMismatch,1
corpus/prov1-neg-a-provider-in-a-stored-position,b_rows,Source:TYPE-9:TypeMismatch,1
corpus/prov1-neg-a-source-nominal-collides-with-a-container,base,Source:TYPE-6:DeclarationCollision,1
corpus/prov1-neg-a-source-nominal-collides-with-a-container,off,Source:TYPE-6:DeclarationCollision,1
corpus/prov1-neg-a-source-nominal-collides-with-a-container,a,Source:TYPE-6:DeclarationCollision,1
corpus/prov1-neg-a-source-nominal-collides-with-a-container,ap,Source:TYPE-6:DeclarationCollision,1
corpus/prov1-neg-a-source-nominal-collides-with-a-container,b,Source:TYPE-6:DeclarationCollision,1
corpus/prov1-neg-a-source-nominal-collides-with-a-container,rows,Source:TYPE-6:DeclarationCollision,1
corpus/prov1-neg-a-source-nominal-collides-with-a-container,b_rows,Source:TYPE-6:DeclarationCollision,1
corpus/blk0-neg-a-source-function-collides-with-a-kernel-row,base,Source:TYPE-6:DeclarationCollision,1
corpus/blk0-neg-a-source-function-collides-with-a-kernel-row,off,Source:TYPE-6:DeclarationCollision,1
corpus/blk0-neg-a-source-function-collides-with-a-kernel-row,a,Source:TYPE-6:DeclarationCollision,1
corpus/blk0-neg-a-source-function-collides-with-a-kernel-row,ap,Source:TYPE-6:DeclarationCollision,1
corpus/blk0-neg-a-source-function-collides-with-a-kernel-row,b,Source:TYPE-6:DeclarationCollision,1
corpus/blk0-neg-a-source-function-collides-with-a-kernel-row,rows,Source:TYPE-6:DeclarationCollision,1
corpus/blk0-neg-a-source-function-collides-with-a-kernel-row,b_rows,Source:TYPE-6:DeclarationCollision,1
corpus/blk1-neg-a-construct-names-a-run,base,Source:TYPE-2:ContainerConstruction,1
corpus/blk1-neg-a-construct-names-a-run,off,Source:TYPE-2:ContainerConstruction,1
corpus/blk1-neg-a-construct-names-a-run,a,Source:TYPE-2:ContainerConstruction,1
corpus/blk1-neg-a-construct-names-a-run,ap,Source:TYPE-2:ContainerConstruction,1
corpus/blk1-neg-a-construct-names-a-run,b,Source:TYPE-2:ContainerConstruction,1
corpus/blk1-neg-a-construct-names-a-run,rows,Source:TYPE-2:ContainerConstruction,1
corpus/blk1-neg-a-construct-names-a-run,b_rows,Source:TYPE-2:ContainerConstruction,1
corpus/blk1-pos-both-runs-are-nameable-types,base,accepted,0
corpus/blk1-pos-both-runs-are-nameable-types,off,accepted,0
corpus/blk1-pos-both-runs-are-nameable-types,a,accepted,0
corpus/blk1-pos-both-runs-are-nameable-types,ap,accepted,0
corpus/blk1-pos-both-runs-are-nameable-types,b,accepted,0
corpus/blk1-pos-both-runs-are-nameable-types,rows,accepted,0
corpus/blk1-pos-both-runs-are-nameable-types,b_rows,accepted,0
corpus/blk2-pos-a-formation-row-builds-an-empty-run,base,accepted,0
corpus/blk2-pos-a-formation-row-builds-an-empty-run,off,accepted,0
corpus/blk2-pos-a-formation-row-builds-an-empty-run,a,accepted,0
corpus/blk2-pos-a-formation-row-builds-an-empty-run,ap,accepted,0
corpus/blk2-pos-a-formation-row-builds-an-empty-run,b,accepted,0
corpus/blk2-pos-a-formation-row-builds-an-empty-run,rows,accepted,0
corpus/blk2-pos-a-formation-row-builds-an-empty-run,b_rows,accepted,0
corpus/blk3-pos-a-boundary-row-moves-the-back-boundary,base,accepted,0
corpus/blk3-pos-a-boundary-row-moves-the-back-boundary,off,accepted,0
corpus/blk3-pos-a-boundary-row-moves-the-back-boundary,a,accepted,0
corpus/blk3-pos-a-boundary-row-moves-the-back-boundary,ap,accepted,0
corpus/blk3-pos-a-boundary-row-moves-the-back-boundary,b,accepted,0
corpus/blk3-pos-a-boundary-row-moves-the-back-boundary,rows,accepted,0
corpus/blk3-pos-a-boundary-row-moves-the-back-boundary,b_rows,accepted,0
corpus/blk3-pos-a-queue-preserves-its-order,base,accepted,0
corpus/blk3-pos-a-queue-preserves-its-order,off,accepted,0
corpus/blk3-pos-a-queue-preserves-its-order,a,accepted,0
corpus/blk3-pos-a-queue-preserves-its-order,ap,accepted,0
corpus/blk3-pos-a-queue-preserves-its-order,b,accepted,0
corpus/blk3-pos-a-queue-preserves-its-order,rows,accepted,0
corpus/blk3-pos-a-queue-preserves-its-order,b_rows,accepted,0
corpus/blk1-pos-a-wrapped-window-subscripts-against-len,base,accepted,0
corpus/blk1-pos-a-wrapped-window-subscripts-against-len,off,accepted,0
corpus/blk1-pos-a-wrapped-window-subscripts-against-len,a,accepted,0
corpus/blk1-pos-a-wrapped-window-subscripts-against-len,ap,accepted,0
corpus/blk1-pos-a-wrapped-window-subscripts-against-len,b,accepted,0
corpus/blk1-pos-a-wrapped-window-subscripts-against-len,rows,accepted,0
corpus/blk1-pos-a-wrapped-window-subscripts-against-len,b_rows,accepted,0
corpus/blk0-neg-a-row-requirement-is-not-discharged,base,Source:FN-8:UndischargedCallRequirement,1
corpus/blk0-neg-a-row-requirement-is-not-discharged,off,Source:FN-8:UndischargedCallRequirement,1
corpus/blk0-neg-a-row-requirement-is-not-discharged,a,Source:FN-8:UndischargedCallRequirement,1
corpus/blk0-neg-a-row-requirement-is-not-discharged,ap,Source:FN-8:UndischargedCallRequirement,1
corpus/blk0-neg-a-row-requirement-is-not-discharged,b,Source:FN-8:UndischargedCallRequirement,1
corpus/blk0-neg-a-row-requirement-is-not-discharged,rows,Source:FN-8:UndischargedCallRequirement,1
corpus/blk0-neg-a-row-requirement-is-not-discharged,b_rows,Source:FN-8:UndischargedCallRequirement,1
corpus/call6-pos-a-row-relation-establishes-at-a-caller,base,accepted,0
corpus/call6-pos-a-row-relation-establishes-at-a-caller,off,accepted,0
corpus/call6-pos-a-row-relation-establishes-at-a-caller,a,accepted,0
corpus/call6-pos-a-row-relation-establishes-at-a-caller,ap,accepted,0
corpus/call6-pos-a-row-relation-establishes-at-a-caller,b,accepted,0
corpus/call6-pos-a-row-relation-establishes-at-a-caller,rows,accepted,0
corpus/call6-pos-a-row-relation-establishes-at-a-caller,b_rows,accepted,0
corpus/blk3-pos-a-deque-moves-both-boundaries,base,accepted,0
corpus/blk3-pos-a-deque-moves-both-boundaries,off,accepted,0
corpus/blk3-pos-a-deque-moves-both-boundaries,a,accepted,0
corpus/blk3-pos-a-deque-moves-both-boundaries,ap,accepted,0
corpus/blk3-pos-a-deque-moves-both-boundaries,b,accepted,0
corpus/blk3-pos-a-deque-moves-both-boundaries,rows,accepted,0
corpus/blk3-pos-a-deque-moves-both-boundaries,b_rows,accepted,0
corpus/inv1-pos-a-measure-former-is-an-affine-factor,base,accepted,0
corpus/inv1-pos-a-measure-former-is-an-affine-factor,off,accepted,0
corpus/inv1-pos-a-measure-former-is-an-affine-factor,a,accepted,0
corpus/inv1-pos-a-measure-former-is-an-affine-factor,ap,accepted,0
corpus/inv1-pos-a-measure-former-is-an-affine-factor,b,accepted,0
corpus/inv1-pos-a-measure-former-is-an-affine-factor,rows,accepted,0
corpus/inv1-pos-a-measure-former-is-an-affine-factor,b_rows,accepted,0
corpus/inv1-neg-a-measure-invariant-is-unproved,base,Source:INV-1:UndischargedLoopInvariant,1
corpus/inv1-neg-a-measure-invariant-is-unproved,off,Source:INV-1:UndischargedLoopInvariant,1
corpus/inv1-neg-a-measure-invariant-is-unproved,a,Source:INV-1:UndischargedLoopInvariant,1
corpus/inv1-neg-a-measure-invariant-is-unproved,ap,Source:INV-1:UndischargedLoopInvariant,1
corpus/inv1-neg-a-measure-invariant-is-unproved,b,Source:INV-1:UndischargedLoopInvariant,1
corpus/inv1-neg-a-measure-invariant-is-unproved,rows,Source:INV-1:UndischargedLoopInvariant,1
corpus/inv1-neg-a-measure-invariant-is-unproved,b_rows,Source:INV-1:UndischargedLoopInvariant,1
corpus/inv1-neg-an-affine-factor-is-not-a-measure-former,base,Source:INV-1:InvalidInvariant,1
corpus/inv1-neg-an-affine-factor-is-not-a-measure-former,off,Source:INV-1:InvalidInvariant,1
corpus/inv1-neg-an-affine-factor-is-not-a-measure-former,a,Source:INV-1:InvalidInvariant,1
corpus/inv1-neg-an-affine-factor-is-not-a-measure-former,ap,Source:INV-1:InvalidInvariant,1
corpus/inv1-neg-an-affine-factor-is-not-a-measure-former,b,Source:INV-1:InvalidInvariant,1
corpus/inv1-neg-an-affine-factor-is-not-a-measure-former,rows,Source:INV-1:InvalidInvariant,1
corpus/inv1-neg-an-affine-factor-is-not-a-measure-former,b_rows,Source:INV-1:InvalidInvariant,1
corpus/msr5-pos-a-clause-side-is-an-affine-expression,base,accepted,0
corpus/msr5-pos-a-clause-side-is-an-affine-expression,off,accepted,0
corpus/msr5-pos-a-clause-side-is-an-affine-expression,a,accepted,0
corpus/msr5-pos-a-clause-side-is-an-affine-expression,ap,accepted,0
corpus/msr5-pos-a-clause-side-is-an-affine-expression,b,accepted,0
corpus/msr5-pos-a-clause-side-is-an-affine-expression,rows,accepted,0
corpus/msr5-pos-a-clause-side-is-an-affine-expression,b_rows,accepted,0
corpus/msr5-pos-a-requirement-side-is-an-affine-expression,base,accepted,0
corpus/msr5-pos-a-requirement-side-is-an-affine-expression,off,accepted,0
corpus/msr5-pos-a-requirement-side-is-an-affine-expression,a,accepted,0
corpus/msr5-pos-a-requirement-side-is-an-affine-expression,ap,accepted,0
corpus/msr5-pos-a-requirement-side-is-an-affine-expression,b,accepted,0
corpus/msr5-pos-a-requirement-side-is-an-affine-expression,rows,accepted,0
corpus/msr5-pos-a-requirement-side-is-an-affine-expression,b_rows,accepted,0
corpus/msr5-neg-a-clause-side-is-not-a-difference-bound,base,Source:FN-9:InvalidPostconditionRelation,1
corpus/msr5-neg-a-clause-side-is-not-a-difference-bound,off,Source:FN-9:InvalidPostconditionRelation,1
corpus/msr5-neg-a-clause-side-is-not-a-difference-bound,a,Source:FN-9:InvalidPostconditionRelation,1
corpus/msr5-neg-a-clause-side-is-not-a-difference-bound,ap,Source:FN-9:InvalidPostconditionRelation,1
corpus/msr5-neg-a-clause-side-is-not-a-difference-bound,b,Source:FN-9:InvalidPostconditionRelation,1
corpus/msr5-neg-a-clause-side-is-not-a-difference-bound,rows,Source:FN-9:InvalidPostconditionRelation,1
corpus/msr5-neg-a-clause-side-is-not-a-difference-bound,b_rows,Source:FN-9:InvalidPostconditionRelation,1
corpus/inv1-neg-an-affine-atom-is-not-a-bare-local,base,Source:INV-1:InvalidInvariant,1
corpus/inv1-neg-an-affine-atom-is-not-a-bare-local,off,Source:INV-1:InvalidInvariant,1
corpus/inv1-neg-an-affine-atom-is-not-a-bare-local,a,Source:INV-1:InvalidInvariant,1
corpus/inv1-neg-an-affine-atom-is-not-a-bare-local,ap,Source:INV-1:InvalidInvariant,1
corpus/inv1-neg-an-affine-atom-is-not-a-bare-local,b,Source:INV-1:InvalidInvariant,1
corpus/inv1-neg-an-affine-atom-is-not-a-bare-local,rows,Source:INV-1:InvalidInvariant,1
corpus/inv1-neg-an-affine-atom-is-not-a-bare-local,b_rows,Source:INV-1:InvalidInvariant,1
corpus/msr3-pos-a-parameter-written-back-keeps-its-entry-measure,base,accepted,0
corpus/msr3-pos-a-parameter-written-back-keeps-its-entry-measure,off,accepted,0
corpus/msr3-pos-a-parameter-written-back-keeps-its-entry-measure,a,accepted,0
corpus/msr3-pos-a-parameter-written-back-keeps-its-entry-measure,ap,accepted,0
corpus/msr3-pos-a-parameter-written-back-keeps-its-entry-measure,b,accepted,0
corpus/msr3-pos-a-parameter-written-back-keeps-its-entry-measure,rows,accepted,0
corpus/msr3-pos-a-parameter-written-back-keeps-its-entry-measure,b_rows,accepted,0
corpus/msr3-neg-a-parameter-value-written-back-loses-its-entry-image,base,Source:FN-9:UndischargedPostcondition,1
corpus/msr3-neg-a-parameter-value-written-back-loses-its-entry-image,off,Source:FN-9:UndischargedPostcondition,1
corpus/msr3-neg-a-parameter-value-written-back-loses-its-entry-image,a,Source:FN-9:UndischargedPostcondition,1
corpus/msr3-neg-a-parameter-value-written-back-loses-its-entry-image,ap,Source:FN-9:UndischargedPostcondition,1
corpus/msr3-neg-a-parameter-value-written-back-loses-its-entry-image,b,Source:FN-9:UndischargedPostcondition,1
corpus/msr3-neg-a-parameter-value-written-back-loses-its-entry-image,rows,Source:FN-9:UndischargedPostcondition,1
corpus/msr3-neg-a-parameter-value-written-back-loses-its-entry-image,b_rows,Source:FN-9:UndischargedPostcondition,1
corpus/set1-pos-a-run-element-is-a-set-target,base,accepted,0
corpus/set1-pos-a-run-element-is-a-set-target,off,accepted,0
corpus/set1-pos-a-run-element-is-a-set-target,a,accepted,0
corpus/set1-pos-a-run-element-is-a-set-target,ap,accepted,0
corpus/set1-pos-a-run-element-is-a-set-target,b,accepted,0
corpus/set1-pos-a-run-element-is-a-set-target,rows,accepted,0
corpus/set1-pos-a-run-element-is-a-set-target,b_rows,accepted,0
corpus/set2-pos-a-run-element-is-a-replace-target,base,accepted,0
corpus/set2-pos-a-run-element-is-a-replace-target,off,accepted,0
corpus/set2-pos-a-run-element-is-a-replace-target,a,accepted,0
corpus/set2-pos-a-run-element-is-a-replace-target,ap,accepted,0
corpus/set2-pos-a-run-element-is-a-replace-target,b,accepted,0
corpus/set2-pos-a-run-element-is-a-replace-target,rows,accepted,0
corpus/set2-pos-a-run-element-is-a-replace-target,b_rows,accepted,0
corpus/set1-neg-a-run-element-target-needs-its-subscript-bound,base,Source:OP-4:UndischargedBoundsObligation,1
corpus/set1-neg-a-run-element-target-needs-its-subscript-bound,off,Source:OP-4:UndischargedBoundsObligation,1
corpus/set1-neg-a-run-element-target-needs-its-subscript-bound,a,Source:OP-4:UndischargedBoundsObligation,1
corpus/set1-neg-a-run-element-target-needs-its-subscript-bound,ap,Source:OP-4:UndischargedBoundsObligation,1
corpus/set1-neg-a-run-element-target-needs-its-subscript-bound,b,Source:OP-4:UndischargedBoundsObligation,1
corpus/set1-neg-a-run-element-target-needs-its-subscript-bound,rows,Source:OP-4:UndischargedBoundsObligation,1
corpus/set1-neg-a-run-element-target-needs-its-subscript-bound,b_rows,Source:OP-4:UndischargedBoundsObligation,1
corpus/msr2-pos-an-element-write-kills-no-measure-of-the-run,base,accepted,0
corpus/msr2-pos-an-element-write-kills-no-measure-of-the-run,off,accepted,0
corpus/msr2-pos-an-element-write-kills-no-measure-of-the-run,a,accepted,0
corpus/msr2-pos-an-element-write-kills-no-measure-of-the-run,ap,accepted,0
corpus/msr2-pos-an-element-write-kills-no-measure-of-the-run,b,accepted,0
corpus/msr2-pos-an-element-write-kills-no-measure-of-the-run,rows,accepted,0
corpus/msr2-pos-an-element-write-kills-no-measure-of-the-run,b_rows,accepted,0
corpus/blk1-pos-a-run-element-type-is-a-type-parameter,base,accepted,0
corpus/blk1-pos-a-run-element-type-is-a-type-parameter,off,accepted,0
corpus/blk1-pos-a-run-element-type-is-a-type-parameter,a,accepted,0
corpus/blk1-pos-a-run-element-type-is-a-type-parameter,ap,accepted,0
corpus/blk1-pos-a-run-element-type-is-a-type-parameter,b,accepted,0
corpus/blk1-pos-a-run-element-type-is-a-type-parameter,rows,accepted,0
corpus/blk1-pos-a-run-element-type-is-a-type-parameter,b_rows,accepted,0
corpus/blk2-pos-a-bump-take-hands-out-a-run,base,accepted,0
corpus/blk2-pos-a-bump-take-hands-out-a-run,off,accepted,0
corpus/blk2-pos-a-bump-take-hands-out-a-run,a,accepted,0
corpus/blk2-pos-a-bump-take-hands-out-a-run,ap,accepted,0
corpus/blk2-pos-a-bump-take-hands-out-a-run,b,accepted,0
corpus/blk2-pos-a-bump-take-hands-out-a-run,rows,accepted,0
corpus/blk2-pos-a-bump-take-hands-out-a-run,b_rows,accepted,0
corpus/blk2-pos-a-refused-take-leaves-the-store-unmoved,base,accepted,0
corpus/blk2-pos-a-refused-take-leaves-the-store-unmoved,off,accepted,0
corpus/blk2-pos-a-refused-take-leaves-the-store-unmoved,a,accepted,0
corpus/blk2-pos-a-refused-take-leaves-the-store-unmoved,ap,accepted,0
corpus/blk2-pos-a-refused-take-leaves-the-store-unmoved,b,accepted,0
corpus/blk2-pos-a-refused-take-leaves-the-store-unmoved,rows,accepted,0
corpus/blk2-pos-a-refused-take-leaves-the-store-unmoved,b_rows,accepted,0
corpus/blk0-neg-a-proved-take-without-the-room-it-requires,base,Source:FN-8:UndischargedCallRequirement,1
corpus/blk0-neg-a-proved-take-without-the-room-it-requires,off,Source:FN-8:UndischargedCallRequirement,1
corpus/blk0-neg-a-proved-take-without-the-room-it-requires,a,Source:FN-8:UndischargedCallRequirement,1
corpus/blk0-neg-a-proved-take-without-the-room-it-requires,ap,Source:FN-8:UndischargedCallRequirement,1
corpus/blk0-neg-a-proved-take-without-the-room-it-requires,b,Source:FN-8:UndischargedCallRequirement,1
corpus/blk0-neg-a-proved-take-without-the-room-it-requires,rows,Source:FN-8:UndischargedCallRequirement,1
corpus/blk0-neg-a-proved-take-without-the-room-it-requires,b_rows,Source:FN-8:UndischargedCallRequirement,1
corpus/msr6-pos-a-const-generic-is-an-affine-atom,base,accepted,0
corpus/msr6-pos-a-const-generic-is-an-affine-atom,off,accepted,0
corpus/msr6-pos-a-const-generic-is-an-affine-atom,a,accepted,0
corpus/msr6-pos-a-const-generic-is-an-affine-atom,ap,accepted,0
corpus/msr6-pos-a-const-generic-is-an-affine-atom,b,accepted,0
corpus/msr6-pos-a-const-generic-is-an-affine-atom,rows,accepted,0
corpus/msr6-pos-a-const-generic-is-an-affine-atom,b_rows,accepted,0
corpus/msr6-neg-a-const-generic-affine-atom-is-unproved,base,Source:INV-1:UndischargedLoopInvariant,1
corpus/msr6-neg-a-const-generic-affine-atom-is-unproved,off,Source:INV-1:UndischargedLoopInvariant,1
corpus/msr6-neg-a-const-generic-affine-atom-is-unproved,a,Source:INV-1:UndischargedLoopInvariant,1
corpus/msr6-neg-a-const-generic-affine-atom-is-unproved,ap,Source:INV-1:UndischargedLoopInvariant,1
corpus/msr6-neg-a-const-generic-affine-atom-is-unproved,b,Source:INV-1:UndischargedLoopInvariant,1
corpus/msr6-neg-a-const-generic-affine-atom-is-unproved,rows,Source:INV-1:UndischargedLoopInvariant,1
corpus/msr6-neg-a-const-generic-affine-atom-is-unproved,b_rows,Source:INV-1:UndischargedLoopInvariant,1
corpus/prov6-pos-the-bound-chain-admits-every-lower-class,base,accepted,0
corpus/prov6-pos-the-bound-chain-admits-every-lower-class,off,accepted,0
corpus/prov6-pos-the-bound-chain-admits-every-lower-class,a,accepted,0
corpus/prov6-pos-the-bound-chain-admits-every-lower-class,ap,accepted,0
corpus/prov6-pos-the-bound-chain-admits-every-lower-class,b,accepted,0
corpus/prov6-pos-the-bound-chain-admits-every-lower-class,rows,accepted,0
corpus/prov6-pos-the-bound-chain-admits-every-lower-class,b_rows,accepted,0
corpus/prov6-neg-a-copy-bound-refuses-an-affine-argument,base,Source:PROV-6:LinearityBoundMismatch,1
corpus/prov6-neg-a-copy-bound-refuses-an-affine-argument,off,Source:PROV-6:LinearityBoundMismatch,1
corpus/prov6-neg-a-copy-bound-refuses-an-affine-argument,a,Source:PROV-6:LinearityBoundMismatch,1
corpus/prov6-neg-a-copy-bound-refuses-an-affine-argument,ap,Source:PROV-6:LinearityBoundMismatch,1
corpus/prov6-neg-a-copy-bound-refuses-an-affine-argument,b,Source:PROV-6:LinearityBoundMismatch,1
corpus/prov6-neg-a-copy-bound-refuses-an-affine-argument,rows,Source:PROV-6:LinearityBoundMismatch,1
corpus/prov6-neg-a-copy-bound-refuses-an-affine-argument,b_rows,Source:PROV-6:LinearityBoundMismatch,1
corpus/fn2-pos-the-template-is-the-spelling-authority,base,accepted,0
corpus/fn2-pos-the-template-is-the-spelling-authority,off,accepted,0
corpus/fn2-pos-the-template-is-the-spelling-authority,a,accepted,0
corpus/fn2-pos-the-template-is-the-spelling-authority,ap,accepted,0
corpus/fn2-pos-the-template-is-the-spelling-authority,b,accepted,0
corpus/fn2-pos-the-template-is-the-spelling-authority,rows,accepted,0
corpus/fn2-pos-the-template-is-the-spelling-authority,b_rows,accepted,0
corpus/own1-pos-a-copy-bounded-body-duplicates-its-value,base,accepted,0
corpus/own1-pos-a-copy-bounded-body-duplicates-its-value,off,accepted,0
corpus/own1-pos-a-copy-bounded-body-duplicates-its-value,a,accepted,0
corpus/own1-pos-a-copy-bounded-body-duplicates-its-value,ap,accepted,0
corpus/own1-pos-a-copy-bounded-body-duplicates-its-value,b,accepted,0
corpus/own1-pos-a-copy-bounded-body-duplicates-its-value,rows,accepted,0
corpus/own1-pos-a-copy-bounded-body-duplicates-its-value,b_rows,accepted,0
corpus/prov6-neg-a-linear-bounded-body-drops-its-value,base,Source:PROV-6:LinearValueNotConsumed,1
corpus/prov6-neg-a-linear-bounded-body-drops-its-value,off,Source:PROV-6:LinearValueNotConsumed,1
corpus/prov6-neg-a-linear-bounded-body-drops-its-value,a,Source:PROV-6:LinearValueNotConsumed,1
corpus/prov6-neg-a-linear-bounded-body-drops-its-value,ap,Source:PROV-6:LinearValueNotConsumed,1
corpus/prov6-neg-a-linear-bounded-body-drops-its-value,b,Source:PROV-6:LinearValueNotConsumed,1
corpus/prov6-neg-a-linear-bounded-body-drops-its-value,rows,Source:PROV-6:LinearValueNotConsumed,1
corpus/prov6-neg-a-linear-bounded-body-drops-its-value,b_rows,Source:PROV-6:LinearValueNotConsumed,1
corpus/fn3-pos-bare-type-parameter-without-interface-marker,base,accepted,0
corpus/fn3-pos-bare-type-parameter-without-interface-marker,off,accepted,0
corpus/fn3-pos-bare-type-parameter-without-interface-marker,a,accepted,0
corpus/fn3-pos-bare-type-parameter-without-interface-marker,ap,accepted,0
corpus/fn3-pos-bare-type-parameter-without-interface-marker,b,accepted,0
corpus/fn3-pos-bare-type-parameter-without-interface-marker,rows,accepted,0
corpus/fn3-pos-bare-type-parameter-without-interface-marker,b_rows,accepted,0
corpus/prov6-pos-a-region-argument-names-a-bump-extent,base,accepted,0
corpus/prov6-pos-a-region-argument-names-a-bump-extent,off,accepted,0
corpus/prov6-pos-a-region-argument-names-a-bump-extent,a,accepted,0
corpus/prov6-pos-a-region-argument-names-a-bump-extent,ap,accepted,0
corpus/prov6-pos-a-region-argument-names-a-bump-extent,b,accepted,0
corpus/prov6-pos-a-region-argument-names-a-bump-extent,rows,accepted,0
corpus/prov6-pos-a-region-argument-names-a-bump-extent,b_rows,accepted,0
corpus/liv2-pos-a-set-target-that-declares-its-binding,base,accepted,0
corpus/liv2-pos-a-set-target-that-declares-its-binding,off,accepted,0
corpus/liv2-pos-a-set-target-that-declares-its-binding,a,accepted,0
corpus/liv2-pos-a-set-target-that-declares-its-binding,ap,accepted,0
corpus/liv2-pos-a-set-target-that-declares-its-binding,b,accepted,0
corpus/liv2-pos-a-set-target-that-declares-its-binding,rows,accepted,0
corpus/liv2-pos-a-set-target-that-declares-its-binding,b_rows,accepted,0
corpus/liv2-neg-a-projected-set-target-declares-nothing,base,Source:TYPE-5:UnresolvedUse,1
corpus/liv2-neg-a-projected-set-target-declares-nothing,off,Source:TYPE-5:UnresolvedUse,1
corpus/liv2-neg-a-projected-set-target-declares-nothing,a,Source:TYPE-5:UnresolvedUse,1
corpus/liv2-neg-a-projected-set-target-declares-nothing,ap,Source:TYPE-5:UnresolvedUse,1
corpus/liv2-neg-a-projected-set-target-declares-nothing,b,Source:TYPE-5:UnresolvedUse,1
corpus/liv2-neg-a-projected-set-target-declares-nothing,rows,Source:TYPE-5:UnresolvedUse,1
corpus/liv2-neg-a-projected-set-target-declares-nothing,b_rows,Source:TYPE-5:UnresolvedUse,1
corpus/prov6-pos-tag-only-nodrop-through-unbounded-parameter,base,accepted,0
corpus/prov6-pos-tag-only-nodrop-through-unbounded-parameter,off,accepted,0
corpus/prov6-pos-tag-only-nodrop-through-unbounded-parameter,a,accepted,0
corpus/prov6-pos-tag-only-nodrop-through-unbounded-parameter,ap,accepted,0
corpus/prov6-pos-tag-only-nodrop-through-unbounded-parameter,b,accepted,0
corpus/prov6-pos-tag-only-nodrop-through-unbounded-parameter,rows,accepted,0
corpus/prov6-pos-tag-only-nodrop-through-unbounded-parameter,b_rows,accepted,0
corpus/blk1-pos-a-run-element-is-a-run,base,accepted,0
corpus/blk1-pos-a-run-element-is-a-run,off,accepted,0
corpus/blk1-pos-a-run-element-is-a-run,a,accepted,0
corpus/blk1-pos-a-run-element-is-a-run,ap,accepted,0
corpus/blk1-pos-a-run-element-is-a-run,b,accepted,0
corpus/blk1-pos-a-run-element-is-a-run,rows,accepted,0
corpus/blk1-pos-a-run-element-is-a-run,b_rows,accepted,0
corpus/prov6-pos-a-run-visits-its-window-before-its-backing,base,accepted,0
corpus/prov6-pos-a-run-visits-its-window-before-its-backing,off,accepted,0
corpus/prov6-pos-a-run-visits-its-window-before-its-backing,a,accepted,0
corpus/prov6-pos-a-run-visits-its-window-before-its-backing,ap,accepted,0
corpus/prov6-pos-a-run-visits-its-window-before-its-backing,b,accepted,0
corpus/prov6-pos-a-run-visits-its-window-before-its-backing,rows,accepted,0
corpus/prov6-pos-a-run-visits-its-window-before-its-backing,b_rows,accepted,0
corpus/form8-pos-a-run-element-region-is-determined-by-the-actual,base,accepted,0
corpus/form8-pos-a-run-element-region-is-determined-by-the-actual,off,accepted,0
corpus/form8-pos-a-run-element-region-is-determined-by-the-actual,a,accepted,0
corpus/form8-pos-a-run-element-region-is-determined-by-the-actual,ap,accepted,0
corpus/form8-pos-a-run-element-region-is-determined-by-the-actual,b,accepted,0
corpus/form8-pos-a-run-element-region-is-determined-by-the-actual,rows,accepted,0
corpus/form8-pos-a-run-element-region-is-determined-by-the-actual,b_rows,accepted,0
corpus/own3-pos-two-nominals-name-one-region,base,accepted,0
corpus/own3-pos-two-nominals-name-one-region,off,accepted,0
corpus/own3-pos-two-nominals-name-one-region,a,accepted,0
corpus/own3-pos-two-nominals-name-one-region,ap,accepted,0
corpus/own3-pos-two-nominals-name-one-region,b,accepted,0
corpus/own3-pos-two-nominals-name-one-region,rows,accepted,0
corpus/own3-pos-two-nominals-name-one-region,b_rows,accepted,0
corpus/type2-pos-a-nominal-is-generic-over-its-store,base,accepted,0
corpus/type2-pos-a-nominal-is-generic-over-its-store,off,accepted,0
corpus/type2-pos-a-nominal-is-generic-over-its-store,a,accepted,0
corpus/type2-pos-a-nominal-is-generic-over-its-store,ap,accepted,0
corpus/type2-pos-a-nominal-is-generic-over-its-store,b,accepted,0
corpus/type2-pos-a-nominal-is-generic-over-its-store,rows,accepted,0
corpus/type2-pos-a-nominal-is-generic-over-its-store,b_rows,accepted,0
corpus/type5-neg-two-nominal-instances-at-two-regions,base,Source:TYPE-5:TypeMismatch,1
corpus/type5-neg-two-nominal-instances-at-two-regions,off,Source:TYPE-5:TypeMismatch,1
corpus/type5-neg-two-nominal-instances-at-two-regions,a,Source:TYPE-5:TypeMismatch,1
corpus/type5-neg-two-nominal-instances-at-two-regions,ap,Source:TYPE-5:TypeMismatch,1
corpus/type5-neg-two-nominal-instances-at-two-regions,b,Source:TYPE-5:TypeMismatch,1
corpus/type5-neg-two-nominal-instances-at-two-regions,rows,Source:TYPE-5:TypeMismatch,1
corpus/type5-neg-two-nominal-instances-at-two-regions,b_rows,Source:TYPE-5:TypeMismatch,1
corpus/prov1-neg-two-runs-of-two-stores-at-one-formal-region,base,Source:TYPE-5:TypeMismatch,1
corpus/prov1-neg-two-runs-of-two-stores-at-one-formal-region,off,Source:TYPE-5:TypeMismatch,1
corpus/prov1-neg-two-runs-of-two-stores-at-one-formal-region,a,Source:TYPE-5:TypeMismatch,1
corpus/prov1-neg-two-runs-of-two-stores-at-one-formal-region,ap,Source:TYPE-5:TypeMismatch,1
corpus/prov1-neg-two-runs-of-two-stores-at-one-formal-region,b,Source:TYPE-5:TypeMismatch,1
corpus/prov1-neg-two-runs-of-two-stores-at-one-formal-region,rows,Source:TYPE-5:TypeMismatch,1
corpus/prov1-neg-two-runs-of-two-stores-at-one-formal-region,b_rows,Source:TYPE-5:TypeMismatch,1
corpus/liv2-pos-an-affine-element-read-out-swaps-two-slots,base,accepted,0
corpus/liv2-pos-an-affine-element-read-out-swaps-two-slots,off,accepted,0
corpus/liv2-pos-an-affine-element-read-out-swaps-two-slots,a,accepted,0
corpus/liv2-pos-an-affine-element-read-out-swaps-two-slots,ap,accepted,0
corpus/liv2-pos-an-affine-element-read-out-swaps-two-slots,b,accepted,0
corpus/liv2-pos-an-affine-element-read-out-swaps-two-slots,rows,accepted,0
corpus/liv2-pos-an-affine-element-read-out-swaps-two-slots,b_rows,accepted,0
corpus/type2-neg-an-affine-element-moved-outside-its-own-commit,base,Source:WIN-3:MoveOutOfSlot,1
corpus/type2-neg-an-affine-element-moved-outside-its-own-commit,off,Source:WIN-3:MoveOutOfSlot,1
corpus/type2-neg-an-affine-element-moved-outside-its-own-commit,a,Source:WIN-3:MoveOutOfSlot,1
corpus/type2-neg-an-affine-element-moved-outside-its-own-commit,ap,Source:WIN-3:MoveOutOfSlot,1
corpus/type2-neg-an-affine-element-moved-outside-its-own-commit,b,Source:WIN-3:MoveOutOfSlot,1
corpus/type2-neg-an-affine-element-moved-outside-its-own-commit,rows,Source:WIN-3:MoveOutOfSlot,1
corpus/type2-neg-an-affine-element-moved-outside-its-own-commit,b_rows,Source:WIN-3:MoveOutOfSlot,1
corpus/stor1-neg-an-affine-element-target-with-no-read-out,base,accepted,0
corpus/stor1-neg-an-affine-element-target-with-no-read-out,off,accepted,0
corpus/stor1-neg-an-affine-element-target-with-no-read-out,a,accepted,0
corpus/stor1-neg-an-affine-element-target-with-no-read-out,ap,accepted,0
corpus/stor1-neg-an-affine-element-target-with-no-read-out,b,accepted,0
corpus/stor1-neg-an-affine-element-target-with-no-read-out,rows,accepted,0
corpus/stor1-neg-an-affine-element-target-with-no-read-out,b_rows,accepted,0
corpus/liv2-neg-one-element-target-is-read-out-at-most-once,base,Source:WIN-3:MoveOutOfSlot,1
corpus/liv2-neg-one-element-target-is-read-out-at-most-once,off,Source:WIN-3:MoveOutOfSlot,1
corpus/liv2-neg-one-element-target-is-read-out-at-most-once,a,Source:WIN-3:MoveOutOfSlot,1
corpus/liv2-neg-one-element-target-is-read-out-at-most-once,ap,Source:WIN-3:MoveOutOfSlot,1
corpus/liv2-neg-one-element-target-is-read-out-at-most-once,b,Source:WIN-3:MoveOutOfSlot,1
corpus/liv2-neg-one-element-target-is-read-out-at-most-once,rows,Source:WIN-3:MoveOutOfSlot,1
corpus/liv2-neg-one-element-target-is-read-out-at-most-once,b_rows,Source:WIN-3:MoveOutOfSlot,1
corpus/fn2-neg-two-stores-give-two-result-types,base,Source:TYPE-5:TypeMismatch,1
corpus/fn2-neg-two-stores-give-two-result-types,off,Source:TYPE-5:TypeMismatch,1
corpus/fn2-neg-two-stores-give-two-result-types,a,Source:TYPE-5:TypeMismatch,1
corpus/fn2-neg-two-stores-give-two-result-types,ap,Source:TYPE-5:TypeMismatch,1
corpus/fn2-neg-two-stores-give-two-result-types,b,Source:TYPE-5:TypeMismatch,1
corpus/fn2-neg-two-stores-give-two-result-types,rows,Source:TYPE-5:TypeMismatch,1
corpus/fn2-neg-two-stores-give-two-result-types,b_rows,Source:TYPE-5:TypeMismatch,1
corpus/fn2-pos-a-result-only-region-is-written-at-the-call,base,accepted,0
corpus/fn2-pos-a-result-only-region-is-written-at-the-call,off,accepted,0
corpus/fn2-pos-a-result-only-region-is-written-at-the-call,a,accepted,0
corpus/fn2-pos-a-result-only-region-is-written-at-the-call,ap,accepted,0
corpus/fn2-pos-a-result-only-region-is-written-at-the-call,b,accepted,0
corpus/fn2-pos-a-result-only-region-is-written-at-the-call,rows,accepted,0
corpus/fn2-pos-a-result-only-region-is-written-at-the-call,b_rows,accepted,0
corpus/fn2-pos-a-const-parameter-beside-a-region-parameter,base,accepted,0
corpus/fn2-pos-a-const-parameter-beside-a-region-parameter,off,accepted,0
corpus/fn2-pos-a-const-parameter-beside-a-region-parameter,a,accepted,0
corpus/fn2-pos-a-const-parameter-beside-a-region-parameter,ap,accepted,0
corpus/fn2-pos-a-const-parameter-beside-a-region-parameter,b,accepted,0
corpus/fn2-pos-a-const-parameter-beside-a-region-parameter,rows,accepted,0
corpus/fn2-pos-a-const-parameter-beside-a-region-parameter,b_rows,accepted,0
corpus/op4-neg-a-run-element-read-carries-its-obligation,base,Source:OP-4:UndischargedBoundsObligation,1
corpus/op4-neg-a-run-element-read-carries-its-obligation,off,Source:OP-4:UndischargedBoundsObligation,1
corpus/op4-neg-a-run-element-read-carries-its-obligation,a,Source:OP-4:UndischargedBoundsObligation,1
corpus/op4-neg-a-run-element-read-carries-its-obligation,ap,Source:OP-4:UndischargedBoundsObligation,1
corpus/op4-neg-a-run-element-read-carries-its-obligation,b,Source:OP-4:UndischargedBoundsObligation,1
corpus/op4-neg-a-run-element-read-carries-its-obligation,rows,Source:OP-4:UndischargedBoundsObligation,1
corpus/op4-neg-a-run-element-read-carries-its-obligation,b_rows,Source:OP-4:UndischargedBoundsObligation,1
corpus/op4-pos-a-run-element-read-is-discharged-by-a-published-length,base,accepted,0
corpus/op4-pos-a-run-element-read-is-discharged-by-a-published-length,off,accepted,0
corpus/op4-pos-a-run-element-read-is-discharged-by-a-published-length,a,accepted,0
corpus/op4-pos-a-run-element-read-is-discharged-by-a-published-length,ap,accepted,0
corpus/op4-pos-a-run-element-read-is-discharged-by-a-published-length,b,accepted,0
corpus/op4-pos-a-run-element-read-is-discharged-by-a-published-length,rows,accepted,0
corpus/op4-pos-a-run-element-read-is-discharged-by-a-published-length,b_rows,accepted,0
corpus/msr1-pos-a-measure-over-a-subscripted-place-is-a-term,base,accepted,0
corpus/msr1-pos-a-measure-over-a-subscripted-place-is-a-term,off,accepted,0
corpus/msr1-pos-a-measure-over-a-subscripted-place-is-a-term,a,accepted,0
corpus/msr1-pos-a-measure-over-a-subscripted-place-is-a-term,ap,accepted,0
corpus/msr1-pos-a-measure-over-a-subscripted-place-is-a-term,b,accepted,0
corpus/msr1-pos-a-measure-over-a-subscripted-place-is-a-term,rows,accepted,0
corpus/msr1-pos-a-measure-over-a-subscripted-place-is-a-term,b_rows,accepted,0
corpus/msr1-neg-a-subscript-inside-a-measure-place-owes-its-obligation,base,Source:OP-4:UndischargedBoundsObligation,1
corpus/msr1-neg-a-subscript-inside-a-measure-place-owes-its-obligation,off,Source:OP-4:UndischargedBoundsObligation,1
corpus/msr1-neg-a-subscript-inside-a-measure-place-owes-its-obligation,a,Source:OP-4:UndischargedBoundsObligation,1
corpus/msr1-neg-a-subscript-inside-a-measure-place-owes-its-obligation,ap,Source:OP-4:UndischargedBoundsObligation,1
corpus/msr1-neg-a-subscript-inside-a-measure-place-owes-its-obligation,b,Source:OP-4:UndischargedBoundsObligation,1
corpus/msr1-neg-a-subscript-inside-a-measure-place-owes-its-obligation,rows,Source:OP-4:UndischargedBoundsObligation,1
corpus/msr1-neg-a-subscript-inside-a-measure-place-owes-its-obligation,b_rows,Source:OP-4:UndischargedBoundsObligation,1
corpus/msr2-neg-an-element-store-kills-the-element-s-own-length,base,Source:OP-4:UndischargedBoundsObligation,1
corpus/msr2-neg-an-element-store-kills-the-element-s-own-length,off,Source:OP-4:UndischargedBoundsObligation,1
corpus/msr2-neg-an-element-store-kills-the-element-s-own-length,a,Source:OP-4:UndischargedBoundsObligation,1
corpus/msr2-neg-an-element-store-kills-the-element-s-own-length,ap,Source:OP-4:UndischargedBoundsObligation,1
corpus/msr2-neg-an-element-store-kills-the-element-s-own-length,b,Source:OP-4:UndischargedBoundsObligation,1
corpus/msr2-neg-an-element-store-kills-the-element-s-own-length,rows,Source:OP-4:UndischargedBoundsObligation,1
corpus/msr2-neg-an-element-store-kills-the-element-s-own-length,b_rows,Source:OP-4:UndischargedBoundsObligation,1
corpus/liv2-pos-two-elements-of-two-inner-runs-are-distinct-targets,base,accepted,0
corpus/liv2-pos-two-elements-of-two-inner-runs-are-distinct-targets,off,accepted,0
corpus/liv2-pos-two-elements-of-two-inner-runs-are-distinct-targets,a,accepted,0
corpus/liv2-pos-two-elements-of-two-inner-runs-are-distinct-targets,ap,accepted,0
corpus/liv2-pos-two-elements-of-two-inner-runs-are-distinct-targets,b,accepted,0
corpus/liv2-pos-two-elements-of-two-inner-runs-are-distinct-targets,rows,accepted,0
corpus/liv2-pos-two-elements-of-two-inner-runs-are-distinct-targets,b_rows,accepted,0
corpus/blk0-neg-a-row-does-not-discharge-its-caller-s-obligations,base,Source:OP-4:UndischargedBoundsObligation,1
corpus/blk0-neg-a-row-does-not-discharge-its-caller-s-obligations,off,Source:OP-4:UndischargedBoundsObligation,1
corpus/blk0-neg-a-row-does-not-discharge-its-caller-s-obligations,a,Source:OP-4:UndischargedBoundsObligation,1
corpus/blk0-neg-a-row-does-not-discharge-its-caller-s-obligations,ap,Source:OP-4:UndischargedBoundsObligation,1
corpus/blk0-neg-a-row-does-not-discharge-its-caller-s-obligations,b,Source:OP-4:UndischargedBoundsObligation,1
corpus/blk0-neg-a-row-does-not-discharge-its-caller-s-obligations,rows,Source:OP-4:UndischargedBoundsObligation,1
corpus/blk0-neg-a-row-does-not-discharge-its-caller-s-obligations,b_rows,Source:OP-4:UndischargedBoundsObligation,1
corpus/blk0-neg-the-refusing-formation-row-discharges-nothing-either,base,Source:OP-4:UndischargedBoundsObligation,1
corpus/blk0-neg-the-refusing-formation-row-discharges-nothing-either,off,Source:OP-4:UndischargedBoundsObligation,1
corpus/blk0-neg-the-refusing-formation-row-discharges-nothing-either,a,Source:OP-4:UndischargedBoundsObligation,1
corpus/blk0-neg-the-refusing-formation-row-discharges-nothing-either,ap,Source:OP-4:UndischargedBoundsObligation,1
corpus/blk0-neg-the-refusing-formation-row-discharges-nothing-either,b,Source:OP-4:UndischargedBoundsObligation,1
corpus/blk0-neg-the-refusing-formation-row-discharges-nothing-either,rows,Source:OP-4:UndischargedBoundsObligation,1
corpus/blk0-neg-the-refusing-formation-row-discharges-nothing-either,b_rows,Source:OP-4:UndischargedBoundsObligation,1
corpus/blk0-pos-a-row-s-published-state-is-what-its-caller-holds,base,accepted,0
corpus/blk0-pos-a-row-s-published-state-is-what-its-caller-holds,off,accepted,0
corpus/blk0-pos-a-row-s-published-state-is-what-its-caller-holds,a,accepted,0
corpus/blk0-pos-a-row-s-published-state-is-what-its-caller-holds,ap,accepted,0
corpus/blk0-pos-a-row-s-published-state-is-what-its-caller-holds,b,accepted,0
corpus/blk0-pos-a-row-s-published-state-is-what-its-caller-holds,rows,accepted,0
corpus/blk0-pos-a-row-s-published-state-is-what-its-caller-holds,b_rows,accepted,0
corpus/form8-pos-a-construct-elides-the-region-its-field-determines,base,accepted,0
corpus/form8-pos-a-construct-elides-the-region-its-field-determines,off,accepted,0
corpus/form8-pos-a-construct-elides-the-region-its-field-determines,a,accepted,0
corpus/form8-pos-a-construct-elides-the-region-its-field-determines,ap,accepted,0
corpus/form8-pos-a-construct-elides-the-region-its-field-determines,b,accepted,0
corpus/form8-pos-a-construct-elides-the-region-its-field-determines,rows,accepted,0
corpus/form8-pos-a-construct-elides-the-region-its-field-determines,b_rows,accepted,0
corpus/form8-pos-a-construct-writes-the-region-no-field-determines,base,accepted,0
corpus/form8-pos-a-construct-writes-the-region-no-field-determines,off,accepted,0
corpus/form8-pos-a-construct-writes-the-region-no-field-determines,a,accepted,0
corpus/form8-pos-a-construct-writes-the-region-no-field-determines,ap,accepted,0
corpus/form8-pos-a-construct-writes-the-region-no-field-determines,b,accepted,0
corpus/form8-pos-a-construct-writes-the-region-no-field-determines,rows,accepted,0
corpus/form8-pos-a-construct-writes-the-region-no-field-determines,b_rows,accepted,0
corpus/inv1-pos-a-subscript-inside-an-invariant-s-measure-place,base,accepted,0
corpus/inv1-pos-a-subscript-inside-an-invariant-s-measure-place,off,accepted,0
corpus/inv1-pos-a-subscript-inside-an-invariant-s-measure-place,a,accepted,0
corpus/inv1-pos-a-subscript-inside-an-invariant-s-measure-place,ap,accepted,0
corpus/inv1-pos-a-subscript-inside-an-invariant-s-measure-place,b,accepted,0
corpus/inv1-pos-a-subscript-inside-an-invariant-s-measure-place,rows,accepted,0
corpus/inv1-pos-a-subscript-inside-an-invariant-s-measure-place,b_rows,accepted,0
corpus/inv1-neg-a-subscript-inside-an-invariant-owes-its-bound,base,Source:OP-4:UndischargedBoundsObligation,1
corpus/inv1-neg-a-subscript-inside-an-invariant-owes-its-bound,off,Source:OP-4:UndischargedBoundsObligation,1
corpus/inv1-neg-a-subscript-inside-an-invariant-owes-its-bound,a,Source:OP-4:UndischargedBoundsObligation,1
corpus/inv1-neg-a-subscript-inside-an-invariant-owes-its-bound,ap,Source:OP-4:UndischargedBoundsObligation,1
corpus/inv1-neg-a-subscript-inside-an-invariant-owes-its-bound,b,Source:OP-4:UndischargedBoundsObligation,1
corpus/inv1-neg-a-subscript-inside-an-invariant-owes-its-bound,rows,Source:OP-4:UndischargedBoundsObligation,1
corpus/inv1-neg-a-subscript-inside-an-invariant-owes-its-bound,b_rows,Source:OP-4:UndischargedBoundsObligation,1
corpus/blk0-pos-a-routed-row-publishes-its-payload-on-the-some-arm,base,accepted,0
corpus/blk0-pos-a-routed-row-publishes-its-payload-on-the-some-arm,off,accepted,0
corpus/blk0-pos-a-routed-row-publishes-its-payload-on-the-some-arm,a,accepted,0
corpus/blk0-pos-a-routed-row-publishes-its-payload-on-the-some-arm,ap,accepted,0
corpus/blk0-pos-a-routed-row-publishes-its-payload-on-the-some-arm,b,accepted,0
corpus/blk0-pos-a-routed-row-publishes-its-payload-on-the-some-arm,rows,accepted,0
corpus/blk0-pos-a-routed-row-publishes-its-payload-on-the-some-arm,b_rows,accepted,0
corpus/blk0-pos-the-none-arm-knows-the-store-was-not-advanced,base,accepted,0
corpus/blk0-pos-the-none-arm-knows-the-store-was-not-advanced,off,accepted,0
corpus/blk0-pos-the-none-arm-knows-the-store-was-not-advanced,a,accepted,0
corpus/blk0-pos-the-none-arm-knows-the-store-was-not-advanced,ap,accepted,0
corpus/blk0-pos-the-none-arm-knows-the-store-was-not-advanced,b,accepted,0
corpus/blk0-pos-the-none-arm-knows-the-store-was-not-advanced,rows,accepted,0
corpus/blk0-pos-the-none-arm-knows-the-store-was-not-advanced,b_rows,accepted,0
corpus/blk0-neg-the-none-arm-refutes-the-take-that-refused,base,Source:FN-8:UndischargedCallRequirement,1
corpus/blk0-neg-the-none-arm-refutes-the-take-that-refused,off,Source:FN-8:UndischargedCallRequirement,1
corpus/blk0-neg-the-none-arm-refutes-the-take-that-refused,a,Source:FN-8:UndischargedCallRequirement,1
corpus/blk0-neg-the-none-arm-refutes-the-take-that-refused,ap,Source:FN-8:UndischargedCallRequirement,1
corpus/blk0-neg-the-none-arm-refutes-the-take-that-refused,b,Source:FN-8:UndischargedCallRequirement,1
corpus/blk0-neg-the-none-arm-refutes-the-take-that-refused,rows,Source:FN-8:UndischargedCallRequirement,1
corpus/blk0-neg-the-none-arm-refutes-the-take-that-refused,b_rows,Source:FN-8:UndischargedCallRequirement,1
corpus/blk0-pos-the-some-arm-publishes-the-store-s-own-advance,base,accepted,0
corpus/blk0-pos-the-some-arm-publishes-the-store-s-own-advance,off,accepted,0
corpus/blk0-pos-the-some-arm-publishes-the-store-s-own-advance,a,accepted,0
corpus/blk0-pos-the-some-arm-publishes-the-store-s-own-advance,ap,accepted,0
corpus/blk0-pos-the-some-arm-publishes-the-store-s-own-advance,b,accepted,0
corpus/blk0-pos-the-some-arm-publishes-the-store-s-own-advance,rows,accepted,0
corpus/blk0-pos-the-some-arm-publishes-the-store-s-own-advance,b_rows,accepted,0
corpus/blk0-neg-the-some-arm-s-advance-bounds-the-next-take,base,Source:FN-8:UndischargedCallRequirement,1
corpus/blk0-neg-the-some-arm-s-advance-bounds-the-next-take,off,Source:FN-8:UndischargedCallRequirement,1
corpus/blk0-neg-the-some-arm-s-advance-bounds-the-next-take,a,Source:FN-8:UndischargedCallRequirement,1
corpus/blk0-neg-the-some-arm-s-advance-bounds-the-next-take,ap,Source:FN-8:UndischargedCallRequirement,1
corpus/blk0-neg-the-some-arm-s-advance-bounds-the-next-take,b,Source:FN-8:UndischargedCallRequirement,1
corpus/blk0-neg-the-some-arm-s-advance-bounds-the-next-take,rows,Source:FN-8:UndischargedCallRequirement,1
corpus/blk0-neg-the-some-arm-s-advance-bounds-the-next-take,b_rows,Source:FN-8:UndischargedCallRequirement,1
corpus/msr3-pos-a-set-target-carries-the-value-s-measures,base,accepted,0
corpus/msr3-pos-a-set-target-carries-the-value-s-measures,off,accepted,0
corpus/msr3-pos-a-set-target-carries-the-value-s-measures,a,accepted,0
corpus/msr3-pos-a-set-target-carries-the-value-s-measures,ap,accepted,0
corpus/msr3-pos-a-set-target-carries-the-value-s-measures,b,accepted,0
corpus/msr3-pos-a-set-target-carries-the-value-s-measures,rows,accepted,0
corpus/msr3-pos-a-set-target-carries-the-value-s-measures,b_rows,accepted,0
corpus/msr3-pos-a-construct-field-and-its-destructuring-carry-the-measures,base,accepted,0
corpus/msr3-pos-a-construct-field-and-its-destructuring-carry-the-measures,off,accepted,0
corpus/msr3-pos-a-construct-field-and-its-destructuring-carry-the-measures,a,accepted,0
corpus/msr3-pos-a-construct-field-and-its-destructuring-carry-the-measures,ap,accepted,0
corpus/msr3-pos-a-construct-field-and-its-destructuring-carry-the-measures,b,accepted,0
corpus/msr3-pos-a-construct-field-and-its-destructuring-carry-the-measures,rows,accepted,0
corpus/msr3-pos-a-construct-field-and-its-destructuring-carry-the-measures,b_rows,accepted,0
corpus/msr3-pos-a-construct-carries-a-measure-two-levels-down,base,accepted,0
corpus/msr3-pos-a-construct-carries-a-measure-two-levels-down,off,accepted,0
corpus/msr3-pos-a-construct-carries-a-measure-two-levels-down,a,accepted,0
corpus/msr3-pos-a-construct-carries-a-measure-two-levels-down,ap,accepted,0
corpus/msr3-pos-a-construct-carries-a-measure-two-levels-down,b,accepted,0
corpus/msr3-pos-a-construct-carries-a-measure-two-levels-down,rows,accepted,0
corpus/msr3-pos-a-construct-carries-a-measure-two-levels-down,b_rows,accepted,0
corpus/msr3-pos-owned-descendant-measures,base,accepted,0
corpus/msr3-pos-owned-descendant-measures,off,accepted,0
corpus/msr3-pos-owned-descendant-measures,a,accepted,0
corpus/msr3-pos-owned-descendant-measures,ap,accepted,0
corpus/msr3-pos-owned-descendant-measures,b,accepted,0
corpus/msr3-pos-owned-descendant-measures,rows,accepted,0
corpus/msr3-pos-owned-descendant-measures,b_rows,accepted,0
corpus/msr3-neg-replaced-owned-descendant-measure,base,Source:OP-4:UndischargedBoundsObligation,1
corpus/msr3-neg-replaced-owned-descendant-measure,off,Source:OP-4:UndischargedBoundsObligation,1
corpus/msr3-neg-replaced-owned-descendant-measure,a,Source:OP-4:UndischargedBoundsObligation,1
corpus/msr3-neg-replaced-owned-descendant-measure,ap,Source:OP-4:UndischargedBoundsObligation,1
corpus/msr3-neg-replaced-owned-descendant-measure,b,Source:OP-4:UndischargedBoundsObligation,1
corpus/msr3-neg-replaced-owned-descendant-measure,rows,Source:OP-4:UndischargedBoundsObligation,1
corpus/msr3-neg-replaced-owned-descendant-measure,b_rows,Source:OP-4:UndischargedBoundsObligation,1
corpus/msr3-pos-an-element-position-keeps-the-value-put-into-it,base,accepted,0
corpus/msr3-pos-an-element-position-keeps-the-value-put-into-it,off,accepted,0
corpus/msr3-pos-an-element-position-keeps-the-value-put-into-it,a,accepted,0
corpus/msr3-pos-an-element-position-keeps-the-value-put-into-it,ap,accepted,0
corpus/msr3-pos-an-element-position-keeps-the-value-put-into-it,b,accepted,0
corpus/msr3-pos-an-element-position-keeps-the-value-put-into-it,rows,accepted,0
corpus/msr3-pos-an-element-position-keeps-the-value-put-into-it,b_rows,accepted,0
corpus/msr3-neg-one-element-position-is-not-another,base,Source:OP-4:UndischargedBoundsObligation,1
corpus/msr3-neg-one-element-position-is-not-another,off,Source:OP-4:UndischargedBoundsObligation,1
corpus/msr3-neg-one-element-position-is-not-another,a,Source:OP-4:UndischargedBoundsObligation,1
corpus/msr3-neg-one-element-position-is-not-another,ap,Source:OP-4:UndischargedBoundsObligation,1
corpus/msr3-neg-one-element-position-is-not-another,b,Source:OP-4:UndischargedBoundsObligation,1
corpus/msr3-neg-one-element-position-is-not-another,rows,Source:OP-4:UndischargedBoundsObligation,1
corpus/msr3-neg-one-element-position-is-not-another,b_rows,Source:OP-4:UndischargedBoundsObligation,1
corpus/msr3-neg-a-rebind-carries-the-run-and-not-its-elements,base,Source:FN-8:UndischargedCallRequirement,1
corpus/msr3-neg-a-rebind-carries-the-run-and-not-its-elements,off,Source:FN-8:UndischargedCallRequirement,1
corpus/msr3-neg-a-rebind-carries-the-run-and-not-its-elements,a,Source:FN-8:UndischargedCallRequirement,1
corpus/msr3-neg-a-rebind-carries-the-run-and-not-its-elements,ap,Source:FN-8:UndischargedCallRequirement,1
corpus/msr3-neg-a-rebind-carries-the-run-and-not-its-elements,b,Source:FN-8:UndischargedCallRequirement,1
corpus/msr3-neg-a-rebind-carries-the-run-and-not-its-elements,rows,Source:FN-8:UndischargedCallRequirement,1
corpus/msr3-neg-a-rebind-carries-the-run-and-not-its-elements,b_rows,Source:FN-8:UndischargedCallRequirement,1
corpus/msr3-neg-a-boundary-row-carries-no-measure-through-the-slot,base,Source:FN-8:UndischargedCallRequirement,1
corpus/msr3-neg-a-boundary-row-carries-no-measure-through-the-slot,off,Source:FN-8:UndischargedCallRequirement,1
corpus/msr3-neg-a-boundary-row-carries-no-measure-through-the-slot,a,Source:FN-8:UndischargedCallRequirement,1
corpus/msr3-neg-a-boundary-row-carries-no-measure-through-the-slot,ap,Source:FN-8:UndischargedCallRequirement,1
corpus/msr3-neg-a-boundary-row-carries-no-measure-through-the-slot,b,Source:FN-8:UndischargedCallRequirement,1
corpus/msr3-neg-a-boundary-row-carries-no-measure-through-the-slot,rows,Source:FN-8:UndischargedCallRequirement,1
corpus/msr3-neg-a-boundary-row-carries-no-measure-through-the-slot,b_rows,Source:FN-8:UndischargedCallRequirement,1
corpus/msr3-pos-a-payload-binder-carries-the-payload-s-measures,base,accepted,0
corpus/msr3-pos-a-payload-binder-carries-the-payload-s-measures,off,accepted,0
corpus/msr3-pos-a-payload-binder-carries-the-payload-s-measures,a,accepted,0
corpus/msr3-pos-a-payload-binder-carries-the-payload-s-measures,ap,accepted,0
corpus/msr3-pos-a-payload-binder-carries-the-payload-s-measures,b,accepted,0
corpus/msr3-pos-a-payload-binder-carries-the-payload-s-measures,rows,accepted,0
corpus/msr3-pos-a-payload-binder-carries-the-payload-s-measures,b_rows,accepted,0
corpus/msr3-neg-a-two-payload-enum-has-no-payload-place,base,accepted,0
corpus/msr3-neg-a-two-payload-enum-has-no-payload-place,off,accepted,0
corpus/msr3-neg-a-two-payload-enum-has-no-payload-place,a,accepted,0
corpus/msr3-neg-a-two-payload-enum-has-no-payload-place,ap,accepted,0
corpus/msr3-neg-a-two-payload-enum-has-no-payload-place,b,accepted,0
corpus/msr3-neg-a-two-payload-enum-has-no-payload-place,rows,accepted,0
corpus/msr3-neg-a-two-payload-enum-has-no-payload-place,b_rows,accepted,0
corpus/view1-pos-an-element-write-through-an-exclusive-view,base,accepted,0
corpus/view1-pos-an-element-write-through-an-exclusive-view,off,accepted,0
corpus/view1-pos-an-element-write-through-an-exclusive-view,a,accepted,0
corpus/view1-pos-an-element-write-through-an-exclusive-view,ap,accepted,0
corpus/view1-pos-an-element-write-through-an-exclusive-view,b,accepted,0
corpus/view1-pos-an-element-write-through-an-exclusive-view,rows,accepted,0
corpus/view1-pos-an-element-write-through-an-exclusive-view,b_rows,accepted,0
corpus/view1-neg-an-element-write-through-a-shared-view,base,Source:SET-1:InvalidSetTarget,1
corpus/view1-neg-an-element-write-through-a-shared-view,off,Source:SET-1:InvalidSetTarget,1
corpus/view1-neg-an-element-write-through-a-shared-view,a,Source:SET-1:InvalidSetTarget,1
corpus/view1-neg-an-element-write-through-a-shared-view,ap,Source:SET-1:InvalidSetTarget,1
corpus/view1-neg-an-element-write-through-a-shared-view,b,Source:SET-1:InvalidSetTarget,1
corpus/view1-neg-an-element-write-through-a-shared-view,rows,Source:SET-1:InvalidSetTarget,1
corpus/view1-neg-an-element-write-through-a-shared-view,b_rows,Source:SET-1:InvalidSetTarget,1
corpus/view2-neg-an-exclusive-view-takes-a-unique-borrow,base,Source:TYPE-5:TypeMismatch,1
corpus/view2-neg-an-exclusive-view-takes-a-unique-borrow,off,Source:TYPE-5:TypeMismatch,1
corpus/view2-neg-an-exclusive-view-takes-a-unique-borrow,a,Source:TYPE-5:TypeMismatch,1
corpus/view2-neg-an-exclusive-view-takes-a-unique-borrow,ap,Source:TYPE-5:TypeMismatch,1
corpus/view2-neg-an-exclusive-view-takes-a-unique-borrow,b,Source:TYPE-5:TypeMismatch,1
corpus/view2-neg-an-exclusive-view-takes-a-unique-borrow,rows,Source:TYPE-5:TypeMismatch,1
corpus/view2-neg-an-exclusive-view-takes-a-unique-borrow,b_rows,Source:TYPE-5:TypeMismatch,1
corpus/view2-neg-an-exclusive-view-of-a-named-const,base,Source:CONST-2:ImmutableSetTarget,1
corpus/view2-neg-an-exclusive-view-of-a-named-const,off,Source:CONST-2:ImmutableSetTarget,1
corpus/view2-neg-an-exclusive-view-of-a-named-const,a,Source:CONST-2:ImmutableSetTarget,1
corpus/view2-neg-an-exclusive-view-of-a-named-const,ap,Source:CONST-2:ImmutableSetTarget,1
corpus/view2-neg-an-exclusive-view-of-a-named-const,b,Source:CONST-2:ImmutableSetTarget,1
corpus/view2-neg-an-exclusive-view-of-a-named-const,rows,Source:CONST-2:ImmutableSetTarget,1
corpus/view2-neg-an-exclusive-view-of-a-named-const,b_rows,Source:CONST-2:ImmutableSetTarget,1
corpus/view2-pos-an-exclusive-view-over-an-array,base,accepted,0
corpus/view2-pos-an-exclusive-view-over-an-array,off,accepted,0
corpus/view2-pos-an-exclusive-view-over-an-array,a,accepted,0
corpus/view2-pos-an-exclusive-view-over-an-array,ap,accepted,0
corpus/view2-pos-an-exclusive-view-over-an-array,b,accepted,0
corpus/view2-pos-an-exclusive-view-over-an-array,rows,accepted,0
corpus/view2-pos-an-exclusive-view-over-an-array,b_rows,accepted,0
corpus/view1-pos-a-shared-view-is-used-twice-without-move,base,accepted,0
corpus/view1-pos-a-shared-view-is-used-twice-without-move,off,accepted,0
corpus/view1-pos-a-shared-view-is-used-twice-without-move,a,accepted,0
corpus/view1-pos-a-shared-view-is-used-twice-without-move,ap,accepted,0
corpus/view1-pos-a-shared-view-is-used-twice-without-move,b,accepted,0
corpus/view1-pos-a-shared-view-is-used-twice-without-move,rows,accepted,0
corpus/view1-pos-a-shared-view-is-used-twice-without-move,b_rows,accepted,0
corpus/view1-neg-a-move-of-a-shared-view,base,Source:OWN-1:MoveOfCopy,1
corpus/view1-neg-a-move-of-a-shared-view,off,Source:OWN-1:MoveOfCopy,1
corpus/view1-neg-a-move-of-a-shared-view,a,Source:OWN-1:MoveOfCopy,1
corpus/view1-neg-a-move-of-a-shared-view,ap,Source:OWN-1:MoveOfCopy,1
corpus/view1-neg-a-move-of-a-shared-view,b,Source:OWN-1:MoveOfCopy,1
corpus/view1-neg-a-move-of-a-shared-view,rows,Source:OWN-1:MoveOfCopy,1
corpus/view1-neg-a-move-of-a-shared-view,b_rows,Source:OWN-1:MoveOfCopy,1
corpus/prov3-neg-an-append-while-a-copy-view-is-still-used,base,Source:REF-2:InvalidReferenceUse,1
corpus/prov3-neg-an-append-while-a-copy-view-is-still-used,off,Source:REF-2:InvalidReferenceUse,1
corpus/prov3-neg-an-append-while-a-copy-view-is-still-used,a,Source:REF-2:InvalidReferenceUse,1
corpus/prov3-neg-an-append-while-a-copy-view-is-still-used,ap,Source:REF-2:InvalidReferenceUse,1
corpus/prov3-neg-an-append-while-a-copy-view-is-still-used,b,Source:REF-2:InvalidReferenceUse,1
corpus/prov3-neg-an-append-while-a-copy-view-is-still-used,rows,Source:REF-2:InvalidReferenceUse,1
corpus/prov3-neg-an-append-while-a-copy-view-is-still-used,b_rows,Source:REF-2:InvalidReferenceUse,1
corpus/view2-pos-a-view-over-a-run,base,accepted,0
corpus/view2-pos-a-view-over-a-run,off,accepted,0
corpus/view2-pos-a-view-over-a-run,a,accepted,0
corpus/view2-pos-a-view-over-a-run,ap,accepted,0
corpus/view2-pos-a-view-over-a-run,b,accepted,0
corpus/view2-pos-a-view-over-a-run,rows,accepted,0
corpus/view2-pos-a-view-over-a-run,b_rows,accepted,0
corpus/blk0-neg-a-view-over-a-wrapped-run,base,Source:REF-4:RangeOverRing,1
corpus/blk0-neg-a-view-over-a-wrapped-run,off,Source:REF-4:RangeOverRing,1
corpus/blk0-neg-a-view-over-a-wrapped-run,a,Source:REF-4:RangeOverRing,1
corpus/blk0-neg-a-view-over-a-wrapped-run,ap,Source:REF-4:RangeOverRing,1
corpus/blk0-neg-a-view-over-a-wrapped-run,b,Source:REF-4:RangeOverRing,1
corpus/blk0-neg-a-view-over-a-wrapped-run,rows,Source:REF-4:RangeOverRing,1
corpus/blk0-neg-a-view-over-a-wrapped-run,b_rows,Source:REF-4:RangeOverRing,1
corpus/view2-pos-an-exclusive-view-over-a-run,base,accepted,0
corpus/view2-pos-an-exclusive-view-over-a-run,off,accepted,0
corpus/view2-pos-an-exclusive-view-over-a-run,a,accepted,0
corpus/view2-pos-an-exclusive-view-over-a-run,ap,accepted,0
corpus/view2-pos-an-exclusive-view-over-a-run,b,accepted,0
corpus/view2-pos-an-exclusive-view-over-a-run,rows,accepted,0
corpus/view2-pos-an-exclusive-view-over-a-run,b_rows,accepted,0
corpus/blk4-pos-a-unique-parameter-reaches-a-run,base,accepted,0
corpus/blk4-pos-a-unique-parameter-reaches-a-run,off,accepted,0
corpus/blk4-pos-a-unique-parameter-reaches-a-run,a,accepted,0
corpus/blk4-pos-a-unique-parameter-reaches-a-run,ap,accepted,0
corpus/blk4-pos-a-unique-parameter-reaches-a-run,b,accepted,0
corpus/blk4-pos-a-unique-parameter-reaches-a-run,rows,accepted,0
corpus/blk4-pos-a-unique-parameter-reaches-a-run,b_rows,accepted,0
corpus/blk4-pos-a-unique-parameter-reaches-a-type-parameter,base,accepted,0
corpus/blk4-pos-a-unique-parameter-reaches-a-type-parameter,off,accepted,0
corpus/blk4-pos-a-unique-parameter-reaches-a-type-parameter,a,accepted,0
corpus/blk4-pos-a-unique-parameter-reaches-a-type-parameter,ap,accepted,0
corpus/blk4-pos-a-unique-parameter-reaches-a-type-parameter,b,accepted,0
corpus/blk4-pos-a-unique-parameter-reaches-a-type-parameter,rows,accepted,0
corpus/blk4-pos-a-unique-parameter-reaches-a-type-parameter,b_rows,accepted,0
corpus/fn7-pos-the-entry-receives-the-general-store,base,accepted,0
corpus/fn7-pos-the-entry-receives-the-general-store,off,accepted,0
corpus/fn7-pos-the-entry-receives-the-general-store,a,accepted,0
corpus/fn7-pos-the-entry-receives-the-general-store,ap,accepted,0
corpus/fn7-pos-the-entry-receives-the-general-store,b,accepted,0
corpus/fn7-pos-the-entry-receives-the-general-store,rows,accepted,0
corpus/fn7-pos-the-entry-receives-the-general-store,b_rows,accepted,0
corpus/prov6-neg-a-store-backed-run-reaches-an-exit-without-the-capability,base,Source:PROV-6:LinearValueNotConsumed,1
corpus/prov6-neg-a-store-backed-run-reaches-an-exit-without-the-capability,off,Source:PROV-6:LinearValueNotConsumed,1
corpus/prov6-neg-a-store-backed-run-reaches-an-exit-without-the-capability,a,Source:PROV-6:LinearValueNotConsumed,1
corpus/prov6-neg-a-store-backed-run-reaches-an-exit-without-the-capability,ap,Source:PROV-6:LinearValueNotConsumed,1
corpus/prov6-neg-a-store-backed-run-reaches-an-exit-without-the-capability,b,Source:PROV-6:LinearValueNotConsumed,1
corpus/prov6-neg-a-store-backed-run-reaches-an-exit-without-the-capability,rows,Source:PROV-6:LinearValueNotConsumed,1
corpus/prov6-neg-a-store-backed-run-reaches-an-exit-without-the-capability,b_rows,Source:PROV-6:LinearValueNotConsumed,1
corpus/prov6-pos-a-scope-holding-the-provider-takes-the-derived-release,base,accepted,0
corpus/prov6-pos-a-scope-holding-the-provider-takes-the-derived-release,off,accepted,0
corpus/prov6-pos-a-scope-holding-the-provider-takes-the-derived-release,a,accepted,0
corpus/prov6-pos-a-scope-holding-the-provider-takes-the-derived-release,ap,accepted,0
corpus/prov6-pos-a-scope-holding-the-provider-takes-the-derived-release,b,accepted,0
corpus/prov6-pos-a-scope-holding-the-provider-takes-the-derived-release,rows,accepted,0
corpus/prov6-pos-a-scope-holding-the-provider-takes-the-derived-release,b_rows,accepted,0
corpus/prov6-pos-an-early-release-of-a-store-backed-run,base,accepted,0
corpus/prov6-pos-an-early-release-of-a-store-backed-run,off,accepted,0
corpus/prov6-pos-an-early-release-of-a-store-backed-run,a,accepted,0
corpus/prov6-pos-an-early-release-of-a-store-backed-run,ap,accepted,0
corpus/prov6-pos-an-early-release-of-a-store-backed-run,b,accepted,0
corpus/prov6-pos-an-early-release-of-a-store-backed-run,rows,accepted,0
corpus/prov6-pos-an-early-release-of-a-store-backed-run,b_rows,accepted,0
corpus/prov6-neg-a-dispose-with-no-provider-in-scope,base,Source:PROV-6:LinearValueNotConsumed,1
corpus/prov6-neg-a-dispose-with-no-provider-in-scope,off,Source:PROV-6:LinearValueNotConsumed,1
corpus/prov6-neg-a-dispose-with-no-provider-in-scope,a,Source:PROV-6:LinearValueNotConsumed,1
corpus/prov6-neg-a-dispose-with-no-provider-in-scope,ap,Source:PROV-6:LinearValueNotConsumed,1
corpus/prov6-neg-a-dispose-with-no-provider-in-scope,b,Source:PROV-6:LinearValueNotConsumed,1
corpus/prov6-neg-a-dispose-with-no-provider-in-scope,rows,Source:PROV-6:LinearValueNotConsumed,1
corpus/prov6-neg-a-dispose-with-no-provider-in-scope,b_rows,Source:PROV-6:LinearValueNotConsumed,1
corpus/blk4-neg-a-field-branded-to-a-heap-the-unit-cannot-reach,base,accepted,0
corpus/blk4-neg-a-field-branded-to-a-heap-the-unit-cannot-reach,off,accepted,0
corpus/blk4-neg-a-field-branded-to-a-heap-the-unit-cannot-reach,a,accepted,0
corpus/blk4-neg-a-field-branded-to-a-heap-the-unit-cannot-reach,ap,accepted,0
corpus/blk4-neg-a-field-branded-to-a-heap-the-unit-cannot-reach,b,accepted,0
corpus/blk4-neg-a-field-branded-to-a-heap-the-unit-cannot-reach,rows,accepted,0
corpus/blk4-neg-a-field-branded-to-a-heap-the-unit-cannot-reach,b_rows,accepted,0
corpus/s39-pos-a-cell-holds-one-value-at-the-general-store,base,accepted,0
corpus/s39-pos-a-cell-holds-one-value-at-the-general-store,off,accepted,0
corpus/s39-pos-a-cell-holds-one-value-at-the-general-store,a,accepted,0
corpus/s39-pos-a-cell-holds-one-value-at-the-general-store,ap,accepted,0
corpus/s39-pos-a-cell-holds-one-value-at-the-general-store,b,accepted,0
corpus/s39-pos-a-cell-holds-one-value-at-the-general-store,rows,accepted,0
corpus/s39-pos-a-cell-holds-one-value-at-the-general-store,b_rows,accepted,0
corpus/s39-pos-a-cell-at-a-bump-extent-reclaims-with-its-region,base,accepted,0
corpus/s39-pos-a-cell-at-a-bump-extent-reclaims-with-its-region,off,accepted,0
corpus/s39-pos-a-cell-at-a-bump-extent-reclaims-with-its-region,a,accepted,0
corpus/s39-pos-a-cell-at-a-bump-extent-reclaims-with-its-region,ap,accepted,0
corpus/s39-pos-a-cell-at-a-bump-extent-reclaims-with-its-region,b,accepted,0
corpus/s39-pos-a-cell-at-a-bump-extent-reclaims-with-its-region,rows,accepted,0
corpus/s39-pos-a-cell-at-a-bump-extent-reclaims-with-its-region,b_rows,accepted,0
corpus/s39-neg-a-cell-reaches-an-exit-without-the-capability,base,Source:PROV-6:LinearValueNotConsumed,1
corpus/s39-neg-a-cell-reaches-an-exit-without-the-capability,off,Source:PROV-6:LinearValueNotConsumed,1
corpus/s39-neg-a-cell-reaches-an-exit-without-the-capability,a,Source:PROV-6:LinearValueNotConsumed,1
corpus/s39-neg-a-cell-reaches-an-exit-without-the-capability,ap,Source:PROV-6:LinearValueNotConsumed,1
corpus/s39-neg-a-cell-reaches-an-exit-without-the-capability,b,Source:PROV-6:LinearValueNotConsumed,1
corpus/s39-neg-a-cell-reaches-an-exit-without-the-capability,rows,Source:PROV-6:LinearValueNotConsumed,1
corpus/s39-neg-a-cell-reaches-an-exit-without-the-capability,b_rows,Source:PROV-6:LinearValueNotConsumed,1
corpus/op9-neg-kernel-acquisition-without-a-fit-proof,base,Source:OP-9:UndischargedAllocationFitObligation,1
corpus/op9-neg-kernel-acquisition-without-a-fit-proof,off,Source:OP-9:UndischargedAllocationFitObligation,1
corpus/op9-neg-kernel-acquisition-without-a-fit-proof,a,Source:OP-9:UndischargedAllocationFitObligation,1
corpus/op9-neg-kernel-acquisition-without-a-fit-proof,ap,Source:OP-9:UndischargedAllocationFitObligation,1
corpus/op9-neg-kernel-acquisition-without-a-fit-proof,b,Source:OP-9:UndischargedAllocationFitObligation,1
corpus/op9-neg-kernel-acquisition-without-a-fit-proof,rows,Source:OP-9:UndischargedAllocationFitObligation,1
corpus/op9-neg-kernel-acquisition-without-a-fit-proof,b_rows,Source:OP-9:UndischargedAllocationFitObligation,1
corpus/op9-pos-kernel-acquisition-with-a-fit-proof,base,accepted,0
corpus/op9-pos-kernel-acquisition-with-a-fit-proof,off,accepted,0
corpus/op9-pos-kernel-acquisition-with-a-fit-proof,a,accepted,0
corpus/op9-pos-kernel-acquisition-with-a-fit-proof,ap,accepted,0
corpus/op9-pos-kernel-acquisition-with-a-fit-proof,b,accepted,0
corpus/op9-pos-kernel-acquisition-with-a-fit-proof,rows,accepted,0
corpus/op9-pos-kernel-acquisition-with-a-fit-proof,b_rows,accepted,0
corpus/blk4-pos-a-shared-borrow-of-a-run-parameter,base,accepted,0
corpus/blk4-pos-a-shared-borrow-of-a-run-parameter,off,accepted,0
corpus/blk4-pos-a-shared-borrow-of-a-run-parameter,a,accepted,0
corpus/blk4-pos-a-shared-borrow-of-a-run-parameter,ap,accepted,0
corpus/blk4-pos-a-shared-borrow-of-a-run-parameter,b,accepted,0
corpus/blk4-pos-a-shared-borrow-of-a-run-parameter,rows,accepted,0
corpus/blk4-pos-a-shared-borrow-of-a-run-parameter,b_rows,accepted,0
corpus/blk4-pos-a-run-reached-through-a-shared-borrow-of-a-nominal,base,accepted,0
corpus/blk4-pos-a-run-reached-through-a-shared-borrow-of-a-nominal,off,accepted,0
corpus/blk4-pos-a-run-reached-through-a-shared-borrow-of-a-nominal,a,accepted,0
corpus/blk4-pos-a-run-reached-through-a-shared-borrow-of-a-nominal,ap,accepted,0
corpus/blk4-pos-a-run-reached-through-a-shared-borrow-of-a-nominal,b,accepted,0
corpus/blk4-pos-a-run-reached-through-a-shared-borrow-of-a-nominal,rows,accepted,0
corpus/blk4-pos-a-run-reached-through-a-shared-borrow-of-a-nominal,b_rows,accepted,0
corpus/blk4-pos-a-reference-holder-over-a-store-resident-run,base,accepted,0
corpus/blk4-pos-a-reference-holder-over-a-store-resident-run,off,accepted,0
corpus/blk4-pos-a-reference-holder-over-a-store-resident-run,a,accepted,0
corpus/blk4-pos-a-reference-holder-over-a-store-resident-run,ap,accepted,0
corpus/blk4-pos-a-reference-holder-over-a-store-resident-run,b,accepted,0
corpus/blk4-pos-a-reference-holder-over-a-store-resident-run,rows,accepted,0
corpus/blk4-pos-a-reference-holder-over-a-store-resident-run,b_rows,accepted,0
corpus/type7-neg-a-run-holder-written-where-the-run-is-required,base,Source:TYPE-5:TypeMismatch,1
corpus/type7-neg-a-run-holder-written-where-the-run-is-required,off,Source:TYPE-5:TypeMismatch,1
corpus/type7-neg-a-run-holder-written-where-the-run-is-required,a,Source:TYPE-5:TypeMismatch,1
corpus/type7-neg-a-run-holder-written-where-the-run-is-required,ap,Source:TYPE-5:TypeMismatch,1
corpus/type7-neg-a-run-holder-written-where-the-run-is-required,b,Source:TYPE-5:TypeMismatch,1
corpus/type7-neg-a-run-holder-written-where-the-run-is-required,rows,Source:TYPE-5:TypeMismatch,1
corpus/type7-neg-a-run-holder-written-where-the-run-is-required,b_rows,Source:TYPE-5:TypeMismatch,1
corpus/fn9-pos-a-measure-reader-in-return-position-over-a-run,base,accepted,0
corpus/fn9-pos-a-measure-reader-in-return-position-over-a-run,off,accepted,0
corpus/fn9-pos-a-measure-reader-in-return-position-over-a-run,a,accepted,0
corpus/fn9-pos-a-measure-reader-in-return-position-over-a-run,ap,accepted,0
corpus/fn9-pos-a-measure-reader-in-return-position-over-a-run,b,accepted,0
corpus/fn9-pos-a-measure-reader-in-return-position-over-a-run,rows,accepted,0
corpus/fn9-pos-a-measure-reader-in-return-position-over-a-run,b_rows,accepted,0
corpus/const2-neg-a-cell-is-not-const-eligible,base,Source:CONST-2:InvalidConstValue,1
corpus/const2-neg-a-cell-is-not-const-eligible,off,Source:CONST-2:InvalidConstValue,1
corpus/const2-neg-a-cell-is-not-const-eligible,a,Source:CONST-2:InvalidConstValue,1
corpus/const2-neg-a-cell-is-not-const-eligible,ap,Source:CONST-2:InvalidConstValue,1
corpus/const2-neg-a-cell-is-not-const-eligible,b,Source:CONST-2:InvalidConstValue,1
corpus/const2-neg-a-cell-is-not-const-eligible,rows,Source:CONST-2:InvalidConstValue,1
corpus/const2-neg-a-cell-is-not-const-eligible,b_rows,Source:CONST-2:InvalidConstValue,1
corpus/own6-pos-a-helper-re-lends-its-view-destination,base,accepted,0
corpus/own6-pos-a-helper-re-lends-its-view-destination,off,accepted,0
corpus/own6-pos-a-helper-re-lends-its-view-destination,a,accepted,0
corpus/own6-pos-a-helper-re-lends-its-view-destination,ap,accepted,0
corpus/own6-pos-a-helper-re-lends-its-view-destination,b,accepted,0
corpus/own6-pos-a-helper-re-lends-its-view-destination,rows,accepted,0
corpus/own6-pos-a-helper-re-lends-its-view-destination,b_rows,accepted,0
corpus/view6-pos-a-helper-publishes-the-child-of-its-destination,base,accepted,0
corpus/view6-pos-a-helper-publishes-the-child-of-its-destination,off,accepted,0
corpus/view6-pos-a-helper-publishes-the-child-of-its-destination,a,accepted,0
corpus/view6-pos-a-helper-publishes-the-child-of-its-destination,ap,accepted,0
corpus/view6-pos-a-helper-publishes-the-child-of-its-destination,b,accepted,0
corpus/view6-pos-a-helper-publishes-the-child-of-its-destination,rows,accepted,0
corpus/view6-pos-a-helper-publishes-the-child-of-its-destination,b_rows,accepted,0
corpus/ent3-pos-s12-a-published-relation-reaches-a-set-target,base,accepted,0
corpus/ent3-pos-s12-a-published-relation-reaches-a-set-target,off,accepted,0
corpus/ent3-pos-s12-a-published-relation-reaches-a-set-target,a,accepted,0
corpus/ent3-pos-s12-a-published-relation-reaches-a-set-target,ap,accepted,0
corpus/ent3-pos-s12-a-published-relation-reaches-a-set-target,b,accepted,0
corpus/ent3-pos-s12-a-published-relation-reaches-a-set-target,rows,accepted,0
corpus/ent3-pos-s12-a-published-relation-reaches-a-set-target,b_rows,accepted,0
corpus/ent3-pos-s12-a-published-relation-reaches-a-let-binder,base,accepted,0
corpus/ent3-pos-s12-a-published-relation-reaches-a-let-binder,off,accepted,0
corpus/ent3-pos-s12-a-published-relation-reaches-a-let-binder,a,accepted,0
corpus/ent3-pos-s12-a-published-relation-reaches-a-let-binder,ap,accepted,0
corpus/ent3-pos-s12-a-published-relation-reaches-a-let-binder,b,accepted,0
corpus/ent3-pos-s12-a-published-relation-reaches-a-let-binder,rows,accepted,0
corpus/ent3-pos-s12-a-published-relation-reaches-a-let-binder,b_rows,accepted,0
corpus/const2-pos-a-fixed-vector-const-run,base,accepted,0
corpus/const2-pos-a-fixed-vector-const-run,off,accepted,0
corpus/const2-pos-a-fixed-vector-const-run,a,accepted,0
corpus/const2-pos-a-fixed-vector-const-run,ap,accepted,0
corpus/const2-pos-a-fixed-vector-const-run,b,accepted,0
corpus/const2-pos-a-fixed-vector-const-run,rows,accepted,0
corpus/const2-pos-a-fixed-vector-const-run,b_rows,accepted,0
corpus/const2-neg-a-fixed-vector-const-short-of-its-capacity,base,Source:CONST-2:InvalidConstValue,1
corpus/const2-neg-a-fixed-vector-const-short-of-its-capacity,off,Source:CONST-2:InvalidConstValue,1
corpus/const2-neg-a-fixed-vector-const-short-of-its-capacity,a,Source:CONST-2:InvalidConstValue,1
corpus/const2-neg-a-fixed-vector-const-short-of-its-capacity,ap,Source:CONST-2:InvalidConstValue,1
corpus/const2-neg-a-fixed-vector-const-short-of-its-capacity,b,Source:CONST-2:InvalidConstValue,1
corpus/const2-neg-a-fixed-vector-const-short-of-its-capacity,rows,Source:CONST-2:InvalidConstValue,1
corpus/const2-neg-a-fixed-vector-const-short-of-its-capacity,b_rows,Source:CONST-2:InvalidConstValue,1
corpus/ent5-neg-a-callee-write-through-a-uniq-extent-kills-the-room,base,Source:FN-8:UndischargedCallRequirement,1
corpus/ent5-neg-a-callee-write-through-a-uniq-extent-kills-the-room,off,Source:FN-8:UndischargedCallRequirement,1
corpus/ent5-neg-a-callee-write-through-a-uniq-extent-kills-the-room,a,Source:FN-8:UndischargedCallRequirement,1
corpus/ent5-neg-a-callee-write-through-a-uniq-extent-kills-the-room,ap,Source:FN-8:UndischargedCallRequirement,1
corpus/ent5-neg-a-callee-write-through-a-uniq-extent-kills-the-room,b,Source:FN-8:UndischargedCallRequirement,1
corpus/ent5-neg-a-callee-write-through-a-uniq-extent-kills-the-room,rows,Source:FN-8:UndischargedCallRequirement,1
corpus/ent5-neg-a-callee-write-through-a-uniq-extent-kills-the-room,b_rows,Source:FN-8:UndischargedCallRequirement,1
corpus/call5-neg-a-one-byte-body-kills-the-measure-the-same,base,Source:FN-8:UndischargedCallRequirement,1
corpus/call5-neg-a-one-byte-body-kills-the-measure-the-same,off,Source:FN-8:UndischargedCallRequirement,1
corpus/call5-neg-a-one-byte-body-kills-the-measure-the-same,a,Source:FN-8:UndischargedCallRequirement,1
corpus/call5-neg-a-one-byte-body-kills-the-measure-the-same,ap,Source:FN-8:UndischargedCallRequirement,1
corpus/call5-neg-a-one-byte-body-kills-the-measure-the-same,b,Source:FN-8:UndischargedCallRequirement,1
corpus/call5-neg-a-one-byte-body-kills-the-measure-the-same,rows,Source:FN-8:UndischargedCallRequirement,1
corpus/call5-neg-a-one-byte-body-kills-the-measure-the-same,b_rows,Source:FN-8:UndischargedCallRequirement,1
corpus/ent5-neg-callee-uniq-buffer-replace-kills-length,base,Source:OP-4:UndischargedBoundsObligation,1
corpus/ent5-neg-callee-uniq-buffer-replace-kills-length,off,Source:OP-4:UndischargedBoundsObligation,1
corpus/ent5-neg-callee-uniq-buffer-replace-kills-length,a,Source:OP-4:UndischargedBoundsObligation,1
corpus/ent5-neg-callee-uniq-buffer-replace-kills-length,ap,Source:OP-4:UndischargedBoundsObligation,1
corpus/ent5-neg-callee-uniq-buffer-replace-kills-length,b,Source:OP-4:UndischargedBoundsObligation,1
corpus/ent5-neg-callee-uniq-buffer-replace-kills-length,rows,Source:OP-4:UndischargedBoundsObligation,1
corpus/ent5-neg-callee-uniq-buffer-replace-kills-length,b_rows,Source:OP-4:UndischargedBoundsObligation,1
corpus/stor1-neg-whole-buffer-replacement,base,accepted,0
corpus/stor1-neg-whole-buffer-replacement,off,accepted,0
corpus/stor1-neg-whole-buffer-replacement,a,accepted,0
corpus/stor1-neg-whole-buffer-replacement,ap,accepted,0
corpus/stor1-neg-whole-buffer-replacement,b,accepted,0
corpus/stor1-neg-whole-buffer-replacement,rows,accepted,0
corpus/stor1-neg-whole-buffer-replacement,b_rows,accepted,0
corpus/stor1-neg-whole-cell-replacement,base,accepted,0
corpus/stor1-neg-whole-cell-replacement,off,accepted,0
corpus/stor1-neg-whole-cell-replacement,a,accepted,0
corpus/stor1-neg-whole-cell-replacement,ap,accepted,0
corpus/stor1-neg-whole-cell-replacement,b,accepted,0
corpus/stor1-neg-whole-cell-replacement,rows,accepted,0
corpus/stor1-neg-whole-cell-replacement,b_rows,accepted,0
corpus/ent2-pos-a-run-capacity-survives-a-root-replace,base,accepted,0
corpus/ent2-pos-a-run-capacity-survives-a-root-replace,off,accepted,0
corpus/ent2-pos-a-run-capacity-survives-a-root-replace,a,accepted,0
corpus/ent2-pos-a-run-capacity-survives-a-root-replace,ap,accepted,0
corpus/ent2-pos-a-run-capacity-survives-a-root-replace,b,accepted,0
corpus/ent2-pos-a-run-capacity-survives-a-root-replace,rows,accepted,0
corpus/ent2-pos-a-run-capacity-survives-a-root-replace,b_rows,accepted,0
corpus/prf1-pos-term-multiplicity,base,accepted,0
corpus/prf1-pos-term-multiplicity,off,accepted,0
corpus/prf1-pos-term-multiplicity,a,accepted,0
corpus/prf1-pos-term-multiplicity,ap,accepted,0
corpus/prf1-pos-term-multiplicity,b,accepted,0
corpus/prf1-pos-term-multiplicity,rows,accepted,0
corpus/prf1-pos-term-multiplicity,b_rows,accepted,0
corpus/prf1-neg-signed-multiplicity,base,Source:PRF-1:InvalidSourceProof,1
corpus/prf1-neg-signed-multiplicity,off,Source:PRF-1:InvalidSourceProof,1
corpus/prf1-neg-signed-multiplicity,a,Source:PRF-1:InvalidSourceProof,1
corpus/prf1-neg-signed-multiplicity,ap,Source:PRF-1:InvalidSourceProof,1
corpus/prf1-neg-signed-multiplicity,b,Source:PRF-1:InvalidSourceProof,1
corpus/prf1-neg-signed-multiplicity,rows,Source:PRF-1:InvalidSourceProof,1
corpus/prf1-neg-signed-multiplicity,b_rows,Source:PRF-1:InvalidSourceProof,1
corpus/prf1-neg-unfolded-nonlinear-sum,base,Source:PRF-1:UndischargedSourceProof,1
corpus/prf1-neg-unfolded-nonlinear-sum,off,Source:PRF-1:UndischargedSourceProof,1
corpus/prf1-neg-unfolded-nonlinear-sum,a,Source:PRF-1:UndischargedSourceProof,1
corpus/prf1-neg-unfolded-nonlinear-sum,ap,Source:PRF-1:UndischargedSourceProof,1
corpus/prf1-neg-unfolded-nonlinear-sum,b,Source:PRF-1:UndischargedSourceProof,1
corpus/prf1-neg-unfolded-nonlinear-sum,rows,Source:PRF-1:UndischargedSourceProof,1
corpus/prf1-neg-unfolded-nonlinear-sum,b_rows,Source:PRF-1:UndischargedSourceProof,1
corpus/gram4-neg-bare-relation-premise,base,Source:GRAM-4:UnexpectedToken,1
corpus/gram4-neg-bare-relation-premise,off,Source:GRAM-4:UnexpectedToken,1
corpus/gram4-neg-bare-relation-premise,a,Source:GRAM-4:UnexpectedToken,1
corpus/gram4-neg-bare-relation-premise,ap,Source:GRAM-4:UnexpectedToken,1
corpus/gram4-neg-bare-relation-premise,b,Source:GRAM-4:UnexpectedToken,1
corpus/gram4-neg-bare-relation-premise,rows,Source:GRAM-4:UnexpectedToken,1
corpus/gram4-neg-bare-relation-premise,b_rows,Source:GRAM-4:UnexpectedToken,1
corpus/prf1-pos-term-multiplicity-shared-product,base,accepted,0
corpus/prf1-pos-term-multiplicity-shared-product,off,accepted,0
corpus/prf1-pos-term-multiplicity-shared-product,a,accepted,0
corpus/prf1-pos-term-multiplicity-shared-product,ap,accepted,0
corpus/prf1-pos-term-multiplicity-shared-product,b,accepted,0
corpus/prf1-pos-term-multiplicity-shared-product,rows,accepted,0
corpus/prf1-pos-term-multiplicity-shared-product,b_rows,accepted,0
corpus/gram4-neg-typed-multiplicity,base,Source:GRAM-4:UnexpectedToken,1
corpus/gram4-neg-typed-multiplicity,off,Source:GRAM-4:UnexpectedToken,1
corpus/gram4-neg-typed-multiplicity,a,Source:GRAM-4:UnexpectedToken,1
corpus/gram4-neg-typed-multiplicity,ap,Source:GRAM-4:UnexpectedToken,1
corpus/gram4-neg-typed-multiplicity,b,Source:GRAM-4:UnexpectedToken,1
corpus/gram4-neg-typed-multiplicity,rows,Source:GRAM-4:UnexpectedToken,1
corpus/gram4-neg-typed-multiplicity,b_rows,Source:GRAM-4:UnexpectedToken,1
corpus/prf1-pos-binder-multiplicity,base,accepted,0
corpus/prf1-pos-binder-multiplicity,off,accepted,0
corpus/prf1-pos-binder-multiplicity,a,accepted,0
corpus/prf1-pos-binder-multiplicity,ap,accepted,0
corpus/prf1-pos-binder-multiplicity,b,accepted,0
corpus/prf1-pos-binder-multiplicity,rows,accepted,0
corpus/prf1-pos-binder-multiplicity,b_rows,accepted,0
corpus/prf1-pos-derived-multiplicity,base,accepted,0
corpus/prf1-pos-derived-multiplicity,off,accepted,0
corpus/prf1-pos-derived-multiplicity,a,accepted,0
corpus/prf1-pos-derived-multiplicity,ap,accepted,0
corpus/prf1-pos-derived-multiplicity,b,accepted,0
corpus/prf1-pos-derived-multiplicity,rows,accepted,0
corpus/prf1-pos-derived-multiplicity,b_rows,accepted,0
corpus/run-sysin-read-to-end,base,accepted,0
corpus/run-sysin-read-to-end,off,accepted,0
corpus/run-sysin-read-to-end,a,accepted,0
corpus/run-sysin-read-to-end,ap,accepted,0
corpus/run-sysin-read-to-end,b,accepted,0
corpus/run-sysin-read-to-end,rows,accepted,0
corpus/run-sysin-read-to-end,b_rows,accepted,0
corpus/sysin-read-zero-range,base,accepted,0
corpus/sysin-read-zero-range,off,accepted,0
corpus/sysin-read-zero-range,a,accepted,0
corpus/sysin-read-zero-range,ap,accepted,0
corpus/sysin-read-zero-range,b,accepted,0
corpus/sysin-read-zero-range,rows,accepted,0
corpus/sysin-read-zero-range,b_rows,accepted,0
corpus/sysin-read-outcome-exhaustive,base,Source:ERR-2:NonExhaustiveMatch,1
corpus/sysin-read-outcome-exhaustive,off,Source:ERR-2:NonExhaustiveMatch,1
corpus/sysin-read-outcome-exhaustive,a,Source:ERR-2:NonExhaustiveMatch,1
corpus/sysin-read-outcome-exhaustive,ap,Source:ERR-2:NonExhaustiveMatch,1
corpus/sysin-read-outcome-exhaustive,b,Source:ERR-2:NonExhaustiveMatch,1
corpus/sysin-read-outcome-exhaustive,rows,Source:ERR-2:NonExhaustiveMatch,1
corpus/sysin-read-outcome-exhaustive,b_rows,Source:ERR-2:NonExhaustiveMatch,1
corpus/systcp-address-pure,base,accepted,0
corpus/systcp-address-pure,off,accepted,0
corpus/systcp-address-pure,a,accepted,0
corpus/systcp-address-pure,ap,accepted,0
corpus/systcp-address-pure,b,accepted,0
corpus/systcp-address-pure,rows,accepted,0
corpus/systcp-address-pure,b_rows,accepted,0
corpus/systcp-connection-not-constructible,base,Source:TYPE-5:TypeMismatch,1
corpus/systcp-connection-not-constructible,off,Source:TYPE-5:TypeMismatch,1
corpus/systcp-connection-not-constructible,a,Source:TYPE-5:TypeMismatch,1
corpus/systcp-connection-not-constructible,ap,Source:TYPE-5:TypeMismatch,1
corpus/systcp-connection-not-constructible,b,Source:TYPE-5:TypeMismatch,1
corpus/systcp-connection-not-constructible,rows,Source:TYPE-5:TypeMismatch,1
corpus/systcp-connection-not-constructible,b_rows,Source:TYPE-5:TypeMismatch,1
corpus/systcp-connection-moved-half-kills-binding,base,Source:PROV-6:LinearValuePartiallyConsumed,1
corpus/systcp-connection-moved-half-kills-binding,off,Source:PROV-6:LinearValuePartiallyConsumed,1
corpus/systcp-connection-moved-half-kills-binding,a,Source:PROV-6:LinearValuePartiallyConsumed,1
corpus/systcp-connection-moved-half-kills-binding,ap,Source:PROV-6:LinearValuePartiallyConsumed,1
corpus/systcp-connection-moved-half-kills-binding,b,Source:PROV-6:LinearValuePartiallyConsumed,1
corpus/systcp-connection-moved-half-kills-binding,rows,Source:PROV-6:LinearValuePartiallyConsumed,1
corpus/systcp-connection-moved-half-kills-binding,b_rows,Source:PROV-6:LinearValuePartiallyConsumed,1
corpus/systcp-connection-two-halves,base,accepted,0
corpus/systcp-connection-two-halves,off,accepted,0
corpus/systcp-connection-two-halves,a,accepted,0
corpus/systcp-connection-two-halves,ap,accepted,0
corpus/systcp-connection-two-halves,b,accepted,0
corpus/systcp-connection-two-halves,rows,accepted,0
corpus/systcp-connection-two-halves,b_rows,accepted,0
corpus/systcp-connection-field-effect-paths,base,accepted,0
corpus/systcp-connection-field-effect-paths,off,accepted,0
corpus/systcp-connection-field-effect-paths,a,accepted,0
corpus/systcp-connection-field-effect-paths,ap,accepted,0
corpus/systcp-connection-field-effect-paths,b,accepted,0
corpus/systcp-connection-field-effect-paths,rows,accepted,0
corpus/systcp-connection-field-effect-paths,b_rows,accepted,0
corpus/systcp-listen-permit-returned,base,accepted,0
corpus/systcp-listen-permit-returned,off,accepted,0
corpus/systcp-listen-permit-returned,a,accepted,0
corpus/systcp-listen-permit-returned,ap,accepted,0
corpus/systcp-listen-permit-returned,b,accepted,0
corpus/systcp-listen-permit-returned,rows,accepted,0
corpus/systcp-listen-permit-returned,b_rows,accepted,0
corpus/systcp-accept-permit-returned,base,accepted,0
corpus/systcp-accept-permit-returned,off,accepted,0
corpus/systcp-accept-permit-returned,a,accepted,0
corpus/systcp-accept-permit-returned,ap,accepted,0
corpus/systcp-accept-permit-returned,b,accepted,0
corpus/systcp-accept-permit-returned,rows,accepted,0
corpus/systcp-accept-permit-returned,b_rows,accepted,0
corpus/systcp-connect-permit-returned,base,accepted,0
corpus/systcp-connect-permit-returned,off,accepted,0
corpus/systcp-connect-permit-returned,a,accepted,0
corpus/systcp-connect-permit-returned,ap,accepted,0
corpus/systcp-connect-permit-returned,b,accepted,0
corpus/systcp-connect-permit-returned,rows,accepted,0
corpus/systcp-connect-permit-returned,b_rows,accepted,0
corpus/par1-pos-a-view-argument-is-a-footprint-on-its-origin,base,accepted,0
corpus/par1-pos-a-view-argument-is-a-footprint-on-its-origin,off,accepted,0
corpus/par1-pos-a-view-argument-is-a-footprint-on-its-origin,a,accepted,0
corpus/par1-pos-a-view-argument-is-a-footprint-on-its-origin,ap,accepted,0
corpus/par1-pos-a-view-argument-is-a-footprint-on-its-origin,b,accepted,0
corpus/par1-pos-a-view-argument-is-a-footprint-on-its-origin,rows,accepted,0
corpus/par1-pos-a-view-argument-is-a-footprint-on-its-origin,b_rows,accepted,0
corpus/par1-neg-two-exclusive-views-of-one-origin-in-one-window,base,Source:EFF-5:OverlappingCallEffects,1
corpus/par1-neg-two-exclusive-views-of-one-origin-in-one-window,off,Source:EFF-5:OverlappingCallEffects,1
corpus/par1-neg-two-exclusive-views-of-one-origin-in-one-window,a,Source:EFF-5:OverlappingCallEffects,1
corpus/par1-neg-two-exclusive-views-of-one-origin-in-one-window,ap,Source:EFF-5:OverlappingCallEffects,1
corpus/par1-neg-two-exclusive-views-of-one-origin-in-one-window,b,Source:EFF-5:OverlappingCallEffects,1
corpus/par1-neg-two-exclusive-views-of-one-origin-in-one-window,rows,Source:EFF-5:OverlappingCallEffects,1
corpus/par1-neg-two-exclusive-views-of-one-origin-in-one-window,b_rows,Source:EFF-5:OverlappingCallEffects,1
corpus/par3-pos-a-per-iteration-run-from-the-store-is-iteration-own,base,accepted,0
corpus/par3-pos-a-per-iteration-run-from-the-store-is-iteration-own,off,accepted,0
corpus/par3-pos-a-per-iteration-run-from-the-store-is-iteration-own,a,accepted,0
corpus/par3-pos-a-per-iteration-run-from-the-store-is-iteration-own,ap,accepted,0
corpus/par3-pos-a-per-iteration-run-from-the-store-is-iteration-own,b,accepted,0
corpus/par3-pos-a-per-iteration-run-from-the-store-is-iteration-own,rows,accepted,0
corpus/par3-pos-a-per-iteration-run-from-the-store-is-iteration-own,b_rows,accepted,0
corpus/own5-pos-rhs-borrow-is-disjoint-from-captured-target,base,accepted,0
corpus/own5-pos-rhs-borrow-is-disjoint-from-captured-target,off,accepted,0
corpus/own5-pos-rhs-borrow-is-disjoint-from-captured-target,a,accepted,0
corpus/own5-pos-rhs-borrow-is-disjoint-from-captured-target,ap,accepted,0
corpus/own5-pos-rhs-borrow-is-disjoint-from-captured-target,b,accepted,0
corpus/own5-pos-rhs-borrow-is-disjoint-from-captured-target,rows,accepted,0
corpus/own5-pos-rhs-borrow-is-disjoint-from-captured-target,b_rows,accepted,0
corpus/set1-pos-index-is-captured-before-rhs-borrow,base,accepted,0
corpus/set1-pos-index-is-captured-before-rhs-borrow,off,accepted,0
corpus/set1-pos-index-is-captured-before-rhs-borrow,a,accepted,0
corpus/set1-pos-index-is-captured-before-rhs-borrow,ap,accepted,0
corpus/set1-pos-index-is-captured-before-rhs-borrow,b,accepted,0
corpus/set1-pos-index-is-captured-before-rhs-borrow,rows,accepted,0
corpus/set1-pos-index-is-captured-before-rhs-borrow,b_rows,accepted,0
corpus/own6-pos-owned-control-headers-return-temporaries,base,accepted,0
corpus/own6-pos-owned-control-headers-return-temporaries,off,accepted,0
corpus/own6-pos-owned-control-headers-return-temporaries,a,accepted,0
corpus/own6-pos-owned-control-headers-return-temporaries,ap,accepted,0
corpus/own6-pos-owned-control-headers-return-temporaries,b,accepted,0
corpus/own6-pos-owned-control-headers-return-temporaries,rows,accepted,0
corpus/own6-pos-owned-control-headers-return-temporaries,b_rows,accepted,0
corpus/blk3-pos-full-array-owning-round-trip,base,accepted,0
corpus/blk3-pos-full-array-owning-round-trip,off,accepted,0
corpus/blk3-pos-full-array-owning-round-trip,a,accepted,0
corpus/blk3-pos-full-array-owning-round-trip,ap,accepted,0
corpus/blk3-pos-full-array-owning-round-trip,b,accepted,0
corpus/blk3-pos-full-array-owning-round-trip,rows,accepted,0
corpus/blk3-pos-full-array-owning-round-trip,b_rows,accepted,0
corpus/blk0-neg-full-array-freeze-requires-fullness,base,Source:FN-8:UndischargedCallRequirement,1
corpus/blk0-neg-full-array-freeze-requires-fullness,off,Source:FN-8:UndischargedCallRequirement,1
corpus/blk0-neg-full-array-freeze-requires-fullness,a,Source:FN-8:UndischargedCallRequirement,1
corpus/blk0-neg-full-array-freeze-requires-fullness,ap,Source:FN-8:UndischargedCallRequirement,1
corpus/blk0-neg-full-array-freeze-requires-fullness,b,Source:FN-8:UndischargedCallRequirement,1
corpus/blk0-neg-full-array-freeze-requires-fullness,rows,Source:FN-8:UndischargedCallRequirement,1
corpus/blk0-neg-full-array-freeze-requires-fullness,b_rows,Source:FN-8:UndischargedCallRequirement,1
corpus/prov6-neg-zero-extent-full-array-keeps-linear-obligation,base,Source:PROV-6:LinearValueNotConsumed,1
corpus/prov6-neg-zero-extent-full-array-keeps-linear-obligation,off,Source:PROV-6:LinearValueNotConsumed,1
corpus/prov6-neg-zero-extent-full-array-keeps-linear-obligation,a,Source:PROV-6:LinearValueNotConsumed,1
corpus/prov6-neg-zero-extent-full-array-keeps-linear-obligation,ap,Source:PROV-6:LinearValueNotConsumed,1
corpus/prov6-neg-zero-extent-full-array-keeps-linear-obligation,b,Source:PROV-6:LinearValueNotConsumed,1
corpus/prov6-neg-zero-extent-full-array-keeps-linear-obligation,rows,Source:PROV-6:LinearValueNotConsumed,1
corpus/prov6-neg-zero-extent-full-array-keeps-linear-obligation,b_rows,Source:PROV-6:LinearValueNotConsumed,1
corpus/prov6-neg-full-array-missing-element-provider,base,Source:PROV-6:LinearValueNotConsumed,1
corpus/prov6-neg-full-array-missing-element-provider,off,Source:PROV-6:LinearValueNotConsumed,1
corpus/prov6-neg-full-array-missing-element-provider,a,Source:PROV-6:LinearValueNotConsumed,1
corpus/prov6-neg-full-array-missing-element-provider,ap,Source:PROV-6:LinearValueNotConsumed,1
corpus/prov6-neg-full-array-missing-element-provider,b,Source:PROV-6:LinearValueNotConsumed,1
corpus/prov6-neg-full-array-missing-element-provider,rows,Source:PROV-6:LinearValueNotConsumed,1
corpus/prov6-neg-full-array-missing-element-provider,b_rows,Source:PROV-6:LinearValueNotConsumed,1
corpus/stor5-neg-zero-extent-array-cannot-hide-provider,base,Source:TYPE-9:TypeMismatch,1
corpus/stor5-neg-zero-extent-array-cannot-hide-provider,off,Source:TYPE-9:TypeMismatch,1
corpus/stor5-neg-zero-extent-array-cannot-hide-provider,a,Source:TYPE-9:TypeMismatch,1
corpus/stor5-neg-zero-extent-array-cannot-hide-provider,ap,Source:TYPE-9:TypeMismatch,1
corpus/stor5-neg-zero-extent-array-cannot-hide-provider,b,Source:TYPE-9:TypeMismatch,1
corpus/stor5-neg-zero-extent-array-cannot-hide-provider,rows,Source:TYPE-9:TypeMismatch,1
corpus/stor5-neg-zero-extent-array-cannot-hide-provider,b_rows,Source:TYPE-9:TypeMismatch,1
corpus/form8-pos-single-input-invariant-brand,base,accepted,0
corpus/form8-pos-single-input-invariant-brand,off,accepted,0
corpus/form8-pos-single-input-invariant-brand,a,accepted,0
corpus/form8-pos-single-input-invariant-brand,ap,accepted,0
corpus/form8-pos-single-input-invariant-brand,b,accepted,0
corpus/form8-pos-single-input-invariant-brand,rows,accepted,0
corpus/form8-pos-single-input-invariant-brand,b_rows,accepted,0
corpus/form8-pos-multiple-brand-positions,base,accepted,0
corpus/form8-pos-multiple-brand-positions,off,accepted,0
corpus/form8-pos-multiple-brand-positions,a,accepted,0
corpus/form8-pos-multiple-brand-positions,ap,accepted,0
corpus/form8-pos-multiple-brand-positions,b,accepted,0
corpus/form8-pos-multiple-brand-positions,rows,accepted,0
corpus/form8-pos-multiple-brand-positions,b_rows,accepted,0
corpus/type5-neg-repeated-brand-position-mismatch,base,Source:TYPE-5:TypeMismatch,1
corpus/type5-neg-repeated-brand-position-mismatch,off,Source:TYPE-5:TypeMismatch,1
corpus/type5-neg-repeated-brand-position-mismatch,a,Source:TYPE-5:TypeMismatch,1
corpus/type5-neg-repeated-brand-position-mismatch,ap,Source:TYPE-5:TypeMismatch,1
corpus/type5-neg-repeated-brand-position-mismatch,b,Source:TYPE-5:TypeMismatch,1
corpus/type5-neg-repeated-brand-position-mismatch,rows,Source:TYPE-5:TypeMismatch,1
corpus/type5-neg-repeated-brand-position-mismatch,b_rows,Source:TYPE-5:TypeMismatch,1
corpus/fn1-pos-exclusive-owner-exit-state,base,accepted,0
corpus/fn1-pos-exclusive-owner-exit-state,off,accepted,0
corpus/fn1-pos-exclusive-owner-exit-state,a,accepted,0
corpus/fn1-pos-exclusive-owner-exit-state,ap,accepted,0
corpus/fn1-pos-exclusive-owner-exit-state,b,accepted,0
corpus/fn1-pos-exclusive-owner-exit-state,rows,accepted,0
corpus/fn1-pos-exclusive-owner-exit-state,b_rows,accepted,0
corpus/eff2-neg-installed-owner-read-omitted,base,accepted,0
corpus/eff2-neg-installed-owner-read-omitted,off,accepted,0
corpus/eff2-neg-installed-owner-read-omitted,a,accepted,0
corpus/eff2-neg-installed-owner-read-omitted,ap,accepted,0
corpus/eff2-neg-installed-owner-read-omitted,b,accepted,0
corpus/eff2-neg-installed-owner-read-omitted,rows,accepted,0
corpus/eff2-neg-installed-owner-read-omitted,b_rows,accepted,0
corpus/liv2-pos-entry-dead-owner-initialization,base,accepted,0
corpus/liv2-pos-entry-dead-owner-initialization,off,accepted,0
corpus/liv2-pos-entry-dead-owner-initialization,a,accepted,0
corpus/liv2-pos-entry-dead-owner-initialization,ap,accepted,0
corpus/liv2-pos-entry-dead-owner-initialization,b,accepted,0
corpus/liv2-pos-entry-dead-owner-initialization,rows,accepted,0
corpus/liv2-pos-entry-dead-owner-initialization,b_rows,accepted,0
corpus/own6-pos-statement-children-use-a-longer-local-region,base,accepted,0
corpus/own6-pos-statement-children-use-a-longer-local-region,off,accepted,0
corpus/own6-pos-statement-children-use-a-longer-local-region,a,accepted,0
corpus/own6-pos-statement-children-use-a-longer-local-region,ap,accepted,0
corpus/own6-pos-statement-children-use-a-longer-local-region,b,accepted,0
corpus/own6-pos-statement-children-use-a-longer-local-region,rows,accepted,0
corpus/own6-pos-statement-children-use-a-longer-local-region,b_rows,accepted,0
corpus/run-exclusive-push-pop-counted,base,accepted,0
corpus/run-exclusive-push-pop-counted,off,accepted,0
corpus/run-exclusive-push-pop-counted,a,accepted,0
corpus/run-exclusive-push-pop-counted,ap,accepted,0
corpus/run-exclusive-push-pop-counted,b,accepted,0
corpus/run-exclusive-push-pop-counted,rows,accepted,0
corpus/run-exclusive-push-pop-counted,b_rows,accepted,0
corpus/run-exclusive-nested-field,base,accepted,0
corpus/run-exclusive-nested-field,off,accepted,0
corpus/run-exclusive-nested-field,a,accepted,0
corpus/run-exclusive-nested-field,ap,accepted,0
corpus/run-exclusive-nested-field,b,accepted,0
corpus/run-exclusive-nested-field,rows,accepted,0
corpus/run-exclusive-nested-field,b_rows,accepted,0
corpus/run-exclusive-take-multiple-results,base,accepted,0
corpus/run-exclusive-take-multiple-results,off,accepted,0
corpus/run-exclusive-take-multiple-results,a,accepted,0
corpus/run-exclusive-take-multiple-results,ap,accepted,0
corpus/run-exclusive-take-multiple-results,b,accepted,0
corpus/run-exclusive-take-multiple-results,rows,accepted,0
corpus/run-exclusive-take-multiple-results,b_rows,accepted,0
corpus/exclusive-neg-whole-referent-replace-kills,base,Source:FN-8:UndischargedCallRequirement,1
corpus/exclusive-neg-whole-referent-replace-kills,off,Source:FN-8:UndischargedCallRequirement,1
corpus/exclusive-neg-whole-referent-replace-kills,a,Source:FN-8:UndischargedCallRequirement,1
corpus/exclusive-neg-whole-referent-replace-kills,ap,Source:FN-8:UndischargedCallRequirement,1
corpus/exclusive-neg-whole-referent-replace-kills,b,Source:FN-8:UndischargedCallRequirement,1
corpus/exclusive-neg-whole-referent-replace-kills,rows,Source:FN-8:UndischargedCallRequirement,1
corpus/exclusive-neg-whole-referent-replace-kills,b_rows,Source:FN-8:UndischargedCallRequirement,1
corpus/exclusive-neg-exit-is-not-own-increment,base,Source:CALL-6:ContradictoryPublishedRelations,1
corpus/exclusive-neg-exit-is-not-own-increment,off,Source:CALL-6:ContradictoryPublishedRelations,1
corpus/exclusive-neg-exit-is-not-own-increment,a,Source:CALL-6:ContradictoryPublishedRelations,1
corpus/exclusive-neg-exit-is-not-own-increment,ap,Source:CALL-6:ContradictoryPublishedRelations,1
corpus/exclusive-neg-exit-is-not-own-increment,b,Source:CALL-6:ContradictoryPublishedRelations,1
corpus/exclusive-neg-exit-is-not-own-increment,rows,Source:CALL-6:ContradictoryPublishedRelations,1
corpus/exclusive-neg-exit-is-not-own-increment,b_rows,Source:CALL-6:ContradictoryPublishedRelations,1
corpus/exclusive-neg-no-ensures-no-length-fact,base,Source:INV-1:UndischargedLocalInvariant,1
corpus/exclusive-neg-no-ensures-no-length-fact,off,Source:INV-1:UndischargedLocalInvariant,1
corpus/exclusive-neg-no-ensures-no-length-fact,a,Source:INV-1:UndischargedLocalInvariant,1
corpus/exclusive-neg-no-ensures-no-length-fact,ap,Source:INV-1:UndischargedLocalInvariant,1
corpus/exclusive-neg-no-ensures-no-length-fact,b,Source:INV-1:UndischargedLocalInvariant,1
corpus/exclusive-neg-no-ensures-no-length-fact,rows,Source:INV-1:UndischargedLocalInvariant,1
corpus/exclusive-neg-no-ensures-no-length-fact,b_rows,Source:INV-1:UndischargedLocalInvariant,1
corpus/run-exclusive-no-ensures-reread,base,accepted,0
corpus/run-exclusive-no-ensures-reread,off,accepted,0
corpus/run-exclusive-no-ensures-reread,a,accepted,0
corpus/run-exclusive-no-ensures-reread,ap,accepted,0
corpus/run-exclusive-no-ensures-reread,b,accepted,0
corpus/run-exclusive-no-ensures-reread,rows,accepted,0
corpus/run-exclusive-no-ensures-reread,b_rows,accepted,0
corpus/exclusive-neg-view-live-during-call,base,Source:EFF-5:OverlappingCallEffects,1
corpus/exclusive-neg-view-live-during-call,off,Source:EFF-5:OverlappingCallEffects,1
corpus/exclusive-neg-view-live-during-call,a,Source:EFF-5:OverlappingCallEffects,1
corpus/exclusive-neg-view-live-during-call,ap,Source:EFF-5:OverlappingCallEffects,1
corpus/exclusive-neg-view-live-during-call,b,Source:EFF-5:OverlappingCallEffects,1
corpus/exclusive-neg-view-live-during-call,rows,Source:EFF-5:OverlappingCallEffects,1
corpus/exclusive-neg-view-live-during-call,b_rows,Source:EFF-5:OverlappingCallEffects,1
corpus/run-exclusive-owning-map-put,base,accepted,0
corpus/run-exclusive-owning-map-put,off,accepted,0
corpus/run-exclusive-owning-map-put,a,accepted,0
corpus/run-exclusive-owning-map-put,ap,accepted,0
corpus/run-exclusive-owning-map-put,b,accepted,0
corpus/run-exclusive-owning-map-put,rows,accepted,0
corpus/run-exclusive-owning-map-put,b_rows,accepted,0
corpus/run-exclusive-generic-append,base,accepted,0
corpus/run-exclusive-generic-append,off,accepted,0
corpus/run-exclusive-generic-append,a,accepted,0
corpus/run-exclusive-generic-append,ap,accepted,0
corpus/run-exclusive-generic-append,b,accepted,0
corpus/run-exclusive-generic-append,rows,accepted,0
corpus/run-exclusive-generic-append,b_rows,accepted,0
corpus/exclusive-generic-whole-replacement,base,accepted,0
corpus/exclusive-generic-whole-replacement,off,accepted,0
corpus/exclusive-generic-whole-replacement,a,accepted,0
corpus/exclusive-generic-whole-replacement,ap,accepted,0
corpus/exclusive-generic-whole-replacement,b,accepted,0
corpus/exclusive-generic-whole-replacement,rows,accepted,0
corpus/exclusive-generic-whole-replacement,b_rows,accepted,0
corpus/exclusive-neg-generic-element-replacement-kills,base,Source:OP-4:UndischargedBoundsObligation,1
corpus/exclusive-neg-generic-element-replacement-kills,off,Source:OP-4:UndischargedBoundsObligation,1
corpus/exclusive-neg-generic-element-replacement-kills,a,Source:OP-4:UndischargedBoundsObligation,1
corpus/exclusive-neg-generic-element-replacement-kills,ap,Source:OP-4:UndischargedBoundsObligation,1
corpus/exclusive-neg-generic-element-replacement-kills,b,Source:OP-4:UndischargedBoundsObligation,1
corpus/exclusive-neg-generic-element-replacement-kills,rows,Source:OP-4:UndischargedBoundsObligation,1
corpus/exclusive-neg-generic-element-replacement-kills,b_rows,Source:OP-4:UndischargedBoundsObligation,1
corpus/gram2-neg-retired-behavior-law,base,Source:GRAM-2:UnexpectedToken,1
corpus/gram2-neg-retired-behavior-law,off,Source:GRAM-2:UnexpectedToken,1
corpus/gram2-neg-retired-behavior-law,a,Source:GRAM-2:UnexpectedToken,1
corpus/gram2-neg-retired-behavior-law,ap,Source:GRAM-2:UnexpectedToken,1
corpus/gram2-neg-retired-behavior-law,b,Source:GRAM-2:UnexpectedToken,1
corpus/gram2-neg-retired-behavior-law,rows,Source:GRAM-2:UnexpectedToken,1
corpus/gram2-neg-retired-behavior-law,b_rows,Source:GRAM-2:UnexpectedToken,1
corpus/fn4-neg-function-signature-mismatch,base,Source:FN-4:BehaviorArgumentMismatch,1
corpus/fn4-neg-function-signature-mismatch,off,Source:FN-4:BehaviorArgumentMismatch,1
corpus/fn4-neg-function-signature-mismatch,a,Source:FN-4:BehaviorArgumentMismatch,1
corpus/fn4-neg-function-signature-mismatch,ap,Source:FN-4:BehaviorArgumentMismatch,1
corpus/fn4-neg-function-signature-mismatch,b,Source:FN-4:BehaviorArgumentMismatch,1
corpus/fn4-neg-function-signature-mismatch,rows,Source:FN-4:BehaviorArgumentMismatch,1
corpus/fn4-neg-function-signature-mismatch,b_rows,Source:FN-4:BehaviorArgumentMismatch,1
corpus/fn4-neg-weaker-ensures-does-not-refine,base,Source:FN-4:BehaviorArgumentMismatch,1
corpus/fn4-neg-weaker-ensures-does-not-refine,off,Source:FN-4:BehaviorArgumentMismatch,1
corpus/fn4-neg-weaker-ensures-does-not-refine,a,Source:FN-4:BehaviorArgumentMismatch,1
corpus/fn4-neg-weaker-ensures-does-not-refine,ap,Source:FN-4:BehaviorArgumentMismatch,1
corpus/fn4-neg-weaker-ensures-does-not-refine,b,Source:FN-4:BehaviorArgumentMismatch,1
corpus/fn4-neg-weaker-ensures-does-not-refine,rows,Source:FN-4:BehaviorArgumentMismatch,1
corpus/fn4-neg-weaker-ensures-does-not-refine,b_rows,Source:FN-4:BehaviorArgumentMismatch,1
corpus/fn4-neg-input-owner-for-fresh-result,base,accepted,0
corpus/fn4-neg-input-owner-for-fresh-result,off,accepted,0
corpus/fn4-neg-input-owner-for-fresh-result,a,accepted,0
corpus/fn4-neg-input-owner-for-fresh-result,ap,accepted,0
corpus/fn4-neg-input-owner-for-fresh-result,b,accepted,0
corpus/fn4-neg-input-owner-for-fresh-result,rows,accepted,0
corpus/fn4-neg-input-owner-for-fresh-result,b_rows,accepted,0
corpus/fn5-neg-ambiguous-formal-member,base,Source:FN-5:TypeMismatch,1
corpus/fn5-neg-ambiguous-formal-member,off,Source:FN-5:TypeMismatch,1
corpus/fn5-neg-ambiguous-formal-member,a,Source:FN-5:TypeMismatch,1
corpus/fn5-neg-ambiguous-formal-member,ap,Source:FN-5:TypeMismatch,1
corpus/fn5-neg-ambiguous-formal-member,b,Source:FN-5:TypeMismatch,1
corpus/fn5-neg-ambiguous-formal-member,rows,Source:FN-5:TypeMismatch,1
corpus/fn5-neg-ambiguous-formal-member,b_rows,Source:FN-5:TypeMismatch,1
corpus/fn6-neg-growing-function-argument,base,Source:FN-6:PolymorphicRecursion,1
corpus/fn6-neg-growing-function-argument,off,Source:FN-6:PolymorphicRecursion,1
corpus/fn6-neg-growing-function-argument,a,Source:FN-6:PolymorphicRecursion,1
corpus/fn6-neg-growing-function-argument,ap,Source:FN-6:PolymorphicRecursion,1
corpus/fn6-neg-growing-function-argument,b,Source:FN-6:PolymorphicRecursion,1
corpus/fn6-neg-growing-function-argument,rows,Source:FN-6:PolymorphicRecursion,1
corpus/fn6-neg-growing-function-argument,b_rows,Source:FN-6:PolymorphicRecursion,1
corpus/run-generic-priority-behavior,base,accepted,0
corpus/run-generic-priority-behavior,off,accepted,0
corpus/run-generic-priority-behavior,a,accepted,0
corpus/run-generic-priority-behavior,ap,accepted,0
corpus/run-generic-priority-behavior,b,accepted,0
corpus/run-generic-priority-behavior,rows,accepted,0
corpus/run-generic-priority-behavior,b_rows,accepted,0
corpus/run-generic-owning-map-behavior,base,accepted,0
corpus/run-generic-owning-map-behavior,off,accepted,0
corpus/run-generic-owning-map-behavior,a,accepted,0
corpus/run-generic-owning-map-behavior,ap,accepted,0
corpus/run-generic-owning-map-behavior,b,accepted,0
corpus/run-generic-owning-map-behavior,rows,accepted,0
corpus/run-generic-owning-map-behavior,b_rows,accepted,0
corpus/fn4-neg-member-region-bound,base,Source:FN-4:BehaviorArgumentMismatch,1
corpus/fn4-neg-member-region-bound,off,Source:FN-4:BehaviorArgumentMismatch,1
corpus/fn4-neg-member-region-bound,a,Source:FN-4:BehaviorArgumentMismatch,1
corpus/fn4-neg-member-region-bound,ap,Source:FN-4:BehaviorArgumentMismatch,1
corpus/fn4-neg-member-region-bound,b,Source:FN-4:BehaviorArgumentMismatch,1
corpus/fn4-neg-member-region-bound,rows,Source:FN-4:BehaviorArgumentMismatch,1
corpus/fn4-neg-member-region-bound,b_rows,Source:FN-4:BehaviorArgumentMismatch,1
corpus/pre1-pos-affine-opaque-empty-drop,base,accepted,0
corpus/pre1-pos-affine-opaque-empty-drop,off,accepted,0
corpus/pre1-pos-affine-opaque-empty-drop,a,accepted,0
corpus/pre1-pos-affine-opaque-empty-drop,ap,accepted,0
corpus/pre1-pos-affine-opaque-empty-drop,b,accepted,0
corpus/pre1-pos-affine-opaque-empty-drop,rows,accepted,0
corpus/pre1-pos-affine-opaque-empty-drop,b_rows,accepted,0
corpus/pre1-pos-linear-opaque-ordinary-transfer,base,accepted,0
corpus/pre1-pos-linear-opaque-ordinary-transfer,off,accepted,0
corpus/pre1-pos-linear-opaque-ordinary-transfer,a,accepted,0
corpus/pre1-pos-linear-opaque-ordinary-transfer,ap,accepted,0
corpus/pre1-pos-linear-opaque-ordinary-transfer,b,accepted,0
corpus/pre1-pos-linear-opaque-ordinary-transfer,rows,accepted,0
corpus/pre1-pos-linear-opaque-ordinary-transfer,b_rows,accepted,0
corpus/view2-pos-captured-relative-and-empty-ranges,base,accepted,0
corpus/view2-pos-captured-relative-and-empty-ranges,off,accepted,0
corpus/view2-pos-captured-relative-and-empty-ranges,a,accepted,0
corpus/view2-pos-captured-relative-and-empty-ranges,ap,accepted,0
corpus/view2-pos-captured-relative-and-empty-ranges,b,accepted,0
corpus/view2-pos-captured-relative-and-empty-ranges,rows,accepted,0
corpus/view2-pos-captured-relative-and-empty-ranges,b_rows,accepted,0
corpus/view2-neg-range-end-outside-source,base,Source:REF-4:UndischargedRangeFormationObligation,1
corpus/view2-neg-range-end-outside-source,off,Source:REF-4:UndischargedRangeFormationObligation,1
corpus/view2-neg-range-end-outside-source,a,Source:REF-4:UndischargedRangeFormationObligation,1
corpus/view2-neg-range-end-outside-source,ap,Source:REF-4:UndischargedRangeFormationObligation,1
corpus/view2-neg-range-end-outside-source,b,Source:REF-4:UndischargedRangeFormationObligation,1
corpus/view2-neg-range-end-outside-source,rows,Source:REF-4:UndischargedRangeFormationObligation,1
corpus/view2-neg-range-end-outside-source,b_rows,Source:REF-4:UndischargedRangeFormationObligation,1
corpus/view2-neg-reversed-relative-range,base,Source:REF-4:UndischargedRangeFormationObligation,1
corpus/view2-neg-reversed-relative-range,off,Source:REF-4:UndischargedRangeFormationObligation,1
corpus/view2-neg-reversed-relative-range,a,Source:REF-4:UndischargedRangeFormationObligation,1
corpus/view2-neg-reversed-relative-range,ap,Source:REF-4:UndischargedRangeFormationObligation,1
corpus/view2-neg-reversed-relative-range,b,Source:REF-4:UndischargedRangeFormationObligation,1
corpus/view2-neg-reversed-relative-range,rows,Source:REF-4:UndischargedRangeFormationObligation,1
corpus/view2-neg-reversed-relative-range,b_rows,Source:REF-4:UndischargedRangeFormationObligation,1
corpus/own5-pos-recursive-adjacent-child-ranges,base,accepted,0
corpus/own5-pos-recursive-adjacent-child-ranges,off,accepted,0
corpus/own5-pos-recursive-adjacent-child-ranges,a,accepted,0
corpus/own5-pos-recursive-adjacent-child-ranges,ap,accepted,0
corpus/own5-pos-recursive-adjacent-child-ranges,b,accepted,0
corpus/own5-pos-recursive-adjacent-child-ranges,rows,accepted,0
corpus/own5-pos-recursive-adjacent-child-ranges,b_rows,accepted,0
corpus/own10-neg-local-range-result-escape,base,Source:REF-3:EscapingReference,1
corpus/own10-neg-local-range-result-escape,off,Source:REF-3:EscapingReference,1
corpus/own10-neg-local-range-result-escape,a,Source:REF-3:EscapingReference,1
corpus/own10-neg-local-range-result-escape,ap,Source:REF-3:EscapingReference,1
corpus/own10-neg-local-range-result-escape,b,Source:REF-3:EscapingReference,1
corpus/own10-neg-local-range-result-escape,rows,Source:REF-3:EscapingReference,1
corpus/own10-neg-local-range-result-escape,b_rows,Source:REF-3:EscapingReference,1
corpus/par2-pos-runtime-stride-range-helper,base,accepted,0
corpus/par2-pos-runtime-stride-range-helper,off,accepted,0
corpus/par2-pos-runtime-stride-range-helper,a,accepted,0
corpus/par2-pos-runtime-stride-range-helper,ap,accepted,0
corpus/par2-pos-runtime-stride-range-helper,b,accepted,0
corpus/par2-pos-runtime-stride-range-helper,rows,accepted,0
corpus/par2-pos-runtime-stride-range-helper,b_rows,accepted,0
corpus/par2-pos-element-subtree-writes,base,accepted,0
corpus/par2-pos-element-subtree-writes,off,accepted,0
corpus/par2-pos-element-subtree-writes,a,accepted,0
corpus/par2-pos-element-subtree-writes,ap,accepted,0
corpus/par2-pos-element-subtree-writes,b,accepted,0
corpus/par2-pos-element-subtree-writes,rows,accepted,0
corpus/par2-pos-element-subtree-writes,b_rows,accepted,0
corpus/type9-pos-segments-fill-and-join,base,accepted,0
corpus/type9-pos-segments-fill-and-join,off,accepted,0
corpus/type9-pos-segments-fill-and-join,a,accepted,0
corpus/type9-pos-segments-fill-and-join,ap,accepted,0
corpus/type9-pos-segments-fill-and-join,b,accepted,0
corpus/type9-pos-segments-fill-and-join,rows,accepted,0
corpus/type9-pos-segments-fill-and-join,b_rows,accepted,0
corpus/fn9-pos-segments-routed-count,base,accepted,0
corpus/fn9-pos-segments-routed-count,off,accepted,0
corpus/fn9-pos-segments-routed-count,a,accepted,0
corpus/fn9-pos-segments-routed-count,ap,accepted,0
corpus/fn9-pos-segments-routed-count,b,accepted,0
corpus/fn9-pos-segments-routed-count,rows,accepted,0
corpus/fn9-pos-segments-routed-count,b_rows,accepted,0
corpus/op4-neg-segments-index-past-count,base,Source:OP-4:UndischargedBoundsObligation,1
corpus/op4-neg-segments-index-past-count,off,Source:OP-4:UndischargedBoundsObligation,1
corpus/op4-neg-segments-index-past-count,a,Source:OP-4:UndischargedBoundsObligation,1
corpus/op4-neg-segments-index-past-count,ap,Source:OP-4:UndischargedBoundsObligation,1
corpus/op4-neg-segments-index-past-count,b,Source:OP-4:UndischargedBoundsObligation,1
corpus/op4-neg-segments-index-past-count,rows,Source:OP-4:UndischargedBoundsObligation,1
corpus/op4-neg-segments-index-past-count,b_rows,Source:OP-4:UndischargedBoundsObligation,1
corpus/op4-neg-segments-element-subscript,base,Source:OP-4:TypeMismatch,1
corpus/op4-neg-segments-element-subscript,off,Source:OP-4:TypeMismatch,1
corpus/op4-neg-segments-element-subscript,a,Source:OP-4:TypeMismatch,1
corpus/op4-neg-segments-element-subscript,ap,Source:OP-4:TypeMismatch,1
corpus/op4-neg-segments-element-subscript,b,Source:OP-4:TypeMismatch,1
corpus/op4-neg-segments-element-subscript,rows,Source:OP-4:TypeMismatch,1
corpus/op4-neg-segments-element-subscript,b_rows,Source:OP-4:TypeMismatch,1
corpus/op13-pos-segments-size-predicate,base,accepted,0
corpus/op13-pos-segments-size-predicate,off,accepted,0
corpus/op13-pos-segments-size-predicate,a,accepted,0
corpus/op13-pos-segments-size-predicate,ap,accepted,0
corpus/op13-pos-segments-size-predicate,b,accepted,0
corpus/op13-pos-segments-size-predicate,rows,accepted,0
corpus/op13-pos-segments-size-predicate,b_rows,accepted,0
corpus/type9-neg-segments-parameter,base,Source:TYPE-9:TypeMismatch,1
corpus/type9-neg-segments-parameter,off,Source:TYPE-9:TypeMismatch,1
corpus/type9-neg-segments-parameter,a,Source:TYPE-9:TypeMismatch,1
corpus/type9-neg-segments-parameter,ap,Source:TYPE-9:TypeMismatch,1
corpus/type9-neg-segments-parameter,b,Source:TYPE-9:TypeMismatch,1
corpus/type9-neg-segments-parameter,rows,Source:TYPE-9:TypeMismatch,1
corpus/type9-neg-segments-parameter,b_rows,Source:TYPE-9:TypeMismatch,1
corpus/type9-neg-segments-move-content,base,Source:TYPE-9:InlineRuntimeCapacityShape,1
corpus/type9-neg-segments-move-content,off,Source:TYPE-9:InlineRuntimeCapacityShape,1
corpus/type9-neg-segments-move-content,a,Source:TYPE-9:InlineRuntimeCapacityShape,1
corpus/type9-neg-segments-move-content,ap,Source:TYPE-9:InlineRuntimeCapacityShape,1
corpus/type9-neg-segments-move-content,b,Source:TYPE-9:InlineRuntimeCapacityShape,1
corpus/type9-neg-segments-move-content,rows,Source:TYPE-9:InlineRuntimeCapacityShape,1
corpus/type9-neg-segments-move-content,b_rows,Source:TYPE-9:InlineRuntimeCapacityShape,1
corpus/eff5-neg-segments-all-overlaps-segment,base,Source:EFF-5:UndischargedCallSeparation,1
corpus/eff5-neg-segments-all-overlaps-segment,off,Source:EFF-5:UndischargedCallSeparation,1
corpus/eff5-neg-segments-all-overlaps-segment,a,Source:EFF-5:UndischargedCallSeparation,1
corpus/eff5-neg-segments-all-overlaps-segment,ap,Source:EFF-5:UndischargedCallSeparation,1
corpus/eff5-neg-segments-all-overlaps-segment,b,Source:EFF-5:UndischargedCallSeparation,1
corpus/eff5-neg-segments-all-overlaps-segment,rows,Source:EFF-5:UndischargedCallSeparation,1
corpus/eff5-neg-segments-all-overlaps-segment,b_rows,Source:EFF-5:UndischargedCallSeparation,1
corpus/eff5-pos-segments-distinct-segments,base,accepted,0
corpus/eff5-pos-segments-distinct-segments,off,accepted,0
corpus/eff5-pos-segments-distinct-segments,a,accepted,0
corpus/eff5-pos-segments-distinct-segments,ap,accepted,0
corpus/eff5-pos-segments-distinct-segments,b,accepted,0
corpus/eff5-pos-segments-distinct-segments,rows,accepted,0
corpus/eff5-pos-segments-distinct-segments,b_rows,accepted,0
corpus/stor8-neg-no-heap-segments-filled,base,Source:STOR-8:HeapTypeUnderNoHeap,1
corpus/stor8-neg-no-heap-segments-filled,off,Source:STOR-8:HeapTypeUnderNoHeap,1
corpus/stor8-neg-no-heap-segments-filled,a,Source:STOR-8:HeapTypeUnderNoHeap,1
corpus/stor8-neg-no-heap-segments-filled,ap,Source:STOR-8:HeapTypeUnderNoHeap,1
corpus/stor8-neg-no-heap-segments-filled,b,Source:STOR-8:HeapTypeUnderNoHeap,1
corpus/stor8-neg-no-heap-segments-filled,rows,Source:STOR-8:HeapTypeUnderNoHeap,1
corpus/stor8-neg-no-heap-segments-filled,b_rows,Source:STOR-8:HeapTypeUnderNoHeap,1
corpus/op4-neg-unproved-data-dependent-scatter,base,Source:OP-4:UndischargedBoundsObligation,1
corpus/op4-neg-unproved-data-dependent-scatter,off,Source:OP-4:UndischargedBoundsObligation,1
corpus/op4-neg-unproved-data-dependent-scatter,a,Source:OP-4:UndischargedBoundsObligation,1
corpus/op4-neg-unproved-data-dependent-scatter,ap,Source:OP-4:UndischargedBoundsObligation,1
corpus/op4-neg-unproved-data-dependent-scatter,b,Source:OP-4:UndischargedBoundsObligation,1
corpus/op4-neg-unproved-data-dependent-scatter,rows,Source:OP-4:UndischargedBoundsObligation,1
corpus/op4-neg-unproved-data-dependent-scatter,b_rows,Source:OP-4:UndischargedBoundsObligation,1
corpus/prov6-pos-buffer-release-cycle,base,accepted,0
corpus/prov6-pos-buffer-release-cycle,off,accepted,0
corpus/prov6-pos-buffer-release-cycle,a,accepted,0
corpus/prov6-pos-buffer-release-cycle,ap,accepted,0
corpus/prov6-pos-buffer-release-cycle,b,accepted,0
corpus/prov6-pos-buffer-release-cycle,rows,accepted,0
corpus/prov6-pos-buffer-release-cycle,b_rows,accepted,0
corpus/prf1-pos-full-use-capacity,base,accepted,0
corpus/prf1-pos-full-use-capacity,off,accepted,0
corpus/prf1-pos-full-use-capacity,a,accepted,0
corpus/prf1-pos-full-use-capacity,ap,accepted,0
corpus/prf1-pos-full-use-capacity,b,accepted,0
corpus/prf1-pos-full-use-capacity,rows,accepted,0
corpus/prf1-pos-full-use-capacity,b_rows,accepted,0
corpus/msr5-pos-measures-through-owned-transfers,base,accepted,0
corpus/msr5-pos-measures-through-owned-transfers,off,accepted,0
corpus/msr5-pos-measures-through-owned-transfers,a,accepted,0
corpus/msr5-pos-measures-through-owned-transfers,ap,accepted,0
corpus/msr5-pos-measures-through-owned-transfers,b,accepted,0
corpus/msr5-pos-measures-through-owned-transfers,rows,accepted,0
corpus/msr5-pos-measures-through-owned-transfers,b_rows,accepted,0
corpus/inv1-neg-unpublished-element-capacity,base,Source:INV-1:UndischargedLocalInvariant,1
corpus/inv1-neg-unpublished-element-capacity,off,Source:INV-1:UndischargedLocalInvariant,1
corpus/inv1-neg-unpublished-element-capacity,a,Source:INV-1:UndischargedLocalInvariant,1
corpus/inv1-neg-unpublished-element-capacity,ap,Source:INV-1:UndischargedLocalInvariant,1
corpus/inv1-neg-unpublished-element-capacity,b,Source:INV-1:UndischargedLocalInvariant,1
corpus/inv1-neg-unpublished-element-capacity,rows,Source:INV-1:UndischargedLocalInvariant,1
corpus/inv1-neg-unpublished-element-capacity,b_rows,Source:INV-1:UndischargedLocalInvariant,1
corpus/ent2-pos-pool-static-and-boxed-capacity,base,accepted,0
corpus/ent2-pos-pool-static-and-boxed-capacity,off,accepted,0
corpus/ent2-pos-pool-static-and-boxed-capacity,a,accepted,0
corpus/ent2-pos-pool-static-and-boxed-capacity,ap,accepted,0
corpus/ent2-pos-pool-static-and-boxed-capacity,b,accepted,0
corpus/ent2-pos-pool-static-and-boxed-capacity,rows,accepted,0
corpus/ent2-pos-pool-static-and-boxed-capacity,b_rows,accepted,0
corpus/inv1-neg-static-capacity-is-not-initialized-length,base,Source:INV-1:UndischargedLocalInvariant,1
corpus/inv1-neg-static-capacity-is-not-initialized-length,off,Source:INV-1:UndischargedLocalInvariant,1
corpus/inv1-neg-static-capacity-is-not-initialized-length,a,Source:INV-1:UndischargedLocalInvariant,1
corpus/inv1-neg-static-capacity-is-not-initialized-length,ap,Source:INV-1:UndischargedLocalInvariant,1
corpus/inv1-neg-static-capacity-is-not-initialized-length,b,Source:INV-1:UndischargedLocalInvariant,1
corpus/inv1-neg-static-capacity-is-not-initialized-length,rows,Source:INV-1:UndischargedLocalInvariant,1
corpus/inv1-neg-static-capacity-is-not-initialized-length,b_rows,Source:INV-1:UndischargedLocalInvariant,1
corpus/fn9-neg-aggregate-field-result-selector,base,Source:FN-9:InvalidPostconditionSelector,1
corpus/fn9-neg-aggregate-field-result-selector,off,Source:FN-9:InvalidPostconditionSelector,1
corpus/fn9-neg-aggregate-field-result-selector,a,Source:FN-9:InvalidPostconditionSelector,1
corpus/fn9-neg-aggregate-field-result-selector,ap,Source:FN-9:InvalidPostconditionSelector,1
corpus/fn9-neg-aggregate-field-result-selector,b,Source:FN-9:InvalidPostconditionSelector,1
corpus/fn9-neg-aggregate-field-result-selector,rows,Source:FN-9:InvalidPostconditionSelector,1
corpus/fn9-neg-aggregate-field-result-selector,b_rows,Source:FN-9:InvalidPostconditionSelector,1
corpus/call4-pos-struct-result-integer-field,base,accepted,0
corpus/call4-pos-struct-result-integer-field,off,accepted,0
corpus/call4-pos-struct-result-integer-field,a,accepted,0
corpus/call4-pos-struct-result-integer-field,ap,accepted,0
corpus/call4-pos-struct-result-integer-field,b,accepted,0
corpus/call4-pos-struct-result-integer-field,rows,accepted,0
corpus/call4-pos-struct-result-integer-field,b_rows,accepted,0
corpus/call4-pos-nested-struct-result-field,base,accepted,0
corpus/call4-pos-nested-struct-result-field,off,accepted,0
corpus/call4-pos-nested-struct-result-field,a,accepted,0
corpus/call4-pos-nested-struct-result-field,ap,accepted,0
corpus/call4-pos-nested-struct-result-field,b,accepted,0
corpus/call4-pos-nested-struct-result-field,rows,accepted,0
corpus/call4-pos-nested-struct-result-field,b_rows,accepted,0
corpus/call4-pos-box-content-integer-field,base,accepted,0
corpus/call4-pos-box-content-integer-field,off,accepted,0
corpus/call4-pos-box-content-integer-field,a,accepted,0
corpus/call4-pos-box-content-integer-field,ap,accepted,0
corpus/call4-pos-box-content-integer-field,b,accepted,0
corpus/call4-pos-box-content-integer-field,rows,accepted,0
corpus/call4-pos-box-content-integer-field,b_rows,accepted,0
corpus/fn9-pos-routed-ok-struct-payload-match,base,accepted,0
corpus/fn9-pos-routed-ok-struct-payload-match,off,accepted,0
corpus/fn9-pos-routed-ok-struct-payload-match,a,accepted,0
corpus/fn9-pos-routed-ok-struct-payload-match,ap,accepted,0
corpus/fn9-pos-routed-ok-struct-payload-match,b,accepted,0
corpus/fn9-pos-routed-ok-struct-payload-match,rows,accepted,0
corpus/fn9-pos-routed-ok-struct-payload-match,b_rows,accepted,0
corpus/fn9-pos-routed-ok-struct-payload-propagate,base,accepted,0
corpus/fn9-pos-routed-ok-struct-payload-propagate,off,accepted,0
corpus/fn9-pos-routed-ok-struct-payload-propagate,a,accepted,0
corpus/fn9-pos-routed-ok-struct-payload-propagate,ap,accepted,0
corpus/fn9-pos-routed-ok-struct-payload-propagate,b,accepted,0
corpus/fn9-pos-routed-ok-struct-payload-propagate,rows,accepted,0
corpus/fn9-pos-routed-ok-struct-payload-propagate,b_rows,accepted,0
corpus/msr3-pos-construct-carries-integer-fields,base,accepted,0
corpus/msr3-pos-construct-carries-integer-fields,off,accepted,0
corpus/msr3-pos-construct-carries-integer-fields,a,accepted,0
corpus/msr3-pos-construct-carries-integer-fields,ap,accepted,0
corpus/msr3-pos-construct-carries-integer-fields,b,accepted,0
corpus/msr3-pos-construct-carries-integer-fields,rows,accepted,0
corpus/msr3-pos-construct-carries-integer-fields,b_rows,accepted,0
corpus/msr3-pos-rebind-carries-integer-fields,base,accepted,0
corpus/msr3-pos-rebind-carries-integer-fields,off,accepted,0
corpus/msr3-pos-rebind-carries-integer-fields,a,accepted,0
corpus/msr3-pos-rebind-carries-integer-fields,ap,accepted,0
corpus/msr3-pos-rebind-carries-integer-fields,b,accepted,0
corpus/msr3-pos-rebind-carries-integer-fields,rows,accepted,0
corpus/msr3-pos-rebind-carries-integer-fields,b_rows,accepted,0
corpus/call4-pos-destructuring-destination-field,base,accepted,0
corpus/call4-pos-destructuring-destination-field,off,accepted,0
corpus/call4-pos-destructuring-destination-field,a,accepted,0
corpus/call4-pos-destructuring-destination-field,ap,accepted,0
corpus/call4-pos-destructuring-destination-field,b,accepted,0
corpus/call4-pos-destructuring-destination-field,rows,accepted,0
corpus/call4-pos-destructuring-destination-field,b_rows,accepted,0
corpus/call4-pos-set-destination-field,base,accepted,0
corpus/call4-pos-set-destination-field,off,accepted,0
corpus/call4-pos-set-destination-field,a,accepted,0
corpus/call4-pos-set-destination-field,ap,accepted,0
corpus/call4-pos-set-destination-field,b,accepted,0
corpus/call4-pos-set-destination-field,rows,accepted,0
corpus/call4-pos-set-destination-field,b_rows,accepted,0
corpus/call4-neg-destination-field-written-after-call,base,Source:OP-4:UndischargedBoundsObligation,1
corpus/call4-neg-destination-field-written-after-call,off,Source:OP-4:UndischargedBoundsObligation,1
corpus/call4-neg-destination-field-written-after-call,a,Source:OP-4:UndischargedBoundsObligation,1
corpus/call4-neg-destination-field-written-after-call,ap,Source:OP-4:UndischargedBoundsObligation,1
corpus/call4-neg-destination-field-written-after-call,b,Source:OP-4:UndischargedBoundsObligation,1
corpus/call4-neg-destination-field-written-after-call,rows,Source:OP-4:UndischargedBoundsObligation,1
corpus/call4-neg-destination-field-written-after-call,b_rows,Source:OP-4:UndischargedBoundsObligation,1
corpus/call4-pos-sibling-field-write-keeps-relation,base,accepted,0
corpus/call4-pos-sibling-field-write-keeps-relation,off,accepted,0
corpus/call4-pos-sibling-field-write-keeps-relation,a,accepted,0
corpus/call4-pos-sibling-field-write-keeps-relation,ap,accepted,0
corpus/call4-pos-sibling-field-write-keeps-relation,b,accepted,0
corpus/call4-pos-sibling-field-write-keeps-relation,rows,accepted,0
corpus/call4-pos-sibling-field-write-keeps-relation,b_rows,accepted,0
corpus/call4-neg-result-field-stored-in-array-element,base,Source:OP-4:UndischargedBoundsObligation,1
corpus/call4-neg-result-field-stored-in-array-element,off,Source:OP-4:UndischargedBoundsObligation,1
corpus/call4-neg-result-field-stored-in-array-element,a,Source:OP-4:UndischargedBoundsObligation,1
corpus/call4-neg-result-field-stored-in-array-element,ap,Source:OP-4:UndischargedBoundsObligation,1
corpus/call4-neg-result-field-stored-in-array-element,b,Source:OP-4:UndischargedBoundsObligation,1
corpus/call4-neg-result-field-stored-in-array-element,rows,Source:OP-4:UndischargedBoundsObligation,1
corpus/call4-neg-result-field-stored-in-array-element,b_rows,Source:OP-4:UndischargedBoundsObligation,1
corpus/call4-neg-consumed-destination,base,Source:FN-8:UndischargedCallRequirement,1
corpus/call4-neg-consumed-destination,off,Source:FN-8:UndischargedCallRequirement,1
corpus/call4-neg-consumed-destination,a,Source:FN-8:UndischargedCallRequirement,1
corpus/call4-neg-consumed-destination,ap,Source:FN-8:UndischargedCallRequirement,1
corpus/call4-neg-consumed-destination,b,Source:FN-8:UndischargedCallRequirement,1
corpus/call4-neg-consumed-destination,rows,Source:FN-8:UndischargedCallRequirement,1
corpus/call4-neg-consumed-destination,b_rows,Source:FN-8:UndischargedCallRequirement,1
corpus/call4-neg-result-payload-integer-field,base,Source:FN-9:InvalidPostconditionSelector,1
corpus/call4-neg-result-payload-integer-field,off,Source:FN-9:InvalidPostconditionSelector,1
corpus/call4-neg-result-payload-integer-field,a,Source:FN-9:InvalidPostconditionSelector,1
corpus/call4-neg-result-payload-integer-field,ap,Source:FN-9:InvalidPostconditionSelector,1
corpus/call4-neg-result-payload-integer-field,b,Source:FN-9:InvalidPostconditionSelector,1
corpus/call4-neg-result-payload-integer-field,rows,Source:FN-9:InvalidPostconditionSelector,1
corpus/call4-neg-result-payload-integer-field,b_rows,Source:FN-9:InvalidPostconditionSelector,1
corpus/fn9-neg-scaled-result-field-relation,base,Source:FN-9:InvalidPostconditionRelation,1
corpus/fn9-neg-scaled-result-field-relation,off,Source:FN-9:InvalidPostconditionRelation,1
corpus/fn9-neg-scaled-result-field-relation,a,Source:FN-9:InvalidPostconditionRelation,1
corpus/fn9-neg-scaled-result-field-relation,ap,Source:FN-9:InvalidPostconditionRelation,1
corpus/fn9-neg-scaled-result-field-relation,b,Source:FN-9:InvalidPostconditionRelation,1
corpus/fn9-neg-scaled-result-field-relation,rows,Source:FN-9:InvalidPostconditionRelation,1
corpus/fn9-neg-scaled-result-field-relation,b_rows,Source:FN-9:InvalidPostconditionRelation,1
corpus/call4-neg-type-parameter-step,base,Source:FN-9:InvalidPostconditionSelector,1
corpus/call4-neg-type-parameter-step,off,Source:FN-9:InvalidPostconditionSelector,1
corpus/call4-neg-type-parameter-step,a,Source:FN-9:InvalidPostconditionSelector,1
corpus/call4-neg-type-parameter-step,ap,Source:FN-9:InvalidPostconditionSelector,1
corpus/call4-neg-type-parameter-step,b,Source:FN-9:InvalidPostconditionSelector,1
corpus/call4-neg-type-parameter-step,rows,Source:FN-9:InvalidPostconditionSelector,1
corpus/call4-neg-type-parameter-step,b_rows,Source:FN-9:InvalidPostconditionSelector,1
corpus/fn9-neg-forwarded-result-without-context,base,Source:FN-9:UndischargedPostcondition,1
corpus/fn9-neg-forwarded-result-without-context,off,Source:FN-9:UndischargedPostcondition,1
corpus/fn9-neg-forwarded-result-without-context,a,Source:FN-9:UndischargedPostcondition,1
corpus/fn9-neg-forwarded-result-without-context,ap,Source:FN-9:UndischargedPostcondition,1
corpus/fn9-neg-forwarded-result-without-context,b,Source:FN-9:UndischargedPostcondition,1
corpus/fn9-neg-forwarded-result-without-context,rows,Source:FN-9:UndischargedPostcondition,1
corpus/fn9-neg-forwarded-result-without-context,b_rows,Source:FN-9:UndischargedPostcondition,1
corpus/ent3-pos-widening-conversion-requirement,base,accepted,0
corpus/ent3-pos-widening-conversion-requirement,off,accepted,0
corpus/ent3-pos-widening-conversion-requirement,a,accepted,0
corpus/ent3-pos-widening-conversion-requirement,ap,accepted,0
corpus/ent3-pos-widening-conversion-requirement,b,accepted,0
corpus/ent3-pos-widening-conversion-requirement,rows,accepted,0
corpus/ent3-pos-widening-conversion-requirement,b_rows,accepted,0
corpus/fn9-pos-widening-conversion-relation,base,accepted,0
corpus/fn9-pos-widening-conversion-relation,off,accepted,0
corpus/fn9-pos-widening-conversion-relation,a,accepted,0
corpus/fn9-pos-widening-conversion-relation,ap,accepted,0
corpus/fn9-pos-widening-conversion-relation,b,accepted,0
corpus/fn9-pos-widening-conversion-relation,rows,accepted,0
corpus/fn9-pos-widening-conversion-relation,b_rows,accepted,0
corpus/fn9-neg-narrowing-conversion-relation,base,Source:FN-9:InvalidPostconditionClause,1
corpus/fn9-neg-narrowing-conversion-relation,off,Source:FN-9:InvalidPostconditionClause,1
corpus/fn9-neg-narrowing-conversion-relation,a,Source:FN-9:InvalidPostconditionClause,1
corpus/fn9-neg-narrowing-conversion-relation,ap,Source:FN-9:InvalidPostconditionClause,1
corpus/fn9-neg-narrowing-conversion-relation,b,Source:FN-9:InvalidPostconditionClause,1
corpus/fn9-neg-narrowing-conversion-relation,rows,Source:FN-9:InvalidPostconditionClause,1
corpus/fn9-neg-narrowing-conversion-relation,b_rows,Source:FN-9:InvalidPostconditionClause,1
corpus/msr3-pos-written-parameter-integer-field-exit-state,base,accepted,0
corpus/msr3-pos-written-parameter-integer-field-exit-state,off,accepted,0
corpus/msr3-pos-written-parameter-integer-field-exit-state,a,accepted,0
corpus/msr3-pos-written-parameter-integer-field-exit-state,ap,accepted,0
corpus/msr3-pos-written-parameter-integer-field-exit-state,b,accepted,0
corpus/msr3-pos-written-parameter-integer-field-exit-state,rows,accepted,0
corpus/msr3-pos-written-parameter-integer-field-exit-state,b_rows,accepted,0
corpus/msr3-neg-entry-field-is-the-old-value,base,Source:FN-9:UndischargedPostcondition,1
corpus/msr3-neg-entry-field-is-the-old-value,off,Source:FN-9:UndischargedPostcondition,1
corpus/msr3-neg-entry-field-is-the-old-value,a,Source:FN-9:UndischargedPostcondition,1
corpus/msr3-neg-entry-field-is-the-old-value,ap,Source:FN-9:UndischargedPostcondition,1
corpus/msr3-neg-entry-field-is-the-old-value,b,Source:FN-9:UndischargedPostcondition,1
corpus/msr3-neg-entry-field-is-the-old-value,rows,Source:FN-9:UndischargedPostcondition,1
corpus/msr3-neg-entry-field-is-the-old-value,b_rows,Source:FN-9:UndischargedPostcondition,1
corpus/fn9-pos-some-route-caller-match,base,accepted,0
corpus/fn9-pos-some-route-caller-match,off,accepted,0
corpus/fn9-pos-some-route-caller-match,a,accepted,0
corpus/fn9-pos-some-route-caller-match,ap,accepted,0
corpus/fn9-pos-some-route-caller-match,b,accepted,0
corpus/fn9-pos-some-route-caller-match,rows,accepted,0
corpus/fn9-pos-some-route-caller-match,b_rows,accepted,0
corpus/fn9-pos-some-route-forwarded-option,base,accepted,0
corpus/fn9-pos-some-route-forwarded-option,off,accepted,0
corpus/fn9-pos-some-route-forwarded-option,a,accepted,0
corpus/fn9-pos-some-route-forwarded-option,ap,accepted,0
corpus/fn9-pos-some-route-forwarded-option,b,accepted,0
corpus/fn9-pos-some-route-forwarded-option,rows,accepted,0
corpus/fn9-pos-some-route-forwarded-option,b_rows,accepted,0
corpus/fn9-neg-none-route,base,Source:FN-9:InvalidPostconditionSelector,1
corpus/fn9-neg-none-route,off,Source:FN-9:InvalidPostconditionSelector,1
corpus/fn9-neg-none-route,a,Source:FN-9:InvalidPostconditionSelector,1
corpus/fn9-neg-none-route,ap,Source:FN-9:InvalidPostconditionSelector,1
corpus/fn9-neg-none-route,b,Source:FN-9:InvalidPostconditionSelector,1
corpus/fn9-neg-none-route,rows,Source:FN-9:InvalidPostconditionSelector,1
corpus/fn9-neg-none-route,b_rows,Source:FN-9:InvalidPostconditionSelector,1
corpus/fn9-neg-some-payload-unproved,base,Source:FN-9:UndischargedPostcondition,1
corpus/fn9-neg-some-payload-unproved,off,Source:FN-9:UndischargedPostcondition,1
corpus/fn9-neg-some-payload-unproved,a,Source:FN-9:UndischargedPostcondition,1
corpus/fn9-neg-some-payload-unproved,ap,Source:FN-9:UndischargedPostcondition,1
corpus/fn9-neg-some-payload-unproved,b,Source:FN-9:UndischargedPostcondition,1
corpus/fn9-neg-some-payload-unproved,rows,Source:FN-9:UndischargedPostcondition,1
corpus/fn9-neg-some-payload-unproved,b_rows,Source:FN-9:UndischargedPostcondition,1
corpus/fn9-neg-some-route-only-none-returns,base,Source:FN-9:NoSelectedNormalExit,1
corpus/fn9-neg-some-route-only-none-returns,off,Source:FN-9:NoSelectedNormalExit,1
corpus/fn9-neg-some-route-only-none-returns,a,Source:FN-9:NoSelectedNormalExit,1
corpus/fn9-neg-some-route-only-none-returns,ap,Source:FN-9:NoSelectedNormalExit,1
corpus/fn9-neg-some-route-only-none-returns,b,Source:FN-9:NoSelectedNormalExit,1
corpus/fn9-neg-some-route-only-none-returns,rows,Source:FN-9:NoSelectedNormalExit,1
corpus/fn9-neg-some-route-only-none-returns,b_rows,Source:FN-9:NoSelectedNormalExit,1
corpus/fn9-neg-take-does-not-preserve-length,base,Source:FN-9:UndischargedPostcondition,1
corpus/fn9-neg-take-does-not-preserve-length,off,Source:FN-9:UndischargedPostcondition,1
corpus/fn9-neg-take-does-not-preserve-length,a,Source:FN-9:UndischargedPostcondition,1
corpus/fn9-neg-take-does-not-preserve-length,ap,Source:FN-9:UndischargedPostcondition,1
corpus/fn9-neg-take-does-not-preserve-length,b,Source:FN-9:UndischargedPostcondition,1
corpus/fn9-neg-take-does-not-preserve-length,rows,Source:FN-9:UndischargedPostcondition,1
corpus/fn9-neg-take-does-not-preserve-length,b_rows,Source:FN-9:UndischargedPostcondition,1
corpus/prov6-pos-consume-and-drain-on-every-result-arm,base,accepted,0
corpus/prov6-pos-consume-and-drain-on-every-result-arm,off,accepted,0
corpus/prov6-pos-consume-and-drain-on-every-result-arm,a,accepted,0
corpus/prov6-pos-consume-and-drain-on-every-result-arm,ap,accepted,0
corpus/prov6-pos-consume-and-drain-on-every-result-arm,b,accepted,0
corpus/prov6-pos-consume-and-drain-on-every-result-arm,rows,accepted,0
corpus/prov6-pos-consume-and-drain-on-every-result-arm,b_rows,accepted,0
corpus/prov6-neg-prior-ticket-leaked-on-refusal,base,Source:PROV-6:LinearValueNotConsumed,1
corpus/prov6-neg-prior-ticket-leaked-on-refusal,off,Source:PROV-6:LinearValueNotConsumed,1
corpus/prov6-neg-prior-ticket-leaked-on-refusal,a,Source:PROV-6:LinearValueNotConsumed,1
corpus/prov6-neg-prior-ticket-leaked-on-refusal,ap,Source:PROV-6:LinearValueNotConsumed,1
corpus/prov6-neg-prior-ticket-leaked-on-refusal,b,Source:PROV-6:LinearValueNotConsumed,1
corpus/prov6-neg-prior-ticket-leaked-on-refusal,rows,Source:PROV-6:LinearValueNotConsumed,1
corpus/prov6-neg-prior-ticket-leaked-on-refusal,b_rows,Source:PROV-6:LinearValueNotConsumed,1
corpus/inv1-neg-local-relation-unproved,base,Source:INV-1:UndischargedLocalInvariant,1
corpus/inv1-neg-local-relation-unproved,off,Source:INV-1:UndischargedLocalInvariant,1
corpus/inv1-neg-local-relation-unproved,a,Source:INV-1:UndischargedLocalInvariant,1
corpus/inv1-neg-local-relation-unproved,ap,Source:INV-1:UndischargedLocalInvariant,1
corpus/inv1-neg-local-relation-unproved,b,Source:INV-1:UndischargedLocalInvariant,1
corpus/inv1-neg-local-relation-unproved,rows,Source:INV-1:UndischargedLocalInvariant,1
corpus/inv1-neg-local-relation-unproved,b_rows,Source:INV-1:UndischargedLocalInvariant,1
corpus/op4-neg-post-loop-cursor-index,base,Source:OP-4:UndischargedBoundsObligation,1
corpus/op4-neg-post-loop-cursor-index,off,Source:OP-4:UndischargedBoundsObligation,1
corpus/op4-neg-post-loop-cursor-index,a,Source:OP-4:UndischargedBoundsObligation,1
corpus/op4-neg-post-loop-cursor-index,ap,Source:OP-4:UndischargedBoundsObligation,1
corpus/op4-neg-post-loop-cursor-index,b,Source:OP-4:UndischargedBoundsObligation,1
corpus/op4-neg-post-loop-cursor-index,rows,Source:OP-4:UndischargedBoundsObligation,1
corpus/op4-neg-post-loop-cursor-index,b_rows,Source:OP-4:UndischargedBoundsObligation,1
corpus/op4-neg-post-loop-selected-index,base,Source:OP-4:UndischargedBoundsObligation,1
corpus/op4-neg-post-loop-selected-index,off,Source:OP-4:UndischargedBoundsObligation,1
corpus/op4-neg-post-loop-selected-index,a,Source:OP-4:UndischargedBoundsObligation,1
corpus/op4-neg-post-loop-selected-index,ap,Source:OP-4:UndischargedBoundsObligation,1
corpus/op4-neg-post-loop-selected-index,b,Source:OP-4:UndischargedBoundsObligation,1
corpus/op4-neg-post-loop-selected-index,rows,Source:OP-4:UndischargedBoundsObligation,1
corpus/op4-neg-post-loop-selected-index,b_rows,Source:OP-4:UndischargedBoundsObligation,1
corpus/prf1-neg-redundant-counted-bound,base,Source:PRF-1:UndischargedSourceProof,1
corpus/prf1-neg-redundant-counted-bound,off,Source:PRF-1:UndischargedSourceProof,1
corpus/prf1-neg-redundant-counted-bound,a,Source:PRF-1:UndischargedSourceProof,1
corpus/prf1-neg-redundant-counted-bound,ap,Source:PRF-1:UndischargedSourceProof,1
corpus/prf1-neg-redundant-counted-bound,b,Source:PRF-1:UndischargedSourceProof,1
corpus/prf1-neg-redundant-counted-bound,rows,Source:PRF-1:UndischargedSourceProof,1
corpus/prf1-neg-redundant-counted-bound,b_rows,Source:PRF-1:UndischargedSourceProof,1
corpus/fn8-neg-write-range-unproved,base,Source:FN-8:UndischargedCallRequirement,1
corpus/fn8-neg-write-range-unproved,off,Source:FN-8:UndischargedCallRequirement,1
corpus/fn8-neg-write-range-unproved,a,Source:FN-8:UndischargedCallRequirement,1
corpus/fn8-neg-write-range-unproved,ap,Source:FN-8:UndischargedCallRequirement,1
corpus/fn8-neg-write-range-unproved,b,Source:FN-8:UndischargedCallRequirement,1
corpus/fn8-neg-write-range-unproved,rows,Source:FN-8:UndischargedCallRequirement,1
corpus/fn8-neg-write-range-unproved,b_rows,Source:FN-8:UndischargedCallRequirement,1
corpus/op4-neg-index-invariant-before-replacement,base,Source:OP-4:UndischargedBoundsObligation,1
corpus/op4-neg-index-invariant-before-replacement,off,Source:OP-4:UndischargedBoundsObligation,1
corpus/op4-neg-index-invariant-before-replacement,a,Source:OP-4:UndischargedBoundsObligation,1
corpus/op4-neg-index-invariant-before-replacement,ap,Source:OP-4:UndischargedBoundsObligation,1
corpus/op4-neg-index-invariant-before-replacement,b,Source:OP-4:UndischargedBoundsObligation,1
corpus/op4-neg-index-invariant-before-replacement,rows,Source:OP-4:UndischargedBoundsObligation,1
corpus/op4-neg-index-invariant-before-replacement,b_rows,Source:OP-4:UndischargedBoundsObligation,1
corpus/inv1-neg-forward-proof-name,base,Source:INV-1:InvisibleUse,1
corpus/inv1-neg-forward-proof-name,off,Source:INV-1:InvisibleUse,1
corpus/inv1-neg-forward-proof-name,a,Source:INV-1:InvisibleUse,1
corpus/inv1-neg-forward-proof-name,ap,Source:INV-1:InvisibleUse,1
corpus/inv1-neg-forward-proof-name,b,Source:INV-1:InvisibleUse,1
corpus/inv1-neg-forward-proof-name,rows,Source:INV-1:InvisibleUse,1
corpus/inv1-neg-forward-proof-name,b_rows,Source:INV-1:InvisibleUse,1
corpus/prf1-neg-literal-factor-zero,base,Source:PRF-1:InvalidSourceProof,1
corpus/prf1-neg-literal-factor-zero,off,Source:PRF-1:InvalidSourceProof,1
corpus/prf1-neg-literal-factor-zero,a,Source:PRF-1:InvalidSourceProof,1
corpus/prf1-neg-literal-factor-zero,ap,Source:PRF-1:InvalidSourceProof,1
corpus/prf1-neg-literal-factor-zero,b,Source:PRF-1:InvalidSourceProof,1
corpus/prf1-neg-literal-factor-zero,rows,Source:PRF-1:InvalidSourceProof,1
corpus/prf1-neg-literal-factor-zero,b_rows,Source:PRF-1:InvalidSourceProof,1
corpus/prf1-neg-duplicate-scaled-use,base,Source:PRF-1:UndischargedSourceProof,1
corpus/prf1-neg-duplicate-scaled-use,off,Source:PRF-1:UndischargedSourceProof,1
corpus/prf1-neg-duplicate-scaled-use,a,Source:PRF-1:UndischargedSourceProof,1
corpus/prf1-neg-duplicate-scaled-use,ap,Source:PRF-1:UndischargedSourceProof,1
corpus/prf1-neg-duplicate-scaled-use,b,Source:PRF-1:UndischargedSourceProof,1
corpus/prf1-neg-duplicate-scaled-use,rows,Source:PRF-1:UndischargedSourceProof,1
corpus/prf1-neg-duplicate-scaled-use,b_rows,Source:PRF-1:UndischargedSourceProof,1
corpus/prf1-neg-redundant-pair-bound,base,Source:PRF-1:UndischargedSourceProof,1
corpus/prf1-neg-redundant-pair-bound,off,Source:PRF-1:UndischargedSourceProof,1
corpus/prf1-neg-redundant-pair-bound,a,Source:PRF-1:UndischargedSourceProof,1
corpus/prf1-neg-redundant-pair-bound,ap,Source:PRF-1:UndischargedSourceProof,1
corpus/prf1-neg-redundant-pair-bound,b,Source:PRF-1:UndischargedSourceProof,1
corpus/prf1-neg-redundant-pair-bound,rows,Source:PRF-1:UndischargedSourceProof,1
corpus/prf1-neg-redundant-pair-bound,b_rows,Source:PRF-1:UndischargedSourceProof,1
corpus/prf1-pos-write-after-certificate,base,accepted,0
corpus/prf1-pos-write-after-certificate,off,accepted,0
corpus/prf1-pos-write-after-certificate,a,accepted,0
corpus/prf1-pos-write-after-certificate,ap,accepted,0
corpus/prf1-pos-write-after-certificate,b,accepted,0
corpus/prf1-pos-write-after-certificate,rows,accepted,0
corpus/prf1-pos-write-after-certificate,b_rows,accepted,0
corpus/prf1-neg-mismatched-coefficient-vector,base,Source:PRF-1:UndischargedSourceProof,1
corpus/prf1-neg-mismatched-coefficient-vector,off,Source:PRF-1:UndischargedSourceProof,1
corpus/prf1-neg-mismatched-coefficient-vector,a,Source:PRF-1:UndischargedSourceProof,1
corpus/prf1-neg-mismatched-coefficient-vector,ap,Source:PRF-1:UndischargedSourceProof,1
corpus/prf1-neg-mismatched-coefficient-vector,b,Source:PRF-1:UndischargedSourceProof,1
corpus/prf1-neg-mismatched-coefficient-vector,rows,Source:PRF-1:UndischargedSourceProof,1
corpus/prf1-neg-mismatched-coefficient-vector,b_rows,Source:PRF-1:UndischargedSourceProof,1
corpus/prf1-neg-certified-image-after-replacement,base,Source:PRF-1:UndischargedSourceProof,1
corpus/prf1-neg-certified-image-after-replacement,off,Source:PRF-1:UndischargedSourceProof,1
corpus/prf1-neg-certified-image-after-replacement,a,Source:PRF-1:UndischargedSourceProof,1
corpus/prf1-neg-certified-image-after-replacement,ap,Source:PRF-1:UndischargedSourceProof,1
corpus/prf1-neg-certified-image-after-replacement,b,Source:PRF-1:UndischargedSourceProof,1
corpus/prf1-neg-certified-image-after-replacement,rows,Source:PRF-1:UndischargedSourceProof,1
corpus/prf1-neg-certified-image-after-replacement,b_rows,Source:PRF-1:UndischargedSourceProof,1
corpus/prf1-neg-redundant-mixed-bound,base,Source:PRF-1:UndischargedSourceProof,1
corpus/prf1-neg-redundant-mixed-bound,off,Source:PRF-1:UndischargedSourceProof,1
corpus/prf1-neg-redundant-mixed-bound,a,Source:PRF-1:UndischargedSourceProof,1
corpus/prf1-neg-redundant-mixed-bound,ap,Source:PRF-1:UndischargedSourceProof,1
corpus/prf1-neg-redundant-mixed-bound,b,Source:PRF-1:UndischargedSourceProof,1
corpus/prf1-neg-redundant-mixed-bound,rows,Source:PRF-1:UndischargedSourceProof,1
corpus/prf1-neg-redundant-mixed-bound,b_rows,Source:PRF-1:UndischargedSourceProof,1
corpus/prf1-pos-three-weighted-premises,base,accepted,0
corpus/prf1-pos-three-weighted-premises,off,accepted,0
corpus/prf1-pos-three-weighted-premises,a,accepted,0
corpus/prf1-pos-three-weighted-premises,ap,accepted,0
corpus/prf1-pos-three-weighted-premises,b,accepted,0
corpus/prf1-pos-three-weighted-premises,rows,accepted,0
corpus/prf1-pos-three-weighted-premises,b_rows,accepted,0
corpus/prf1-pos-chained-weighted-certificates,base,accepted,0
corpus/prf1-pos-chained-weighted-certificates,off,accepted,0
corpus/prf1-pos-chained-weighted-certificates,a,accepted,0
corpus/prf1-pos-chained-weighted-certificates,ap,accepted,0
corpus/prf1-pos-chained-weighted-certificates,b,accepted,0
corpus/prf1-pos-chained-weighted-certificates,rows,accepted,0
corpus/prf1-pos-chained-weighted-certificates,b_rows,accepted,0
corpus/prf1-pos-mixed-named-and-relation,base,accepted,0
corpus/prf1-pos-mixed-named-and-relation,off,accepted,0
corpus/prf1-pos-mixed-named-and-relation,a,accepted,0
corpus/prf1-pos-mixed-named-and-relation,ap,accepted,0
corpus/prf1-pos-mixed-named-and-relation,b,accepted,0
corpus/prf1-pos-mixed-named-and-relation,rows,accepted,0
corpus/prf1-pos-mixed-named-and-relation,b_rows,accepted,0
corpus/prf1-neg-duplicate-named-and-relation,base,Source:PRF-1:UndischargedSourceProof,1
corpus/prf1-neg-duplicate-named-and-relation,off,Source:PRF-1:UndischargedSourceProof,1
corpus/prf1-neg-duplicate-named-and-relation,a,Source:PRF-1:UndischargedSourceProof,1
corpus/prf1-neg-duplicate-named-and-relation,ap,Source:PRF-1:UndischargedSourceProof,1
corpus/prf1-neg-duplicate-named-and-relation,b,Source:PRF-1:UndischargedSourceProof,1
corpus/prf1-neg-duplicate-named-and-relation,rows,Source:PRF-1:UndischargedSourceProof,1
corpus/prf1-neg-duplicate-named-and-relation,b_rows,Source:PRF-1:UndischargedSourceProof,1
corpus/fn9-pos-owned-run-return-through-loop,base,accepted,0
corpus/fn9-pos-owned-run-return-through-loop,off,accepted,0
corpus/fn9-pos-owned-run-return-through-loop,a,accepted,0
corpus/fn9-pos-owned-run-return-through-loop,ap,accepted,0
corpus/fn9-pos-owned-run-return-through-loop,b,accepted,0
corpus/fn9-pos-owned-run-return-through-loop,rows,accepted,0
corpus/fn9-pos-owned-run-return-through-loop,b_rows,accepted,0
corpus/fn8-neg-counted-call-past-end,base,Source:FN-8:UndischargedCallRequirement,1
corpus/fn8-neg-counted-call-past-end,off,Source:FN-8:UndischargedCallRequirement,1
corpus/fn8-neg-counted-call-past-end,a,Source:FN-8:UndischargedCallRequirement,1
corpus/fn8-neg-counted-call-past-end,ap,Source:FN-8:UndischargedCallRequirement,1
corpus/fn8-neg-counted-call-past-end,b,Source:FN-8:UndischargedCallRequirement,1
corpus/fn8-neg-counted-call-past-end,rows,Source:FN-8:UndischargedCallRequirement,1
corpus/fn8-neg-counted-call-past-end,b_rows,Source:FN-8:UndischargedCallRequirement,1
corpus/fn9-pos-counted-exhaustion-result,base,accepted,0
corpus/fn9-pos-counted-exhaustion-result,off,accepted,0
corpus/fn9-pos-counted-exhaustion-result,a,accepted,0
corpus/fn9-pos-counted-exhaustion-result,ap,accepted,0
corpus/fn9-pos-counted-exhaustion-result,b,accepted,0
corpus/fn9-pos-counted-exhaustion-result,rows,accepted,0
corpus/fn9-pos-counted-exhaustion-result,b_rows,accepted,0
corpus/fn9-neg-strict-counted-exhaustion-result,base,Source:FN-9:UndischargedPostcondition,1
corpus/fn9-neg-strict-counted-exhaustion-result,off,Source:FN-9:UndischargedPostcondition,1
corpus/fn9-neg-strict-counted-exhaustion-result,a,Source:FN-9:UndischargedPostcondition,1
corpus/fn9-neg-strict-counted-exhaustion-result,ap,Source:FN-9:UndischargedPostcondition,1
corpus/fn9-neg-strict-counted-exhaustion-result,b,Source:FN-9:UndischargedPostcondition,1
corpus/fn9-neg-strict-counted-exhaustion-result,rows,Source:FN-9:UndischargedPostcondition,1
corpus/fn9-neg-strict-counted-exhaustion-result,b_rows,Source:FN-9:UndischargedPostcondition,1
corpus/fn8-pos-two-independent-input-lengths,base,accepted,0
corpus/fn8-pos-two-independent-input-lengths,off,accepted,0
corpus/fn8-pos-two-independent-input-lengths,a,accepted,0
corpus/fn8-pos-two-independent-input-lengths,ap,accepted,0
corpus/fn8-pos-two-independent-input-lengths,b,accepted,0
corpus/fn8-pos-two-independent-input-lengths,rows,accepted,0
corpus/fn8-pos-two-independent-input-lengths,b_rows,accepted,0
corpus/fn8-neg-length-requirement-distinct-objects,base,Source:FN-8:UndischargedCallRequirement,1
corpus/fn8-neg-length-requirement-distinct-objects,off,Source:FN-8:UndischargedCallRequirement,1
corpus/fn8-neg-length-requirement-distinct-objects,a,Source:FN-8:UndischargedCallRequirement,1
corpus/fn8-neg-length-requirement-distinct-objects,ap,Source:FN-8:UndischargedCallRequirement,1
corpus/fn8-neg-length-requirement-distinct-objects,b,Source:FN-8:UndischargedCallRequirement,1
corpus/fn8-neg-length-requirement-distinct-objects,rows,Source:FN-8:UndischargedCallRequirement,1
corpus/fn8-neg-length-requirement-distinct-objects,b_rows,Source:FN-8:UndischargedCallRequirement,1
corpus/fn8-pos-loop-invariant-call-chain,base,accepted,0
corpus/fn8-pos-loop-invariant-call-chain,off,accepted,0
corpus/fn8-pos-loop-invariant-call-chain,a,accepted,0
corpus/fn8-pos-loop-invariant-call-chain,ap,accepted,0
corpus/fn8-pos-loop-invariant-call-chain,b,accepted,0
corpus/fn8-pos-loop-invariant-call-chain,rows,accepted,0
corpus/fn8-pos-loop-invariant-call-chain,b_rows,accepted,0
corpus/fn8-pos-bounded-sum-result,base,accepted,0
corpus/fn8-pos-bounded-sum-result,off,accepted,0
corpus/fn8-pos-bounded-sum-result,a,accepted,0
corpus/fn8-pos-bounded-sum-result,ap,accepted,0
corpus/fn8-pos-bounded-sum-result,b,accepted,0
corpus/fn8-pos-bounded-sum-result,rows,accepted,0
corpus/fn8-pos-bounded-sum-result,b_rows,accepted,0
corpus/fn9-pos-defined-run-last-index,base,accepted,0
corpus/fn9-pos-defined-run-last-index,off,accepted,0
corpus/fn9-pos-defined-run-last-index,a,accepted,0
corpus/fn9-pos-defined-run-last-index,ap,accepted,0
corpus/fn9-pos-defined-run-last-index,b,accepted,0
corpus/fn9-pos-defined-run-last-index,rows,accepted,0
corpus/fn9-pos-defined-run-last-index,b_rows,accepted,0
corpus/fn9-pos-two-signed-result-bounds,base,accepted,0
corpus/fn9-pos-two-signed-result-bounds,off,accepted,0
corpus/fn9-pos-two-signed-result-bounds,a,accepted,0
corpus/fn9-pos-two-signed-result-bounds,ap,accepted,0
corpus/fn9-pos-two-signed-result-bounds,b,accepted,0
corpus/fn9-pos-two-signed-result-bounds,rows,accepted,0
corpus/fn9-pos-two-signed-result-bounds,b_rows,accepted,0
corpus/gram4-pos-nested-break-to-counted-label,base,accepted,0
corpus/gram4-pos-nested-break-to-counted-label,off,accepted,0
corpus/gram4-pos-nested-break-to-counted-label,a,accepted,0
corpus/gram4-pos-nested-break-to-counted-label,ap,accepted,0
corpus/gram4-pos-nested-break-to-counted-label,b,accepted,0
corpus/gram4-pos-nested-break-to-counted-label,rows,accepted,0
corpus/gram4-pos-nested-break-to-counted-label,b_rows,accepted,0
corpus/inv1-neg-header-name-after-loop,base,Source:INV-1:InvisibleUse,1
corpus/inv1-neg-header-name-after-loop,off,Source:INV-1:InvisibleUse,1
corpus/inv1-neg-header-name-after-loop,a,Source:INV-1:InvisibleUse,1
corpus/inv1-neg-header-name-after-loop,ap,Source:INV-1:InvisibleUse,1
corpus/inv1-neg-header-name-after-loop,b,Source:INV-1:InvisibleUse,1
corpus/inv1-neg-header-name-after-loop,rows,Source:INV-1:InvisibleUse,1
corpus/inv1-neg-header-name-after-loop,b_rows,Source:INV-1:InvisibleUse,1
corpus/inv1-pos-labeled-loop-simultaneous-headers,base,accepted,0
corpus/inv1-pos-labeled-loop-simultaneous-headers,off,accepted,0
corpus/inv1-pos-labeled-loop-simultaneous-headers,a,accepted,0
corpus/inv1-pos-labeled-loop-simultaneous-headers,ap,accepted,0
corpus/inv1-pos-labeled-loop-simultaneous-headers,b,accepted,0
corpus/inv1-pos-labeled-loop-simultaneous-headers,rows,accepted,0
corpus/inv1-pos-labeled-loop-simultaneous-headers,b_rows,accepted,0
corpus/type6-neg-nested-live-label,base,Source:TYPE-6:DeclarationCollision,1
corpus/type6-neg-nested-live-label,off,Source:TYPE-6:DeclarationCollision,1
corpus/type6-neg-nested-live-label,a,Source:TYPE-6:DeclarationCollision,1
corpus/type6-neg-nested-live-label,ap,Source:TYPE-6:DeclarationCollision,1
corpus/type6-neg-nested-live-label,b,Source:TYPE-6:DeclarationCollision,1
corpus/type6-neg-nested-live-label,rows,Source:TYPE-6:DeclarationCollision,1
corpus/type6-neg-nested-live-label,b_rows,Source:TYPE-6:DeclarationCollision,1
corpus/op2-neg-counted-accumulator-without-invariant,base,Source:OP-2:UndischargedIntegerDomainObligation,1
corpus/op2-neg-counted-accumulator-without-invariant,off,Source:OP-2:UndischargedIntegerDomainObligation,1
corpus/op2-neg-counted-accumulator-without-invariant,a,Source:OP-2:UndischargedIntegerDomainObligation,1
corpus/op2-neg-counted-accumulator-without-invariant,ap,Source:OP-2:UndischargedIntegerDomainObligation,1
corpus/op2-neg-counted-accumulator-without-invariant,b,Source:OP-2:UndischargedIntegerDomainObligation,1
corpus/op2-neg-counted-accumulator-without-invariant,rows,Source:OP-2:UndischargedIntegerDomainObligation,1
corpus/op2-neg-counted-accumulator-without-invariant,b_rows,Source:OP-2:UndischargedIntegerDomainObligation,1
corpus/inv1-pos-index-weighted-accumulator,base,accepted,0
corpus/inv1-pos-index-weighted-accumulator,off,accepted,0
corpus/inv1-pos-index-weighted-accumulator,a,accepted,0
corpus/inv1-pos-index-weighted-accumulator,ap,accepted,0
corpus/inv1-pos-index-weighted-accumulator,b,accepted,0
corpus/inv1-pos-index-weighted-accumulator,rows,accepted,0
corpus/inv1-pos-index-weighted-accumulator,b_rows,accepted,0
corpus/prf1-pos-active-header-reference,base,accepted,0
corpus/prf1-pos-active-header-reference,off,accepted,0
corpus/prf1-pos-active-header-reference,a,accepted,0
corpus/prf1-pos-active-header-reference,ap,accepted,0
corpus/prf1-pos-active-header-reference,b,Source:PRF-1:UndischargedSourceProof,1
corpus/prf1-pos-active-header-reference,rows,accepted,0
corpus/prf1-pos-active-header-reference,b_rows,Source:PRF-1:UndischargedSourceProof,1
corpus/inv1-neg-header-refers-to-body-local,base,Source:INV-1:InvisibleUse,1
corpus/inv1-neg-header-refers-to-body-local,off,Source:INV-1:InvisibleUse,1
corpus/inv1-neg-header-refers-to-body-local,a,Source:INV-1:InvisibleUse,1
corpus/inv1-neg-header-refers-to-body-local,ap,Source:INV-1:InvisibleUse,1
corpus/inv1-neg-header-refers-to-body-local,b,Source:INV-1:InvisibleUse,1
corpus/inv1-neg-header-refers-to-body-local,rows,Source:INV-1:InvisibleUse,1
corpus/inv1-neg-header-refers-to-body-local,b_rows,Source:INV-1:InvisibleUse,1
corpus/prf1-pos-certificate-after-exhaustion,base,accepted,0
corpus/prf1-pos-certificate-after-exhaustion,off,accepted,0
corpus/prf1-pos-certificate-after-exhaustion,a,accepted,0
corpus/prf1-pos-certificate-after-exhaustion,ap,accepted,0
corpus/prf1-pos-certificate-after-exhaustion,b,Source:PRF-1:UndischargedSourceProof,1
corpus/prf1-pos-certificate-after-exhaustion,rows,accepted,0
corpus/prf1-pos-certificate-after-exhaustion,b_rows,Source:PRF-1:UndischargedSourceProof,1
corpus/op4-pos-mirrored-counted-index,base,accepted,0
corpus/op4-pos-mirrored-counted-index,off,accepted,0
corpus/op4-pos-mirrored-counted-index,a,accepted,0
corpus/op4-pos-mirrored-counted-index,ap,accepted,0
corpus/op4-pos-mirrored-counted-index,b,accepted,0
corpus/op4-pos-mirrored-counted-index,rows,accepted,0
corpus/op4-pos-mirrored-counted-index,b_rows,accepted,0
corpus/inv1-pos-bounded-byte-sum,base,accepted,0
corpus/inv1-pos-bounded-byte-sum,off,accepted,0
corpus/inv1-pos-bounded-byte-sum,a,accepted,0
corpus/inv1-pos-bounded-byte-sum,ap,accepted,0
corpus/inv1-pos-bounded-byte-sum,b,accepted,0
corpus/inv1-pos-bounded-byte-sum,rows,accepted,0
corpus/inv1-pos-bounded-byte-sum,b_rows,accepted,0
corpus/op4-neg-join-wrapped-increment-bound,base,Source:OP-4:UndischargedBoundsObligation,1
corpus/op4-neg-join-wrapped-increment-bound,off,Source:OP-4:UndischargedBoundsObligation,1
corpus/op4-neg-join-wrapped-increment-bound,a,Source:OP-4:UndischargedBoundsObligation,1
corpus/op4-neg-join-wrapped-increment-bound,ap,Source:OP-4:UndischargedBoundsObligation,1
corpus/op4-neg-join-wrapped-increment-bound,b,Source:OP-4:UndischargedBoundsObligation,1
corpus/op4-neg-join-wrapped-increment-bound,rows,Source:OP-4:UndischargedBoundsObligation,1
corpus/op4-neg-join-wrapped-increment-bound,b_rows,Source:OP-4:UndischargedBoundsObligation,1
corpus/ent5-pos-join-measure-identities,base,accepted,0
corpus/ent5-pos-join-measure-identities,off,accepted,0
corpus/ent5-pos-join-measure-identities,a,accepted,0
corpus/ent5-pos-join-measure-identities,ap,accepted,0
corpus/ent5-pos-join-measure-identities,b,accepted,0
corpus/ent5-pos-join-measure-identities,rows,accepted,0
corpus/ent5-pos-join-measure-identities,b_rows,accepted,0
corpus/ent5-neg-join-missing-predecessor-bound,base,Source:OP-4:UndischargedBoundsObligation,1
corpus/ent5-neg-join-missing-predecessor-bound,off,Source:OP-4:UndischargedBoundsObligation,1
corpus/ent5-neg-join-missing-predecessor-bound,a,Source:OP-4:UndischargedBoundsObligation,1
corpus/ent5-neg-join-missing-predecessor-bound,ap,Source:OP-4:UndischargedBoundsObligation,1
corpus/ent5-neg-join-missing-predecessor-bound,b,Source:OP-4:UndischargedBoundsObligation,1
corpus/ent5-neg-join-missing-predecessor-bound,rows,Source:OP-4:UndischargedBoundsObligation,1
corpus/ent5-neg-join-missing-predecessor-bound,b_rows,Source:OP-4:UndischargedBoundsObligation,1
corpus/ent5-neg-else-free-guard-fallthrough,base,Source:OP-4:UndischargedBoundsObligation,1
corpus/ent5-neg-else-free-guard-fallthrough,off,Source:OP-4:UndischargedBoundsObligation,1
corpus/ent5-neg-else-free-guard-fallthrough,a,Source:OP-4:UndischargedBoundsObligation,1
corpus/ent5-neg-else-free-guard-fallthrough,ap,Source:OP-4:UndischargedBoundsObligation,1
corpus/ent5-neg-else-free-guard-fallthrough,b,Source:OP-4:UndischargedBoundsObligation,1
corpus/ent5-neg-else-free-guard-fallthrough,rows,Source:OP-4:UndischargedBoundsObligation,1
corpus/ent5-neg-else-free-guard-fallthrough,b_rows,Source:OP-4:UndischargedBoundsObligation,1
corpus/op4-neg-joined-zero-on-empty-view,base,Source:OP-4:UndischargedBoundsObligation,1
corpus/op4-neg-joined-zero-on-empty-view,off,Source:OP-4:UndischargedBoundsObligation,1
corpus/op4-neg-joined-zero-on-empty-view,a,Source:OP-4:UndischargedBoundsObligation,1
corpus/op4-neg-joined-zero-on-empty-view,ap,Source:OP-4:UndischargedBoundsObligation,1
corpus/op4-neg-joined-zero-on-empty-view,b,Source:OP-4:UndischargedBoundsObligation,1
corpus/op4-neg-joined-zero-on-empty-view,rows,Source:OP-4:UndischargedBoundsObligation,1
corpus/op4-neg-joined-zero-on-empty-view,b_rows,Source:OP-4:UndischargedBoundsObligation,1
corpus/inv1-pos-guarded-variable-step,base,accepted,0
corpus/inv1-pos-guarded-variable-step,off,accepted,0
corpus/inv1-pos-guarded-variable-step,a,accepted,0
corpus/inv1-pos-guarded-variable-step,ap,accepted,0
corpus/inv1-pos-guarded-variable-step,b,accepted,0
corpus/inv1-pos-guarded-variable-step,rows,accepted,0
corpus/inv1-pos-guarded-variable-step,b_rows,accepted,0
corpus/ent5-neg-value-if-unbounded-delivery,base,Source:FN-8:UndischargedCallRequirement,1
corpus/ent5-neg-value-if-unbounded-delivery,off,Source:FN-8:UndischargedCallRequirement,1
corpus/ent5-neg-value-if-unbounded-delivery,a,Source:FN-8:UndischargedCallRequirement,1
corpus/ent5-neg-value-if-unbounded-delivery,ap,Source:FN-8:UndischargedCallRequirement,1
corpus/ent5-neg-value-if-unbounded-delivery,b,Source:FN-8:UndischargedCallRequirement,1
corpus/ent5-neg-value-if-unbounded-delivery,rows,Source:FN-8:UndischargedCallRequirement,1
corpus/ent5-neg-value-if-unbounded-delivery,b_rows,Source:FN-8:UndischargedCallRequirement,1
corpus/ent5-pos-partition-closure-before-join,base,accepted,0
corpus/ent5-pos-partition-closure-before-join,off,accepted,0
corpus/ent5-pos-partition-closure-before-join,a,accepted,0
corpus/ent5-pos-partition-closure-before-join,ap,accepted,0
corpus/ent5-pos-partition-closure-before-join,b,accepted,0
corpus/ent5-pos-partition-closure-before-join,rows,accepted,0
corpus/ent5-pos-partition-closure-before-join,b_rows,accepted,0
corpus/ent6-pos-common-byte-image-constant-delta,base,accepted,0
corpus/ent6-pos-common-byte-image-constant-delta,off,accepted,0
corpus/ent6-pos-common-byte-image-constant-delta,a,accepted,0
corpus/ent6-pos-common-byte-image-constant-delta,ap,accepted,0
corpus/ent6-pos-common-byte-image-constant-delta,b,accepted,0
corpus/ent6-pos-common-byte-image-constant-delta,rows,accepted,0
corpus/ent6-pos-common-byte-image-constant-delta,b_rows,accepted,0
corpus/op4-neg-joined-out-of-range-constant,base,Source:OP-4:UndischargedBoundsObligation,1
corpus/op4-neg-joined-out-of-range-constant,off,Source:OP-4:UndischargedBoundsObligation,1
corpus/op4-neg-joined-out-of-range-constant,a,Source:OP-4:UndischargedBoundsObligation,1
corpus/op4-neg-joined-out-of-range-constant,ap,Source:OP-4:UndischargedBoundsObligation,1
corpus/op4-neg-joined-out-of-range-constant,b,Source:OP-4:UndischargedBoundsObligation,1
corpus/op4-neg-joined-out-of-range-constant,rows,Source:OP-4:UndischargedBoundsObligation,1
corpus/op4-neg-joined-out-of-range-constant,b_rows,Source:OP-4:UndischargedBoundsObligation,1
corpus/ent5-pos-else-free-return-bound,base,accepted,0
corpus/ent5-pos-else-free-return-bound,off,accepted,0
corpus/ent5-pos-else-free-return-bound,a,accepted,0
corpus/ent5-pos-else-free-return-bound,ap,accepted,0
corpus/ent5-pos-else-free-return-bound,b,accepted,0
corpus/ent5-pos-else-free-return-bound,rows,accepted,0
corpus/ent5-pos-else-free-return-bound,b_rows,accepted,0
corpus/ent5-pos-value-if-index-delivery,base,accepted,0
corpus/ent5-pos-value-if-index-delivery,off,accepted,0
corpus/ent5-pos-value-if-index-delivery,a,accepted,0
corpus/ent5-pos-value-if-index-delivery,ap,accepted,0
corpus/ent5-pos-value-if-index-delivery,b,accepted,0
corpus/ent5-pos-value-if-index-delivery,rows,accepted,0
corpus/ent5-pos-value-if-index-delivery,b_rows,accepted,0
corpus/ent5-neg-value-if-nonstrict-index-delivery,base,Source:OP-4:UndischargedBoundsObligation,1
corpus/ent5-neg-value-if-nonstrict-index-delivery,off,Source:OP-4:UndischargedBoundsObligation,1
corpus/ent5-neg-value-if-nonstrict-index-delivery,a,Source:OP-4:UndischargedBoundsObligation,1
corpus/ent5-neg-value-if-nonstrict-index-delivery,ap,Source:OP-4:UndischargedBoundsObligation,1
corpus/ent5-neg-value-if-nonstrict-index-delivery,b,Source:OP-4:UndischargedBoundsObligation,1
corpus/ent5-neg-value-if-nonstrict-index-delivery,rows,Source:OP-4:UndischargedBoundsObligation,1
corpus/ent5-neg-value-if-nonstrict-index-delivery,b_rows,Source:OP-4:UndischargedBoundsObligation,1
corpus/inv1-pos-conditional-compaction-index,base,accepted,0
corpus/inv1-pos-conditional-compaction-index,off,accepted,0
corpus/inv1-pos-conditional-compaction-index,a,accepted,0
corpus/inv1-pos-conditional-compaction-index,ap,accepted,0
corpus/inv1-pos-conditional-compaction-index,b,accepted,0
corpus/inv1-pos-conditional-compaction-index,rows,accepted,0
corpus/inv1-pos-conditional-compaction-index,b_rows,accepted,0
corpus/ent5-pos-nested-statement-joins,base,accepted,0
corpus/ent5-pos-nested-statement-joins,off,accepted,0
corpus/ent5-pos-nested-statement-joins,a,accepted,0
corpus/ent5-pos-nested-statement-joins,ap,accepted,0
corpus/ent5-pos-nested-statement-joins,b,accepted,0
corpus/ent5-pos-nested-statement-joins,rows,accepted,0
corpus/ent5-pos-nested-statement-joins,b_rows,accepted,0
corpus/ent5-neg-nested-weaker-bound,base,Source:OP-4:UndischargedBoundsObligation,1
corpus/ent5-neg-nested-weaker-bound,off,Source:OP-4:UndischargedBoundsObligation,1
corpus/ent5-neg-nested-weaker-bound,a,Source:OP-4:UndischargedBoundsObligation,1
corpus/ent5-neg-nested-weaker-bound,ap,Source:OP-4:UndischargedBoundsObligation,1
corpus/ent5-neg-nested-weaker-bound,b,Source:OP-4:UndischargedBoundsObligation,1
corpus/ent5-neg-nested-weaker-bound,rows,Source:OP-4:UndischargedBoundsObligation,1
corpus/ent5-neg-nested-weaker-bound,b_rows,Source:OP-4:UndischargedBoundsObligation,1
corpus/ent5-neg-field-index-replacement,base,Source:OP-4:UndischargedBoundsObligation,1
corpus/ent5-neg-field-index-replacement,off,Source:OP-4:UndischargedBoundsObligation,1
corpus/ent5-neg-field-index-replacement,a,Source:OP-4:UndischargedBoundsObligation,1
corpus/ent5-neg-field-index-replacement,ap,Source:OP-4:UndischargedBoundsObligation,1
corpus/ent5-neg-field-index-replacement,b,Source:OP-4:UndischargedBoundsObligation,1
corpus/ent5-neg-field-index-replacement,rows,Source:OP-4:UndischargedBoundsObligation,1
corpus/ent5-neg-field-index-replacement,b_rows,Source:OP-4:UndischargedBoundsObligation,1
corpus/ent5-pos-field-write-survivors,base,accepted,0
corpus/ent5-pos-field-write-survivors,off,accepted,0
corpus/ent5-pos-field-write-survivors,a,accepted,0
corpus/ent5-pos-field-write-survivors,ap,accepted,0
corpus/ent5-pos-field-write-survivors,b,accepted,0
corpus/ent5-pos-field-write-survivors,rows,accepted,0
corpus/ent5-pos-field-write-survivors,b_rows,accepted,0
corpus/inv1-neg-ordinary-cursor-overshoot,base,Source:INV-1:UndischargedLoopInvariant,1
corpus/inv1-neg-ordinary-cursor-overshoot,off,Source:INV-1:UndischargedLoopInvariant,1
corpus/inv1-neg-ordinary-cursor-overshoot,a,Source:INV-1:UndischargedLoopInvariant,1
corpus/inv1-neg-ordinary-cursor-overshoot,ap,Source:INV-1:UndischargedLoopInvariant,1
corpus/inv1-neg-ordinary-cursor-overshoot,b,Source:INV-1:UndischargedLoopInvariant,1
corpus/inv1-neg-ordinary-cursor-overshoot,rows,Source:INV-1:UndischargedLoopInvariant,1
corpus/inv1-neg-ordinary-cursor-overshoot,b_rows,Source:INV-1:UndischargedLoopInvariant,1
corpus/ent5-neg-replacement-overflow-bound,base,Source:OP-2:UndischargedIntegerDomainObligation,1
corpus/ent5-neg-replacement-overflow-bound,off,Source:OP-2:UndischargedIntegerDomainObligation,1
corpus/ent5-neg-replacement-overflow-bound,a,Source:OP-2:UndischargedIntegerDomainObligation,1
corpus/ent5-neg-replacement-overflow-bound,ap,Source:OP-2:UndischargedIntegerDomainObligation,1
corpus/ent5-neg-replacement-overflow-bound,b,Source:OP-2:UndischargedIntegerDomainObligation,1
corpus/ent5-neg-replacement-overflow-bound,rows,Source:OP-2:UndischargedIntegerDomainObligation,1
corpus/ent5-neg-replacement-overflow-bound,b_rows,Source:OP-2:UndischargedIntegerDomainObligation,1
corpus/ent5-pos-recheck-replacement,base,accepted,0
corpus/ent5-pos-recheck-replacement,off,accepted,0
corpus/ent5-pos-recheck-replacement,a,accepted,0
corpus/ent5-pos-recheck-replacement,ap,accepted,0
corpus/ent5-pos-recheck-replacement,b,accepted,0
corpus/ent5-pos-recheck-replacement,rows,accepted,0
corpus/ent5-pos-recheck-replacement,b_rows,accepted,0
corpus/ent5-neg-field-overflow-replacement,base,Source:OP-2:UndischargedIntegerDomainObligation,1
corpus/ent5-neg-field-overflow-replacement,off,Source:OP-2:UndischargedIntegerDomainObligation,1
corpus/ent5-neg-field-overflow-replacement,a,Source:OP-2:UndischargedIntegerDomainObligation,1
corpus/ent5-neg-field-overflow-replacement,ap,Source:OP-2:UndischargedIntegerDomainObligation,1
corpus/ent5-neg-field-overflow-replacement,b,Source:OP-2:UndischargedIntegerDomainObligation,1
corpus/ent5-neg-field-overflow-replacement,rows,Source:OP-2:UndischargedIntegerDomainObligation,1
corpus/ent5-neg-field-overflow-replacement,b_rows,Source:OP-2:UndischargedIntegerDomainObligation,1
corpus/ent5-neg-element-reread-after-write,base,Source:OP-2:UndischargedIntegerDomainObligation,1
corpus/ent5-neg-element-reread-after-write,off,Source:OP-2:UndischargedIntegerDomainObligation,1
corpus/ent5-neg-element-reread-after-write,a,Source:OP-2:UndischargedIntegerDomainObligation,1
corpus/ent5-neg-element-reread-after-write,ap,Source:OP-2:UndischargedIntegerDomainObligation,1
corpus/ent5-neg-element-reread-after-write,b,Source:OP-2:UndischargedIntegerDomainObligation,1
corpus/ent5-neg-element-reread-after-write,rows,Source:OP-2:UndischargedIntegerDomainObligation,1
corpus/ent5-neg-element-reread-after-write,b_rows,Source:OP-2:UndischargedIntegerDomainObligation,1
corpus/ent5-neg-borrowed-field-reread-after-write,base,Source:OP-2:UndischargedIntegerDomainObligation,1
corpus/ent5-neg-borrowed-field-reread-after-write,off,Source:OP-2:UndischargedIntegerDomainObligation,1
corpus/ent5-neg-borrowed-field-reread-after-write,a,Source:OP-2:UndischargedIntegerDomainObligation,1
corpus/ent5-neg-borrowed-field-reread-after-write,ap,Source:OP-2:UndischargedIntegerDomainObligation,1
corpus/ent5-neg-borrowed-field-reread-after-write,b,Source:OP-2:UndischargedIntegerDomainObligation,1
corpus/ent5-neg-borrowed-field-reread-after-write,rows,Source:OP-2:UndischargedIntegerDomainObligation,1
corpus/ent5-neg-borrowed-field-reread-after-write,b_rows,Source:OP-2:UndischargedIntegerDomainObligation,1
corpus/inv1-neg-replaced-loop-limit,base,Source:INV-1:UndischargedLoopInvariant,1
corpus/inv1-neg-replaced-loop-limit,off,Source:INV-1:UndischargedLoopInvariant,1
corpus/inv1-neg-replaced-loop-limit,a,Source:INV-1:UndischargedLoopInvariant,1
corpus/inv1-neg-replaced-loop-limit,ap,Source:INV-1:UndischargedLoopInvariant,1
corpus/inv1-neg-replaced-loop-limit,b,Source:INV-1:UndischargedLoopInvariant,1
corpus/inv1-neg-replaced-loop-limit,rows,Source:INV-1:UndischargedLoopInvariant,1
corpus/inv1-neg-replaced-loop-limit,b_rows,Source:INV-1:UndischargedLoopInvariant,1
corpus/prf1-pos-reprove-replacement-image,base,accepted,0
corpus/prf1-pos-reprove-replacement-image,off,accepted,0
corpus/prf1-pos-reprove-replacement-image,a,accepted,0
corpus/prf1-pos-reprove-replacement-image,ap,accepted,0
corpus/prf1-pos-reprove-replacement-image,b,accepted,0
corpus/prf1-pos-reprove-replacement-image,rows,accepted,0
corpus/prf1-pos-reprove-replacement-image,b_rows,accepted,0
corpus/ent5-neg-wrapped-index-replacement,base,Source:OP-4:UndischargedBoundsObligation,1
corpus/ent5-neg-wrapped-index-replacement,off,Source:OP-4:UndischargedBoundsObligation,1
corpus/ent5-neg-wrapped-index-replacement,a,Source:OP-4:UndischargedBoundsObligation,1
corpus/ent5-neg-wrapped-index-replacement,ap,Source:OP-4:UndischargedBoundsObligation,1
corpus/ent5-neg-wrapped-index-replacement,b,Source:OP-4:UndischargedBoundsObligation,1
corpus/ent5-neg-wrapped-index-replacement,rows,Source:OP-4:UndischargedBoundsObligation,1
corpus/ent5-neg-wrapped-index-replacement,b_rows,Source:OP-4:UndischargedBoundsObligation,1
corpus/msr2-pos-remeasure-after-descriptor-replace,base,accepted,0
corpus/msr2-pos-remeasure-after-descriptor-replace,off,accepted,0
corpus/msr2-pos-remeasure-after-descriptor-replace,a,accepted,0
corpus/msr2-pos-remeasure-after-descriptor-replace,ap,accepted,0
corpus/msr2-pos-remeasure-after-descriptor-replace,b,accepted,0
corpus/msr2-pos-remeasure-after-descriptor-replace,rows,accepted,0
corpus/msr2-pos-remeasure-after-descriptor-replace,b_rows,accepted,0
corpus/inv1-pos-guarded-cursor-patterns,base,accepted,0
corpus/inv1-pos-guarded-cursor-patterns,off,accepted,0
corpus/inv1-pos-guarded-cursor-patterns,a,accepted,0
corpus/inv1-pos-guarded-cursor-patterns,ap,accepted,0
corpus/inv1-pos-guarded-cursor-patterns,b,accepted,0
corpus/inv1-pos-guarded-cursor-patterns,rows,accepted,0
corpus/inv1-pos-guarded-cursor-patterns,b_rows,accepted,0
corpus/inv1-pos-counted-ring-reset,base,accepted,0
corpus/inv1-pos-counted-ring-reset,off,accepted,0
corpus/inv1-pos-counted-ring-reset,a,accepted,0
corpus/inv1-pos-counted-ring-reset,ap,accepted,0
corpus/inv1-pos-counted-ring-reset,b,accepted,0
corpus/inv1-pos-counted-ring-reset,rows,accepted,0
corpus/inv1-pos-counted-ring-reset,b_rows,accepted,0
corpus/op4-pos-nested-affine-index,base,accepted,0
corpus/op4-pos-nested-affine-index,off,accepted,0
corpus/op4-pos-nested-affine-index,a,accepted,0
corpus/op4-pos-nested-affine-index,ap,accepted,0
corpus/op4-pos-nested-affine-index,b,accepted,0
corpus/op4-pos-nested-affine-index,rows,accepted,0
corpus/op4-pos-nested-affine-index,b_rows,accepted,0
corpus/op4-neg-nonstrict-loop-head-index,base,Source:OP-4:UndischargedBoundsObligation,1
corpus/op4-neg-nonstrict-loop-head-index,off,Source:OP-4:UndischargedBoundsObligation,1
corpus/op4-neg-nonstrict-loop-head-index,a,Source:OP-4:UndischargedBoundsObligation,1
corpus/op4-neg-nonstrict-loop-head-index,ap,Source:OP-4:UndischargedBoundsObligation,1
corpus/op4-neg-nonstrict-loop-head-index,b,Source:OP-4:UndischargedBoundsObligation,1
corpus/op4-neg-nonstrict-loop-head-index,rows,Source:OP-4:UndischargedBoundsObligation,1
corpus/op4-neg-nonstrict-loop-head-index,b_rows,Source:OP-4:UndischargedBoundsObligation,1
corpus/op4-neg-counted-past-array-end,base,Source:OP-4:UndischargedBoundsObligation,1
corpus/op4-neg-counted-past-array-end,off,Source:OP-4:UndischargedBoundsObligation,1
corpus/op4-neg-counted-past-array-end,a,Source:OP-4:UndischargedBoundsObligation,1
corpus/op4-neg-counted-past-array-end,ap,Source:OP-4:UndischargedBoundsObligation,1
corpus/op4-neg-counted-past-array-end,b,Source:OP-4:UndischargedBoundsObligation,1
corpus/op4-neg-counted-past-array-end,rows,Source:OP-4:UndischargedBoundsObligation,1
corpus/op4-neg-counted-past-array-end,b_rows,Source:OP-4:UndischargedBoundsObligation,1
corpus/op4-neg-reverse-counted-past-end,base,Source:OP-4:UndischargedBoundsObligation,1
corpus/op4-neg-reverse-counted-past-end,off,Source:OP-4:UndischargedBoundsObligation,1
corpus/op4-neg-reverse-counted-past-end,a,Source:OP-4:UndischargedBoundsObligation,1
corpus/op4-neg-reverse-counted-past-end,ap,Source:OP-4:UndischargedBoundsObligation,1
corpus/op4-neg-reverse-counted-past-end,b,Source:OP-4:UndischargedBoundsObligation,1
corpus/op4-neg-reverse-counted-past-end,rows,Source:OP-4:UndischargedBoundsObligation,1
corpus/op4-neg-reverse-counted-past-end,b_rows,Source:OP-4:UndischargedBoundsObligation,1
corpus/op4-neg-nested-affine-past-end,base,Source:OP-4:UndischargedBoundsObligation,1
corpus/op4-neg-nested-affine-past-end,off,Source:OP-4:UndischargedBoundsObligation,1
corpus/op4-neg-nested-affine-past-end,a,Source:OP-4:UndischargedBoundsObligation,1
corpus/op4-neg-nested-affine-past-end,ap,Source:OP-4:UndischargedBoundsObligation,1
corpus/op4-neg-nested-affine-past-end,b,Source:OP-4:UndischargedBoundsObligation,1
corpus/op4-neg-nested-affine-past-end,rows,Source:OP-4:UndischargedBoundsObligation,1
corpus/op4-neg-nested-affine-past-end,b_rows,Source:OP-4:UndischargedBoundsObligation,1
corpus/inv1-neg-sequential-guarded-steps,base,Source:INV-1:UndischargedLoopInvariant,1
corpus/inv1-neg-sequential-guarded-steps,off,Source:INV-1:UndischargedLoopInvariant,1
corpus/inv1-neg-sequential-guarded-steps,a,accepted,0
corpus/inv1-neg-sequential-guarded-steps,ap,accepted,0
corpus/inv1-neg-sequential-guarded-steps,b,accepted,0
corpus/inv1-neg-sequential-guarded-steps,rows,Source:INV-1:UndischargedLoopInvariant,1
corpus/inv1-neg-sequential-guarded-steps,b_rows,accepted,0
corpus/op4-neg-ordinary-loop-exit-index,base,Source:OP-4:UndischargedBoundsObligation,1
corpus/op4-neg-ordinary-loop-exit-index,off,Source:OP-4:UndischargedBoundsObligation,1
corpus/op4-neg-ordinary-loop-exit-index,a,Source:OP-4:UndischargedBoundsObligation,1
corpus/op4-neg-ordinary-loop-exit-index,ap,Source:OP-4:UndischargedBoundsObligation,1
corpus/op4-neg-ordinary-loop-exit-index,b,Source:OP-4:UndischargedBoundsObligation,1
corpus/op4-neg-ordinary-loop-exit-index,rows,Source:OP-4:UndischargedBoundsObligation,1
corpus/op4-neg-ordinary-loop-exit-index,b_rows,Source:OP-4:UndischargedBoundsObligation,1
corpus/gram4-pos-nested-ordinary-label-break,base,accepted,0
corpus/gram4-pos-nested-ordinary-label-break,off,accepted,0
corpus/gram4-pos-nested-ordinary-label-break,a,accepted,0
corpus/gram4-pos-nested-ordinary-label-break,ap,accepted,0
corpus/gram4-pos-nested-ordinary-label-break,b,accepted,0
corpus/gram4-pos-nested-ordinary-label-break,rows,accepted,0
corpus/gram4-pos-nested-ordinary-label-break,b_rows,accepted,0
corpus/op2-pos-bounded-arithmetic-images,base,accepted,0
corpus/op2-pos-bounded-arithmetic-images,off,accepted,0
corpus/op2-pos-bounded-arithmetic-images,a,accepted,0
corpus/op2-pos-bounded-arithmetic-images,ap,accepted,0
corpus/op2-pos-bounded-arithmetic-images,b,accepted,0
corpus/op2-pos-bounded-arithmetic-images,rows,accepted,0
corpus/op2-pos-bounded-arithmetic-images,b_rows,accepted,0
corpus/op2-neg-insufficient-multiply-bound,base,Source:OP-2:UndischargedIntegerDomainObligation,1
corpus/op2-neg-insufficient-multiply-bound,off,Source:OP-2:UndischargedIntegerDomainObligation,1
corpus/op2-neg-insufficient-multiply-bound,a,Source:OP-2:UndischargedIntegerDomainObligation,1
corpus/op2-neg-insufficient-multiply-bound,ap,Source:OP-2:UndischargedIntegerDomainObligation,1
corpus/op2-neg-insufficient-multiply-bound,b,Source:OP-2:UndischargedIntegerDomainObligation,1
corpus/op2-neg-insufficient-multiply-bound,rows,Source:OP-2:UndischargedIntegerDomainObligation,1
corpus/op2-neg-insufficient-multiply-bound,b_rows,Source:OP-2:UndischargedIntegerDomainObligation,1
corpus/op2-neg-signed-decrement-minimum,base,Source:OP-2:UndischargedIntegerDomainObligation,1
corpus/op2-neg-signed-decrement-minimum,off,Source:OP-2:UndischargedIntegerDomainObligation,1
corpus/op2-neg-signed-decrement-minimum,a,Source:OP-2:UndischargedIntegerDomainObligation,1
corpus/op2-neg-signed-decrement-minimum,ap,Source:OP-2:UndischargedIntegerDomainObligation,1
corpus/op2-neg-signed-decrement-minimum,b,Source:OP-2:UndischargedIntegerDomainObligation,1
corpus/op2-neg-signed-decrement-minimum,rows,Source:OP-2:UndischargedIntegerDomainObligation,1
corpus/op2-neg-signed-decrement-minimum,b_rows,Source:OP-2:UndischargedIntegerDomainObligation,1
corpus/op2-neg-reversed-unsigned-subtraction,base,Source:OP-2:UndischargedIntegerDomainObligation,1
corpus/op2-neg-reversed-unsigned-subtraction,off,Source:OP-2:UndischargedIntegerDomainObligation,1
corpus/op2-neg-reversed-unsigned-subtraction,a,Source:OP-2:UndischargedIntegerDomainObligation,1
corpus/op2-neg-reversed-unsigned-subtraction,ap,Source:OP-2:UndischargedIntegerDomainObligation,1
corpus/op2-neg-reversed-unsigned-subtraction,b,Source:OP-2:UndischargedIntegerDomainObligation,1
corpus/op2-neg-reversed-unsigned-subtraction,rows,Source:OP-2:UndischargedIntegerDomainObligation,1
corpus/op2-neg-reversed-unsigned-subtraction,b_rows,Source:OP-2:UndischargedIntegerDomainObligation,1
corpus/op2-neg-signed-order-does-not-bound-difference,base,Source:OP-2:UndischargedIntegerDomainObligation,1
corpus/op2-neg-signed-order-does-not-bound-difference,off,Source:OP-2:UndischargedIntegerDomainObligation,1
corpus/op2-neg-signed-order-does-not-bound-difference,a,Source:OP-2:UndischargedIntegerDomainObligation,1
corpus/op2-neg-signed-order-does-not-bound-difference,ap,Source:OP-2:UndischargedIntegerDomainObligation,1
corpus/op2-neg-signed-order-does-not-bound-difference,b,Source:OP-2:UndischargedIntegerDomainObligation,1
corpus/op2-neg-signed-order-does-not-bound-difference,rows,Source:OP-2:UndischargedIntegerDomainObligation,1
corpus/op2-neg-signed-order-does-not-bound-difference,b_rows,Source:OP-2:UndischargedIntegerDomainObligation,1
corpus/fn1-neg-narrowing-result-as-scalar,base,Source:FN-1:ReturnMismatch,1
corpus/fn1-neg-narrowing-result-as-scalar,off,Source:FN-1:ReturnMismatch,1
corpus/fn1-neg-narrowing-result-as-scalar,a,Source:FN-1:ReturnMismatch,1
corpus/fn1-neg-narrowing-result-as-scalar,ap,Source:FN-1:ReturnMismatch,1
corpus/fn1-neg-narrowing-result-as-scalar,b,Source:FN-1:ReturnMismatch,1
corpus/fn1-neg-narrowing-result-as-scalar,rows,Source:FN-1:ReturnMismatch,1
corpus/fn1-neg-narrowing-result-as-scalar,b_rows,Source:FN-1:ReturnMismatch,1
corpus/fn9-neg-division-floor-equality,base,Source:FN-9:UndischargedPostcondition,1
corpus/fn9-neg-division-floor-equality,off,Source:FN-9:UndischargedPostcondition,1
corpus/fn9-neg-division-floor-equality,a,Source:FN-9:UndischargedPostcondition,1
corpus/fn9-neg-division-floor-equality,ap,Source:FN-9:UndischargedPostcondition,1
corpus/fn9-neg-division-floor-equality,b,Source:FN-9:UndischargedPostcondition,1
corpus/fn9-neg-division-floor-equality,rows,Source:FN-9:UndischargedPostcondition,1
corpus/fn9-neg-division-floor-equality,b_rows,Source:FN-9:UndischargedPostcondition,1
corpus/op2-pos-early-return-divisor-guard,base,accepted,0
corpus/op2-pos-early-return-divisor-guard,off,accepted,0
corpus/op2-pos-early-return-divisor-guard,a,accepted,0
corpus/op2-pos-early-return-divisor-guard,ap,accepted,0
corpus/op2-pos-early-return-divisor-guard,b,accepted,0
corpus/op2-pos-early-return-divisor-guard,rows,accepted,0
corpus/op2-pos-early-return-divisor-guard,b_rows,accepted,0
corpus/op2-neg-wrong-remainder-guard,base,Source:OP-2:UndischargedIntegerDomainObligation,1
corpus/op2-neg-wrong-remainder-guard,off,Source:OP-2:UndischargedIntegerDomainObligation,1
corpus/op2-neg-wrong-remainder-guard,a,Source:OP-2:UndischargedIntegerDomainObligation,1
corpus/op2-neg-wrong-remainder-guard,ap,Source:OP-2:UndischargedIntegerDomainObligation,1
corpus/op2-neg-wrong-remainder-guard,b,Source:OP-2:UndischargedIntegerDomainObligation,1
corpus/op2-neg-wrong-remainder-guard,rows,Source:OP-2:UndischargedIntegerDomainObligation,1
corpus/op2-neg-wrong-remainder-guard,b_rows,Source:OP-2:UndischargedIntegerDomainObligation,1
corpus/op2-neg-unguarded-signed-negation,base,Source:OP-2:UndischargedIntegerDomainObligation,1
corpus/op2-neg-unguarded-signed-negation,off,Source:OP-2:UndischargedIntegerDomainObligation,1
corpus/op2-neg-unguarded-signed-negation,a,Source:OP-2:UndischargedIntegerDomainObligation,1
corpus/op2-neg-unguarded-signed-negation,ap,Source:OP-2:UndischargedIntegerDomainObligation,1
corpus/op2-neg-unguarded-signed-negation,b,Source:OP-2:UndischargedIntegerDomainObligation,1
corpus/op2-neg-unguarded-signed-negation,rows,Source:OP-2:UndischargedIntegerDomainObligation,1
corpus/op2-neg-unguarded-signed-negation,b_rows,Source:OP-2:UndischargedIntegerDomainObligation,1
corpus/op2-neg-counted-subtraction-underflow,base,Source:OP-2:UndischargedIntegerDomainObligation,1
corpus/op2-neg-counted-subtraction-underflow,off,Source:OP-2:UndischargedIntegerDomainObligation,1
corpus/op2-neg-counted-subtraction-underflow,a,Source:OP-2:UndischargedIntegerDomainObligation,1
corpus/op2-neg-counted-subtraction-underflow,ap,Source:OP-2:UndischargedIntegerDomainObligation,1
corpus/op2-neg-counted-subtraction-underflow,b,Source:OP-2:UndischargedIntegerDomainObligation,1
corpus/op2-neg-counted-subtraction-underflow,rows,Source:OP-2:UndischargedIntegerDomainObligation,1
corpus/op2-neg-counted-subtraction-underflow,b_rows,Source:OP-2:UndischargedIntegerDomainObligation,1
corpus/inv1-pos-remainder-restores-header,base,accepted,0
corpus/inv1-pos-remainder-restores-header,off,accepted,0
corpus/inv1-pos-remainder-restores-header,a,accepted,0
corpus/inv1-pos-remainder-restores-header,ap,accepted,0
corpus/inv1-pos-remainder-restores-header,b,accepted,0
corpus/inv1-pos-remainder-restores-header,rows,accepted,0
corpus/inv1-pos-remainder-restores-header,b_rows,accepted,0
corpus/op4-pos-descriptor-index-images,base,accepted,0
corpus/op4-pos-descriptor-index-images,off,accepted,0
corpus/op4-pos-descriptor-index-images,a,accepted,0
corpus/op4-pos-descriptor-index-images,ap,accepted,0
corpus/op4-pos-descriptor-index-images,b,accepted,0
corpus/op4-pos-descriptor-index-images,rows,accepted,0
corpus/op4-pos-descriptor-index-images,b_rows,accepted,0
corpus/op4-pos-counted-window-bounds,base,accepted,0
corpus/op4-pos-counted-window-bounds,off,accepted,0
corpus/op4-pos-counted-window-bounds,a,accepted,0
corpus/op4-pos-counted-window-bounds,ap,accepted,0
corpus/op4-pos-counted-window-bounds,b,accepted,0
corpus/op4-pos-counted-window-bounds,rows,accepted,0
corpus/op4-pos-counted-window-bounds,b_rows,accepted,0
corpus/op4-pos-recursive-window-contract,base,accepted,0
corpus/op4-pos-recursive-window-contract,off,accepted,0
corpus/op4-pos-recursive-window-contract,a,accepted,0
corpus/op4-pos-recursive-window-contract,ap,accepted,0
corpus/op4-pos-recursive-window-contract,b,accepted,0
corpus/op4-pos-recursive-window-contract,rows,Source:PRF-1:UndischargedSourceProof,1
corpus/op4-pos-recursive-window-contract,b_rows,Source:PRF-1:UndischargedSourceProof,1
corpus/op4-neg-nonstrict-descriptor-bound,base,Source:OP-4:UndischargedBoundsObligation,1
corpus/op4-neg-nonstrict-descriptor-bound,off,Source:OP-4:UndischargedBoundsObligation,1
corpus/op4-neg-nonstrict-descriptor-bound,a,Source:OP-4:UndischargedBoundsObligation,1
corpus/op4-neg-nonstrict-descriptor-bound,ap,Source:OP-4:UndischargedBoundsObligation,1
corpus/op4-neg-nonstrict-descriptor-bound,b,Source:OP-4:UndischargedBoundsObligation,1
corpus/op4-neg-nonstrict-descriptor-bound,rows,Source:OP-4:UndischargedBoundsObligation,1
corpus/op4-neg-nonstrict-descriptor-bound,b_rows,Source:OP-4:UndischargedBoundsObligation,1
corpus/op2-neg-zero-quotient-predecessor,base,Source:OP-2:UndischargedIntegerDomainObligation,1
corpus/op2-neg-zero-quotient-predecessor,off,Source:OP-2:UndischargedIntegerDomainObligation,1
corpus/op2-neg-zero-quotient-predecessor,a,Source:OP-2:UndischargedIntegerDomainObligation,1
corpus/op2-neg-zero-quotient-predecessor,ap,Source:OP-2:UndischargedIntegerDomainObligation,1
corpus/op2-neg-zero-quotient-predecessor,b,Source:OP-2:UndischargedIntegerDomainObligation,1
corpus/op2-neg-zero-quotient-predecessor,rows,Source:OP-2:UndischargedIntegerDomainObligation,1
corpus/op2-neg-zero-quotient-predecessor,b_rows,Source:OP-2:UndischargedIntegerDomainObligation,1
corpus/prf1-neg-wrapped-index-certificate,base,Source:PRF-1:UndischargedSourceProof,1
corpus/prf1-neg-wrapped-index-certificate,off,Source:PRF-1:UndischargedSourceProof,1
corpus/prf1-neg-wrapped-index-certificate,a,Source:PRF-1:UndischargedSourceProof,1
corpus/prf1-neg-wrapped-index-certificate,ap,Source:PRF-1:UndischargedSourceProof,1
corpus/prf1-neg-wrapped-index-certificate,b,Source:PRF-1:UndischargedSourceProof,1
corpus/prf1-neg-wrapped-index-certificate,rows,Source:PRF-1:UndischargedSourceProof,1
corpus/prf1-neg-wrapped-index-certificate,b_rows,Source:PRF-1:UndischargedSourceProof,1
corpus/op4-neg-ceiling-midpoint-endpoint,base,Source:OP-4:UndischargedBoundsObligation,1
corpus/op4-neg-ceiling-midpoint-endpoint,off,Source:OP-4:UndischargedBoundsObligation,1
corpus/op4-neg-ceiling-midpoint-endpoint,a,Source:OP-4:UndischargedBoundsObligation,1
corpus/op4-neg-ceiling-midpoint-endpoint,ap,Source:OP-4:UndischargedBoundsObligation,1
corpus/op4-neg-ceiling-midpoint-endpoint,b,Source:OP-4:UndischargedBoundsObligation,1
corpus/op4-neg-ceiling-midpoint-endpoint,rows,Source:OP-4:UndischargedBoundsObligation,1
corpus/op4-neg-ceiling-midpoint-endpoint,b_rows,Source:OP-4:UndischargedBoundsObligation,1
corpus/op4-neg-quotient-index-loose-bound,base,Source:OP-4:UndischargedBoundsObligation,1
corpus/op4-neg-quotient-index-loose-bound,off,Source:OP-4:UndischargedBoundsObligation,1
corpus/op4-neg-quotient-index-loose-bound,a,Source:OP-4:UndischargedBoundsObligation,1
corpus/op4-neg-quotient-index-loose-bound,ap,Source:OP-4:UndischargedBoundsObligation,1
corpus/op4-neg-quotient-index-loose-bound,b,Source:OP-4:UndischargedBoundsObligation,1
corpus/op4-neg-quotient-index-loose-bound,rows,Source:OP-4:UndischargedBoundsObligation,1
corpus/op4-neg-quotient-index-loose-bound,b_rows,Source:OP-4:UndischargedBoundsObligation,1
corpus/op4-neg-remainder-other-descriptor,base,Source:OP-4:UndischargedBoundsObligation,1
corpus/op4-neg-remainder-other-descriptor,off,Source:OP-4:UndischargedBoundsObligation,1
corpus/op4-neg-remainder-other-descriptor,a,Source:OP-4:UndischargedBoundsObligation,1
corpus/op4-neg-remainder-other-descriptor,ap,Source:OP-4:UndischargedBoundsObligation,1
corpus/op4-neg-remainder-other-descriptor,b,Source:OP-4:UndischargedBoundsObligation,1
corpus/op4-neg-remainder-other-descriptor,rows,Source:OP-4:UndischargedBoundsObligation,1
corpus/op4-neg-remainder-other-descriptor,b_rows,Source:OP-4:UndischargedBoundsObligation,1
corpus/inv1-pos-counted-accumulator-bounds,base,accepted,0
corpus/inv1-pos-counted-accumulator-bounds,off,accepted,0
corpus/inv1-pos-counted-accumulator-bounds,a,accepted,0
corpus/inv1-pos-counted-accumulator-bounds,ap,accepted,0
corpus/inv1-pos-counted-accumulator-bounds,b,accepted,0
corpus/inv1-pos-counted-accumulator-bounds,rows,accepted,0
corpus/inv1-pos-counted-accumulator-bounds,b_rows,accepted,0
corpus/op4-neg-counted-accumulator-endpoint,base,Source:OP-4:UndischargedBoundsObligation,1
corpus/op4-neg-counted-accumulator-endpoint,off,Source:OP-4:UndischargedBoundsObligation,1
corpus/op4-neg-counted-accumulator-endpoint,a,Source:OP-4:UndischargedBoundsObligation,1
corpus/op4-neg-counted-accumulator-endpoint,ap,Source:OP-4:UndischargedBoundsObligation,1
corpus/op4-neg-counted-accumulator-endpoint,b,Source:OP-4:UndischargedBoundsObligation,1
corpus/op4-neg-counted-accumulator-endpoint,rows,Source:OP-4:UndischargedBoundsObligation,1
corpus/op4-neg-counted-accumulator-endpoint,b_rows,Source:OP-4:UndischargedBoundsObligation,1
corpus/op2-neg-break-removes-exhaustion-bound,base,Source:OP-2:UndischargedIntegerDomainObligation,1
corpus/op2-neg-break-removes-exhaustion-bound,off,Source:OP-2:UndischargedIntegerDomainObligation,1
corpus/op2-neg-break-removes-exhaustion-bound,a,Source:OP-2:UndischargedIntegerDomainObligation,1
corpus/op2-neg-break-removes-exhaustion-bound,ap,Source:OP-2:UndischargedIntegerDomainObligation,1
corpus/op2-neg-break-removes-exhaustion-bound,b,Source:OP-2:UndischargedIntegerDomainObligation,1
corpus/op2-neg-break-removes-exhaustion-bound,rows,Source:OP-2:UndischargedIntegerDomainObligation,1
corpus/op2-neg-break-removes-exhaustion-bound,b_rows,Source:OP-2:UndischargedIntegerDomainObligation,1
corpus/op2-neg-combined-exhaustion-overflow,base,Source:OP-2:UndischargedIntegerDomainObligation,1
corpus/op2-neg-combined-exhaustion-overflow,off,Source:OP-2:UndischargedIntegerDomainObligation,1
corpus/op2-neg-combined-exhaustion-overflow,a,Source:OP-2:UndischargedIntegerDomainObligation,1
corpus/op2-neg-combined-exhaustion-overflow,ap,Source:OP-2:UndischargedIntegerDomainObligation,1
corpus/op2-neg-combined-exhaustion-overflow,b,Source:OP-2:UndischargedIntegerDomainObligation,1
corpus/op2-neg-combined-exhaustion-overflow,rows,Source:OP-2:UndischargedIntegerDomainObligation,1
corpus/op2-neg-combined-exhaustion-overflow,b_rows,Source:OP-2:UndischargedIntegerDomainObligation,1
corpus/op2-neg-unbounded-length-byte-sum,base,Source:OP-2:UndischargedIntegerDomainObligation,1
corpus/op2-neg-unbounded-length-byte-sum,off,Source:OP-2:UndischargedIntegerDomainObligation,1
corpus/op2-neg-unbounded-length-byte-sum,a,Source:OP-2:UndischargedIntegerDomainObligation,1
corpus/op2-neg-unbounded-length-byte-sum,ap,Source:OP-2:UndischargedIntegerDomainObligation,1
corpus/op2-neg-unbounded-length-byte-sum,b,Source:OP-2:UndischargedIntegerDomainObligation,1
corpus/op2-neg-unbounded-length-byte-sum,rows,Source:OP-2:UndischargedIntegerDomainObligation,1
corpus/op2-neg-unbounded-length-byte-sum,b_rows,Source:OP-2:UndischargedIntegerDomainObligation,1
corpus/op2-neg-byte-count-past-maximum,base,Source:OP-2:UndischargedIntegerDomainObligation,1
corpus/op2-neg-byte-count-past-maximum,off,Source:OP-2:UndischargedIntegerDomainObligation,1
corpus/op2-neg-byte-count-past-maximum,a,Source:OP-2:UndischargedIntegerDomainObligation,1
corpus/op2-neg-byte-count-past-maximum,ap,Source:OP-2:UndischargedIntegerDomainObligation,1
corpus/op2-neg-byte-count-past-maximum,b,Source:OP-2:UndischargedIntegerDomainObligation,1
corpus/op2-neg-byte-count-past-maximum,rows,Source:OP-2:UndischargedIntegerDomainObligation,1
corpus/op2-neg-byte-count-past-maximum,b_rows,Source:OP-2:UndischargedIntegerDomainObligation,1
corpus/op4-pos-byte-type-range-index,base,accepted,0
corpus/op4-pos-byte-type-range-index,off,accepted,0
corpus/op4-pos-byte-type-range-index,a,accepted,0
corpus/op4-pos-byte-type-range-index,ap,accepted,0
corpus/op4-pos-byte-type-range-index,b,accepted,0
corpus/op4-pos-byte-type-range-index,rows,accepted,0
corpus/op4-pos-byte-type-range-index,b_rows,accepted,0
corpus/op4-neg-byte-type-range-endpoint,base,Source:OP-4:UndischargedBoundsObligation,1
corpus/op4-neg-byte-type-range-endpoint,off,Source:OP-4:UndischargedBoundsObligation,1
corpus/op4-neg-byte-type-range-endpoint,a,Source:OP-4:UndischargedBoundsObligation,1
corpus/op4-neg-byte-type-range-endpoint,ap,Source:OP-4:UndischargedBoundsObligation,1
corpus/op4-neg-byte-type-range-endpoint,b,Source:OP-4:UndischargedBoundsObligation,1
corpus/op4-neg-byte-type-range-endpoint,rows,Source:OP-4:UndischargedBoundsObligation,1
corpus/op4-neg-byte-type-range-endpoint,b_rows,Source:OP-4:UndischargedBoundsObligation,1
corpus/op2-neg-nonzero-signed-divisor,base,Source:OP-2:UndischargedIntegerDomainObligation,1
corpus/op2-neg-nonzero-signed-divisor,off,Source:OP-2:UndischargedIntegerDomainObligation,1
corpus/op2-neg-nonzero-signed-divisor,a,Source:OP-2:UndischargedIntegerDomainObligation,1
corpus/op2-neg-nonzero-signed-divisor,ap,Source:OP-2:UndischargedIntegerDomainObligation,1
corpus/op2-neg-nonzero-signed-divisor,b,Source:OP-2:UndischargedIntegerDomainObligation,1
corpus/op2-neg-nonzero-signed-divisor,rows,Source:OP-2:UndischargedIntegerDomainObligation,1
corpus/op2-neg-nonzero-signed-divisor,b_rows,Source:OP-2:UndischargedIntegerDomainObligation,1
corpus/op2-neg-left-shift-amount-unbounded,base,Source:OP-2:UndischargedIntegerDomainObligation,1
corpus/op2-neg-left-shift-amount-unbounded,off,Source:OP-2:UndischargedIntegerDomainObligation,1
corpus/op2-neg-left-shift-amount-unbounded,a,Source:OP-2:UndischargedIntegerDomainObligation,1
corpus/op2-neg-left-shift-amount-unbounded,ap,Source:OP-2:UndischargedIntegerDomainObligation,1
corpus/op2-neg-left-shift-amount-unbounded,b,Source:OP-2:UndischargedIntegerDomainObligation,1
corpus/op2-neg-left-shift-amount-unbounded,rows,Source:OP-2:UndischargedIntegerDomainObligation,1
corpus/op2-neg-left-shift-amount-unbounded,b_rows,Source:OP-2:UndischargedIntegerDomainObligation,1
corpus/op2-neg-right-shift-amount-unbounded,base,Source:OP-2:UndischargedIntegerDomainObligation,1
corpus/op2-neg-right-shift-amount-unbounded,off,Source:OP-2:UndischargedIntegerDomainObligation,1
corpus/op2-neg-right-shift-amount-unbounded,a,Source:OP-2:UndischargedIntegerDomainObligation,1
corpus/op2-neg-right-shift-amount-unbounded,ap,Source:OP-2:UndischargedIntegerDomainObligation,1
corpus/op2-neg-right-shift-amount-unbounded,b,Source:OP-2:UndischargedIntegerDomainObligation,1
corpus/op2-neg-right-shift-amount-unbounded,rows,Source:OP-2:UndischargedIntegerDomainObligation,1
corpus/op2-neg-right-shift-amount-unbounded,b_rows,Source:OP-2:UndischargedIntegerDomainObligation,1
corpus/op2-pos-signed-domain-sources,base,accepted,0
corpus/op2-pos-signed-domain-sources,off,accepted,0
corpus/op2-pos-signed-domain-sources,a,accepted,0
corpus/op2-pos-signed-domain-sources,ap,accepted,0
corpus/op2-pos-signed-domain-sources,b,accepted,0
corpus/op2-pos-signed-domain-sources,rows,accepted,0
corpus/op2-pos-signed-domain-sources,b_rows,accepted,0
corpus/fn1-neg-signed-to-wider-unsigned-result,base,Source:FN-1:ReturnMismatch,1
corpus/fn1-neg-signed-to-wider-unsigned-result,off,Source:FN-1:ReturnMismatch,1
corpus/fn1-neg-signed-to-wider-unsigned-result,a,Source:FN-1:ReturnMismatch,1
corpus/fn1-neg-signed-to-wider-unsigned-result,ap,Source:FN-1:ReturnMismatch,1
corpus/fn1-neg-signed-to-wider-unsigned-result,b,Source:FN-1:ReturnMismatch,1
corpus/fn1-neg-signed-to-wider-unsigned-result,rows,Source:FN-1:ReturnMismatch,1
corpus/fn1-neg-signed-to-wider-unsigned-result,b_rows,Source:FN-1:ReturnMismatch,1
corpus/fn1-neg-equal-width-unsigned-to-signed-result,base,Source:FN-1:ReturnMismatch,1
corpus/fn1-neg-equal-width-unsigned-to-signed-result,off,Source:FN-1:ReturnMismatch,1
corpus/fn1-neg-equal-width-unsigned-to-signed-result,a,Source:FN-1:ReturnMismatch,1
corpus/fn1-neg-equal-width-unsigned-to-signed-result,ap,Source:FN-1:ReturnMismatch,1
corpus/fn1-neg-equal-width-unsigned-to-signed-result,b,Source:FN-1:ReturnMismatch,1
corpus/fn1-neg-equal-width-unsigned-to-signed-result,rows,Source:FN-1:ReturnMismatch,1
corpus/fn1-neg-equal-width-unsigned-to-signed-result,b_rows,Source:FN-1:ReturnMismatch,1
corpus/op6-pos-signed-conversion-images,base,accepted,0
corpus/op6-pos-signed-conversion-images,off,accepted,0
corpus/op6-pos-signed-conversion-images,a,accepted,0
corpus/op6-pos-signed-conversion-images,ap,accepted,0
corpus/op6-pos-signed-conversion-images,b,accepted,0
corpus/op6-pos-signed-conversion-images,rows,accepted,0
corpus/op6-pos-signed-conversion-images,b_rows,accepted,0
corpus/op2-neg-exact-negation-minimum,base,Source:OP-2:UndischargedIntegerDomainObligation,1
corpus/op2-neg-exact-negation-minimum,off,Source:OP-2:UndischargedIntegerDomainObligation,1
corpus/op2-neg-exact-negation-minimum,a,Source:OP-2:UndischargedIntegerDomainObligation,1
corpus/op2-neg-exact-negation-minimum,ap,Source:OP-2:UndischargedIntegerDomainObligation,1
corpus/op2-neg-exact-negation-minimum,b,Source:OP-2:UndischargedIntegerDomainObligation,1
corpus/op2-neg-exact-negation-minimum,rows,Source:OP-2:UndischargedIntegerDomainObligation,1
corpus/op2-neg-exact-negation-minimum,b_rows,Source:OP-2:UndischargedIntegerDomainObligation,1
corpus/op2-neg-exact-absolute-minimum,base,Source:OP-2:UndischargedIntegerDomainObligation,1
corpus/op2-neg-exact-absolute-minimum,off,Source:OP-2:UndischargedIntegerDomainObligation,1
corpus/op2-neg-exact-absolute-minimum,a,Source:OP-2:UndischargedIntegerDomainObligation,1
corpus/op2-neg-exact-absolute-minimum,ap,Source:OP-2:UndischargedIntegerDomainObligation,1
corpus/op2-neg-exact-absolute-minimum,b,Source:OP-2:UndischargedIntegerDomainObligation,1
corpus/op2-neg-exact-absolute-minimum,rows,Source:OP-2:UndischargedIntegerDomainObligation,1
corpus/op2-neg-exact-absolute-minimum,b_rows,Source:OP-2:UndischargedIntegerDomainObligation,1
corpus/fn9-neg-wrapped-negation-nonnegative,base,Source:FN-9:UndischargedPostcondition,1
corpus/fn9-neg-wrapped-negation-nonnegative,off,Source:FN-9:UndischargedPostcondition,1
corpus/fn9-neg-wrapped-negation-nonnegative,a,Source:FN-9:UndischargedPostcondition,1
corpus/fn9-neg-wrapped-negation-nonnegative,ap,Source:FN-9:UndischargedPostcondition,1
corpus/fn9-neg-wrapped-negation-nonnegative,b,Source:FN-9:UndischargedPostcondition,1
corpus/fn9-neg-wrapped-negation-nonnegative,rows,Source:FN-9:UndischargedPostcondition,1
corpus/fn9-neg-wrapped-negation-nonnegative,b_rows,Source:FN-9:UndischargedPostcondition,1
corpus/fn9-neg-saturation-is-not-wrapping,base,Source:FN-9:UndischargedPostcondition,1
corpus/fn9-neg-saturation-is-not-wrapping,off,Source:FN-9:UndischargedPostcondition,1
corpus/fn9-neg-saturation-is-not-wrapping,a,Source:FN-9:UndischargedPostcondition,1
corpus/fn9-neg-saturation-is-not-wrapping,ap,Source:FN-9:UndischargedPostcondition,1
corpus/fn9-neg-saturation-is-not-wrapping,b,Source:FN-9:UndischargedPostcondition,1
corpus/fn9-neg-saturation-is-not-wrapping,rows,Source:FN-9:UndischargedPostcondition,1
corpus/fn9-neg-saturation-is-not-wrapping,b_rows,Source:FN-9:UndischargedPostcondition,1
corpus/fn9-neg-widening-is-not-reinterpretation,base,Source:FN-9:UndischargedPostcondition,1
corpus/fn9-neg-widening-is-not-reinterpretation,off,Source:FN-9:UndischargedPostcondition,1
corpus/fn9-neg-widening-is-not-reinterpretation,a,Source:FN-9:UndischargedPostcondition,1
corpus/fn9-neg-widening-is-not-reinterpretation,ap,Source:FN-9:UndischargedPostcondition,1
corpus/fn9-neg-widening-is-not-reinterpretation,b,Source:FN-9:UndischargedPostcondition,1
corpus/fn9-neg-widening-is-not-reinterpretation,rows,Source:FN-9:UndischargedPostcondition,1
corpus/fn9-neg-widening-is-not-reinterpretation,b_rows,Source:FN-9:UndischargedPostcondition,1
corpus/inv1-pos-signed-descending-accumulator,base,accepted,0
corpus/inv1-pos-signed-descending-accumulator,off,accepted,0
corpus/inv1-pos-signed-descending-accumulator,a,accepted,0
corpus/inv1-pos-signed-descending-accumulator,ap,accepted,0
corpus/inv1-pos-signed-descending-accumulator,b,accepted,0
corpus/inv1-pos-signed-descending-accumulator,rows,accepted,0
corpus/inv1-pos-signed-descending-accumulator,b_rows,accepted,0
corpus/type5-neg-mixed-sign-comparison,base,Source:TYPE-5:TypeMismatch,1
corpus/type5-neg-mixed-sign-comparison,off,Source:TYPE-5:TypeMismatch,1
corpus/type5-neg-mixed-sign-comparison,a,Source:TYPE-5:TypeMismatch,1
corpus/type5-neg-mixed-sign-comparison,ap,Source:TYPE-5:TypeMismatch,1
corpus/type5-neg-mixed-sign-comparison,b,Source:TYPE-5:TypeMismatch,1
corpus/type5-neg-mixed-sign-comparison,rows,Source:TYPE-5:TypeMismatch,1
corpus/type5-neg-mixed-sign-comparison,b_rows,Source:TYPE-5:TypeMismatch,1
corpus/err3-pos-continuation-run,base,accepted,0
corpus/err3-pos-continuation-run,off,accepted,0
corpus/err3-pos-continuation-run,a,accepted,0
corpus/err3-pos-continuation-run,ap,accepted,0
corpus/err3-pos-continuation-run,b,accepted,0
corpus/err3-pos-continuation-run,rows,accepted,0
corpus/err3-pos-continuation-run,b_rows,accepted,0
corpus/gram6-pos-conditionals-run,base,accepted,0
corpus/gram6-pos-conditionals-run,off,accepted,0
corpus/gram6-pos-conditionals-run,a,accepted,0
corpus/gram6-pos-conditionals-run,ap,accepted,0
corpus/gram6-pos-conditionals-run,b,accepted,0
corpus/gram6-pos-conditionals-run,rows,accepted,0
corpus/gram6-pos-conditionals-run,b_rows,accepted,0
corpus/stor2-pos-box-bool-read-run,base,accepted,0
corpus/stor2-pos-box-bool-read-run,off,accepted,0
corpus/stor2-pos-box-bool-read-run,a,accepted,0
corpus/stor2-pos-box-bool-read-run,ap,accepted,0
corpus/stor2-pos-box-bool-read-run,b,accepted,0
corpus/stor2-pos-box-bool-read-run,rows,accepted,0
corpus/stor2-pos-box-bool-read-run,b_rows,accepted,0
corpus/op1-pos-infix-rows-run,base,accepted,0
corpus/op1-pos-infix-rows-run,off,accepted,0
corpus/op1-pos-infix-rows-run,a,accepted,0
corpus/op1-pos-infix-rows-run,ap,accepted,0
corpus/op1-pos-infix-rows-run,b,accepted,0
corpus/op1-pos-infix-rows-run,rows,accepted,0
corpus/op1-pos-infix-rows-run,b_rows,accepted,0
corpus/op1-pos-infix-return-run,base,accepted,0
corpus/op1-pos-infix-return-run,off,accepted,0
corpus/op1-pos-infix-return-run,a,accepted,0
corpus/op1-pos-infix-return-run,ap,accepted,0
corpus/op1-pos-infix-return-run,b,accepted,0
corpus/op1-pos-infix-return-run,rows,accepted,0
corpus/op1-pos-infix-return-run,b_rows,accepted,0
corpus/type6-pos-nested-break-run,base,accepted,0
corpus/type6-pos-nested-break-run,off,accepted,0
corpus/type6-pos-nested-break-run,a,accepted,0
corpus/type6-pos-nested-break-run,ap,accepted,0
corpus/type6-pos-nested-break-run,b,accepted,0
corpus/type6-pos-nested-break-run,rows,accepted,0
corpus/type6-pos-nested-break-run,b_rows,accepted,0
corpus/op1-pos-integer-width-sign-run,base,accepted,0
corpus/op1-pos-integer-width-sign-run,off,accepted,0
corpus/op1-pos-integer-width-sign-run,a,accepted,0
corpus/op1-pos-integer-width-sign-run,ap,accepted,0
corpus/op1-pos-integer-width-sign-run,b,accepted,0
corpus/op1-pos-integer-width-sign-run,rows,accepted,0
corpus/op1-pos-integer-width-sign-run,b_rows,accepted,0
corpus/type5-pos-unit-call-run,base,accepted,0
corpus/type5-pos-unit-call-run,off,accepted,0
corpus/type5-pos-unit-call-run,a,accepted,0
corpus/type5-pos-unit-call-run,ap,accepted,0
corpus/type5-pos-unit-call-run,b,accepted,0
corpus/type5-pos-unit-call-run,rows,accepted,0
corpus/type5-pos-unit-call-run,b_rows,accepted,0
corpus/type2-pos-recursive-array-result-run,base,accepted,0
corpus/type2-pos-recursive-array-result-run,off,accepted,0
corpus/type2-pos-recursive-array-result-run,a,accepted,0
corpus/type2-pos-recursive-array-result-run,ap,accepted,0
corpus/type2-pos-recursive-array-result-run,b,accepted,0
corpus/type2-pos-recursive-array-result-run,rows,accepted,0
corpus/type2-pos-recursive-array-result-run,b_rows,accepted,0
corpus/err1-pos-aggregate-result-run,base,accepted,0
corpus/err1-pos-aggregate-result-run,off,accepted,0
corpus/err1-pos-aggregate-result-run,a,accepted,0
corpus/err1-pos-aggregate-result-run,ap,accepted,0
corpus/err1-pos-aggregate-result-run,b,accepted,0
corpus/err1-pos-aggregate-result-run,rows,accepted,0
corpus/err1-pos-aggregate-result-run,b_rows,accepted,0
corpus/const2-pos-float-storage-run,base,accepted,0
corpus/const2-pos-float-storage-run,off,accepted,0
corpus/const2-pos-float-storage-run,a,accepted,0
corpus/const2-pos-float-storage-run,ap,accepted,0
corpus/const2-pos-float-storage-run,b,accepted,0
corpus/const2-pos-float-storage-run,rows,accepted,0
corpus/const2-pos-float-storage-run,b_rows,accepted,0
corpus/op9-pos-generic-fit-boundary-run,base,accepted,0
corpus/op9-pos-generic-fit-boundary-run,off,accepted,0
corpus/op9-pos-generic-fit-boundary-run,a,accepted,0
corpus/op9-pos-generic-fit-boundary-run,ap,accepted,0
corpus/op9-pos-generic-fit-boundary-run,b,accepted,0
corpus/op9-pos-generic-fit-boundary-run,rows,accepted,0
corpus/op9-pos-generic-fit-boundary-run,b_rows,accepted,0
corpus/op9-neg-scalar-boundary-plus-one,base,Source:OP-9:UndischargedAllocationFitObligation,1
corpus/op9-neg-scalar-boundary-plus-one,off,Source:OP-9:UndischargedAllocationFitObligation,1
corpus/op9-neg-scalar-boundary-plus-one,a,Source:OP-9:UndischargedAllocationFitObligation,1
corpus/op9-neg-scalar-boundary-plus-one,ap,Source:OP-9:UndischargedAllocationFitObligation,1
corpus/op9-neg-scalar-boundary-plus-one,b,Source:OP-9:UndischargedAllocationFitObligation,1
corpus/op9-neg-scalar-boundary-plus-one,rows,Source:OP-9:UndischargedAllocationFitObligation,1
corpus/op9-neg-scalar-boundary-plus-one,b_rows,Source:OP-9:UndischargedAllocationFitObligation,1
corpus/op9-neg-inline-run-boundary-plus-one,base,Source:OP-9:UndischargedAllocationFitObligation,1
corpus/op9-neg-inline-run-boundary-plus-one,off,Source:OP-9:UndischargedAllocationFitObligation,1
corpus/op9-neg-inline-run-boundary-plus-one,a,Source:OP-9:UndischargedAllocationFitObligation,1
corpus/op9-neg-inline-run-boundary-plus-one,ap,Source:OP-9:UndischargedAllocationFitObligation,1
corpus/op9-neg-inline-run-boundary-plus-one,b,Source:OP-9:UndischargedAllocationFitObligation,1
corpus/op9-neg-inline-run-boundary-plus-one,rows,Source:OP-9:UndischargedAllocationFitObligation,1
corpus/op9-neg-inline-run-boundary-plus-one,b_rows,Source:OP-9:UndischargedAllocationFitObligation,1
corpus/op9-neg-stored-cell-boundary-plus-one,base,Source:OP-9:UndischargedAllocationFitObligation,1
corpus/op9-neg-stored-cell-boundary-plus-one,off,Source:OP-9:UndischargedAllocationFitObligation,1
corpus/op9-neg-stored-cell-boundary-plus-one,a,Source:OP-9:UndischargedAllocationFitObligation,1
corpus/op9-neg-stored-cell-boundary-plus-one,ap,Source:OP-9:UndischargedAllocationFitObligation,1
corpus/op9-neg-stored-cell-boundary-plus-one,b,Source:OP-9:UndischargedAllocationFitObligation,1
corpus/op9-neg-stored-cell-boundary-plus-one,rows,Source:OP-9:UndischargedAllocationFitObligation,1
corpus/op9-neg-stored-cell-boundary-plus-one,b_rows,Source:OP-9:UndischargedAllocationFitObligation,1
corpus/stor3-pos-empty-vector-run,base,accepted,0
corpus/stor3-pos-empty-vector-run,off,accepted,0
corpus/stor3-pos-empty-vector-run,a,accepted,0
corpus/stor3-pos-empty-vector-run,ap,accepted,0
corpus/stor3-pos-empty-vector-run,b,accepted,0
corpus/stor3-pos-empty-vector-run,rows,accepted,0
corpus/stor3-pos-empty-vector-run,b_rows,accepted,0
corpus/stor2-pos-arena-delivery-run,base,accepted,0
corpus/stor2-pos-arena-delivery-run,off,accepted,0
corpus/stor2-pos-arena-delivery-run,a,accepted,0
corpus/stor2-pos-arena-delivery-run,ap,accepted,0
corpus/stor2-pos-arena-delivery-run,b,accepted,0
corpus/stor2-pos-arena-delivery-run,rows,accepted,0
corpus/stor2-pos-arena-delivery-run,b_rows,accepted,0
corpus/view1-pos-captured-endpoints-run,base,accepted,0
corpus/view1-pos-captured-endpoints-run,off,accepted,0
corpus/view1-pos-captured-endpoints-run,a,accepted,0
corpus/view1-pos-captured-endpoints-run,ap,accepted,0
corpus/view1-pos-captured-endpoints-run,b,accepted,0
corpus/view1-pos-captured-endpoints-run,rows,accepted,0
corpus/view1-pos-captured-endpoints-run,b_rows,accepted,0
corpus/own14-pos-discarded-result-run,base,accepted,0
corpus/own14-pos-discarded-result-run,off,accepted,0
corpus/own14-pos-discarded-result-run,a,accepted,0
corpus/own14-pos-discarded-result-run,ap,accepted,0
corpus/own14-pos-discarded-result-run,b,accepted,0
corpus/own14-pos-discarded-result-run,rows,accepted,0
corpus/own14-pos-discarded-result-run,b_rows,accepted,0
corpus/own6-pos-scalar-write-run,base,accepted,0
corpus/own6-pos-scalar-write-run,off,accepted,0
corpus/own6-pos-scalar-write-run,a,accepted,0
corpus/own6-pos-scalar-write-run,ap,accepted,0
corpus/own6-pos-scalar-write-run,b,accepted,0
corpus/own6-pos-scalar-write-run,rows,accepted,0
corpus/own6-pos-scalar-write-run,b_rows,accepted,0
corpus/own13-pos-affine-payload-match-run,base,accepted,0
corpus/own13-pos-affine-payload-match-run,off,accepted,0
corpus/own13-pos-affine-payload-match-run,a,accepted,0
corpus/own13-pos-affine-payload-match-run,ap,accepted,0
corpus/own13-pos-affine-payload-match-run,b,accepted,0
corpus/own13-pos-affine-payload-match-run,rows,accepted,0
corpus/own13-pos-affine-payload-match-run,b_rows,accepted,0
corpus/own13-pos-projected-buffer-match-run,base,accepted,0
corpus/own13-pos-projected-buffer-match-run,off,accepted,0
corpus/own13-pos-projected-buffer-match-run,a,accepted,0
corpus/own13-pos-projected-buffer-match-run,ap,accepted,0
corpus/own13-pos-projected-buffer-match-run,b,accepted,0
corpus/own13-pos-projected-buffer-match-run,rows,accepted,0
corpus/own13-pos-projected-buffer-match-run,b_rows,accepted,0
corpus/fn1-pos-generic-main,base,accepted,0
corpus/fn1-pos-generic-main,off,accepted,0
corpus/fn1-pos-generic-main,a,accepted,0
corpus/fn1-pos-generic-main,ap,accepted,0
corpus/fn1-pos-generic-main,b,accepted,0
corpus/fn1-pos-generic-main,rows,accepted,0
corpus/fn1-pos-generic-main,b_rows,accepted,0
corpus/const2-pos-struct-field-labels,base,accepted,0
corpus/const2-pos-struct-field-labels,off,accepted,0
corpus/const2-pos-struct-field-labels,a,accepted,0
corpus/const2-pos-struct-field-labels,ap,accepted,0
corpus/const2-pos-struct-field-labels,b,accepted,0
corpus/const2-pos-struct-field-labels,rows,accepted,0
corpus/const2-pos-struct-field-labels,b_rows,accepted,0
corpus/ent5-pos-quotient-alias-after-set,base,accepted,0
corpus/ent5-pos-quotient-alias-after-set,off,accepted,0
corpus/ent5-pos-quotient-alias-after-set,a,accepted,0
corpus/ent5-pos-quotient-alias-after-set,ap,accepted,0
corpus/ent5-pos-quotient-alias-after-set,b,accepted,0
corpus/ent5-pos-quotient-alias-after-set,rows,accepted,0
corpus/ent5-pos-quotient-alias-after-set,b_rows,accepted,0
corpus/op2-pos-generic-division-domain,base,accepted,0
corpus/op2-pos-generic-division-domain,off,accepted,0
corpus/op2-pos-generic-division-domain,a,accepted,0
corpus/op2-pos-generic-division-domain,ap,accepted,0
corpus/op2-pos-generic-division-domain,b,accepted,0
corpus/op2-pos-generic-division-domain,rows,accepted,0
corpus/op2-pos-generic-division-domain,b_rows,accepted,0
corpus/op1-pos-operand-selected-minimum,base,accepted,0
corpus/op1-pos-operand-selected-minimum,off,accepted,0
corpus/op1-pos-operand-selected-minimum,a,accepted,0
corpus/op1-pos-operand-selected-minimum,ap,accepted,0
corpus/op1-pos-operand-selected-minimum,b,accepted,0
corpus/op1-pos-operand-selected-minimum,rows,accepted,0
corpus/op1-pos-operand-selected-minimum,b_rows,accepted,0
corpus/type5-pos-inferred-buffer-element,base,accepted,0
corpus/type5-pos-inferred-buffer-element,off,accepted,0
corpus/type5-pos-inferred-buffer-element,a,accepted,0
corpus/type5-pos-inferred-buffer-element,ap,accepted,0
corpus/type5-pos-inferred-buffer-element,b,accepted,0
corpus/type5-pos-inferred-buffer-element,rows,accepted,0
corpus/type5-pos-inferred-buffer-element,b_rows,accepted,0
corpus/fn8-pos-returned-referent-guard,base,accepted,0
corpus/fn8-pos-returned-referent-guard,off,accepted,0
corpus/fn8-pos-returned-referent-guard,a,accepted,0
corpus/fn8-pos-returned-referent-guard,ap,accepted,0
corpus/fn8-pos-returned-referent-guard,b,accepted,0
corpus/fn8-pos-returned-referent-guard,rows,accepted,0
corpus/fn8-pos-returned-referent-guard,b_rows,accepted,0
corpus/const2-pos-nested-array-borrow,base,accepted,0
corpus/const2-pos-nested-array-borrow,off,accepted,0
corpus/const2-pos-nested-array-borrow,a,accepted,0
corpus/const2-pos-nested-array-borrow,ap,accepted,0
corpus/const2-pos-nested-array-borrow,b,accepted,0
corpus/const2-pos-nested-array-borrow,rows,accepted,0
corpus/const2-pos-nested-array-borrow,b_rows,accepted,0
corpus/op1-pos-expression-positions,base,accepted,0
corpus/op1-pos-expression-positions,off,accepted,0
corpus/op1-pos-expression-positions,a,accepted,0
corpus/op1-pos-expression-positions,ap,accepted,0
corpus/op1-pos-expression-positions,b,accepted,0
corpus/op1-pos-expression-positions,rows,accepted,0
corpus/op1-pos-expression-positions,b_rows,accepted,0
corpus/liv2-pos-box-referent-readout,base,accepted,0
corpus/liv2-pos-box-referent-readout,off,accepted,0
corpus/liv2-pos-box-referent-readout,a,accepted,0
corpus/liv2-pos-box-referent-readout,ap,accepted,0
corpus/liv2-pos-box-referent-readout,b,accepted,0
corpus/liv2-pos-box-referent-readout,rows,accepted,0
corpus/liv2-pos-box-referent-readout,b_rows,accepted,0
corpus/own5-pos-distinct-inline-elements,base,accepted,0
corpus/own5-pos-distinct-inline-elements,off,accepted,0
corpus/own5-pos-distinct-inline-elements,a,accepted,0
corpus/own5-pos-distinct-inline-elements,ap,accepted,0
corpus/own5-pos-distinct-inline-elements,b,accepted,0
corpus/own5-pos-distinct-inline-elements,rows,accepted,0
corpus/own5-pos-distinct-inline-elements,b_rows,accepted,0
corpus/op4-neg-element-loan-boundary-1,base,Source:OP-4:UndischargedBoundsObligation,1
corpus/op4-neg-element-loan-boundary-1,off,Source:OP-4:UndischargedBoundsObligation,1
corpus/op4-neg-element-loan-boundary-1,a,Source:OP-4:UndischargedBoundsObligation,1
corpus/op4-neg-element-loan-boundary-1,ap,Source:OP-4:UndischargedBoundsObligation,1
corpus/op4-neg-element-loan-boundary-1,b,Source:OP-4:UndischargedBoundsObligation,1
corpus/op4-neg-element-loan-boundary-1,rows,Source:OP-4:UndischargedBoundsObligation,1
corpus/op4-neg-element-loan-boundary-1,b_rows,Source:OP-4:UndischargedBoundsObligation,1
corpus/own5-neg-element-loan-boundary-2,base,Source:REF-2:InvalidReferenceUse,1
corpus/own5-neg-element-loan-boundary-2,off,Source:REF-2:InvalidReferenceUse,1
corpus/own5-neg-element-loan-boundary-2,a,Source:REF-2:InvalidReferenceUse,1
corpus/own5-neg-element-loan-boundary-2,ap,Source:REF-2:InvalidReferenceUse,1
corpus/own5-neg-element-loan-boundary-2,b,Source:REF-2:InvalidReferenceUse,1
corpus/own5-neg-element-loan-boundary-2,rows,Source:REF-2:InvalidReferenceUse,1
corpus/own5-neg-element-loan-boundary-2,b_rows,Source:REF-2:InvalidReferenceUse,1
corpus/own5-pos-nested-inline-field-loans,base,accepted,0
corpus/own5-pos-nested-inline-field-loans,off,accepted,0
corpus/own5-pos-nested-inline-field-loans,a,accepted,0
corpus/own5-pos-nested-inline-field-loans,ap,accepted,0
corpus/own5-pos-nested-inline-field-loans,b,accepted,0
corpus/own5-pos-nested-inline-field-loans,rows,accepted,0
corpus/own5-pos-nested-inline-field-loans,b_rows,accepted,0
corpus/own5-pos-borrowed-inline-field-write-1,base,accepted,0
corpus/own5-pos-borrowed-inline-field-write-1,off,accepted,0
corpus/own5-pos-borrowed-inline-field-write-1,a,accepted,0
corpus/own5-pos-borrowed-inline-field-write-1,ap,accepted,0
corpus/own5-pos-borrowed-inline-field-write-1,b,accepted,0
corpus/own5-pos-borrowed-inline-field-write-1,rows,accepted,0
corpus/own5-pos-borrowed-inline-field-write-1,b_rows,accepted,0
corpus/own5-neg-borrowed-inline-field-write-2,base,Source:SET-1:InvalidSetTarget,1
corpus/own5-neg-borrowed-inline-field-write-2,off,Source:SET-1:InvalidSetTarget,1
corpus/own5-neg-borrowed-inline-field-write-2,a,Source:SET-1:InvalidSetTarget,1
corpus/own5-neg-borrowed-inline-field-write-2,ap,Source:SET-1:InvalidSetTarget,1
corpus/own5-neg-borrowed-inline-field-write-2,b,Source:SET-1:InvalidSetTarget,1
corpus/own5-neg-borrowed-inline-field-write-2,rows,Source:SET-1:InvalidSetTarget,1
corpus/own5-neg-borrowed-inline-field-write-2,b_rows,Source:SET-1:InvalidSetTarget,1
corpus/own5-neg-borrowed-inline-field-write-3,base,Source:SET-1:InvalidSetTarget,1
corpus/own5-neg-borrowed-inline-field-write-3,off,Source:SET-1:InvalidSetTarget,1
corpus/own5-neg-borrowed-inline-field-write-3,a,Source:SET-1:InvalidSetTarget,1
corpus/own5-neg-borrowed-inline-field-write-3,ap,Source:SET-1:InvalidSetTarget,1
corpus/own5-neg-borrowed-inline-field-write-3,b,Source:SET-1:InvalidSetTarget,1
corpus/own5-neg-borrowed-inline-field-write-3,rows,Source:SET-1:InvalidSetTarget,1
corpus/own5-neg-borrowed-inline-field-write-3,b_rows,Source:SET-1:InvalidSetTarget,1
corpus/ent5-pos-returned-scalar-run-measure-1,base,accepted,0
corpus/ent5-pos-returned-scalar-run-measure-1,off,accepted,0
corpus/ent5-pos-returned-scalar-run-measure-1,a,accepted,0
corpus/ent5-pos-returned-scalar-run-measure-1,ap,accepted,0
corpus/ent5-pos-returned-scalar-run-measure-1,b,accepted,0
corpus/ent5-pos-returned-scalar-run-measure-1,rows,accepted,0
corpus/ent5-pos-returned-scalar-run-measure-1,b_rows,accepted,0
corpus/op4-neg-returned-scalar-run-measure-2,base,Source:OP-4:UndischargedBoundsObligation,1
corpus/op4-neg-returned-scalar-run-measure-2,off,Source:OP-4:UndischargedBoundsObligation,1
corpus/op4-neg-returned-scalar-run-measure-2,a,Source:OP-4:UndischargedBoundsObligation,1
corpus/op4-neg-returned-scalar-run-measure-2,ap,Source:OP-4:UndischargedBoundsObligation,1
corpus/op4-neg-returned-scalar-run-measure-2,b,Source:OP-4:UndischargedBoundsObligation,1
corpus/op4-neg-returned-scalar-run-measure-2,rows,Source:OP-4:UndischargedBoundsObligation,1
corpus/op4-neg-returned-scalar-run-measure-2,b_rows,Source:OP-4:UndischargedBoundsObligation,1
corpus/own6-pos-owned-match-header-loans-1,base,accepted,0
corpus/own6-pos-owned-match-header-loans-1,off,accepted,0
corpus/own6-pos-owned-match-header-loans-1,a,accepted,0
corpus/own6-pos-owned-match-header-loans-1,ap,accepted,0
corpus/own6-pos-owned-match-header-loans-1,b,accepted,0
corpus/own6-pos-owned-match-header-loans-1,rows,accepted,0
corpus/own6-pos-owned-match-header-loans-1,b_rows,accepted,0
corpus/own6-pos-owned-match-header-loans-2,base,accepted,0
corpus/own6-pos-owned-match-header-loans-2,off,accepted,0
corpus/own6-pos-owned-match-header-loans-2,a,accepted,0
corpus/own6-pos-owned-match-header-loans-2,ap,accepted,0
corpus/own6-pos-owned-match-header-loans-2,b,accepted,0
corpus/own6-pos-owned-match-header-loans-2,rows,accepted,0
corpus/own6-pos-owned-match-header-loans-2,b_rows,accepted,0
corpus/own5-pos-statement-child-parent-1,base,accepted,0
corpus/own5-pos-statement-child-parent-1,off,accepted,0
corpus/own5-pos-statement-child-parent-1,a,accepted,0
corpus/own5-pos-statement-child-parent-1,ap,accepted,0
corpus/own5-pos-statement-child-parent-1,b,accepted,0
corpus/own5-pos-statement-child-parent-1,rows,accepted,0
corpus/own5-pos-statement-child-parent-1,b_rows,accepted,0
corpus/own5-pos-statement-child-parent-3,base,accepted,0
corpus/own5-pos-statement-child-parent-3,off,accepted,0
corpus/own5-pos-statement-child-parent-3,a,accepted,0
corpus/own5-pos-statement-child-parent-3,ap,accepted,0
corpus/own5-pos-statement-child-parent-3,b,accepted,0
corpus/own5-pos-statement-child-parent-3,rows,accepted,0
corpus/own5-pos-statement-child-parent-3,b_rows,accepted,0
corpus/ent5-pos-indexed-write-kill-1,base,accepted,0
corpus/ent5-pos-indexed-write-kill-1,off,accepted,0
corpus/ent5-pos-indexed-write-kill-1,a,accepted,0
corpus/ent5-pos-indexed-write-kill-1,ap,accepted,0
corpus/ent5-pos-indexed-write-kill-1,b,accepted,0
corpus/ent5-pos-indexed-write-kill-1,rows,accepted,0
corpus/ent5-pos-indexed-write-kill-1,b_rows,accepted,0
corpus/op4-neg-indexed-write-kill-2,base,Source:OP-4:UndischargedBoundsObligation,1
corpus/op4-neg-indexed-write-kill-2,off,Source:OP-4:UndischargedBoundsObligation,1
corpus/op4-neg-indexed-write-kill-2,a,Source:OP-4:UndischargedBoundsObligation,1
corpus/op4-neg-indexed-write-kill-2,ap,Source:OP-4:UndischargedBoundsObligation,1
corpus/op4-neg-indexed-write-kill-2,b,Source:OP-4:UndischargedBoundsObligation,1
corpus/op4-neg-indexed-write-kill-2,rows,Source:OP-4:UndischargedBoundsObligation,1
corpus/op4-neg-indexed-write-kill-2,b_rows,Source:OP-4:UndischargedBoundsObligation,1
corpus/ent5-pos-indexed-sibling-write,base,accepted,0
corpus/ent5-pos-indexed-sibling-write,off,accepted,0
corpus/ent5-pos-indexed-sibling-write,a,accepted,0
corpus/ent5-pos-indexed-sibling-write,ap,accepted,0
corpus/ent5-pos-indexed-sibling-write,b,accepted,0
corpus/ent5-pos-indexed-sibling-write,rows,accepted,0
corpus/ent5-pos-indexed-sibling-write,b_rows,accepted,0
corpus/prf1-pos-one-proof-many-consumers,base,accepted,0
corpus/prf1-pos-one-proof-many-consumers,off,accepted,0
corpus/prf1-pos-one-proof-many-consumers,a,accepted,0
corpus/prf1-pos-one-proof-many-consumers,ap,accepted,0
corpus/prf1-pos-one-proof-many-consumers,b,accepted,0
corpus/prf1-pos-one-proof-many-consumers,rows,accepted,0
corpus/prf1-pos-one-proof-many-consumers,b_rows,accepted,0
corpus/prf1-pos-proof-to-postcondition,base,accepted,0
corpus/prf1-pos-proof-to-postcondition,off,accepted,0
corpus/prf1-pos-proof-to-postcondition,a,accepted,0
corpus/prf1-pos-proof-to-postcondition,ap,accepted,0
corpus/prf1-pos-proof-to-postcondition,b,accepted,0
corpus/prf1-pos-proof-to-postcondition,rows,accepted,0
corpus/prf1-pos-proof-to-postcondition,b_rows,accepted,0
corpus/inv1-pos-grouping-node-count,base,accepted,0
corpus/inv1-pos-grouping-node-count,off,accepted,0
corpus/inv1-pos-grouping-node-count,a,accepted,0
corpus/inv1-pos-grouping-node-count,ap,accepted,0
corpus/inv1-pos-grouping-node-count,b,accepted,0
corpus/inv1-pos-grouping-node-count,rows,accepted,0
corpus/inv1-pos-grouping-node-count,b_rows,accepted,0
corpus/form8-pos-phantom-nested-brands,base,accepted,0
corpus/form8-pos-phantom-nested-brands,off,accepted,0
corpus/form8-pos-phantom-nested-brands,a,accepted,0
corpus/form8-pos-phantom-nested-brands,ap,accepted,0
corpus/form8-pos-phantom-nested-brands,b,accepted,0
corpus/form8-pos-phantom-nested-brands,rows,accepted,0
corpus/form8-pos-phantom-nested-brands,b_rows,accepted,0
corpus/form8-pos-nested-container-brands,base,accepted,0
corpus/form8-pos-nested-container-brands,off,accepted,0
corpus/form8-pos-nested-container-brands,a,accepted,0
corpus/form8-pos-nested-container-brands,ap,accepted,0
corpus/form8-pos-nested-container-brands,b,accepted,0
corpus/form8-pos-nested-container-brands,rows,accepted,0
corpus/form8-pos-nested-container-brands,b_rows,accepted,0
corpus/form8-pos-flat-element-result-brands,base,accepted,0
corpus/form8-pos-flat-element-result-brands,off,accepted,0
corpus/form8-pos-flat-element-result-brands,a,accepted,0
corpus/form8-pos-flat-element-result-brands,ap,accepted,0
corpus/form8-pos-flat-element-result-brands,b,accepted,0
corpus/form8-pos-flat-element-result-brands,rows,accepted,0
corpus/form8-pos-flat-element-result-brands,b_rows,accepted,0
corpus/form8-pos-all-result-region-ordinals,base,accepted,0
corpus/form8-pos-all-result-region-ordinals,off,accepted,0
corpus/form8-pos-all-result-region-ordinals,a,accepted,0
corpus/form8-pos-all-result-region-ordinals,ap,accepted,0
corpus/form8-pos-all-result-region-ordinals,b,accepted,0
corpus/form8-pos-all-result-region-ordinals,rows,accepted,0
corpus/form8-pos-all-result-region-ordinals,b_rows,accepted,0
corpus/form8-pos-two-brand-nested-results,base,accepted,0
corpus/form8-pos-two-brand-nested-results,off,accepted,0
corpus/form8-pos-two-brand-nested-results,a,accepted,0
corpus/form8-pos-two-brand-nested-results,ap,accepted,0
corpus/form8-pos-two-brand-nested-results,b,accepted,0
corpus/form8-pos-two-brand-nested-results,rows,accepted,0
corpus/form8-pos-two-brand-nested-results,b_rows,accepted,0
corpus/type2-pos-generic-affine-array-member,base,accepted,0
corpus/type2-pos-generic-affine-array-member,off,accepted,0
corpus/type2-pos-generic-affine-array-member,a,accepted,0
corpus/type2-pos-generic-affine-array-member,ap,accepted,0
corpus/type2-pos-generic-affine-array-member,b,accepted,0
corpus/type2-pos-generic-affine-array-member,rows,accepted,0
corpus/type2-pos-generic-affine-array-member,b_rows,accepted,0
corpus/type2-pos-symbolic-prelude-instance,base,accepted,0
corpus/type2-pos-symbolic-prelude-instance,off,accepted,0
corpus/type2-pos-symbolic-prelude-instance,a,accepted,0
corpus/type2-pos-symbolic-prelude-instance,ap,accepted,0
corpus/type2-pos-symbolic-prelude-instance,b,accepted,0
corpus/type2-pos-symbolic-prelude-instance,rows,accepted,0
corpus/type2-pos-symbolic-prelude-instance,b_rows,accepted,0
corpus/op4-pos-unreplaced-run-bound,base,accepted,0
corpus/op4-pos-unreplaced-run-bound,off,accepted,0
corpus/op4-pos-unreplaced-run-bound,a,accepted,0
corpus/op4-pos-unreplaced-run-bound,ap,accepted,0
corpus/op4-pos-unreplaced-run-bound,b,accepted,0
corpus/op4-pos-unreplaced-run-bound,rows,accepted,0
corpus/op4-pos-unreplaced-run-bound,b_rows,accepted,0
corpus/set2-pos-replacement-root-live,base,accepted,0
corpus/set2-pos-replacement-root-live,off,accepted,0
corpus/set2-pos-replacement-root-live,a,accepted,0
corpus/set2-pos-replacement-root-live,ap,accepted,0
corpus/set2-pos-replacement-root-live,b,accepted,0
corpus/set2-pos-replacement-root-live,rows,accepted,0
corpus/set2-pos-replacement-root-live,b_rows,accepted,0
corpus/type2-pos-affine-array-elements,base,accepted,0
corpus/type2-pos-affine-array-elements,off,accepted,0
corpus/type2-pos-affine-array-elements,a,accepted,0
corpus/type2-pos-affine-array-elements,ap,accepted,0
corpus/type2-pos-affine-array-elements,b,accepted,0
corpus/type2-pos-affine-array-elements,rows,accepted,0
corpus/type2-pos-affine-array-elements,b_rows,accepted,0
corpus/fn2-pos-generic-store-confinement,base,accepted,0
corpus/fn2-pos-generic-store-confinement,off,accepted,0
corpus/fn2-pos-generic-store-confinement,a,accepted,0
corpus/fn2-pos-generic-store-confinement,ap,accepted,0
corpus/fn2-pos-generic-store-confinement,b,accepted,0
corpus/fn2-pos-generic-store-confinement,rows,accepted,0
corpus/fn2-pos-generic-store-confinement,b_rows,accepted,0
corpus/fn2-pos-zero-run-element-brand,base,accepted,0
corpus/fn2-pos-zero-run-element-brand,off,accepted,0
corpus/fn2-pos-zero-run-element-brand,a,accepted,0
corpus/fn2-pos-zero-run-element-brand,ap,accepted,0
corpus/fn2-pos-zero-run-element-brand,b,accepted,0
corpus/fn2-pos-zero-run-element-brand,rows,accepted,0
corpus/fn2-pos-zero-run-element-brand,b_rows,accepted,0
corpus/op6-pos-inferred-float-conversion-result,base,accepted,0
corpus/op6-pos-inferred-float-conversion-result,off,accepted,0
corpus/op6-pos-inferred-float-conversion-result,a,accepted,0
corpus/op6-pos-inferred-float-conversion-result,ap,accepted,0
corpus/op6-pos-inferred-float-conversion-result,b,accepted,0
corpus/op6-pos-inferred-float-conversion-result,rows,accepted,0
corpus/op6-pos-inferred-float-conversion-result,b_rows,accepted,0
corpus/fn1-pos-library-without-entry,base,accepted,0
corpus/fn1-pos-library-without-entry,off,accepted,0
corpus/fn1-pos-library-without-entry,a,accepted,0
corpus/fn1-pos-library-without-entry,ap,accepted,0
corpus/fn1-pos-library-without-entry,b,accepted,0
corpus/fn1-pos-library-without-entry,rows,accepted,0
corpus/fn1-pos-library-without-entry,b_rows,accepted,0
corpus/inv1-pos-header-measure-factor,base,accepted,0
corpus/inv1-pos-header-measure-factor,off,accepted,0
corpus/inv1-pos-header-measure-factor,a,accepted,0
corpus/inv1-pos-header-measure-factor,ap,accepted,0
corpus/inv1-pos-header-measure-factor,b,accepted,0
corpus/inv1-pos-header-measure-factor,rows,accepted,0
corpus/inv1-pos-header-measure-factor,b_rows,accepted,0
corpus/set1-pos-owned-cell-content-target-1,base,accepted,0
corpus/set1-pos-owned-cell-content-target-1,off,accepted,0
corpus/set1-pos-owned-cell-content-target-1,a,accepted,0
corpus/set1-pos-owned-cell-content-target-1,ap,accepted,0
corpus/set1-pos-owned-cell-content-target-1,b,accepted,0
corpus/set1-pos-owned-cell-content-target-1,rows,accepted,0
corpus/set1-pos-owned-cell-content-target-1,b_rows,accepted,0
corpus/set1-pos-owned-cell-content-target-2,base,accepted,0
corpus/set1-pos-owned-cell-content-target-2,off,accepted,0
corpus/set1-pos-owned-cell-content-target-2,a,accepted,0
corpus/set1-pos-owned-cell-content-target-2,ap,accepted,0
corpus/set1-pos-owned-cell-content-target-2,b,accepted,0
corpus/set1-pos-owned-cell-content-target-2,rows,accepted,0
corpus/set1-pos-owned-cell-content-target-2,b_rows,accepted,0
corpus/type6-pos-counted-enclosing-break,base,accepted,0
corpus/type6-pos-counted-enclosing-break,off,accepted,0
corpus/type6-pos-counted-enclosing-break,a,accepted,0
corpus/type6-pos-counted-enclosing-break,ap,accepted,0
corpus/type6-pos-counted-enclosing-break,b,accepted,0
corpus/type6-pos-counted-enclosing-break,rows,accepted,0
corpus/type6-pos-counted-enclosing-break,b_rows,accepted,0
corpus/view1-pos-array-view-domain-1,base,accepted,0
corpus/view1-pos-array-view-domain-1,off,accepted,0
corpus/view1-pos-array-view-domain-1,a,accepted,0
corpus/view1-pos-array-view-domain-1,ap,accepted,0
corpus/view1-pos-array-view-domain-1,b,accepted,0
corpus/view1-pos-array-view-domain-1,rows,accepted,0
corpus/view1-pos-array-view-domain-1,b_rows,accepted,0
corpus/set1-neg-array-view-domain-2,base,Source:CONST-2:ImmutableSetTarget,1
corpus/set1-neg-array-view-domain-2,off,Source:CONST-2:ImmutableSetTarget,1
corpus/set1-neg-array-view-domain-2,a,Source:CONST-2:ImmutableSetTarget,1
corpus/set1-neg-array-view-domain-2,ap,Source:CONST-2:ImmutableSetTarget,1
corpus/set1-neg-array-view-domain-2,b,Source:CONST-2:ImmutableSetTarget,1
corpus/set1-neg-array-view-domain-2,rows,Source:CONST-2:ImmutableSetTarget,1
corpus/set1-neg-array-view-domain-2,b_rows,Source:CONST-2:ImmutableSetTarget,1
corpus/op4-neg-array-view-domain-3,base,Source:OP-4:UndischargedBoundsObligation,1
corpus/op4-neg-array-view-domain-3,off,Source:OP-4:UndischargedBoundsObligation,1
corpus/op4-neg-array-view-domain-3,a,Source:OP-4:UndischargedBoundsObligation,1
corpus/op4-neg-array-view-domain-3,ap,Source:OP-4:UndischargedBoundsObligation,1
corpus/op4-neg-array-view-domain-3,b,Source:OP-4:UndischargedBoundsObligation,1
corpus/op4-neg-array-view-domain-3,rows,Source:OP-4:UndischargedBoundsObligation,1
corpus/op4-neg-array-view-domain-3,b_rows,Source:OP-4:UndischargedBoundsObligation,1
corpus/type5-neg-array-view-domain-6,base,Source:TYPE-5:TypeMismatch,1
corpus/type5-neg-array-view-domain-6,off,Source:TYPE-5:TypeMismatch,1
corpus/type5-neg-array-view-domain-6,a,Source:TYPE-5:TypeMismatch,1
corpus/type5-neg-array-view-domain-6,ap,Source:TYPE-5:TypeMismatch,1
corpus/type5-neg-array-view-domain-6,b,Source:TYPE-5:TypeMismatch,1
corpus/type5-neg-array-view-domain-6,rows,Source:TYPE-5:TypeMismatch,1
corpus/type5-neg-array-view-domain-6,b_rows,Source:TYPE-5:TypeMismatch,1
corpus/const2-neg-array-view-domain-7,base,Source:CONST-2:ImmutableSetTarget,1
corpus/const2-neg-array-view-domain-7,off,Source:CONST-2:ImmutableSetTarget,1
corpus/const2-neg-array-view-domain-7,a,Source:CONST-2:ImmutableSetTarget,1
corpus/const2-neg-array-view-domain-7,ap,Source:CONST-2:ImmutableSetTarget,1
corpus/const2-neg-array-view-domain-7,b,Source:CONST-2:ImmutableSetTarget,1
corpus/const2-neg-array-view-domain-7,rows,Source:CONST-2:ImmutableSetTarget,1
corpus/const2-neg-array-view-domain-7,b_rows,Source:CONST-2:ImmutableSetTarget,1
corpus/own1-pos-moved-owner-local-origin,base,accepted,0
corpus/own1-pos-moved-owner-local-origin,off,accepted,0
corpus/own1-pos-moved-owner-local-origin,a,accepted,0
corpus/own1-pos-moved-owner-local-origin,ap,accepted,0
corpus/own1-pos-moved-owner-local-origin,b,accepted,0
corpus/own1-pos-moved-owner-local-origin,rows,accepted,0
corpus/own1-pos-moved-owner-local-origin,b_rows,accepted,0
corpus/ent5-pos-callee-sibling-fact,base,accepted,0
corpus/ent5-pos-callee-sibling-fact,off,accepted,0
corpus/ent5-pos-callee-sibling-fact,a,accepted,0
corpus/ent5-pos-callee-sibling-fact,ap,accepted,0
corpus/ent5-pos-callee-sibling-fact,b,accepted,0
corpus/ent5-pos-callee-sibling-fact,rows,accepted,0
corpus/ent5-pos-callee-sibling-fact,b_rows,accepted,0
corpus/ent5-pos-replacement-length-after-join,base,accepted,0
corpus/ent5-pos-replacement-length-after-join,off,accepted,0
corpus/ent5-pos-replacement-length-after-join,a,accepted,0
corpus/ent5-pos-replacement-length-after-join,ap,accepted,0
corpus/ent5-pos-replacement-length-after-join,b,accepted,0
corpus/ent5-pos-replacement-length-after-join,rows,accepted,0
corpus/ent5-pos-replacement-length-after-join,b_rows,accepted,0
corpus/ent5-pos-replacement-length-unrelated-binding-1,base,accepted,0
corpus/ent5-pos-replacement-length-unrelated-binding-1,off,accepted,0
corpus/ent5-pos-replacement-length-unrelated-binding-1,a,accepted,0
corpus/ent5-pos-replacement-length-unrelated-binding-1,ap,accepted,0
corpus/ent5-pos-replacement-length-unrelated-binding-1,b,accepted,0
corpus/ent5-pos-replacement-length-unrelated-binding-1,rows,accepted,0
corpus/ent5-pos-replacement-length-unrelated-binding-1,b_rows,accepted,0
corpus/ent5-pos-replacement-length-unrelated-binding-2,base,accepted,0
corpus/ent5-pos-replacement-length-unrelated-binding-2,off,accepted,0
corpus/ent5-pos-replacement-length-unrelated-binding-2,a,accepted,0
corpus/ent5-pos-replacement-length-unrelated-binding-2,ap,accepted,0
corpus/ent5-pos-replacement-length-unrelated-binding-2,b,accepted,0
corpus/ent5-pos-replacement-length-unrelated-binding-2,rows,accepted,0
corpus/ent5-pos-replacement-length-unrelated-binding-2,b_rows,accepted,0
corpus/fn4-pos-formal-owned-result-transfer-2,base,accepted,0
corpus/fn4-pos-formal-owned-result-transfer-2,off,accepted,0
corpus/fn4-pos-formal-owned-result-transfer-2,a,accepted,0
corpus/fn4-pos-formal-owned-result-transfer-2,ap,accepted,0
corpus/fn4-pos-formal-owned-result-transfer-2,b,accepted,0
corpus/fn4-pos-formal-owned-result-transfer-2,rows,accepted,0
corpus/fn4-pos-formal-owned-result-transfer-2,b_rows,accepted,0
corpus/prov6-neg-actual-captured-bound-1,base,Source:PROV-6:LinearityBoundMismatch,1
corpus/prov6-neg-actual-captured-bound-1,off,Source:PROV-6:LinearityBoundMismatch,1
corpus/prov6-neg-actual-captured-bound-1,a,Source:PROV-6:LinearityBoundMismatch,1
corpus/prov6-neg-actual-captured-bound-1,ap,Source:PROV-6:LinearityBoundMismatch,1
corpus/prov6-neg-actual-captured-bound-1,b,Source:PROV-6:LinearityBoundMismatch,1
corpus/prov6-neg-actual-captured-bound-1,rows,Source:PROV-6:LinearityBoundMismatch,1
corpus/prov6-neg-actual-captured-bound-1,b_rows,Source:PROV-6:LinearityBoundMismatch,1
corpus/prov6-pos-actual-captured-bound-2,base,accepted,0
corpus/prov6-pos-actual-captured-bound-2,off,accepted,0
corpus/prov6-pos-actual-captured-bound-2,a,accepted,0
corpus/prov6-pos-actual-captured-bound-2,ap,accepted,0
corpus/prov6-pos-actual-captured-bound-2,b,accepted,0
corpus/prov6-pos-actual-captured-bound-2,rows,accepted,0
corpus/prov6-pos-actual-captured-bound-2,b_rows,accepted,0
corpus/prov6-neg-actual-captured-bound-3,base,Source:PROV-6:LinearityBoundMismatch,1
corpus/prov6-neg-actual-captured-bound-3,off,Source:PROV-6:LinearityBoundMismatch,1
corpus/prov6-neg-actual-captured-bound-3,a,Source:PROV-6:LinearityBoundMismatch,1
corpus/prov6-neg-actual-captured-bound-3,ap,Source:PROV-6:LinearityBoundMismatch,1
corpus/prov6-neg-actual-captured-bound-3,b,Source:PROV-6:LinearityBoundMismatch,1
corpus/prov6-neg-actual-captured-bound-3,rows,Source:PROV-6:LinearityBoundMismatch,1
corpus/prov6-neg-actual-captured-bound-3,b_rows,Source:PROV-6:LinearityBoundMismatch,1
corpus/fn4-pos-member-region-bound-2,base,accepted,0
corpus/fn4-pos-member-region-bound-2,off,accepted,0
corpus/fn4-pos-member-region-bound-2,a,accepted,0
corpus/fn4-pos-member-region-bound-2,ap,accepted,0
corpus/fn4-pos-member-region-bound-2,b,accepted,0
corpus/fn4-pos-member-region-bound-2,rows,accepted,0
corpus/fn4-pos-member-region-bound-2,b_rows,accepted,0
corpus/fn4-neg-member-region-bound-3,base,Source:FN-4:BehaviorArgumentMismatch,1
corpus/fn4-neg-member-region-bound-3,off,Source:FN-4:BehaviorArgumentMismatch,1
corpus/fn4-neg-member-region-bound-3,a,Source:FN-4:BehaviorArgumentMismatch,1
corpus/fn4-neg-member-region-bound-3,ap,Source:FN-4:BehaviorArgumentMismatch,1
corpus/fn4-neg-member-region-bound-3,b,Source:FN-4:BehaviorArgumentMismatch,1
corpus/fn4-neg-member-region-bound-3,rows,Source:FN-4:BehaviorArgumentMismatch,1
corpus/fn4-neg-member-region-bound-3,b_rows,Source:FN-4:BehaviorArgumentMismatch,1
corpus/form8-pos-captured-brand-before-loan,base,accepted,0
corpus/form8-pos-captured-brand-before-loan,off,accepted,0
corpus/form8-pos-captured-brand-before-loan,a,accepted,0
corpus/form8-pos-captured-brand-before-loan,ap,accepted,0
corpus/form8-pos-captured-brand-before-loan,b,accepted,0
corpus/form8-pos-captured-brand-before-loan,rows,accepted,0
corpus/form8-pos-captured-brand-before-loan,b_rows,accepted,0
corpus/fn2-neg-qualified-member-specialization-1,base,Source:FN-2:TypeMismatch,1
corpus/fn2-neg-qualified-member-specialization-1,off,Source:FN-2:TypeMismatch,1
corpus/fn2-neg-qualified-member-specialization-1,a,Source:FN-2:TypeMismatch,1
corpus/fn2-neg-qualified-member-specialization-1,ap,Source:FN-2:TypeMismatch,1
corpus/fn2-neg-qualified-member-specialization-1,b,Source:FN-2:TypeMismatch,1
corpus/fn2-neg-qualified-member-specialization-1,rows,Source:FN-2:TypeMismatch,1
corpus/fn2-neg-qualified-member-specialization-1,b_rows,Source:FN-2:TypeMismatch,1
corpus/fn2-pos-qualified-member-specialization-2,base,accepted,0
corpus/fn2-pos-qualified-member-specialization-2,off,accepted,0
corpus/fn2-pos-qualified-member-specialization-2,a,accepted,0
corpus/fn2-pos-qualified-member-specialization-2,ap,accepted,0
corpus/fn2-pos-qualified-member-specialization-2,b,accepted,0
corpus/fn2-pos-qualified-member-specialization-2,rows,accepted,0
corpus/fn2-pos-qualified-member-specialization-2,b_rows,accepted,0
corpus/fn3-pos-formal-generic-header-1,base,accepted,0
corpus/fn3-pos-formal-generic-header-1,off,accepted,0
corpus/fn3-pos-formal-generic-header-1,a,accepted,0
corpus/fn3-pos-formal-generic-header-1,ap,accepted,0
corpus/fn3-pos-formal-generic-header-1,b,accepted,0
corpus/fn3-pos-formal-generic-header-1,rows,accepted,0
corpus/fn3-pos-formal-generic-header-1,b_rows,accepted,0
corpus/fn3-neg-formal-generic-header-2,base,Source:FN-3:TypeMismatch,1
corpus/fn3-neg-formal-generic-header-2,off,Source:FN-3:TypeMismatch,1
corpus/fn3-neg-formal-generic-header-2,a,Source:FN-3:TypeMismatch,1
corpus/fn3-neg-formal-generic-header-2,ap,Source:FN-3:TypeMismatch,1
corpus/fn3-neg-formal-generic-header-2,b,Source:FN-3:TypeMismatch,1
corpus/fn3-neg-formal-generic-header-2,rows,Source:FN-3:TypeMismatch,1
corpus/fn3-neg-formal-generic-header-2,b_rows,Source:FN-3:TypeMismatch,1
corpus/fn3-pos-distinct-actual-names,base,accepted,0
corpus/fn3-pos-distinct-actual-names,off,accepted,0
corpus/fn3-pos-distinct-actual-names,a,accepted,0
corpus/fn3-pos-distinct-actual-names,ap,accepted,0
corpus/fn3-pos-distinct-actual-names,b,accepted,0
corpus/fn3-pos-distinct-actual-names,rows,accepted,0
corpus/fn3-pos-distinct-actual-names,b_rows,accepted,0
corpus/fn4-pos-member-effect-ordinals-1,base,accepted,0
corpus/fn4-pos-member-effect-ordinals-1,off,accepted,0
corpus/fn4-pos-member-effect-ordinals-1,a,accepted,0
corpus/fn4-pos-member-effect-ordinals-1,ap,accepted,0
corpus/fn4-pos-member-effect-ordinals-1,b,accepted,0
corpus/fn4-pos-member-effect-ordinals-1,rows,accepted,0
corpus/fn4-pos-member-effect-ordinals-1,b_rows,accepted,0
corpus/fn4-neg-member-effect-ordinals-2,base,Source:FN-4:BehaviorArgumentMismatch,1
corpus/fn4-neg-member-effect-ordinals-2,off,Source:FN-4:BehaviorArgumentMismatch,1
corpus/fn4-neg-member-effect-ordinals-2,a,Source:FN-4:BehaviorArgumentMismatch,1
corpus/fn4-neg-member-effect-ordinals-2,ap,Source:FN-4:BehaviorArgumentMismatch,1
corpus/fn4-neg-member-effect-ordinals-2,b,Source:FN-4:BehaviorArgumentMismatch,1
corpus/fn4-neg-member-effect-ordinals-2,rows,Source:FN-4:BehaviorArgumentMismatch,1
corpus/fn4-neg-member-effect-ordinals-2,b_rows,Source:FN-4:BehaviorArgumentMismatch,1
corpus/eff2-pos-borrowed-length-read-effect,base,accepted,0
corpus/eff2-pos-borrowed-length-read-effect,off,accepted,0
corpus/eff2-pos-borrowed-length-read-effect,a,accepted,0
corpus/eff2-pos-borrowed-length-read-effect,ap,accepted,0
corpus/eff2-pos-borrowed-length-read-effect,b,accepted,0
corpus/eff2-pos-borrowed-length-read-effect,rows,accepted,0
corpus/eff2-pos-borrowed-length-read-effect,b_rows,accepted,0
corpus/eff2-pos-forwarded-storage-effect,base,accepted,0
corpus/eff2-pos-forwarded-storage-effect,off,accepted,0
corpus/eff2-pos-forwarded-storage-effect,a,accepted,0
corpus/eff2-pos-forwarded-storage-effect,ap,accepted,0
corpus/eff2-pos-forwarded-storage-effect,b,accepted,0
corpus/eff2-pos-forwarded-storage-effect,rows,accepted,0
corpus/eff2-pos-forwarded-storage-effect,b_rows,accepted,0
corpus/own13-pos-arm-scoped-payload-borrows-1,base,accepted,0
corpus/own13-pos-arm-scoped-payload-borrows-1,off,accepted,0
corpus/own13-pos-arm-scoped-payload-borrows-1,a,accepted,0
corpus/own13-pos-arm-scoped-payload-borrows-1,ap,accepted,0
corpus/own13-pos-arm-scoped-payload-borrows-1,b,accepted,0
corpus/own13-pos-arm-scoped-payload-borrows-1,rows,accepted,0
corpus/own13-pos-arm-scoped-payload-borrows-1,b_rows,accepted,0
corpus/own13-pos-arm-scoped-payload-borrows-2,base,accepted,0
corpus/own13-pos-arm-scoped-payload-borrows-2,off,accepted,0
corpus/own13-pos-arm-scoped-payload-borrows-2,a,accepted,0
corpus/own13-pos-arm-scoped-payload-borrows-2,ap,accepted,0
corpus/own13-pos-arm-scoped-payload-borrows-2,b,accepted,0
corpus/own13-pos-arm-scoped-payload-borrows-2,rows,accepted,0
corpus/own13-pos-arm-scoped-payload-borrows-2,b_rows,accepted,0
corpus/own13-pos-arm-scoped-payload-borrows-3,base,accepted,0
corpus/own13-pos-arm-scoped-payload-borrows-3,off,accepted,0
corpus/own13-pos-arm-scoped-payload-borrows-3,a,accepted,0
corpus/own13-pos-arm-scoped-payload-borrows-3,ap,accepted,0
corpus/own13-pos-arm-scoped-payload-borrows-3,b,accepted,0
corpus/own13-pos-arm-scoped-payload-borrows-3,rows,accepted,0
corpus/own13-pos-arm-scoped-payload-borrows-3,b_rows,accepted,0
corpus/fn1-pos-distinct-provenance-regions,base,accepted,0
corpus/fn1-pos-distinct-provenance-regions,off,accepted,0
corpus/fn1-pos-distinct-provenance-regions,a,accepted,0
corpus/fn1-pos-distinct-provenance-regions,ap,accepted,0
corpus/fn1-pos-distinct-provenance-regions,b,accepted,0
corpus/fn1-pos-distinct-provenance-regions,rows,accepted,0
corpus/fn1-pos-distinct-provenance-regions,b_rows,accepted,0
corpus/fn9-pos-directory-result-relations,base,accepted,0
corpus/fn9-pos-directory-result-relations,off,accepted,0
corpus/fn9-pos-directory-result-relations,a,accepted,0
corpus/fn9-pos-directory-result-relations,ap,accepted,0
corpus/fn9-pos-directory-result-relations,b,accepted,0
corpus/fn9-pos-directory-result-relations,rows,accepted,0
corpus/fn9-pos-directory-result-relations,b_rows,accepted,0
corpus/op8-pos-integer-width-edges-run,base,accepted,0
corpus/op8-pos-integer-width-edges-run,off,accepted,0
corpus/op8-pos-integer-width-edges-run,a,accepted,0
corpus/op8-pos-integer-width-edges-run,ap,accepted,0
corpus/op8-pos-integer-width-edges-run,b,accepted,0
corpus/op8-pos-integer-width-edges-run,rows,accepted,0
corpus/op8-pos-integer-width-edges-run,b_rows,accepted,0
corpus/own1-neg-moved-directory-source,base,Source:OWN-1:UseAfterMove,1
corpus/own1-neg-moved-directory-source,off,Source:OWN-1:UseAfterMove,1
corpus/own1-neg-moved-directory-source,a,Source:OWN-1:UseAfterMove,1
corpus/own1-neg-moved-directory-source,ap,Source:OWN-1:UseAfterMove,1
corpus/own1-neg-moved-directory-source,b,Source:OWN-1:UseAfterMove,1
corpus/own1-neg-moved-directory-source,rows,Source:OWN-1:UseAfterMove,1
corpus/own1-neg-moved-directory-source,b_rows,Source:OWN-1:UseAfterMove,1
corpus/type5-neg-vector-as-relative-path,base,Source:TYPE-5:TypeMismatch,1
corpus/type5-neg-vector-as-relative-path,off,Source:TYPE-5:TypeMismatch,1
corpus/type5-neg-vector-as-relative-path,a,Source:TYPE-5:TypeMismatch,1
corpus/type5-neg-vector-as-relative-path,ap,Source:TYPE-5:TypeMismatch,1
corpus/type5-neg-vector-as-relative-path,b,Source:TYPE-5:TypeMismatch,1
corpus/type5-neg-vector-as-relative-path,rows,Source:TYPE-5:TypeMismatch,1
corpus/type5-neg-vector-as-relative-path,b_rows,Source:TYPE-5:TypeMismatch,1
corpus/err2-neg-directory-result-arm,base,Source:ERR-2:NonExhaustiveMatch,1
corpus/err2-neg-directory-result-arm,off,Source:ERR-2:NonExhaustiveMatch,1
corpus/err2-neg-directory-result-arm,a,Source:ERR-2:NonExhaustiveMatch,1
corpus/err2-neg-directory-result-arm,ap,Source:ERR-2:NonExhaustiveMatch,1
corpus/err2-neg-directory-result-arm,b,Source:ERR-2:NonExhaustiveMatch,1
corpus/err2-neg-directory-result-arm,rows,Source:ERR-2:NonExhaustiveMatch,1
corpus/err2-neg-directory-result-arm,b_rows,Source:ERR-2:NonExhaustiveMatch,1
corpus/fn8-neg-write-past-source,base,Source:FN-8:UndischargedCallRequirement,1
corpus/fn8-neg-write-past-source,off,Source:FN-8:UndischargedCallRequirement,1
corpus/fn8-neg-write-past-source,a,Source:FN-8:UndischargedCallRequirement,1
corpus/fn8-neg-write-past-source,ap,Source:FN-8:UndischargedCallRequirement,1
corpus/fn8-neg-write-past-source,b,Source:FN-8:UndischargedCallRequirement,1
corpus/fn8-neg-write-past-source,rows,Source:FN-8:UndischargedCallRequirement,1
corpus/fn8-neg-write-past-source,b_rows,Source:FN-8:UndischargedCallRequirement,1
corpus/fn8-neg-constant-call-requirement,base,Source:FN-8:UndischargedCallRequirement,1
corpus/fn8-neg-constant-call-requirement,off,Source:FN-8:UndischargedCallRequirement,1
corpus/fn8-neg-constant-call-requirement,a,Source:FN-8:UndischargedCallRequirement,1
corpus/fn8-neg-constant-call-requirement,ap,Source:FN-8:UndischargedCallRequirement,1
corpus/fn8-neg-constant-call-requirement,b,Source:FN-8:UndischargedCallRequirement,1
corpus/fn8-neg-constant-call-requirement,rows,Source:FN-8:UndischargedCallRequirement,1
corpus/fn8-neg-constant-call-requirement,b_rows,Source:FN-8:UndischargedCallRequirement,1
corpus/op2-neg-quotient-replacement,base,Source:OP-2:UndischargedIntegerDomainObligation,1
corpus/op2-neg-quotient-replacement,off,Source:OP-2:UndischargedIntegerDomainObligation,1
corpus/op2-neg-quotient-replacement,a,Source:OP-2:UndischargedIntegerDomainObligation,1
corpus/op2-neg-quotient-replacement,ap,Source:OP-2:UndischargedIntegerDomainObligation,1
corpus/op2-neg-quotient-replacement,b,Source:OP-2:UndischargedIntegerDomainObligation,1
corpus/op2-neg-quotient-replacement,rows,Source:OP-2:UndischargedIntegerDomainObligation,1
corpus/op2-neg-quotient-replacement,b_rows,Source:OP-2:UndischargedIntegerDomainObligation,1
corpus/op2-pos-branch-quotient-interval,base,accepted,0
corpus/op2-pos-branch-quotient-interval,off,accepted,0
corpus/op2-pos-branch-quotient-interval,a,accepted,0
corpus/op2-pos-branch-quotient-interval,ap,accepted,0
corpus/op2-pos-branch-quotient-interval,b,accepted,0
corpus/op2-pos-branch-quotient-interval,rows,accepted,0
corpus/op2-pos-branch-quotient-interval,b_rows,accepted,0
corpus/op2-neg-branch-runtime-quotient-images,base,Source:OP-2:UndischargedIntegerDomainObligation,1
corpus/op2-neg-branch-runtime-quotient-images,off,Source:OP-2:UndischargedIntegerDomainObligation,1
corpus/op2-neg-branch-runtime-quotient-images,a,Source:OP-2:UndischargedIntegerDomainObligation,1
corpus/op2-neg-branch-runtime-quotient-images,ap,Source:OP-2:UndischargedIntegerDomainObligation,1
corpus/op2-neg-branch-runtime-quotient-images,b,Source:OP-2:UndischargedIntegerDomainObligation,1
corpus/op2-neg-branch-runtime-quotient-images,rows,Source:OP-2:UndischargedIntegerDomainObligation,1
corpus/op2-neg-branch-runtime-quotient-images,b_rows,Source:OP-2:UndischargedIntegerDomainObligation,1
corpus/inv1-neg-division-operand-replacement-1,base,Source:INV-1:UndischargedLocalInvariant,1
corpus/inv1-neg-division-operand-replacement-1,off,Source:INV-1:UndischargedLocalInvariant,1
corpus/inv1-neg-division-operand-replacement-1,a,Source:INV-1:UndischargedLocalInvariant,1
corpus/inv1-neg-division-operand-replacement-1,ap,Source:INV-1:UndischargedLocalInvariant,1
corpus/inv1-neg-division-operand-replacement-1,b,Source:INV-1:UndischargedLocalInvariant,1
corpus/inv1-neg-division-operand-replacement-1,rows,Source:INV-1:UndischargedLocalInvariant,1
corpus/inv1-neg-division-operand-replacement-1,b_rows,Source:INV-1:UndischargedLocalInvariant,1
corpus/inv1-neg-division-operand-replacement-2,base,Source:INV-1:UndischargedLocalInvariant,1
corpus/inv1-neg-division-operand-replacement-2,off,Source:INV-1:UndischargedLocalInvariant,1
corpus/inv1-neg-division-operand-replacement-2,a,Source:INV-1:UndischargedLocalInvariant,1
corpus/inv1-neg-division-operand-replacement-2,ap,Source:INV-1:UndischargedLocalInvariant,1
corpus/inv1-neg-division-operand-replacement-2,b,Source:INV-1:UndischargedLocalInvariant,1
corpus/inv1-neg-division-operand-replacement-2,rows,Source:INV-1:UndischargedLocalInvariant,1
corpus/inv1-neg-division-operand-replacement-2,b_rows,Source:INV-1:UndischargedLocalInvariant,1
corpus/inv1-neg-division-operand-replacement-3,base,Source:INV-1:UndischargedLocalInvariant,1
corpus/inv1-neg-division-operand-replacement-3,off,Source:INV-1:UndischargedLocalInvariant,1
corpus/inv1-neg-division-operand-replacement-3,a,Source:INV-1:UndischargedLocalInvariant,1
corpus/inv1-neg-division-operand-replacement-3,ap,Source:INV-1:UndischargedLocalInvariant,1
corpus/inv1-neg-division-operand-replacement-3,b,Source:INV-1:UndischargedLocalInvariant,1
corpus/inv1-neg-division-operand-replacement-3,rows,Source:INV-1:UndischargedLocalInvariant,1
corpus/inv1-neg-division-operand-replacement-3,b_rows,Source:INV-1:UndischargedLocalInvariant,1
corpus/inv1-neg-division-operand-replacement-4,base,Source:INV-1:UndischargedLocalInvariant,1
corpus/inv1-neg-division-operand-replacement-4,off,Source:INV-1:UndischargedLocalInvariant,1
corpus/inv1-neg-division-operand-replacement-4,a,Source:INV-1:UndischargedLocalInvariant,1
corpus/inv1-neg-division-operand-replacement-4,ap,Source:INV-1:UndischargedLocalInvariant,1
corpus/inv1-neg-division-operand-replacement-4,b,Source:INV-1:UndischargedLocalInvariant,1
corpus/inv1-neg-division-operand-replacement-4,rows,Source:INV-1:UndischargedLocalInvariant,1
corpus/inv1-neg-division-operand-replacement-4,b_rows,Source:INV-1:UndischargedLocalInvariant,1
corpus/op4-neg-interposed-subscript,base,Source:OP-4:UndischargedBoundsObligation,1
corpus/op4-neg-interposed-subscript,off,Source:OP-4:UndischargedBoundsObligation,1
corpus/op4-neg-interposed-subscript,a,Source:OP-4:UndischargedBoundsObligation,1
corpus/op4-neg-interposed-subscript,ap,Source:OP-4:UndischargedBoundsObligation,1
corpus/op4-neg-interposed-subscript,b,Source:OP-4:UndischargedBoundsObligation,1
corpus/op4-neg-interposed-subscript,rows,Source:OP-4:UndischargedBoundsObligation,1
corpus/op4-neg-interposed-subscript,b_rows,Source:OP-4:UndischargedBoundsObligation,1
corpus/op4-neg-accumulator-subscript,base,Source:OP-4:UndischargedBoundsObligation,1
corpus/op4-neg-accumulator-subscript,off,Source:OP-4:UndischargedBoundsObligation,1
corpus/op4-neg-accumulator-subscript,a,Source:OP-4:UndischargedBoundsObligation,1
corpus/op4-neg-accumulator-subscript,ap,Source:OP-4:UndischargedBoundsObligation,1
corpus/op4-neg-accumulator-subscript,b,Source:OP-4:UndischargedBoundsObligation,1
corpus/op4-neg-accumulator-subscript,rows,Source:OP-4:UndischargedBoundsObligation,1
corpus/op4-neg-accumulator-subscript,b_rows,Source:OP-4:UndischargedBoundsObligation,1
corpus/op4-pos-callee-minimum-subscript,base,accepted,0
corpus/op4-pos-callee-minimum-subscript,off,accepted,0
corpus/op4-pos-callee-minimum-subscript,a,accepted,0
corpus/op4-pos-callee-minimum-subscript,ap,accepted,0
corpus/op4-pos-callee-minimum-subscript,b,accepted,0
corpus/op4-pos-callee-minimum-subscript,rows,accepted,0
corpus/op4-pos-callee-minimum-subscript,b_rows,accepted,0
corpus/op4-neg-callee-minimum-past-end,base,Source:OP-4:UndischargedBoundsObligation,1
corpus/op4-neg-callee-minimum-past-end,off,Source:OP-4:UndischargedBoundsObligation,1
corpus/op4-neg-callee-minimum-past-end,a,Source:OP-4:UndischargedBoundsObligation,1
corpus/op4-neg-callee-minimum-past-end,ap,Source:OP-4:UndischargedBoundsObligation,1
corpus/op4-neg-callee-minimum-past-end,b,Source:OP-4:UndischargedBoundsObligation,1
corpus/op4-neg-callee-minimum-past-end,rows,Source:OP-4:UndischargedBoundsObligation,1
corpus/op4-neg-callee-minimum-past-end,b_rows,Source:OP-4:UndischargedBoundsObligation,1
corpus/const2-pos-constant-nested-field-bound-1,base,accepted,0
corpus/const2-pos-constant-nested-field-bound-1,off,accepted,0
corpus/const2-pos-constant-nested-field-bound-1,a,accepted,0
corpus/const2-pos-constant-nested-field-bound-1,ap,accepted,0
corpus/const2-pos-constant-nested-field-bound-1,b,accepted,0
corpus/const2-pos-constant-nested-field-bound-1,rows,accepted,0
corpus/const2-pos-constant-nested-field-bound-1,b_rows,accepted,0
corpus/op4-neg-constant-nested-field-bound-2,base,Source:OP-4:UndischargedBoundsObligation,1
corpus/op4-neg-constant-nested-field-bound-2,off,Source:OP-4:UndischargedBoundsObligation,1
corpus/op4-neg-constant-nested-field-bound-2,a,Source:OP-4:UndischargedBoundsObligation,1
corpus/op4-neg-constant-nested-field-bound-2,ap,Source:OP-4:UndischargedBoundsObligation,1
corpus/op4-neg-constant-nested-field-bound-2,b,Source:OP-4:UndischargedBoundsObligation,1
corpus/op4-neg-constant-nested-field-bound-2,rows,Source:OP-4:UndischargedBoundsObligation,1
corpus/op4-neg-constant-nested-field-bound-2,b_rows,Source:OP-4:UndischargedBoundsObligation,1
corpus/call5-pos-view-write-measure-transport-1,base,accepted,0
corpus/call5-pos-view-write-measure-transport-1,off,accepted,0
corpus/call5-pos-view-write-measure-transport-1,a,accepted,0
corpus/call5-pos-view-write-measure-transport-1,ap,accepted,0
corpus/call5-pos-view-write-measure-transport-1,b,accepted,0
corpus/call5-pos-view-write-measure-transport-1,rows,accepted,0
corpus/call5-pos-view-write-measure-transport-1,b_rows,accepted,0
corpus/fn8-neg-view-write-measure-transport-2,base,Source:FN-8:UndischargedCallRequirement,1
corpus/fn8-neg-view-write-measure-transport-2,off,Source:FN-8:UndischargedCallRequirement,1
corpus/fn8-neg-view-write-measure-transport-2,a,Source:FN-8:UndischargedCallRequirement,1
corpus/fn8-neg-view-write-measure-transport-2,ap,Source:FN-8:UndischargedCallRequirement,1
corpus/fn8-neg-view-write-measure-transport-2,b,Source:FN-8:UndischargedCallRequirement,1
corpus/fn8-neg-view-write-measure-transport-2,rows,Source:FN-8:UndischargedCallRequirement,1
corpus/fn8-neg-view-write-measure-transport-2,b_rows,Source:FN-8:UndischargedCallRequirement,1
corpus/fn8-neg-view-write-measure-transport-3,base,Source:FN-8:UndischargedCallRequirement,1
corpus/fn8-neg-view-write-measure-transport-3,off,Source:FN-8:UndischargedCallRequirement,1
corpus/fn8-neg-view-write-measure-transport-3,a,Source:FN-8:UndischargedCallRequirement,1
corpus/fn8-neg-view-write-measure-transport-3,ap,Source:FN-8:UndischargedCallRequirement,1
corpus/fn8-neg-view-write-measure-transport-3,b,Source:FN-8:UndischargedCallRequirement,1
corpus/fn8-neg-view-write-measure-transport-3,rows,Source:FN-8:UndischargedCallRequirement,1
corpus/fn8-neg-view-write-measure-transport-3,b_rows,Source:FN-8:UndischargedCallRequirement,1
corpus/type5-neg-function-argument-kind-1,base,Source:TYPE-5:TypeMismatch,1
corpus/type5-neg-function-argument-kind-1,off,Source:TYPE-5:TypeMismatch,1
corpus/type5-neg-function-argument-kind-1,a,Source:TYPE-5:TypeMismatch,1
corpus/type5-neg-function-argument-kind-1,ap,Source:TYPE-5:TypeMismatch,1
corpus/type5-neg-function-argument-kind-1,b,Source:TYPE-5:TypeMismatch,1
corpus/type5-neg-function-argument-kind-1,rows,Source:TYPE-5:TypeMismatch,1
corpus/type5-neg-function-argument-kind-1,b_rows,Source:TYPE-5:TypeMismatch,1
corpus/type5-neg-function-argument-kind-2,base,Source:TYPE-5:TypeMismatch,1
corpus/type5-neg-function-argument-kind-2,off,Source:TYPE-5:TypeMismatch,1
corpus/type5-neg-function-argument-kind-2,a,Source:TYPE-5:TypeMismatch,1
corpus/type5-neg-function-argument-kind-2,ap,Source:TYPE-5:TypeMismatch,1
corpus/type5-neg-function-argument-kind-2,b,Source:TYPE-5:TypeMismatch,1
corpus/type5-neg-function-argument-kind-2,rows,Source:TYPE-5:TypeMismatch,1
corpus/type5-neg-function-argument-kind-2,b_rows,Source:TYPE-5:TypeMismatch,1
corpus/type5-neg-function-argument-kind-3,base,Source:TYPE-5:TypeMismatch,1
corpus/type5-neg-function-argument-kind-3,off,Source:TYPE-5:TypeMismatch,1
corpus/type5-neg-function-argument-kind-3,a,Source:TYPE-5:TypeMismatch,1
corpus/type5-neg-function-argument-kind-3,ap,Source:TYPE-5:TypeMismatch,1
corpus/type5-neg-function-argument-kind-3,b,Source:TYPE-5:TypeMismatch,1
corpus/type5-neg-function-argument-kind-3,rows,Source:TYPE-5:TypeMismatch,1
corpus/type5-neg-function-argument-kind-3,b_rows,Source:TYPE-5:TypeMismatch,1
corpus/type5-neg-function-argument-kind-4,base,Source:TYPE-5:TypeMismatch,1
corpus/type5-neg-function-argument-kind-4,off,Source:TYPE-5:TypeMismatch,1
corpus/type5-neg-function-argument-kind-4,a,Source:TYPE-5:TypeMismatch,1
corpus/type5-neg-function-argument-kind-4,ap,Source:TYPE-5:TypeMismatch,1
corpus/type5-neg-function-argument-kind-4,b,Source:TYPE-5:TypeMismatch,1
corpus/type5-neg-function-argument-kind-4,rows,Source:TYPE-5:TypeMismatch,1
corpus/type5-neg-function-argument-kind-4,b_rows,Source:TYPE-5:TypeMismatch,1
corpus/fn2-neg-function-argument-kind-5,base,Source:FN-2:TypeMismatch,1
corpus/fn2-neg-function-argument-kind-5,off,Source:FN-2:TypeMismatch,1
corpus/fn2-neg-function-argument-kind-5,a,Source:FN-2:TypeMismatch,1
corpus/fn2-neg-function-argument-kind-5,ap,Source:FN-2:TypeMismatch,1
corpus/fn2-neg-function-argument-kind-5,b,Source:FN-2:TypeMismatch,1
corpus/fn2-neg-function-argument-kind-5,rows,Source:FN-2:TypeMismatch,1
corpus/fn2-neg-function-argument-kind-5,b_rows,Source:FN-2:TypeMismatch,1
corpus/op1-neg-function-argument-kind-6,base,Source:OP-1:InvalidOperation,1
corpus/op1-neg-function-argument-kind-6,off,Source:OP-1:InvalidOperation,1
corpus/op1-neg-function-argument-kind-6,a,Source:OP-1:InvalidOperation,1
corpus/op1-neg-function-argument-kind-6,ap,Source:OP-1:InvalidOperation,1
corpus/op1-neg-function-argument-kind-6,b,Source:OP-1:InvalidOperation,1
corpus/op1-neg-function-argument-kind-6,rows,Source:OP-1:InvalidOperation,1
corpus/op1-neg-function-argument-kind-6,b_rows,Source:OP-1:InvalidOperation,1
corpus/eff1-neg-unused-formal-formation-1,base,Source:EFF-1:InvalidEffectRow,1
corpus/eff1-neg-unused-formal-formation-1,off,Source:EFF-1:InvalidEffectRow,1
corpus/eff1-neg-unused-formal-formation-1,a,Source:EFF-1:InvalidEffectRow,1
corpus/eff1-neg-unused-formal-formation-1,ap,Source:EFF-1:InvalidEffectRow,1
corpus/eff1-neg-unused-formal-formation-1,b,Source:EFF-1:InvalidEffectRow,1
corpus/eff1-neg-unused-formal-formation-1,rows,Source:EFF-1:InvalidEffectRow,1
corpus/eff1-neg-unused-formal-formation-1,b_rows,Source:EFF-1:InvalidEffectRow,1
corpus/fn1-neg-unused-formal-formation-2,base,Source:FN-1:ReturnMismatch,1
corpus/fn1-neg-unused-formal-formation-2,off,Source:FN-1:ReturnMismatch,1
corpus/fn1-neg-unused-formal-formation-2,a,Source:FN-1:ReturnMismatch,1
corpus/fn1-neg-unused-formal-formation-2,ap,Source:FN-1:ReturnMismatch,1
corpus/fn1-neg-unused-formal-formation-2,b,Source:FN-1:ReturnMismatch,1
corpus/fn1-neg-unused-formal-formation-2,rows,Source:FN-1:ReturnMismatch,1
corpus/fn1-neg-unused-formal-formation-2,b_rows,Source:FN-1:ReturnMismatch,1
corpus/op5-neg-unused-formal-formation-3,base,Source:OP-5:InvalidPredicateCondition,1
corpus/op5-neg-unused-formal-formation-3,off,Source:OP-5:InvalidPredicateCondition,1
corpus/op5-neg-unused-formal-formation-3,a,Source:OP-5:InvalidPredicateCondition,1
corpus/op5-neg-unused-formal-formation-3,ap,Source:OP-5:InvalidPredicateCondition,1
corpus/op5-neg-unused-formal-formation-3,b,Source:OP-5:InvalidPredicateCondition,1
corpus/op5-neg-unused-formal-formation-3,rows,Source:OP-5:InvalidPredicateCondition,1
corpus/op5-neg-unused-formal-formation-3,b_rows,Source:OP-5:InvalidPredicateCondition,1
corpus/type5-neg-constructor-call-boundary-1,base,Source:TYPE-5:TypeMismatch,1
corpus/type5-neg-constructor-call-boundary-1,off,Source:TYPE-5:TypeMismatch,1
corpus/type5-neg-constructor-call-boundary-1,a,Source:TYPE-5:TypeMismatch,1
corpus/type5-neg-constructor-call-boundary-1,ap,Source:TYPE-5:TypeMismatch,1
corpus/type5-neg-constructor-call-boundary-1,b,Source:TYPE-5:TypeMismatch,1
corpus/type5-neg-constructor-call-boundary-1,rows,Source:TYPE-5:TypeMismatch,1
corpus/type5-neg-constructor-call-boundary-1,b_rows,Source:TYPE-5:TypeMismatch,1
corpus/type5-neg-constructor-call-boundary-2,base,Source:TYPE-5:TypeMismatch,1
corpus/type5-neg-constructor-call-boundary-2,off,Source:TYPE-5:TypeMismatch,1
corpus/type5-neg-constructor-call-boundary-2,a,Source:TYPE-5:TypeMismatch,1
corpus/type5-neg-constructor-call-boundary-2,ap,Source:TYPE-5:TypeMismatch,1
corpus/type5-neg-constructor-call-boundary-2,b,Source:TYPE-5:TypeMismatch,1
corpus/type5-neg-constructor-call-boundary-2,rows,Source:TYPE-5:TypeMismatch,1
corpus/type5-neg-constructor-call-boundary-2,b_rows,Source:TYPE-5:TypeMismatch,1
corpus/type5-neg-constructor-call-boundary-3,base,Source:TYPE-5:TypeMismatch,1
corpus/type5-neg-constructor-call-boundary-3,off,Source:TYPE-5:TypeMismatch,1
corpus/type5-neg-constructor-call-boundary-3,a,Source:TYPE-5:TypeMismatch,1
corpus/type5-neg-constructor-call-boundary-3,ap,Source:TYPE-5:TypeMismatch,1
corpus/type5-neg-constructor-call-boundary-3,b,Source:TYPE-5:TypeMismatch,1
corpus/type5-neg-constructor-call-boundary-3,rows,Source:TYPE-5:TypeMismatch,1
corpus/type5-neg-constructor-call-boundary-3,b_rows,Source:TYPE-5:TypeMismatch,1
corpus/gram8-neg-constructor-call-boundary-4,base,Source:GRAM-8:TypeMismatch,1
corpus/gram8-neg-constructor-call-boundary-4,off,Source:GRAM-8:TypeMismatch,1
corpus/gram8-neg-constructor-call-boundary-4,a,Source:GRAM-8:TypeMismatch,1
corpus/gram8-neg-constructor-call-boundary-4,ap,Source:GRAM-8:TypeMismatch,1
corpus/gram8-neg-constructor-call-boundary-4,b,Source:GRAM-8:TypeMismatch,1
corpus/gram8-neg-constructor-call-boundary-4,rows,Source:GRAM-8:TypeMismatch,1
corpus/gram8-neg-constructor-call-boundary-4,b_rows,Source:GRAM-8:TypeMismatch,1
corpus/gram8-neg-constructor-call-boundary-5,base,Source:GRAM-8:TypeMismatch,1
corpus/gram8-neg-constructor-call-boundary-5,off,Source:GRAM-8:TypeMismatch,1
corpus/gram8-neg-constructor-call-boundary-5,a,Source:GRAM-8:TypeMismatch,1
corpus/gram8-neg-constructor-call-boundary-5,ap,Source:GRAM-8:TypeMismatch,1
corpus/gram8-neg-constructor-call-boundary-5,b,Source:GRAM-8:TypeMismatch,1
corpus/gram8-neg-constructor-call-boundary-5,rows,Source:GRAM-8:TypeMismatch,1
corpus/gram8-neg-constructor-call-boundary-5,b_rows,Source:GRAM-8:TypeMismatch,1
corpus/type5-neg-constructor-call-boundary-6,base,Source:TYPE-5:TypeMismatch,1
corpus/type5-neg-constructor-call-boundary-6,off,Source:TYPE-5:TypeMismatch,1
corpus/type5-neg-constructor-call-boundary-6,a,Source:TYPE-5:TypeMismatch,1
corpus/type5-neg-constructor-call-boundary-6,ap,Source:TYPE-5:TypeMismatch,1
corpus/type5-neg-constructor-call-boundary-6,b,Source:TYPE-5:TypeMismatch,1
corpus/type5-neg-constructor-call-boundary-6,rows,Source:TYPE-5:TypeMismatch,1
corpus/type5-neg-constructor-call-boundary-6,b_rows,Source:TYPE-5:TypeMismatch,1
corpus/type5-neg-constructor-call-boundary-7,base,Source:TYPE-5:TypeMismatch,1
corpus/type5-neg-constructor-call-boundary-7,off,Source:TYPE-5:TypeMismatch,1
corpus/type5-neg-constructor-call-boundary-7,a,Source:TYPE-5:TypeMismatch,1
corpus/type5-neg-constructor-call-boundary-7,ap,Source:TYPE-5:TypeMismatch,1
corpus/type5-neg-constructor-call-boundary-7,b,Source:TYPE-5:TypeMismatch,1
corpus/type5-neg-constructor-call-boundary-7,rows,Source:TYPE-5:TypeMismatch,1
corpus/type5-neg-constructor-call-boundary-7,b_rows,Source:TYPE-5:TypeMismatch,1
corpus/fn4-neg-formal-region-position,base,Source:FN-4:BehaviorArgumentMismatch,1
corpus/fn4-neg-formal-region-position,off,Source:FN-4:BehaviorArgumentMismatch,1
corpus/fn4-neg-formal-region-position,a,Source:FN-4:BehaviorArgumentMismatch,1
corpus/fn4-neg-formal-region-position,ap,Source:FN-4:BehaviorArgumentMismatch,1
corpus/fn4-neg-formal-region-position,b,Source:FN-4:BehaviorArgumentMismatch,1
corpus/fn4-neg-formal-region-position,rows,Source:FN-4:BehaviorArgumentMismatch,1
corpus/fn4-neg-formal-region-position,b_rows,Source:FN-4:BehaviorArgumentMismatch,1
corpus/eff2-pos-formal-row-through-instance-1,base,accepted,0
corpus/eff2-pos-formal-row-through-instance-1,off,accepted,0
corpus/eff2-pos-formal-row-through-instance-1,a,accepted,0
corpus/eff2-pos-formal-row-through-instance-1,ap,accepted,0
corpus/eff2-pos-formal-row-through-instance-1,b,accepted,0
corpus/eff2-pos-formal-row-through-instance-1,rows,accepted,0
corpus/eff2-pos-formal-row-through-instance-1,b_rows,accepted,0
corpus/eff2-neg-formal-row-through-instance-2,base,Source:EFF-2:EffectMismatch,1
corpus/eff2-neg-formal-row-through-instance-2,off,Source:EFF-2:EffectMismatch,1
corpus/eff2-neg-formal-row-through-instance-2,a,Source:EFF-2:EffectMismatch,1
corpus/eff2-neg-formal-row-through-instance-2,ap,Source:EFF-2:EffectMismatch,1
corpus/eff2-neg-formal-row-through-instance-2,b,Source:EFF-2:EffectMismatch,1
corpus/eff2-neg-formal-row-through-instance-2,rows,Source:EFF-2:EffectMismatch,1
corpus/eff2-neg-formal-row-through-instance-2,b_rows,Source:EFF-2:EffectMismatch,1
corpus/eff2-neg-borrowed-column-write-effect,base,Source:EFF-2:EffectMismatch,1
corpus/eff2-neg-borrowed-column-write-effect,off,Source:EFF-2:EffectMismatch,1
corpus/eff2-neg-borrowed-column-write-effect,a,Source:EFF-2:EffectMismatch,1
corpus/eff2-neg-borrowed-column-write-effect,ap,Source:EFF-2:EffectMismatch,1
corpus/eff2-neg-borrowed-column-write-effect,b,Source:EFF-2:EffectMismatch,1
corpus/eff2-neg-borrowed-column-write-effect,rows,Source:EFF-2:EffectMismatch,1
corpus/eff2-neg-borrowed-column-write-effect,b_rows,Source:EFF-2:EffectMismatch,1
corpus/fn2-neg-trailing-type-argument,base,Source:FN-2:TypeMismatch,1
corpus/fn2-neg-trailing-type-argument,off,Source:FN-2:TypeMismatch,1
corpus/fn2-neg-trailing-type-argument,a,Source:FN-2:TypeMismatch,1
corpus/fn2-neg-trailing-type-argument,ap,Source:FN-2:TypeMismatch,1
corpus/fn2-neg-trailing-type-argument,b,Source:FN-2:TypeMismatch,1
corpus/fn2-neg-trailing-type-argument,rows,Source:FN-2:TypeMismatch,1
corpus/fn2-neg-trailing-type-argument,b_rows,Source:FN-2:TypeMismatch,1
corpus/op2-neg-unproved-signed-variable-division,base,Source:OP-2:UndischargedIntegerDomainObligation,1
corpus/op2-neg-unproved-signed-variable-division,off,Source:OP-2:UndischargedIntegerDomainObligation,1
corpus/op2-neg-unproved-signed-variable-division,a,Source:OP-2:UndischargedIntegerDomainObligation,1
corpus/op2-neg-unproved-signed-variable-division,ap,Source:OP-2:UndischargedIntegerDomainObligation,1
corpus/op2-neg-unproved-signed-variable-division,b,Source:OP-2:UndischargedIntegerDomainObligation,1
corpus/op2-neg-unproved-signed-variable-division,rows,Source:OP-2:UndischargedIntegerDomainObligation,1
corpus/op2-neg-unproved-signed-variable-division,b_rows,Source:OP-2:UndischargedIntegerDomainObligation,1
corpus/eff5-neg-bystander-invalidated-by-call,base,Source:REF-2:InvalidReferenceUse,1
corpus/eff5-neg-bystander-invalidated-by-call,off,Source:REF-2:InvalidReferenceUse,1
corpus/eff5-neg-bystander-invalidated-by-call,a,Source:REF-2:InvalidReferenceUse,1
corpus/eff5-neg-bystander-invalidated-by-call,ap,Source:REF-2:InvalidReferenceUse,1
corpus/eff5-neg-bystander-invalidated-by-call,b,Source:REF-2:InvalidReferenceUse,1
corpus/eff5-neg-bystander-invalidated-by-call,rows,Source:REF-2:InvalidReferenceUse,1
corpus/eff5-neg-bystander-invalidated-by-call,b_rows,Source:REF-2:InvalidReferenceUse,1
corpus/eff5-neg-overlapping-substituted-write,base,Source:EFF-5:OverlappingCallEffects,1
corpus/eff5-neg-overlapping-substituted-write,off,Source:EFF-5:OverlappingCallEffects,1
corpus/eff5-neg-overlapping-substituted-write,a,Source:EFF-5:OverlappingCallEffects,1
corpus/eff5-neg-overlapping-substituted-write,ap,Source:EFF-5:OverlappingCallEffects,1
corpus/eff5-neg-overlapping-substituted-write,b,Source:EFF-5:OverlappingCallEffects,1
corpus/eff5-neg-overlapping-substituted-write,rows,Source:EFF-5:OverlappingCallEffects,1
corpus/eff5-neg-overlapping-substituted-write,b_rows,Source:EFF-5:OverlappingCallEffects,1
corpus/eff5-neg-partial-owner-move-overlaps-zero-trip-read,base,Source:EFF-5:OverlappingCallEffects,1
corpus/eff5-neg-partial-owner-move-overlaps-zero-trip-read,off,Source:EFF-5:OverlappingCallEffects,1
corpus/eff5-neg-partial-owner-move-overlaps-zero-trip-read,a,Source:EFF-5:OverlappingCallEffects,1
corpus/eff5-neg-partial-owner-move-overlaps-zero-trip-read,ap,Source:EFF-5:OverlappingCallEffects,1
corpus/eff5-neg-partial-owner-move-overlaps-zero-trip-read,b,Source:EFF-5:OverlappingCallEffects,1
corpus/eff5-neg-partial-owner-move-overlaps-zero-trip-read,rows,Source:EFF-5:OverlappingCallEffects,1
corpus/eff5-neg-partial-owner-move-overlaps-zero-trip-read,b_rows,Source:EFF-5:OverlappingCallEffects,1
corpus/eff5-pos-partial-owner-move-separate-from-zero-trip-read,base,accepted,0
corpus/eff5-pos-partial-owner-move-separate-from-zero-trip-read,off,accepted,0
corpus/eff5-pos-partial-owner-move-separate-from-zero-trip-read,a,accepted,0
corpus/eff5-pos-partial-owner-move-separate-from-zero-trip-read,ap,accepted,0
corpus/eff5-pos-partial-owner-move-separate-from-zero-trip-read,b,accepted,0
corpus/eff5-pos-partial-owner-move-separate-from-zero-trip-read,rows,accepted,0
corpus/eff5-pos-partial-owner-move-separate-from-zero-trip-read,b_rows,accepted,0
corpus/eff5-pos-index-endpoint-substitution,base,accepted,0
corpus/eff5-pos-index-endpoint-substitution,off,accepted,0
corpus/eff5-pos-index-endpoint-substitution,a,accepted,0
corpus/eff5-pos-index-endpoint-substitution,ap,accepted,0
corpus/eff5-pos-index-endpoint-substitution,b,accepted,0
corpus/eff5-pos-index-endpoint-substitution,rows,accepted,0
corpus/eff5-pos-index-endpoint-substitution,b_rows,accepted,0
corpus/eff5-pos-substituted-paths-disjoint,base,accepted,0
corpus/eff5-pos-substituted-paths-disjoint,off,accepted,0
corpus/eff5-pos-substituted-paths-disjoint,a,accepted,0
corpus/eff5-pos-substituted-paths-disjoint,ap,accepted,0
corpus/eff5-pos-substituted-paths-disjoint,b,accepted,0
corpus/eff5-pos-substituted-paths-disjoint,rows,accepted,0
corpus/eff5-pos-substituted-paths-disjoint,b_rows,accepted,0
corpus/eff5-pos-one-argument-covering-read,base,accepted,0
corpus/eff5-pos-one-argument-covering-read,off,accepted,0
corpus/eff5-pos-one-argument-covering-read,a,accepted,0
corpus/eff5-pos-one-argument-covering-read,ap,accepted,0
corpus/eff5-pos-one-argument-covering-read,b,accepted,0
corpus/eff5-pos-one-argument-covering-read,rows,accepted,0
corpus/eff5-pos-one-argument-covering-read,b_rows,accepted,0
corpus/eff5-pos-one-argument-bystander-values,base,accepted,0
corpus/eff5-pos-one-argument-bystander-values,off,accepted,0
corpus/eff5-pos-one-argument-bystander-values,a,accepted,0
corpus/eff5-pos-one-argument-bystander-values,ap,accepted,0
corpus/eff5-pos-one-argument-bystander-values,b,accepted,0
corpus/eff5-pos-one-argument-bystander-values,rows,accepted,0
corpus/eff5-pos-one-argument-bystander-values,b_rows,accepted,0
corpus/eff5-neg-one-argument-index-positions,base,Source:EFF-5:OverlappingCallEffects,1
corpus/eff5-neg-one-argument-index-positions,off,Source:EFF-5:OverlappingCallEffects,1
corpus/eff5-neg-one-argument-index-positions,a,Source:EFF-5:OverlappingCallEffects,1
corpus/eff5-neg-one-argument-index-positions,ap,Source:EFF-5:OverlappingCallEffects,1
corpus/eff5-neg-one-argument-index-positions,b,Source:EFF-5:OverlappingCallEffects,1
corpus/eff5-neg-one-argument-index-positions,rows,Source:EFF-5:OverlappingCallEffects,1
corpus/eff5-neg-one-argument-index-positions,b_rows,Source:EFF-5:OverlappingCallEffects,1
corpus/eff5-neg-covered-field-second-argument,base,Source:EFF-5:OverlappingCallEffects,1
corpus/eff5-neg-covered-field-second-argument,off,Source:EFF-5:OverlappingCallEffects,1
corpus/eff5-neg-covered-field-second-argument,a,Source:EFF-5:OverlappingCallEffects,1
corpus/eff5-neg-covered-field-second-argument,ap,Source:EFF-5:OverlappingCallEffects,1
corpus/eff5-neg-covered-field-second-argument,b,Source:EFF-5:OverlappingCallEffects,1
corpus/eff5-neg-covered-field-second-argument,rows,Source:EFF-5:OverlappingCallEffects,1
corpus/eff5-neg-covered-field-second-argument,b_rows,Source:EFF-5:OverlappingCallEffects,1
corpus/op10-neg-place-back-full-window,base,Source:FN-8:UndischargedCallRequirement,1
corpus/op10-neg-place-back-full-window,off,Source:FN-8:UndischargedCallRequirement,1
corpus/op10-neg-place-back-full-window,a,Source:FN-8:UndischargedCallRequirement,1
corpus/op10-neg-place-back-full-window,ap,Source:FN-8:UndischargedCallRequirement,1
corpus/op10-neg-place-back-full-window,b,Source:FN-8:UndischargedCallRequirement,1
corpus/op10-neg-place-back-full-window,rows,Source:FN-8:UndischargedCallRequirement,1
corpus/op10-neg-place-back-full-window,b_rows,Source:FN-8:UndischargedCallRequirement,1
corpus/op10-pos-front-operations-on-ring,base,accepted,0
corpus/op10-pos-front-operations-on-ring,off,accepted,0
corpus/op10-pos-front-operations-on-ring,a,accepted,0
corpus/op10-pos-front-operations-on-ring,ap,accepted,0
corpus/op10-pos-front-operations-on-ring,b,accepted,0
corpus/op10-pos-front-operations-on-ring,rows,accepted,0
corpus/op10-pos-front-operations-on-ring,b_rows,accepted,0
corpus/op10-pos-insert-remove-append-split,base,accepted,0
corpus/op10-pos-insert-remove-append-split,off,accepted,0
corpus/op10-pos-insert-remove-append-split,a,accepted,0
corpus/op10-pos-insert-remove-append-split,ap,accepted,0
corpus/op10-pos-insert-remove-append-split,b,accepted,0
corpus/op10-pos-insert-remove-append-split,rows,accepted,0
corpus/op10-pos-insert-remove-append-split,b_rows,accepted,0
corpus/op10-pos-place-back-take-back,base,accepted,0
corpus/op10-pos-place-back-take-back,off,accepted,0
corpus/op10-pos-place-back-take-back,a,accepted,0
corpus/op10-pos-place-back-take-back,ap,accepted,0
corpus/op10-pos-place-back-take-back,b,accepted,0
corpus/op10-pos-place-back-take-back,rows,accepted,0
corpus/op10-pos-place-back-take-back,b_rows,accepted,0
corpus/op11-neg-swap-copy-place,base,Source:OP-11:SwapOverCopyPlace,1
corpus/op11-neg-swap-copy-place,off,Source:OP-11:SwapOverCopyPlace,1
corpus/op11-neg-swap-copy-place,a,Source:OP-11:SwapOverCopyPlace,1
corpus/op11-neg-swap-copy-place,ap,Source:OP-11:SwapOverCopyPlace,1
corpus/op11-neg-swap-copy-place,b,Source:OP-11:SwapOverCopyPlace,1
corpus/op11-neg-swap-copy-place,rows,Source:OP-11:SwapOverCopyPlace,1
corpus/op11-neg-swap-copy-place,b_rows,Source:OP-11:SwapOverCopyPlace,1
corpus/op11-pos-swap-exchanges-values,base,accepted,0
corpus/op11-pos-swap-exchanges-values,off,accepted,0
corpus/op11-pos-swap-exchanges-values,a,accepted,0
corpus/op11-pos-swap-exchanges-values,ap,accepted,0
corpus/op11-pos-swap-exchanges-values,b,accepted,0
corpus/op11-pos-swap-exchanges-values,rows,accepted,0
corpus/op11-pos-swap-exchanges-values,b_rows,accepted,0
corpus/op11-pos-swap-same-place-admission,base,accepted,0
corpus/op11-pos-swap-same-place-admission,off,accepted,0
corpus/op11-pos-swap-same-place-admission,a,accepted,0
corpus/op11-pos-swap-same-place-admission,ap,accepted,0
corpus/op11-pos-swap-same-place-admission,b,accepted,0
corpus/op11-pos-swap-same-place-admission,rows,accepted,0
corpus/op11-pos-swap-same-place-admission,b_rows,accepted,0
corpus/op12-neg-callee-writes-target-prefix,base,Source:OP-12:AtomicUpdateReachesTargetPrefix,1
corpus/op12-neg-callee-writes-target-prefix,off,Source:OP-12:AtomicUpdateReachesTargetPrefix,1
corpus/op12-neg-callee-writes-target-prefix,a,Source:OP-12:AtomicUpdateReachesTargetPrefix,1
corpus/op12-neg-callee-writes-target-prefix,ap,Source:OP-12:AtomicUpdateReachesTargetPrefix,1
corpus/op12-neg-callee-writes-target-prefix,b,Source:OP-12:AtomicUpdateReachesTargetPrefix,1
corpus/op12-neg-callee-writes-target-prefix,rows,Source:OP-12:AtomicUpdateReachesTargetPrefix,1
corpus/op12-neg-callee-writes-target-prefix,b_rows,Source:OP-12:AtomicUpdateReachesTargetPrefix,1
corpus/op12-pos-atomic-in-place-update,base,accepted,0
corpus/op12-pos-atomic-in-place-update,off,accepted,0
corpus/op12-pos-atomic-in-place-update,a,accepted,0
corpus/op12-pos-atomic-in-place-update,ap,accepted,0
corpus/op12-pos-atomic-in-place-update,b,accepted,0
corpus/op12-pos-atomic-in-place-update,rows,accepted,0
corpus/op12-pos-atomic-in-place-update,b_rows,accepted,0
corpus/op13-neg-runtime-capacity-size-obligation,base,Source:OP-9:UndischargedAllocationFitObligation,1
corpus/op13-neg-runtime-capacity-size-obligation,off,Source:OP-9:UndischargedAllocationFitObligation,1
corpus/op13-neg-runtime-capacity-size-obligation,a,Source:OP-9:UndischargedAllocationFitObligation,1
corpus/op13-neg-runtime-capacity-size-obligation,ap,Source:OP-9:UndischargedAllocationFitObligation,1
corpus/op13-neg-runtime-capacity-size-obligation,b,Source:OP-9:UndischargedAllocationFitObligation,1
corpus/op13-neg-runtime-capacity-size-obligation,rows,Source:OP-9:UndischargedAllocationFitObligation,1
corpus/op13-neg-runtime-capacity-size-obligation,b_rows,Source:OP-9:UndischargedAllocationFitObligation,1
corpus/op13-pos-construction-functions,base,accepted,0
corpus/op13-pos-construction-functions,off,accepted,0
corpus/op13-pos-construction-functions,a,accepted,0
corpus/op13-pos-construction-functions,ap,accepted,0
corpus/op13-pos-construction-functions,b,accepted,0
corpus/op13-pos-construction-functions,rows,accepted,0
corpus/op13-pos-construction-functions,b_rows,accepted,0
corpus/op13-pos-slots-from-and-into-array,base,accepted,0
corpus/op13-pos-slots-from-and-into-array,off,accepted,0
corpus/op13-pos-slots-from-and-into-array,a,accepted,0
corpus/op13-pos-slots-from-and-into-array,ap,accepted,0
corpus/op13-pos-slots-from-and-into-array,b,accepted,0
corpus/op13-pos-slots-from-and-into-array,rows,accepted,0
corpus/op13-pos-slots-from-and-into-array,b_rows,accepted,0
corpus/op14-neg-free-empty-nonempty-window,base,Source:OP-14:UndischargedEmptyRunRelease,1
corpus/op14-neg-free-empty-nonempty-window,off,Source:OP-14:UndischargedEmptyRunRelease,1
corpus/op14-neg-free-empty-nonempty-window,a,Source:OP-14:UndischargedEmptyRunRelease,1
corpus/op14-neg-free-empty-nonempty-window,ap,Source:OP-14:UndischargedEmptyRunRelease,1
corpus/op14-neg-free-empty-nonempty-window,b,Source:OP-14:UndischargedEmptyRunRelease,1
corpus/op14-neg-free-empty-nonempty-window,rows,Source:OP-14:UndischargedEmptyRunRelease,1
corpus/op14-neg-free-empty-nonempty-window,b_rows,Source:OP-14:UndischargedEmptyRunRelease,1
corpus/op14-pos-free-empty-boxed-window,base,accepted,0
corpus/op14-pos-free-empty-boxed-window,off,accepted,0
corpus/op14-pos-free-empty-boxed-window,a,accepted,0
corpus/op14-pos-free-empty-boxed-window,ap,accepted,0
corpus/op14-pos-free-empty-boxed-window,b,accepted,0
corpus/op14-pos-free-empty-boxed-window,rows,accepted,0
corpus/op14-pos-free-empty-boxed-window,b_rows,accepted,0
corpus/op14-pos-free-empty-empty-window,base,accepted,0
corpus/op14-pos-free-empty-empty-window,off,accepted,0
corpus/op14-pos-free-empty-empty-window,a,accepted,0
corpus/op14-pos-free-empty-empty-window,ap,accepted,0
corpus/op14-pos-free-empty-empty-window,b,accepted,0
corpus/op14-pos-free-empty-empty-window,rows,accepted,0
corpus/op14-pos-free-empty-empty-window,b_rows,accepted,0
corpus/op15-neg-measure-type-is-u64,base,Source:TYPE-5:TypeMismatch,1
corpus/op15-neg-measure-type-is-u64,off,Source:TYPE-5:TypeMismatch,1
corpus/op15-neg-measure-type-is-u64,a,Source:TYPE-5:TypeMismatch,1
corpus/op15-neg-measure-type-is-u64,ap,Source:TYPE-5:TypeMismatch,1
corpus/op15-neg-measure-type-is-u64,b,Source:TYPE-5:TypeMismatch,1
corpus/op15-neg-measure-type-is-u64,rows,Source:TYPE-5:TypeMismatch,1
corpus/op15-neg-measure-type-is-u64,b_rows,Source:TYPE-5:TypeMismatch,1
corpus/op15-pos-measure-read-is-a-place,base,accepted,0
corpus/op15-pos-measure-read-is-a-place,off,accepted,0
corpus/op15-pos-measure-read-is-a-place,a,accepted,0
corpus/op15-pos-measure-read-is-a-place,ap,accepted,0
corpus/op15-pos-measure-read-is-a-place,b,accepted,0
corpus/op15-pos-measure-read-is-a-place,rows,accepted,0
corpus/op15-pos-measure-read-is-a-place,b_rows,accepted,0
corpus/ref1-neg-reference-to-reference-variable,base,Source:REF-1:ReferenceToReferenceVariable,1
corpus/ref1-neg-reference-to-reference-variable,off,Source:REF-1:ReferenceToReferenceVariable,1
corpus/ref1-neg-reference-to-reference-variable,a,Source:REF-1:ReferenceToReferenceVariable,1
corpus/ref1-neg-reference-to-reference-variable,ap,Source:REF-1:ReferenceToReferenceVariable,1
corpus/ref1-neg-reference-to-reference-variable,b,Source:REF-1:ReferenceToReferenceVariable,1
corpus/ref1-neg-reference-to-reference-variable,rows,Source:REF-1:ReferenceToReferenceVariable,1
corpus/ref1-neg-reference-to-reference-variable,b_rows,Source:REF-1:ReferenceToReferenceVariable,1
corpus/ref1-pos-index-captured-at-formation,base,accepted,0
corpus/ref1-pos-index-captured-at-formation,off,accepted,0
corpus/ref1-pos-index-captured-at-formation,a,accepted,0
corpus/ref1-pos-index-captured-at-formation,ap,accepted,0
corpus/ref1-pos-index-captured-at-formation,b,accepted,0
corpus/ref1-pos-index-captured-at-formation,rows,accepted,0
corpus/ref1-pos-index-captured-at-formation,b_rows,accepted,0
corpus/ref1-pos-join-path-set,base,accepted,0
corpus/ref1-pos-join-path-set,off,accepted,0
corpus/ref1-pos-join-path-set,a,accepted,0
corpus/ref1-pos-join-path-set,ap,accepted,0
corpus/ref1-pos-join-path-set,b,accepted,0
corpus/ref1-pos-join-path-set,rows,accepted,0
corpus/ref1-pos-join-path-set,b_rows,accepted,0
corpus/ref2-neg-use-after-move,base,Source:REF-2:InvalidReferenceUse,1
corpus/ref2-neg-use-after-move,off,Source:REF-2:InvalidReferenceUse,1
corpus/ref2-neg-use-after-move,a,Source:REF-2:InvalidReferenceUse,1
corpus/ref2-neg-use-after-move,ap,Source:REF-2:InvalidReferenceUse,1
corpus/ref2-neg-use-after-move,b,Source:REF-2:InvalidReferenceUse,1
corpus/ref2-neg-use-after-move,rows,Source:REF-2:InvalidReferenceUse,1
corpus/ref2-neg-use-after-move,b_rows,Source:REF-2:InvalidReferenceUse,1
corpus/ref2-neg-use-after-prefix-write,base,Source:REF-2:InvalidReferenceUse,1
corpus/ref2-neg-use-after-prefix-write,off,Source:REF-2:InvalidReferenceUse,1
corpus/ref2-neg-use-after-prefix-write,a,Source:REF-2:InvalidReferenceUse,1
corpus/ref2-neg-use-after-prefix-write,ap,Source:REF-2:InvalidReferenceUse,1
corpus/ref2-neg-use-after-prefix-write,b,Source:REF-2:InvalidReferenceUse,1
corpus/ref2-neg-use-after-prefix-write,rows,Source:REF-2:InvalidReferenceUse,1
corpus/ref2-neg-use-after-prefix-write,b_rows,Source:REF-2:InvalidReferenceUse,1
corpus/ref2-pos-content-write-keeps-validity,base,accepted,0
corpus/ref2-pos-content-write-keeps-validity,off,accepted,0
corpus/ref2-pos-content-write-keeps-validity,a,accepted,0
corpus/ref2-pos-content-write-keeps-validity,ap,accepted,0
corpus/ref2-pos-content-write-keeps-validity,b,accepted,0
corpus/ref2-pos-content-write-keeps-validity,rows,accepted,0
corpus/ref2-pos-content-write-keeps-validity,b_rows,accepted,0
corpus/ref3-neg-returned-reference,base,Source:REF-3:EscapingReference,1
corpus/ref3-neg-returned-reference,off,Source:REF-3:EscapingReference,1
corpus/ref3-neg-returned-reference,a,Source:REF-3:EscapingReference,1
corpus/ref3-neg-returned-reference,ap,Source:REF-3:EscapingReference,1
corpus/ref3-neg-returned-reference,b,Source:REF-3:EscapingReference,1
corpus/ref3-neg-returned-reference,rows,Source:REF-3:EscapingReference,1
corpus/ref3-neg-returned-reference,b_rows,Source:REF-3:EscapingReference,1
corpus/ref3-pos-index-result,base,accepted,0
corpus/ref3-pos-index-result,off,accepted,0
corpus/ref3-pos-index-result,a,accepted,0
corpus/ref3-pos-index-result,ap,accepted,0
corpus/ref3-pos-index-result,b,accepted,0
corpus/ref3-pos-index-result,rows,accepted,0
corpus/ref3-pos-index-result,b_rows,accepted,0
corpus/ref4-neg-range-over-ring,base,Source:REF-4:RangeOverRing,1
corpus/ref4-neg-range-over-ring,off,Source:REF-4:RangeOverRing,1
corpus/ref4-neg-range-over-ring,a,Source:REF-4:RangeOverRing,1
corpus/ref4-neg-range-over-ring,ap,Source:REF-4:RangeOverRing,1
corpus/ref4-neg-range-over-ring,b,Source:REF-4:RangeOverRing,1
corpus/ref4-neg-range-over-ring,rows,Source:REF-4:RangeOverRing,1
corpus/ref4-neg-range-over-ring,b_rows,Source:REF-4:RangeOverRing,1
corpus/ref4-pos-range-reference-and-reslice,base,accepted,0
corpus/ref4-pos-range-reference-and-reslice,off,accepted,0
corpus/ref4-pos-range-reference-and-reslice,a,accepted,0
corpus/ref4-pos-range-reference-and-reslice,ap,accepted,0
corpus/ref4-pos-range-reference-and-reslice,b,accepted,0
corpus/ref4-pos-range-reference-and-reslice,rows,accepted,0
corpus/ref4-pos-range-reference-and-reslice,b_rows,accepted,0
corpus/stor7-pos-relocation-by-copying-bytes,base,accepted,0
corpus/stor7-pos-relocation-by-copying-bytes,off,accepted,0
corpus/stor7-pos-relocation-by-copying-bytes,a,accepted,0
corpus/stor7-pos-relocation-by-copying-bytes,ap,accepted,0
corpus/stor7-pos-relocation-by-copying-bytes,b,accepted,0
corpus/stor7-pos-relocation-by-copying-bytes,rows,accepted,0
corpus/stor7-pos-relocation-by-copying-bytes,b_rows,accepted,0
corpus/stor8-neg-no-heap-calls-allocating-row,base,Source:STOR-8:HeapTypeUnderNoHeap,1
corpus/stor8-neg-no-heap-calls-allocating-row,off,Source:STOR-8:HeapTypeUnderNoHeap,1
corpus/stor8-neg-no-heap-calls-allocating-row,a,Source:STOR-8:HeapTypeUnderNoHeap,1
corpus/stor8-neg-no-heap-calls-allocating-row,ap,Source:STOR-8:HeapTypeUnderNoHeap,1
corpus/stor8-neg-no-heap-calls-allocating-row,b,Source:STOR-8:HeapTypeUnderNoHeap,1
corpus/stor8-neg-no-heap-calls-allocating-row,rows,Source:STOR-8:HeapTypeUnderNoHeap,1
corpus/stor8-neg-no-heap-calls-allocating-row,b_rows,Source:STOR-8:HeapTypeUnderNoHeap,1
corpus/stor8-neg-no-heap-names-box,base,Source:STOR-8:HeapTypeUnderNoHeap,1
corpus/stor8-neg-no-heap-names-box,off,Source:STOR-8:HeapTypeUnderNoHeap,1
corpus/stor8-neg-no-heap-names-box,a,Source:STOR-8:HeapTypeUnderNoHeap,1
corpus/stor8-neg-no-heap-names-box,ap,Source:STOR-8:HeapTypeUnderNoHeap,1
corpus/stor8-neg-no-heap-names-box,b,Source:STOR-8:HeapTypeUnderNoHeap,1
corpus/stor8-neg-no-heap-names-box,rows,Source:STOR-8:HeapTypeUnderNoHeap,1
corpus/stor8-neg-no-heap-names-box,b_rows,Source:STOR-8:HeapTypeUnderNoHeap,1
corpus/stor8-pos-allocation-is-total,base,accepted,0
corpus/stor8-pos-allocation-is-total,off,accepted,0
corpus/stor8-pos-allocation-is-total,a,accepted,0
corpus/stor8-pos-allocation-is-total,ap,accepted,0
corpus/stor8-pos-allocation-is-total,b,accepted,0
corpus/stor8-pos-allocation-is-total,rows,accepted,0
corpus/stor8-pos-allocation-is-total,b_rows,accepted,0
corpus/stor8-pos-no-heap-program,base,accepted,0
corpus/stor8-pos-no-heap-program,off,accepted,0
corpus/stor8-pos-no-heap-program,a,accepted,0
corpus/stor8-pos-no-heap-program,ap,accepted,0
corpus/stor8-pos-no-heap-program,b,accepted,0
corpus/stor8-pos-no-heap-program,rows,accepted,0
corpus/stor8-pos-no-heap-program,b_rows,accepted,0
corpus/type2-neg-readonly-measure-write-target,base,Source:TYPE-2:ReadonlyWriteTarget,1
corpus/type2-neg-readonly-measure-write-target,off,Source:TYPE-2:ReadonlyWriteTarget,1
corpus/type2-neg-readonly-measure-write-target,a,Source:TYPE-2:ReadonlyWriteTarget,1
corpus/type2-neg-readonly-measure-write-target,ap,Source:TYPE-2:ReadonlyWriteTarget,1
corpus/type2-neg-readonly-measure-write-target,b,Source:TYPE-2:ReadonlyWriteTarget,1
corpus/type2-neg-readonly-measure-write-target,rows,Source:TYPE-2:ReadonlyWriteTarget,1
corpus/type2-neg-readonly-measure-write-target,b_rows,Source:TYPE-2:ReadonlyWriteTarget,1
corpus/type10-pos-member-spellings-reserve-nothing,base,accepted,0
corpus/type10-pos-member-spellings-reserve-nothing,off,accepted,0
corpus/type10-pos-member-spellings-reserve-nothing,a,accepted,0
corpus/type10-pos-member-spellings-reserve-nothing,ap,accepted,0
corpus/type10-pos-member-spellings-reserve-nothing,b,accepted,0
corpus/type10-pos-member-spellings-reserve-nothing,rows,accepted,0
corpus/type10-pos-member-spellings-reserve-nothing,b_rows,accepted,0
corpus/type10-pos-member-spellings-in-contract-clauses,base,accepted,0
corpus/type10-pos-member-spellings-in-contract-clauses,off,accepted,0
corpus/type10-pos-member-spellings-in-contract-clauses,a,accepted,0
corpus/type10-pos-member-spellings-in-contract-clauses,ap,accepted,0
corpus/type10-pos-member-spellings-in-contract-clauses,b,accepted,0
corpus/type10-pos-member-spellings-in-contract-clauses,rows,accepted,0
corpus/type10-pos-member-spellings-in-contract-clauses,b_rows,accepted,0
corpus/type10-pos-measures-are-read-only,base,accepted,0
corpus/type10-pos-measures-are-read-only,off,accepted,0
corpus/type10-pos-measures-are-read-only,a,accepted,0
corpus/type10-pos-measures-are-read-only,ap,accepted,0
corpus/type10-pos-measures-are-read-only,b,accepted,0
corpus/type10-pos-measures-are-read-only,rows,accepted,0
corpus/type10-pos-measures-are-read-only,b_rows,accepted,0
corpus/type8-pos-reference-kinds-in-parameter-position,base,accepted,0
corpus/type8-pos-reference-kinds-in-parameter-position,off,accepted,0
corpus/type8-pos-reference-kinds-in-parameter-position,a,accepted,0
corpus/type8-pos-reference-kinds-in-parameter-position,ap,accepted,0
corpus/type8-pos-reference-kinds-in-parameter-position,b,accepted,0
corpus/type8-pos-reference-kinds-in-parameter-position,rows,accepted,0
corpus/type8-pos-reference-kinds-in-parameter-position,b_rows,accepted,0
corpus/type2-neg-storage-shape-constructor-call,base,Source:TYPE-2:ContainerConstruction,1
corpus/type2-neg-storage-shape-constructor-call,off,Source:TYPE-2:ContainerConstruction,1
corpus/type2-neg-storage-shape-constructor-call,a,Source:TYPE-2:ContainerConstruction,1
corpus/type2-neg-storage-shape-constructor-call,ap,Source:TYPE-2:ContainerConstruction,1
corpus/type2-neg-storage-shape-constructor-call,b,Source:TYPE-2:ContainerConstruction,1
corpus/type2-neg-storage-shape-constructor-call,rows,Source:TYPE-2:ContainerConstruction,1
corpus/type2-neg-storage-shape-constructor-call,b_rows,Source:TYPE-2:ContainerConstruction,1
corpus/type9-neg-runtime-capacity-outside-box,base,Source:TYPE-9:TypeMismatch,1
corpus/type9-neg-runtime-capacity-outside-box,off,Source:TYPE-9:TypeMismatch,1
corpus/type9-neg-runtime-capacity-outside-box,a,Source:TYPE-9:TypeMismatch,1
corpus/type9-neg-runtime-capacity-outside-box,ap,Source:TYPE-9:TypeMismatch,1
corpus/type9-neg-runtime-capacity-outside-box,b,Source:TYPE-9:TypeMismatch,1
corpus/type9-neg-runtime-capacity-outside-box,rows,Source:TYPE-9:TypeMismatch,1
corpus/type9-neg-runtime-capacity-outside-box,b_rows,Source:TYPE-9:TypeMismatch,1
corpus/type9-pos-constant-and-runtime-capacity-placement,base,accepted,0
corpus/type9-pos-constant-and-runtime-capacity-placement,off,accepted,0
corpus/type9-pos-constant-and-runtime-capacity-placement,a,accepted,0
corpus/type9-pos-constant-and-runtime-capacity-placement,ap,accepted,0
corpus/type9-pos-constant-and-runtime-capacity-placement,b,accepted,0
corpus/type9-pos-constant-and-runtime-capacity-placement,rows,accepted,0
corpus/type9-pos-constant-and-runtime-capacity-placement,b_rows,accepted,0
corpus/win1-neg-subscript-above-len,base,Source:OP-4:UndischargedBoundsObligation,1
corpus/win1-neg-subscript-above-len,off,Source:OP-4:UndischargedBoundsObligation,1
corpus/win1-neg-subscript-above-len,a,Source:OP-4:UndischargedBoundsObligation,1
corpus/win1-neg-subscript-above-len,ap,Source:OP-4:UndischargedBoundsObligation,1
corpus/win1-neg-subscript-above-len,b,Source:OP-4:UndischargedBoundsObligation,1
corpus/win1-neg-subscript-above-len,rows,Source:OP-4:UndischargedBoundsObligation,1
corpus/win1-neg-subscript-above-len,b_rows,Source:OP-4:UndischargedBoundsObligation,1
corpus/win1-pos-array-len-equals-cap,base,accepted,0
corpus/win1-pos-array-len-equals-cap,off,accepted,0
corpus/win1-pos-array-len-equals-cap,a,accepted,0
corpus/win1-pos-array-len-equals-cap,ap,accepted,0
corpus/win1-pos-array-len-equals-cap,b,accepted,0
corpus/win1-pos-array-len-equals-cap,rows,accepted,0
corpus/win1-pos-array-len-equals-cap,b_rows,accepted,0
corpus/win1-pos-window-is-len-slots,base,accepted,0
corpus/win1-pos-window-is-len-slots,off,accepted,0
corpus/win1-pos-window-is-len-slots,a,accepted,0
corpus/win1-pos-window-is-len-slots,ap,accepted,0
corpus/win1-pos-window-is-len-slots,b,accepted,0
corpus/win1-pos-window-is-len-slots,rows,accepted,0
corpus/win1-pos-window-is-len-slots,b_rows,accepted,0
corpus/win2-neg-window-part-write-target,base,Source:TYPE-10:ReservedPseudoField,1
corpus/win2-neg-window-part-write-target,off,Source:TYPE-10:ReservedPseudoField,1
corpus/win2-neg-window-part-write-target,a,Source:TYPE-10:ReservedPseudoField,1
corpus/win2-neg-window-part-write-target,ap,Source:TYPE-10:ReservedPseudoField,1
corpus/win2-neg-window-part-write-target,b,Source:TYPE-10:ReservedPseudoField,1
corpus/win2-neg-window-part-write-target,rows,Source:TYPE-10:ReservedPseudoField,1
corpus/win2-neg-window-part-write-target,b_rows,Source:TYPE-10:ReservedPseudoField,1
corpus/win2-pos-part-effect-row,base,accepted,0
corpus/win2-pos-part-effect-row,off,accepted,0
corpus/win2-pos-part-effect-row,a,accepted,0
corpus/win2-pos-part-effect-row,ap,accepted,0
corpus/win2-pos-part-effect-row,b,accepted,0
corpus/win2-pos-part-effect-row,rows,accepted,0
corpus/win2-pos-part-effect-row,b_rows,accepted,0
corpus/win3-neg-move-out-of-window-slot,base,Source:WIN-3:MoveOutOfSlot,1
corpus/win3-neg-move-out-of-window-slot,off,Source:WIN-3:MoveOutOfSlot,1
corpus/win3-neg-move-out-of-window-slot,a,Source:WIN-3:MoveOutOfSlot,1
corpus/win3-neg-move-out-of-window-slot,ap,Source:WIN-3:MoveOutOfSlot,1
corpus/win3-neg-move-out-of-window-slot,b,Source:WIN-3:MoveOutOfSlot,1
corpus/win3-neg-move-out-of-window-slot,rows,Source:WIN-3:MoveOutOfSlot,1
corpus/win3-neg-move-out-of-window-slot,b_rows,Source:WIN-3:MoveOutOfSlot,1
corpus/win3-neg-overwrite-linear-place,base,Source:WIN-3:LinearAssignmentTarget,1
corpus/win3-neg-overwrite-linear-place,off,Source:WIN-3:LinearAssignmentTarget,1
corpus/win3-neg-overwrite-linear-place,a,Source:WIN-3:LinearAssignmentTarget,1
corpus/win3-neg-overwrite-linear-place,ap,Source:WIN-3:LinearAssignmentTarget,1
corpus/win3-neg-overwrite-linear-place,b,Source:WIN-3:LinearAssignmentTarget,1
corpus/win3-neg-overwrite-linear-place,rows,Source:WIN-3:LinearAssignmentTarget,1
corpus/win3-neg-overwrite-linear-place,b_rows,Source:WIN-3:LinearAssignmentTarget,1
corpus/win3-pos-destructuring-consume,base,accepted,0
corpus/win3-pos-destructuring-consume,off,accepted,0
corpus/win3-pos-destructuring-consume,a,accepted,0
corpus/win3-pos-destructuring-consume,ap,accepted,0
corpus/win3-pos-destructuring-consume,b,accepted,0
corpus/win3-pos-destructuring-consume,rows,accepted,0
corpus/win3-pos-destructuring-consume,b_rows,accepted,0
corpus/win3-pos-overwrite-releases-affine,base,accepted,0
corpus/win3-pos-overwrite-releases-affine,off,accepted,0
corpus/win3-pos-overwrite-releases-affine,a,accepted,0
corpus/win3-pos-overwrite-releases-affine,ap,accepted,0
corpus/win3-pos-overwrite-releases-affine,b,accepted,0
corpus/win3-pos-overwrite-releases-affine,rows,accepted,0
corpus/win3-pos-overwrite-releases-affine,b_rows,accepted,0
corpus/type2-neg-box-constructor-call,base,Source:TYPE-2:ContainerConstruction,1
corpus/type2-neg-box-constructor-call,off,Source:TYPE-2:ContainerConstruction,1
corpus/type2-neg-box-constructor-call,a,Source:TYPE-2:ContainerConstruction,1
corpus/type2-neg-box-constructor-call,ap,Source:TYPE-2:ContainerConstruction,1
corpus/type2-neg-box-constructor-call,b,Source:TYPE-2:ContainerConstruction,1
corpus/type2-neg-box-constructor-call,rows,Source:TYPE-2:ContainerConstruction,1
corpus/type2-neg-box-constructor-call,b_rows,Source:TYPE-2:ContainerConstruction,1
corpus/type2-neg-box-destructuring-let,base,Source:TYPE-2:ContainerConstruction,1
corpus/type2-neg-box-destructuring-let,off,Source:TYPE-2:ContainerConstruction,1
corpus/type2-neg-box-destructuring-let,a,Source:TYPE-2:ContainerConstruction,1
corpus/type2-neg-box-destructuring-let,ap,Source:TYPE-2:ContainerConstruction,1
corpus/type2-neg-box-destructuring-let,b,Source:TYPE-2:ContainerConstruction,1
corpus/type2-neg-box-destructuring-let,rows,Source:TYPE-2:ContainerConstruction,1
corpus/type2-neg-box-destructuring-let,b_rows,Source:TYPE-2:ContainerConstruction,1
corpus/type2-pos-opaque-struct-declarations,base,accepted,0
corpus/type2-pos-opaque-struct-declarations,off,accepted,0
corpus/type2-pos-opaque-struct-declarations,a,accepted,0
corpus/type2-pos-opaque-struct-declarations,ap,accepted,0
corpus/type2-pos-opaque-struct-declarations,b,accepted,0
corpus/type2-pos-opaque-struct-declarations,rows,accepted,0
corpus/type2-pos-opaque-struct-declarations,b_rows,accepted,0
corpus/type2-neg-opaque-struct-constructor-call,base,Source:TYPE-2:ContainerConstruction,1
corpus/type2-neg-opaque-struct-constructor-call,off,Source:TYPE-2:ContainerConstruction,1
corpus/type2-neg-opaque-struct-constructor-call,a,Source:TYPE-2:ContainerConstruction,1
corpus/type2-neg-opaque-struct-constructor-call,ap,Source:TYPE-2:ContainerConstruction,1
corpus/type2-neg-opaque-struct-constructor-call,b,Source:TYPE-2:ContainerConstruction,1
corpus/type2-neg-opaque-struct-constructor-call,rows,Source:TYPE-2:ContainerConstruction,1
corpus/type2-neg-opaque-struct-constructor-call,b_rows,Source:TYPE-2:ContainerConstruction,1
corpus/gram2-neg-struct-modifier-order,base,Source:GRAM-2:UnexpectedToken,1
corpus/gram2-neg-struct-modifier-order,off,Source:GRAM-2:UnexpectedToken,1
corpus/gram2-neg-struct-modifier-order,a,Source:GRAM-2:UnexpectedToken,1
corpus/gram2-neg-struct-modifier-order,ap,Source:GRAM-2:UnexpectedToken,1
corpus/gram2-neg-struct-modifier-order,b,Source:GRAM-2:UnexpectedToken,1
corpus/gram2-neg-struct-modifier-order,rows,Source:GRAM-2:UnexpectedToken,1
corpus/gram2-neg-struct-modifier-order,b_rows,Source:GRAM-2:UnexpectedToken,1
corpus/type7-neg-deref-box-binding,base,Source:TYPE-7:MissingDereference,1
corpus/type7-neg-deref-box-binding,off,Source:TYPE-7:MissingDereference,1
corpus/type7-neg-deref-box-binding,a,Source:TYPE-7:MissingDereference,1
corpus/type7-neg-deref-box-binding,ap,Source:TYPE-7:MissingDereference,1
corpus/type7-neg-deref-box-binding,b,Source:TYPE-7:MissingDereference,1
corpus/type7-neg-deref-box-binding,rows,Source:TYPE-7:MissingDereference,1
corpus/type7-neg-deref-box-binding,b_rows,Source:TYPE-7:MissingDereference,1
corpus/type9-neg-move-runtime-capacity-content,base,Source:TYPE-9:InlineRuntimeCapacityShape,1
corpus/type9-neg-move-runtime-capacity-content,off,Source:TYPE-9:InlineRuntimeCapacityShape,1
corpus/type9-neg-move-runtime-capacity-content,a,Source:TYPE-9:InlineRuntimeCapacityShape,1
corpus/type9-neg-move-runtime-capacity-content,ap,Source:TYPE-9:InlineRuntimeCapacityShape,1
corpus/type9-neg-move-runtime-capacity-content,b,Source:TYPE-9:InlineRuntimeCapacityShape,1
corpus/type9-neg-move-runtime-capacity-content,rows,Source:TYPE-9:InlineRuntimeCapacityShape,1
corpus/type9-neg-move-runtime-capacity-content,b_rows,Source:TYPE-9:InlineRuntimeCapacityShape,1
corpus/type9-pos-box-content-read-write-unbox,base,accepted,0
corpus/type9-pos-box-content-read-write-unbox,off,accepted,0
corpus/type9-pos-box-content-read-write-unbox,a,accepted,0
corpus/type9-pos-box-content-read-write-unbox,ap,accepted,0
corpus/type9-pos-box-content-read-write-unbox,b,accepted,0
corpus/type9-pos-box-content-read-write-unbox,rows,accepted,0
corpus/type9-pos-box-content-read-write-unbox,b_rows,accepted,0
corpus/op10-pos-boxed-window-grow,base,accepted,0
corpus/op10-pos-boxed-window-grow,off,accepted,0
corpus/op10-pos-boxed-window-grow,a,accepted,0
corpus/op10-pos-boxed-window-grow,ap,accepted,0
corpus/op10-pos-boxed-window-grow,b,accepted,0
corpus/op10-pos-boxed-window-grow,rows,accepted,0
corpus/op10-pos-boxed-window-grow,b_rows,accepted,0
corpus/type2-pos-readonly-field-read-and-whole-replace,base,accepted,0
corpus/type2-pos-readonly-field-read-and-whole-replace,off,accepted,0
corpus/type2-pos-readonly-field-read-and-whole-replace,a,accepted,0
corpus/type2-pos-readonly-field-read-and-whole-replace,ap,accepted,0
corpus/type2-pos-readonly-field-read-and-whole-replace,b,accepted,0
corpus/type2-pos-readonly-field-read-and-whole-replace,rows,accepted,0
corpus/type2-pos-readonly-field-read-and-whole-replace,b_rows,accepted,0
corpus/type2-neg-readonly-field-set-target,base,Source:TYPE-2:ReadonlyWriteTarget,1
corpus/type2-neg-readonly-field-set-target,off,Source:TYPE-2:ReadonlyWriteTarget,1
corpus/type2-neg-readonly-field-set-target,a,Source:TYPE-2:ReadonlyWriteTarget,1
corpus/type2-neg-readonly-field-set-target,ap,Source:TYPE-2:ReadonlyWriteTarget,1
corpus/type2-neg-readonly-field-set-target,b,Source:TYPE-2:ReadonlyWriteTarget,1
corpus/type2-neg-readonly-field-set-target,rows,Source:TYPE-2:ReadonlyWriteTarget,1
corpus/type2-neg-readonly-field-set-target,b_rows,Source:TYPE-2:ReadonlyWriteTarget,1
corpus/type2-neg-readonly-field-written-argument,base,Source:TYPE-2:ReadonlyWriteTarget,1
corpus/type2-neg-readonly-field-written-argument,off,Source:TYPE-2:ReadonlyWriteTarget,1
corpus/type2-neg-readonly-field-written-argument,a,Source:TYPE-2:ReadonlyWriteTarget,1
corpus/type2-neg-readonly-field-written-argument,ap,Source:TYPE-2:ReadonlyWriteTarget,1
corpus/type2-neg-readonly-field-written-argument,b,Source:TYPE-2:ReadonlyWriteTarget,1
corpus/type2-neg-readonly-field-written-argument,rows,Source:TYPE-2:ReadonlyWriteTarget,1
corpus/type2-neg-readonly-field-written-argument,b_rows,Source:TYPE-2:ReadonlyWriteTarget,1
corpus/type2-neg-readonly-path-passes-through,base,Source:TYPE-2:ReadonlyWriteTarget,1
corpus/type2-neg-readonly-path-passes-through,off,Source:TYPE-2:ReadonlyWriteTarget,1
corpus/type2-neg-readonly-path-passes-through,a,Source:TYPE-2:ReadonlyWriteTarget,1
corpus/type2-neg-readonly-path-passes-through,ap,Source:TYPE-2:ReadonlyWriteTarget,1
corpus/type2-neg-readonly-path-passes-through,b,Source:TYPE-2:ReadonlyWriteTarget,1
corpus/type2-neg-readonly-path-passes-through,rows,Source:TYPE-2:ReadonlyWriteTarget,1
corpus/type2-neg-readonly-path-passes-through,b_rows,Source:TYPE-2:ReadonlyWriteTarget,1
corpus/ref4-neg-a-requirement-over-a-range-reference-is-the-ranges-length,base,Source:FN-8:UndischargedCallRequirement,1
corpus/ref4-neg-a-requirement-over-a-range-reference-is-the-ranges-length,off,Source:FN-8:UndischargedCallRequirement,1
corpus/ref4-neg-a-requirement-over-a-range-reference-is-the-ranges-length,a,Source:FN-8:UndischargedCallRequirement,1
corpus/ref4-neg-a-requirement-over-a-range-reference-is-the-ranges-length,ap,Source:FN-8:UndischargedCallRequirement,1
corpus/ref4-neg-a-requirement-over-a-range-reference-is-the-ranges-length,b,Source:FN-8:UndischargedCallRequirement,1
corpus/ref4-neg-a-requirement-over-a-range-reference-is-the-ranges-length,rows,Source:FN-8:UndischargedCallRequirement,1
corpus/ref4-neg-a-requirement-over-a-range-reference-is-the-ranges-length,b_rows,Source:FN-8:UndischargedCallRequirement,1
corpus/ref4-pos-range-length-is-the-endpoint-difference,base,accepted,0
corpus/ref4-pos-range-length-is-the-endpoint-difference,off,accepted,0
corpus/ref4-pos-range-length-is-the-endpoint-difference,a,accepted,0
corpus/ref4-pos-range-length-is-the-endpoint-difference,ap,accepted,0
corpus/ref4-pos-range-length-is-the-endpoint-difference,b,accepted,0
corpus/ref4-pos-range-length-is-the-endpoint-difference,rows,accepted,0
corpus/ref4-pos-range-length-is-the-endpoint-difference,b_rows,accepted,0
corpus/ref4-neg-a-wrapped-width-does-not-bound-the-range-length,base,Source:FN-8:UndischargedCallRequirement,1
corpus/ref4-neg-a-wrapped-width-does-not-bound-the-range-length,off,Source:FN-8:UndischargedCallRequirement,1
corpus/ref4-neg-a-wrapped-width-does-not-bound-the-range-length,a,Source:FN-8:UndischargedCallRequirement,1
corpus/ref4-neg-a-wrapped-width-does-not-bound-the-range-length,ap,Source:FN-8:UndischargedCallRequirement,1
corpus/ref4-neg-a-wrapped-width-does-not-bound-the-range-length,b,Source:FN-8:UndischargedCallRequirement,1
corpus/ref4-neg-a-wrapped-width-does-not-bound-the-range-length,rows,Source:FN-8:UndischargedCallRequirement,1
corpus/ref4-neg-a-wrapped-width-does-not-bound-the-range-length,b_rows,Source:FN-8:UndischargedCallRequirement,1
corpus/ref4-pos-two-ranges-formed-at-a-call-have-equal-lengths,base,accepted,0
corpus/ref4-pos-two-ranges-formed-at-a-call-have-equal-lengths,off,accepted,0
corpus/ref4-pos-two-ranges-formed-at-a-call-have-equal-lengths,a,accepted,0
corpus/ref4-pos-two-ranges-formed-at-a-call-have-equal-lengths,ap,accepted,0
corpus/ref4-pos-two-ranges-formed-at-a-call-have-equal-lengths,b,accepted,0
corpus/ref4-pos-two-ranges-formed-at-a-call-have-equal-lengths,rows,accepted,0
corpus/ref4-pos-two-ranges-formed-at-a-call-have-equal-lengths,b_rows,accepted,0
corpus/ref4-neg-ranges-formed-at-a-call-with-different-ends-are-not-equal,base,Source:FN-8:UndischargedCallRequirement,1
corpus/ref4-neg-ranges-formed-at-a-call-with-different-ends-are-not-equal,off,Source:FN-8:UndischargedCallRequirement,1
corpus/ref4-neg-ranges-formed-at-a-call-with-different-ends-are-not-equal,a,Source:FN-8:UndischargedCallRequirement,1
corpus/ref4-neg-ranges-formed-at-a-call-with-different-ends-are-not-equal,ap,Source:FN-8:UndischargedCallRequirement,1
corpus/ref4-neg-ranges-formed-at-a-call-with-different-ends-are-not-equal,b,Source:FN-8:UndischargedCallRequirement,1
corpus/ref4-neg-ranges-formed-at-a-call-with-different-ends-are-not-equal,rows,Source:FN-8:UndischargedCallRequirement,1
corpus/ref4-neg-ranges-formed-at-a-call-with-different-ends-are-not-equal,b_rows,Source:FN-8:UndischargedCallRequirement,1
corpus/ent5-pos-postcondition-sibling-field-write,base,accepted,0
corpus/ent5-pos-postcondition-sibling-field-write,off,accepted,0
corpus/ent5-pos-postcondition-sibling-field-write,a,accepted,0
corpus/ent5-pos-postcondition-sibling-field-write,ap,accepted,0
corpus/ent5-pos-postcondition-sibling-field-write,b,accepted,0
corpus/ent5-pos-postcondition-sibling-field-write,rows,accepted,0
corpus/ent5-pos-postcondition-sibling-field-write,b_rows,accepted,0
corpus/ent1-pos-generic-transitive-callee-postconditions,base,accepted,0
corpus/ent1-pos-generic-transitive-callee-postconditions,off,accepted,0
corpus/ent1-pos-generic-transitive-callee-postconditions,a,accepted,0
corpus/ent1-pos-generic-transitive-callee-postconditions,ap,accepted,0
corpus/ent1-pos-generic-transitive-callee-postconditions,b,accepted,0
corpus/ent1-pos-generic-transitive-callee-postconditions,rows,accepted,0
corpus/ent1-pos-generic-transitive-callee-postconditions,b_rows,accepted,0
corpus/ent1-neg-generic-transitive-callee-postconditions,base,Source:OP-4:UndischargedBoundsObligation,1
corpus/ent1-neg-generic-transitive-callee-postconditions,off,Source:OP-4:UndischargedBoundsObligation,1
corpus/ent1-neg-generic-transitive-callee-postconditions,a,Source:OP-4:UndischargedBoundsObligation,1
corpus/ent1-neg-generic-transitive-callee-postconditions,ap,Source:OP-4:UndischargedBoundsObligation,1
corpus/ent1-neg-generic-transitive-callee-postconditions,b,Source:OP-4:UndischargedBoundsObligation,1
corpus/ent1-neg-generic-transitive-callee-postconditions,rows,Source:OP-4:UndischargedBoundsObligation,1
corpus/ent1-neg-generic-transitive-callee-postconditions,b_rows,Source:OP-4:UndischargedBoundsObligation,1
corpus/fn8-neg-enum-payload-contract-targets,base,Source:FN-8:UndischargedCallRequirement,1
corpus/fn8-neg-enum-payload-contract-targets,off,Source:FN-8:UndischargedCallRequirement,1
corpus/fn8-neg-enum-payload-contract-targets,a,Source:FN-8:UndischargedCallRequirement,1
corpus/fn8-neg-enum-payload-contract-targets,ap,Source:FN-8:UndischargedCallRequirement,1
corpus/fn8-neg-enum-payload-contract-targets,b,Source:FN-8:UndischargedCallRequirement,1
corpus/fn8-neg-enum-payload-contract-targets,rows,Source:FN-8:UndischargedCallRequirement,1
corpus/fn8-neg-enum-payload-contract-targets,b_rows,Source:FN-8:UndischargedCallRequirement,1
corpus/fn8-pos-enum-payload-contract-targets,base,accepted,0
corpus/fn8-pos-enum-payload-contract-targets,off,accepted,0
corpus/fn8-pos-enum-payload-contract-targets,a,accepted,0
corpus/fn8-pos-enum-payload-contract-targets,ap,accepted,0
corpus/fn8-pos-enum-payload-contract-targets,b,accepted,0
corpus/fn8-pos-enum-payload-contract-targets,rows,accepted,0
corpus/fn8-pos-enum-payload-contract-targets,b_rows,accepted,0
corpus/fn8-neg-enum-payload-measures-stay-distinct,base,Source:FN-8:UndischargedCallRequirement,1
corpus/fn8-neg-enum-payload-measures-stay-distinct,off,Source:FN-8:UndischargedCallRequirement,1
corpus/fn8-neg-enum-payload-measures-stay-distinct,a,Source:FN-8:UndischargedCallRequirement,1
corpus/fn8-neg-enum-payload-measures-stay-distinct,ap,Source:FN-8:UndischargedCallRequirement,1
corpus/fn8-neg-enum-payload-measures-stay-distinct,b,Source:FN-8:UndischargedCallRequirement,1
corpus/fn8-neg-enum-payload-measures-stay-distinct,rows,Source:FN-8:UndischargedCallRequirement,1
corpus/fn8-neg-enum-payload-measures-stay-distinct,b_rows,Source:FN-8:UndischargedCallRequirement,1
corpus/op9-neg-known-overflow-in-unused-schema,base,Source:OP-9:UndischargedAllocationFitObligation,1
corpus/op9-neg-known-overflow-in-unused-schema,off,Source:OP-9:UndischargedAllocationFitObligation,1
corpus/op9-neg-known-overflow-in-unused-schema,a,Source:OP-9:UndischargedAllocationFitObligation,1
corpus/op9-neg-known-overflow-in-unused-schema,ap,Source:OP-9:UndischargedAllocationFitObligation,1
corpus/op9-neg-known-overflow-in-unused-schema,b,Source:OP-9:UndischargedAllocationFitObligation,1
corpus/op9-neg-known-overflow-in-unused-schema,rows,Source:OP-9:UndischargedAllocationFitObligation,1
corpus/op9-neg-known-overflow-in-unused-schema,b_rows,Source:OP-9:UndischargedAllocationFitObligation,1
corpus/op9-pos-unresolved-aggregate-layout,base,accepted,0
corpus/op9-pos-unresolved-aggregate-layout,off,accepted,0
corpus/op9-pos-unresolved-aggregate-layout,a,accepted,0
corpus/op9-pos-unresolved-aggregate-layout,ap,accepted,0
corpus/op9-pos-unresolved-aggregate-layout,b,accepted,0
corpus/op9-pos-unresolved-aggregate-layout,rows,accepted,0
corpus/op9-pos-unresolved-aggregate-layout,b_rows,accepted,0
corpus/fn10-pos-self-transfer,base,accepted,0
corpus/fn10-pos-self-transfer,off,accepted,0
corpus/fn10-pos-self-transfer,a,accepted,0
corpus/fn10-pos-self-transfer,ap,accepted,0
corpus/fn10-pos-self-transfer,b,accepted,0
corpus/fn10-pos-self-transfer,rows,accepted,0
corpus/fn10-pos-self-transfer,b_rows,accepted,0
corpus/fn10-neg-not-return,base,Source:FN-10:InvalidMusttail,1
corpus/fn10-neg-not-return,off,Source:FN-10:InvalidMusttail,1
corpus/fn10-neg-not-return,a,Source:FN-10:InvalidMusttail,1
corpus/fn10-neg-not-return,ap,Source:FN-10:InvalidMusttail,1
corpus/fn10-neg-not-return,b,Source:FN-10:InvalidMusttail,1
corpus/fn10-neg-not-return,rows,Source:FN-10:InvalidMusttail,1
corpus/fn10-neg-not-return,b_rows,Source:FN-10:InvalidMusttail,1
corpus/fn10-neg-other-callee,base,Source:FN-10:InvalidMusttail,1
corpus/fn10-neg-other-callee,off,Source:FN-10:InvalidMusttail,1
corpus/fn10-neg-other-callee,a,Source:FN-10:InvalidMusttail,1
corpus/fn10-neg-other-callee,ap,Source:FN-10:InvalidMusttail,1
corpus/fn10-neg-other-callee,b,Source:FN-10:InvalidMusttail,1
corpus/fn10-neg-other-callee,rows,Source:FN-10:InvalidMusttail,1
corpus/fn10-neg-other-callee,b_rows,Source:FN-10:InvalidMusttail,1
corpus/fn10-neg-local-reference,base,Source:FN-10:InvalidMusttail,1
corpus/fn10-neg-local-reference,off,Source:FN-10:InvalidMusttail,1
corpus/fn10-neg-local-reference,a,Source:FN-10:InvalidMusttail,1
corpus/fn10-neg-local-reference,ap,Source:FN-10:InvalidMusttail,1
corpus/fn10-neg-local-reference,b,Source:FN-10:InvalidMusttail,1
corpus/fn10-neg-local-reference,rows,Source:FN-10:InvalidMusttail,1
corpus/fn10-neg-local-reference,b_rows,Source:FN-10:InvalidMusttail,1
corpus/fn10-neg-owned-parameter-reference,base,Source:FN-10:InvalidMusttail,1
corpus/fn10-neg-owned-parameter-reference,off,Source:FN-10:InvalidMusttail,1
corpus/fn10-neg-owned-parameter-reference,a,Source:FN-10:InvalidMusttail,1
corpus/fn10-neg-owned-parameter-reference,ap,Source:FN-10:InvalidMusttail,1
corpus/fn10-neg-owned-parameter-reference,b,Source:FN-10:InvalidMusttail,1
corpus/fn10-neg-owned-parameter-reference,rows,Source:FN-10:InvalidMusttail,1
corpus/fn10-neg-owned-parameter-reference,b_rows,Source:FN-10:InvalidMusttail,1
corpus/fn10-neg-joined-reference,base,Source:FN-10:InvalidMusttail,1
corpus/fn10-neg-joined-reference,off,Source:FN-10:InvalidMusttail,1
corpus/fn10-neg-joined-reference,a,Source:FN-10:InvalidMusttail,1
corpus/fn10-neg-joined-reference,ap,Source:FN-10:InvalidMusttail,1
corpus/fn10-neg-joined-reference,b,Source:FN-10:InvalidMusttail,1
corpus/fn10-neg-joined-reference,rows,Source:FN-10:InvalidMusttail,1
corpus/fn10-neg-joined-reference,b_rows,Source:FN-10:InvalidMusttail,1
corpus/fn10-neg-pending-release,base,Source:FN-10:InvalidMusttail,1
corpus/fn10-neg-pending-release,off,Source:FN-10:InvalidMusttail,1
corpus/fn10-neg-pending-release,a,Source:FN-10:InvalidMusttail,1
corpus/fn10-neg-pending-release,ap,Source:FN-10:InvalidMusttail,1
corpus/fn10-neg-pending-release,b,Source:FN-10:InvalidMusttail,1
corpus/fn10-neg-pending-release,rows,Source:FN-10:InvalidMusttail,1
corpus/fn10-neg-pending-release,b_rows,Source:FN-10:InvalidMusttail,1
corpus/fn10-neg-operation,base,Source:FN-10:InvalidMusttail,1
corpus/fn10-neg-operation,off,Source:FN-10:InvalidMusttail,1
corpus/fn10-neg-operation,a,Source:FN-10:InvalidMusttail,1
corpus/fn10-neg-operation,ap,Source:FN-10:InvalidMusttail,1
corpus/fn10-neg-operation,b,Source:FN-10:InvalidMusttail,1
corpus/fn10-neg-operation,rows,Source:FN-10:InvalidMusttail,1
corpus/fn10-neg-operation,b_rows,Source:FN-10:InvalidMusttail,1
corpus/fn10-neg-requires,base,Source:FN-8:UndischargedCallRequirement,1
corpus/fn10-neg-requires,off,Source:FN-8:UndischargedCallRequirement,1
corpus/fn10-neg-requires,a,Source:FN-8:UndischargedCallRequirement,1
corpus/fn10-neg-requires,ap,Source:FN-8:UndischargedCallRequirement,1
corpus/fn10-neg-requires,b,Source:FN-8:UndischargedCallRequirement,1
corpus/fn10-neg-requires,rows,Source:FN-8:UndischargedCallRequirement,1
corpus/fn10-neg-requires,b_rows,Source:FN-8:UndischargedCallRequirement,1
corpus/fn10-neg-position-named-arguments,base,Source:GRAM-11:InvalidNamedArguments,1
corpus/fn10-neg-position-named-arguments,off,Source:GRAM-11:InvalidNamedArguments,1
corpus/fn10-neg-position-named-arguments,a,Source:GRAM-11:InvalidNamedArguments,1
corpus/fn10-neg-position-named-arguments,ap,Source:GRAM-11:InvalidNamedArguments,1
corpus/fn10-neg-position-named-arguments,b,Source:GRAM-11:InvalidNamedArguments,1
corpus/fn10-neg-position-named-arguments,rows,Source:GRAM-11:InvalidNamedArguments,1
corpus/fn10-neg-position-named-arguments,b_rows,Source:GRAM-11:InvalidNamedArguments,1
corpus/fn10-neg-callee-named-arguments,base,Source:GRAM-11:InvalidNamedArguments,1
corpus/fn10-neg-callee-named-arguments,off,Source:GRAM-11:InvalidNamedArguments,1
corpus/fn10-neg-callee-named-arguments,a,Source:GRAM-11:InvalidNamedArguments,1
corpus/fn10-neg-callee-named-arguments,ap,Source:GRAM-11:InvalidNamedArguments,1
corpus/fn10-neg-callee-named-arguments,b,Source:GRAM-11:InvalidNamedArguments,1
corpus/fn10-neg-callee-named-arguments,rows,Source:GRAM-11:InvalidNamedArguments,1
corpus/fn10-neg-callee-named-arguments,b_rows,Source:GRAM-11:InvalidNamedArguments,1
corpus/fn10-neg-reference-requires,base,Source:FN-8:UndischargedCallRequirement,1
corpus/fn10-neg-reference-requires,off,Source:FN-8:UndischargedCallRequirement,1
corpus/fn10-neg-reference-requires,a,Source:FN-8:UndischargedCallRequirement,1
corpus/fn10-neg-reference-requires,ap,Source:FN-8:UndischargedCallRequirement,1
corpus/fn10-neg-reference-requires,b,Source:FN-8:UndischargedCallRequirement,1
corpus/fn10-neg-reference-requires,rows,Source:FN-8:UndischargedCallRequirement,1
corpus/fn10-neg-reference-requires,b_rows,Source:FN-8:UndischargedCallRequirement,1
corpus/fn10-neg-release-requires,base,Source:FN-8:UndischargedCallRequirement,1
corpus/fn10-neg-release-requires,off,Source:FN-8:UndischargedCallRequirement,1
corpus/fn10-neg-release-requires,a,Source:FN-8:UndischargedCallRequirement,1
corpus/fn10-neg-release-requires,ap,Source:FN-8:UndischargedCallRequirement,1
corpus/fn10-neg-release-requires,b,Source:FN-8:UndischargedCallRequirement,1
corpus/fn10-neg-release-requires,rows,Source:FN-8:UndischargedCallRequirement,1
corpus/fn10-neg-release-requires,b_rows,Source:FN-8:UndischargedCallRequirement,1
corpus/fn10-neg-callee-effects,base,Source:FN-10:InvalidMusttail,1
corpus/fn10-neg-callee-effects,off,Source:FN-10:InvalidMusttail,1
corpus/fn10-neg-callee-effects,a,Source:FN-10:InvalidMusttail,1
corpus/fn10-neg-callee-effects,ap,Source:FN-10:InvalidMusttail,1
corpus/fn10-neg-callee-effects,b,Source:FN-10:InvalidMusttail,1
corpus/fn10-neg-callee-effects,rows,Source:FN-10:InvalidMusttail,1
corpus/fn10-neg-callee-effects,b_rows,Source:FN-10:InvalidMusttail,1
corpus/ref2-pos-selected-payload-after-match,base,accepted,0
corpus/ref2-pos-selected-payload-after-match,off,accepted,0
corpus/ref2-pos-selected-payload-after-match,a,accepted,0
corpus/ref2-pos-selected-payload-after-match,ap,accepted,0
corpus/ref2-pos-selected-payload-after-match,b,accepted,0
corpus/ref2-pos-selected-payload-after-match,rows,accepted,0
corpus/ref2-pos-selected-payload-after-match,b_rows,accepted,0
corpus/ref2-neg-wildcard-ancestor-write,base,Source:REF-2:InvalidReferenceUse,1
corpus/ref2-neg-wildcard-ancestor-write,off,Source:REF-2:InvalidReferenceUse,1
corpus/ref2-neg-wildcard-ancestor-write,a,Source:REF-2:InvalidReferenceUse,1
corpus/ref2-neg-wildcard-ancestor-write,ap,Source:REF-2:InvalidReferenceUse,1
corpus/ref2-neg-wildcard-ancestor-write,b,Source:REF-2:InvalidReferenceUse,1
corpus/ref2-neg-wildcard-ancestor-write,rows,Source:REF-2:InvalidReferenceUse,1
corpus/ref2-neg-wildcard-ancestor-write,b_rows,Source:REF-2:InvalidReferenceUse,1
corpus/op2-neg-wildcard-leaf-write-kills-facts,base,Source:OP-2:UndischargedIntegerDomainObligation,1
corpus/op2-neg-wildcard-leaf-write-kills-facts,off,Source:OP-2:UndischargedIntegerDomainObligation,1
corpus/op2-neg-wildcard-leaf-write-kills-facts,a,Source:OP-2:UndischargedIntegerDomainObligation,1
corpus/op2-neg-wildcard-leaf-write-kills-facts,ap,Source:OP-2:UndischargedIntegerDomainObligation,1
corpus/op2-neg-wildcard-leaf-write-kills-facts,b,Source:OP-2:UndischargedIntegerDomainObligation,1
corpus/op2-neg-wildcard-leaf-write-kills-facts,rows,Source:OP-2:UndischargedIntegerDomainObligation,1
corpus/op2-neg-wildcard-leaf-write-kills-facts,b_rows,Source:OP-2:UndischargedIntegerDomainObligation,1
corpus/op2-neg-wildcard-cover-is-not-identity,base,Source:OP-2:UndischargedIntegerDomainObligation,1
corpus/op2-neg-wildcard-cover-is-not-identity,off,Source:OP-2:UndischargedIntegerDomainObligation,1
corpus/op2-neg-wildcard-cover-is-not-identity,a,Source:OP-2:UndischargedIntegerDomainObligation,1
corpus/op2-neg-wildcard-cover-is-not-identity,ap,Source:OP-2:UndischargedIntegerDomainObligation,1
corpus/op2-neg-wildcard-cover-is-not-identity,b,Source:OP-2:UndischargedIntegerDomainObligation,1
corpus/op2-neg-wildcard-cover-is-not-identity,rows,Source:OP-2:UndischargedIntegerDomainObligation,1
corpus/op2-neg-wildcard-cover-is-not-identity,b_rows,Source:OP-2:UndischargedIntegerDomainObligation,1
corpus/op11-neg-wildcard-ancestor-exchange,base,Source:OP-11:OverlappingCallEffects,1
corpus/op11-neg-wildcard-ancestor-exchange,off,Source:OP-11:OverlappingCallEffects,1
corpus/op11-neg-wildcard-ancestor-exchange,a,Source:OP-11:OverlappingCallEffects,1
corpus/op11-neg-wildcard-ancestor-exchange,ap,Source:OP-11:OverlappingCallEffects,1
corpus/op11-neg-wildcard-ancestor-exchange,b,Source:OP-11:OverlappingCallEffects,1
corpus/op11-neg-wildcard-ancestor-exchange,rows,Source:OP-11:OverlappingCallEffects,1
corpus/op11-neg-wildcard-ancestor-exchange,b_rows,Source:OP-11:OverlappingCallEffects,1
corpus/ref1-pos-wildcard-alias-content-write,base,accepted,0
corpus/ref1-pos-wildcard-alias-content-write,off,accepted,0
corpus/ref1-pos-wildcard-alias-content-write,a,accepted,0
corpus/ref1-pos-wildcard-alias-content-write,ap,accepted,0
corpus/ref1-pos-wildcard-alias-content-write,b,accepted,0
corpus/ref1-pos-wildcard-alias-content-write,rows,accepted,0
corpus/ref1-pos-wildcard-alias-content-write,b_rows,accepted,0
corpus/ref1-pos-iterative-owned-link-descent,base,accepted,0
corpus/ref1-pos-iterative-owned-link-descent,off,accepted,0
corpus/ref1-pos-iterative-owned-link-descent,a,accepted,0
corpus/ref1-pos-iterative-owned-link-descent,ap,accepted,0
corpus/ref1-pos-iterative-owned-link-descent,b,accepted,0
corpus/ref1-pos-iterative-owned-link-descent,rows,accepted,0
corpus/ref1-pos-iterative-owned-link-descent,b_rows,accepted,0
corpus/ref1-pos-wildcard-primitive-write,base,accepted,0
corpus/ref1-pos-wildcard-primitive-write,off,accepted,0
corpus/ref1-pos-wildcard-primitive-write,a,accepted,0
corpus/ref1-pos-wildcard-primitive-write,ap,accepted,0
corpus/ref1-pos-wildcard-primitive-write,b,accepted,0
corpus/ref1-pos-wildcard-primitive-write,rows,accepted,0
corpus/ref1-pos-wildcard-primitive-write,b_rows,accepted,0
corpus/type2-neg-wildcard-readonly-path,base,Source:TYPE-2:ReadonlyWriteTarget,1
corpus/type2-neg-wildcard-readonly-path,off,Source:TYPE-2:ReadonlyWriteTarget,1
corpus/type2-neg-wildcard-readonly-path,a,Source:TYPE-2:ReadonlyWriteTarget,1
corpus/type2-neg-wildcard-readonly-path,ap,Source:TYPE-2:ReadonlyWriteTarget,1
corpus/type2-neg-wildcard-readonly-path,b,Source:TYPE-2:ReadonlyWriteTarget,1
corpus/type2-neg-wildcard-readonly-path,rows,Source:TYPE-2:ReadonlyWriteTarget,1
corpus/type2-neg-wildcard-readonly-path,b_rows,Source:TYPE-2:ReadonlyWriteTarget,1
corpus/ref2-neg-wildcard-ancestor-call,base,Source:REF-2:InvalidReferenceUse,1
corpus/ref2-neg-wildcard-ancestor-call,off,Source:REF-2:InvalidReferenceUse,1
corpus/ref2-neg-wildcard-ancestor-call,a,Source:REF-2:InvalidReferenceUse,1
corpus/ref2-neg-wildcard-ancestor-call,ap,Source:REF-2:InvalidReferenceUse,1
corpus/ref2-neg-wildcard-ancestor-call,b,Source:REF-2:InvalidReferenceUse,1
corpus/ref2-neg-wildcard-ancestor-call,rows,Source:REF-2:InvalidReferenceUse,1
corpus/ref2-neg-wildcard-ancestor-call,b_rows,Source:REF-2:InvalidReferenceUse,1
corpus/ref1-pos-wildcard-sibling-call-effects,base,accepted,0
corpus/ref1-pos-wildcard-sibling-call-effects,off,accepted,0
corpus/ref1-pos-wildcard-sibling-call-effects,a,accepted,0
corpus/ref1-pos-wildcard-sibling-call-effects,ap,accepted,0
corpus/ref1-pos-wildcard-sibling-call-effects,b,accepted,0
corpus/ref1-pos-wildcard-sibling-call-effects,rows,accepted,0
corpus/ref1-pos-wildcard-sibling-call-effects,b_rows,accepted,0
corpus/ref2-neg-wildcard-independent-cursor,base,Source:REF-2:InvalidReferenceUse,1
corpus/ref2-neg-wildcard-independent-cursor,off,Source:REF-2:InvalidReferenceUse,1
corpus/ref2-neg-wildcard-independent-cursor,a,Source:REF-2:InvalidReferenceUse,1
corpus/ref2-neg-wildcard-independent-cursor,ap,Source:REF-2:InvalidReferenceUse,1
corpus/ref2-neg-wildcard-independent-cursor,b,Source:REF-2:InvalidReferenceUse,1
corpus/ref2-neg-wildcard-independent-cursor,rows,Source:REF-2:InvalidReferenceUse,1
corpus/ref2-neg-wildcard-independent-cursor,b_rows,Source:REF-2:InvalidReferenceUse,1
corpus/ref2-neg-wildcard-owner-move,base,Source:REF-2:InvalidReferenceUse,1
corpus/ref2-neg-wildcard-owner-move,off,Source:REF-2:InvalidReferenceUse,1
corpus/ref2-neg-wildcard-owner-move,a,Source:REF-2:InvalidReferenceUse,1
corpus/ref2-neg-wildcard-owner-move,ap,Source:REF-2:InvalidReferenceUse,1
corpus/ref2-neg-wildcard-owner-move,b,Source:REF-2:InvalidReferenceUse,1
corpus/ref2-neg-wildcard-owner-move,rows,Source:REF-2:InvalidReferenceUse,1
corpus/ref2-neg-wildcard-owner-move,b_rows,Source:REF-2:InvalidReferenceUse,1
corpus/ref1-pos-wildcard-three-holder-join,base,accepted,0
corpus/ref1-pos-wildcard-three-holder-join,off,accepted,0
corpus/ref1-pos-wildcard-three-holder-join,a,accepted,0
corpus/ref1-pos-wildcard-three-holder-join,ap,accepted,0
corpus/ref1-pos-wildcard-three-holder-join,b,accepted,0
corpus/ref1-pos-wildcard-three-holder-join,rows,accepted,0
corpus/ref1-pos-wildcard-three-holder-join,b_rows,accepted,0
corpus/ref2-neg-wildcard-three-holder-join,base,Source:REF-2:InvalidReferenceUse,1
corpus/ref2-neg-wildcard-three-holder-join,off,Source:REF-2:InvalidReferenceUse,1
corpus/ref2-neg-wildcard-three-holder-join,a,Source:REF-2:InvalidReferenceUse,1
corpus/ref2-neg-wildcard-three-holder-join,ap,Source:REF-2:InvalidReferenceUse,1
corpus/ref2-neg-wildcard-three-holder-join,b,Source:REF-2:InvalidReferenceUse,1
corpus/ref2-neg-wildcard-three-holder-join,rows,Source:REF-2:InvalidReferenceUse,1
corpus/ref2-neg-wildcard-three-holder-join,b_rows,Source:REF-2:InvalidReferenceUse,1
corpus/ref2-neg-wildcard-window-removal,base,Source:REF-2:InvalidReferenceUse,1
corpus/ref2-neg-wildcard-window-removal,off,Source:REF-2:InvalidReferenceUse,1
corpus/ref2-neg-wildcard-window-removal,a,Source:REF-2:InvalidReferenceUse,1
corpus/ref2-neg-wildcard-window-removal,ap,Source:REF-2:InvalidReferenceUse,1
corpus/ref2-neg-wildcard-window-removal,b,Source:REF-2:InvalidReferenceUse,1
corpus/ref2-neg-wildcard-window-removal,rows,Source:REF-2:InvalidReferenceUse,1
corpus/ref2-neg-wildcard-window-removal,b_rows,Source:REF-2:InvalidReferenceUse,1
corpus/op11-pos-proved-separated-ancestors,base,accepted,0
corpus/op11-pos-proved-separated-ancestors,off,accepted,0
corpus/op11-pos-proved-separated-ancestors,a,accepted,0
corpus/op11-pos-proved-separated-ancestors,ap,accepted,0
corpus/op11-pos-proved-separated-ancestors,b,accepted,0
corpus/op11-pos-proved-separated-ancestors,rows,accepted,0
corpus/op11-pos-proved-separated-ancestors,b_rows,accepted,0
corpus/op12-neg-wildcard-ancestor-effect,base,Source:OP-12:AtomicUpdateReachesTargetPrefix,1
corpus/op12-neg-wildcard-ancestor-effect,off,Source:OP-12:AtomicUpdateReachesTargetPrefix,1
corpus/op12-neg-wildcard-ancestor-effect,a,Source:OP-12:AtomicUpdateReachesTargetPrefix,1
corpus/op12-neg-wildcard-ancestor-effect,ap,Source:OP-12:AtomicUpdateReachesTargetPrefix,1
corpus/op12-neg-wildcard-ancestor-effect,b,Source:OP-12:AtomicUpdateReachesTargetPrefix,1
corpus/op12-neg-wildcard-ancestor-effect,rows,Source:OP-12:AtomicUpdateReachesTargetPrefix,1
corpus/op12-neg-wildcard-ancestor-effect,b_rows,Source:OP-12:AtomicUpdateReachesTargetPrefix,1
corpus/ref1-pos-wildcard-range-descent,base,accepted,0
corpus/ref1-pos-wildcard-range-descent,off,accepted,0
corpus/ref1-pos-wildcard-range-descent,a,accepted,0
corpus/ref1-pos-wildcard-range-descent,ap,accepted,0
corpus/ref1-pos-wildcard-range-descent,b,accepted,0
corpus/ref1-pos-wildcard-range-descent,rows,accepted,0
corpus/ref1-pos-wildcard-range-descent,b_rows,accepted,0
corpus/type2-neg-wildcard-range-readonly,base,Source:TYPE-2:ReadonlyWriteTarget,1
corpus/type2-neg-wildcard-range-readonly,off,Source:TYPE-2:ReadonlyWriteTarget,1
corpus/type2-neg-wildcard-range-readonly,a,Source:TYPE-2:ReadonlyWriteTarget,1
corpus/type2-neg-wildcard-range-readonly,ap,Source:TYPE-2:ReadonlyWriteTarget,1
corpus/type2-neg-wildcard-range-readonly,b,Source:TYPE-2:ReadonlyWriteTarget,1
corpus/type2-neg-wildcard-range-readonly,rows,Source:TYPE-2:ReadonlyWriteTarget,1
corpus/type2-neg-wildcard-range-readonly,b_rows,Source:TYPE-2:ReadonlyWriteTarget,1
corpus/prov6-pos-drop-bounded-partial-box-consume,base,accepted,0
corpus/prov6-pos-drop-bounded-partial-box-consume,off,accepted,0
corpus/prov6-pos-drop-bounded-partial-box-consume,a,accepted,0
corpus/prov6-pos-drop-bounded-partial-box-consume,ap,accepted,0
corpus/prov6-pos-drop-bounded-partial-box-consume,b,accepted,0
corpus/prov6-pos-drop-bounded-partial-box-consume,rows,accepted,0
corpus/prov6-pos-drop-bounded-partial-box-consume,b_rows,accepted,0
corpus/eff5-pos-loop-rebound-index-disjoint,base,accepted,0
corpus/eff5-pos-loop-rebound-index-disjoint,off,accepted,0
corpus/eff5-pos-loop-rebound-index-disjoint,a,accepted,0
corpus/eff5-pos-loop-rebound-index-disjoint,ap,accepted,0
corpus/eff5-pos-loop-rebound-index-disjoint,b,accepted,0
corpus/eff5-pos-loop-rebound-index-disjoint,rows,accepted,0
corpus/eff5-pos-loop-rebound-index-disjoint,b_rows,accepted,0
corpus/eff5-neg-loop-rebound-index-may-overlap,base,Source:EFF-5:UndischargedCallSeparation,1
corpus/eff5-neg-loop-rebound-index-may-overlap,off,Source:EFF-5:UndischargedCallSeparation,1
corpus/eff5-neg-loop-rebound-index-may-overlap,a,Source:EFF-5:UndischargedCallSeparation,1
corpus/eff5-neg-loop-rebound-index-may-overlap,ap,Source:EFF-5:UndischargedCallSeparation,1
corpus/eff5-neg-loop-rebound-index-may-overlap,b,Source:EFF-5:UndischargedCallSeparation,1
corpus/eff5-neg-loop-rebound-index-may-overlap,rows,Source:EFF-5:UndischargedCallSeparation,1
corpus/eff5-neg-loop-rebound-index-may-overlap,b_rows,Source:EFF-5:UndischargedCallSeparation,1
corpus/fn10-pos-loop-summary-release,base,accepted,0
corpus/fn10-pos-loop-summary-release,off,accepted,0
corpus/fn10-pos-loop-summary-release,a,accepted,0
corpus/fn10-pos-loop-summary-release,ap,accepted,0
corpus/fn10-pos-loop-summary-release,b,accepted,0
corpus/fn10-pos-loop-summary-release,rows,accepted,0
corpus/fn10-pos-loop-summary-release,b_rows,accepted,0
corpus/ent5-neg-indexed-measure-stale-positive,base,Source:OP-4:UndischargedBoundsObligation,1
corpus/ent5-neg-indexed-measure-stale-positive,off,Source:OP-4:UndischargedBoundsObligation,1
corpus/ent5-neg-indexed-measure-stale-positive,a,Source:OP-4:UndischargedBoundsObligation,1
corpus/ent5-neg-indexed-measure-stale-positive,ap,Source:OP-4:UndischargedBoundsObligation,1
corpus/ent5-neg-indexed-measure-stale-positive,b,Source:OP-4:UndischargedBoundsObligation,1
corpus/ent5-neg-indexed-measure-stale-positive,rows,Source:OP-4:UndischargedBoundsObligation,1
corpus/ent5-neg-indexed-measure-stale-positive,b_rows,Source:OP-4:UndischargedBoundsObligation,1
corpus/ent5-neg-indexed-measure-stale-negative,base,Source:OP-4:UndischargedBoundsObligation,1
corpus/ent5-neg-indexed-measure-stale-negative,off,Source:OP-4:UndischargedBoundsObligation,1
corpus/ent5-neg-indexed-measure-stale-negative,a,Source:OP-4:UndischargedBoundsObligation,1
corpus/ent5-neg-indexed-measure-stale-negative,ap,Source:OP-4:UndischargedBoundsObligation,1
corpus/ent5-neg-indexed-measure-stale-negative,b,Source:OP-4:UndischargedBoundsObligation,1
corpus/ent5-neg-indexed-measure-stale-negative,rows,Source:OP-4:UndischargedBoundsObligation,1
corpus/ent5-neg-indexed-measure-stale-negative,b_rows,Source:OP-4:UndischargedBoundsObligation,1
corpus/ent5-pos-indexed-measure-stable-controls,base,accepted,0
corpus/ent5-pos-indexed-measure-stable-controls,off,accepted,0
corpus/ent5-pos-indexed-measure-stable-controls,a,accepted,0
corpus/ent5-pos-indexed-measure-stable-controls,ap,accepted,0
corpus/ent5-pos-indexed-measure-stable-controls,b,accepted,0
corpus/ent5-pos-indexed-measure-stable-controls,rows,accepted,0
corpus/ent5-pos-indexed-measure-stable-controls,b_rows,accepted,0
corpus/prov6-pos-discard-copy-affine-results,base,accepted,0
corpus/prov6-pos-discard-copy-affine-results,off,accepted,0
corpus/prov6-pos-discard-copy-affine-results,a,accepted,0
corpus/prov6-pos-discard-copy-affine-results,ap,accepted,0
corpus/prov6-pos-discard-copy-affine-results,b,accepted,0
corpus/prov6-pos-discard-copy-affine-results,rows,accepted,0
corpus/prov6-pos-discard-copy-affine-results,b_rows,accepted,0
corpus/prov6-neg-discard-linear-result,base,Source:PROV-6:LinearValueNotConsumed,1
corpus/prov6-neg-discard-linear-result,off,Source:PROV-6:LinearValueNotConsumed,1
corpus/prov6-neg-discard-linear-result,a,Source:PROV-6:LinearValueNotConsumed,1
corpus/prov6-neg-discard-linear-result,ap,Source:PROV-6:LinearValueNotConsumed,1
corpus/prov6-neg-discard-linear-result,b,Source:PROV-6:LinearValueNotConsumed,1
corpus/prov6-neg-discard-linear-result,rows,Source:PROV-6:LinearValueNotConsumed,1
corpus/prov6-neg-discard-linear-result,b_rows,Source:PROV-6:LinearValueNotConsumed,1
corpus/prov6-neg-runtime-array-fill-noncopy-nested-element,base,Source:PROV-6:LinearityBoundMismatch,1
corpus/prov6-neg-runtime-array-fill-noncopy-nested-element,off,Source:PROV-6:LinearityBoundMismatch,1
corpus/prov6-neg-runtime-array-fill-noncopy-nested-element,a,Source:PROV-6:LinearityBoundMismatch,1
corpus/prov6-neg-runtime-array-fill-noncopy-nested-element,ap,Source:PROV-6:LinearityBoundMismatch,1
corpus/prov6-neg-runtime-array-fill-noncopy-nested-element,b,Source:PROV-6:LinearityBoundMismatch,1
corpus/prov6-neg-runtime-array-fill-noncopy-nested-element,rows,Source:PROV-6:LinearityBoundMismatch,1
corpus/prov6-neg-runtime-array-fill-noncopy-nested-element,b_rows,Source:PROV-6:LinearityBoundMismatch,1
corpus/ref2-pos-bystander-preservation,base,accepted,0
corpus/ref2-pos-bystander-preservation,off,accepted,0
corpus/ref2-pos-bystander-preservation,a,accepted,0
corpus/ref2-pos-bystander-preservation,ap,accepted,0
corpus/ref2-pos-bystander-preservation,b,accepted,0
corpus/ref2-pos-bystander-preservation,rows,accepted,0
corpus/ref2-pos-bystander-preservation,b_rows,accepted,0
corpus/ref2-neg-bystander-joined-target,base,Source:REF-2:InvalidReferenceUse,1
corpus/ref2-neg-bystander-joined-target,off,Source:REF-2:InvalidReferenceUse,1
corpus/ref2-neg-bystander-joined-target,a,Source:REF-2:InvalidReferenceUse,1
corpus/ref2-neg-bystander-joined-target,ap,Source:REF-2:InvalidReferenceUse,1
corpus/ref2-neg-bystander-joined-target,b,Source:REF-2:InvalidReferenceUse,1
corpus/ref2-neg-bystander-joined-target,rows,Source:REF-2:InvalidReferenceUse,1
corpus/ref2-neg-bystander-joined-target,b_rows,Source:REF-2:InvalidReferenceUse,1
corpus/ref2-neg-bystander-stale-capture,base,Source:REF-2:InvalidReferenceUse,1
corpus/ref2-neg-bystander-stale-capture,off,Source:REF-2:InvalidReferenceUse,1
corpus/ref2-neg-bystander-stale-capture,a,Source:REF-2:InvalidReferenceUse,1
corpus/ref2-neg-bystander-stale-capture,ap,Source:REF-2:InvalidReferenceUse,1
corpus/ref2-neg-bystander-stale-capture,b,Source:REF-2:InvalidReferenceUse,1
corpus/ref2-neg-bystander-stale-capture,rows,Source:REF-2:InvalidReferenceUse,1
corpus/ref2-neg-bystander-stale-capture,b_rows,Source:REF-2:InvalidReferenceUse,1
corpus/ref2-neg-bystander-escaped-guard,base,Source:REF-2:InvalidReferenceUse,1
corpus/ref2-neg-bystander-escaped-guard,off,Source:REF-2:InvalidReferenceUse,1
corpus/ref2-neg-bystander-escaped-guard,a,Source:REF-2:InvalidReferenceUse,1
corpus/ref2-neg-bystander-escaped-guard,ap,Source:REF-2:InvalidReferenceUse,1
corpus/ref2-neg-bystander-escaped-guard,b,Source:REF-2:InvalidReferenceUse,1
corpus/ref2-neg-bystander-escaped-guard,rows,Source:REF-2:InvalidReferenceUse,1
corpus/ref2-neg-bystander-escaped-guard,b_rows,Source:REF-2:InvalidReferenceUse,1
corpus/ref2-neg-bystander-late-guard,base,Source:REF-2:InvalidReferenceUse,1
corpus/ref2-neg-bystander-late-guard,off,Source:REF-2:InvalidReferenceUse,1
corpus/ref2-neg-bystander-late-guard,a,Source:REF-2:InvalidReferenceUse,1
corpus/ref2-neg-bystander-late-guard,ap,Source:REF-2:InvalidReferenceUse,1
corpus/ref2-neg-bystander-late-guard,b,Source:REF-2:InvalidReferenceUse,1
corpus/ref2-neg-bystander-late-guard,rows,Source:REF-2:InvalidReferenceUse,1
corpus/ref2-neg-bystander-late-guard,b_rows,Source:REF-2:InvalidReferenceUse,1
corpus/ref2-neg-bystander-loop-backedge,base,Source:REF-2:InvalidReferenceUse,1
corpus/ref2-neg-bystander-loop-backedge,off,Source:REF-2:InvalidReferenceUse,1
corpus/ref2-neg-bystander-loop-backedge,a,Source:REF-2:InvalidReferenceUse,1
corpus/ref2-neg-bystander-loop-backedge,ap,Source:REF-2:InvalidReferenceUse,1
corpus/ref2-neg-bystander-loop-backedge,b,Source:REF-2:InvalidReferenceUse,1
corpus/ref2-neg-bystander-loop-backedge,rows,Source:REF-2:InvalidReferenceUse,1
corpus/ref2-neg-bystander-loop-backedge,b_rows,Source:REF-2:InvalidReferenceUse,1
corpus/ref2-neg-bystander-late-reformation,base,Source:REF-2:InvalidReferenceUse,1
corpus/ref2-neg-bystander-late-reformation,off,Source:REF-2:InvalidReferenceUse,1
corpus/ref2-neg-bystander-late-reformation,a,Source:REF-2:InvalidReferenceUse,1
corpus/ref2-neg-bystander-late-reformation,ap,Source:REF-2:InvalidReferenceUse,1
corpus/ref2-neg-bystander-late-reformation,b,Source:REF-2:InvalidReferenceUse,1
corpus/ref2-neg-bystander-late-reformation,rows,Source:REF-2:InvalidReferenceUse,1
corpus/ref2-neg-bystander-late-reformation,b_rows,Source:REF-2:InvalidReferenceUse,1
corpus/ref2-neg-bystander-direct-write,base,Source:REF-2:InvalidReferenceUse,1
corpus/ref2-neg-bystander-direct-write,off,Source:REF-2:InvalidReferenceUse,1
corpus/ref2-neg-bystander-direct-write,a,Source:REF-2:InvalidReferenceUse,1
corpus/ref2-neg-bystander-direct-write,ap,Source:REF-2:InvalidReferenceUse,1
corpus/ref2-neg-bystander-direct-write,b,Source:REF-2:InvalidReferenceUse,1
corpus/ref2-neg-bystander-direct-write,rows,Source:REF-2:InvalidReferenceUse,1
corpus/ref2-neg-bystander-direct-write,b_rows,Source:REF-2:InvalidReferenceUse,1
corpus/ref2-neg-bystander-rhs-capture,base,Source:REF-2:InvalidReferenceUse,1
corpus/ref2-neg-bystander-rhs-capture,off,Source:REF-2:InvalidReferenceUse,1
corpus/ref2-neg-bystander-rhs-capture,a,Source:REF-2:InvalidReferenceUse,1
corpus/ref2-neg-bystander-rhs-capture,ap,Source:REF-2:InvalidReferenceUse,1
corpus/ref2-neg-bystander-rhs-capture,b,Source:REF-2:InvalidReferenceUse,1
corpus/ref2-neg-bystander-rhs-capture,rows,Source:REF-2:InvalidReferenceUse,1
corpus/ref2-neg-bystander-rhs-capture,b_rows,Source:REF-2:InvalidReferenceUse,1
corpus/inv1-pos-operation-and-mode-proof-names,base,accepted,0
corpus/inv1-pos-operation-and-mode-proof-names,off,accepted,0
corpus/inv1-pos-operation-and-mode-proof-names,a,accepted,0
corpus/inv1-pos-operation-and-mode-proof-names,ap,accepted,0
corpus/inv1-pos-operation-and-mode-proof-names,b,Source:PRF-1:UndischargedSourceProof,1
corpus/inv1-pos-operation-and-mode-proof-names,rows,accepted,0
corpus/inv1-pos-operation-and-mode-proof-names,b_rows,Source:PRF-1:UndischargedSourceProof,1
corpus/inv1-neg-operation-is-not-a-proof-name,base,Source:INV-1:UnresolvedUse,1
corpus/inv1-neg-operation-is-not-a-proof-name,off,Source:INV-1:UnresolvedUse,1
corpus/inv1-neg-operation-is-not-a-proof-name,a,Source:INV-1:UnresolvedUse,1
corpus/inv1-neg-operation-is-not-a-proof-name,ap,Source:INV-1:UnresolvedUse,1
corpus/inv1-neg-operation-is-not-a-proof-name,b,Source:INV-1:UnresolvedUse,1
corpus/inv1-neg-operation-is-not-a-proof-name,rows,Source:INV-1:UnresolvedUse,1
corpus/inv1-neg-operation-is-not-a-proof-name,b_rows,Source:INV-1:UnresolvedUse,1
corpus/inv1-neg-expired-operation-proof-name,base,Source:INV-1:InvisibleUse,1
corpus/inv1-neg-expired-operation-proof-name,off,Source:INV-1:InvisibleUse,1
corpus/inv1-neg-expired-operation-proof-name,a,Source:INV-1:InvisibleUse,1
corpus/inv1-neg-expired-operation-proof-name,ap,Source:INV-1:InvisibleUse,1
corpus/inv1-neg-expired-operation-proof-name,b,Source:INV-1:InvisibleUse,1
corpus/inv1-neg-expired-operation-proof-name,rows,Source:INV-1:InvisibleUse,1
corpus/inv1-neg-expired-operation-proof-name,b_rows,Source:INV-1:InvisibleUse,1
corpus/form3-neg-counted-operation-name,base,Source:FORM-3:ReservedName,1
corpus/form3-neg-counted-operation-name,off,Source:FORM-3:ReservedName,1
corpus/form3-neg-counted-operation-name,a,Source:FORM-3:ReservedName,1
corpus/form3-neg-counted-operation-name,ap,Source:FORM-3:ReservedName,1
corpus/form3-neg-counted-operation-name,b,Source:FORM-3:ReservedName,1
corpus/form3-neg-counted-operation-name,rows,Source:FORM-3:ReservedName,1
corpus/form3-neg-counted-operation-name,b_rows,Source:FORM-3:ReservedName,1
corpus/form3-neg-counted-mode-name,base,Source:FORM-3:ReservedName,1
corpus/form3-neg-counted-mode-name,off,Source:FORM-3:ReservedName,1
corpus/form3-neg-counted-mode-name,a,Source:FORM-3:ReservedName,1
corpus/form3-neg-counted-mode-name,ap,Source:FORM-3:ReservedName,1
corpus/form3-neg-counted-mode-name,b,Source:FORM-3:ReservedName,1
corpus/form3-neg-counted-mode-name,rows,Source:FORM-3:ReservedName,1
corpus/form3-neg-counted-mode-name,b_rows,Source:FORM-3:ReservedName,1
corpus/form3-pos-counted-name-boundaries,base,accepted,0
corpus/form3-pos-counted-name-boundaries,off,accepted,0
corpus/form3-pos-counted-name-boundaries,a,accepted,0
corpus/form3-pos-counted-name-boundaries,ap,accepted,0
corpus/form3-pos-counted-name-boundaries,b,accepted,0
corpus/form3-pos-counted-name-boundaries,rows,accepted,0
corpus/form3-pos-counted-name-boundaries,b_rows,accepted,0
corpus/fn9-pos-result-value-transport,base,accepted,0
corpus/fn9-pos-result-value-transport,off,accepted,0
corpus/fn9-pos-result-value-transport,a,accepted,0
corpus/fn9-pos-result-value-transport,ap,accepted,0
corpus/fn9-pos-result-value-transport,b,accepted,0
corpus/fn9-pos-result-value-transport,rows,accepted,0
corpus/fn9-pos-result-value-transport,b_rows,accepted,0
corpus/fn9-neg-result-replacement,base,Source:FN-8:UndischargedCallRequirement,1
corpus/fn9-neg-result-replacement,off,Source:FN-8:UndischargedCallRequirement,1
corpus/fn9-neg-result-replacement,a,Source:FN-8:UndischargedCallRequirement,1
corpus/fn9-neg-result-replacement,ap,Source:FN-8:UndischargedCallRequirement,1
corpus/fn9-neg-result-replacement,b,Source:FN-8:UndischargedCallRequirement,1
corpus/fn9-neg-result-replacement,rows,Source:FN-8:UndischargedCallRequirement,1
corpus/fn9-neg-result-replacement,b_rows,Source:FN-8:UndischargedCallRequirement,1
corpus/fn9-neg-result-support-write,base,Source:FN-8:UndischargedCallRequirement,1
corpus/fn9-neg-result-support-write,off,Source:FN-8:UndischargedCallRequirement,1
corpus/fn9-neg-result-support-write,a,Source:FN-8:UndischargedCallRequirement,1
corpus/fn9-neg-result-support-write,ap,Source:FN-8:UndischargedCallRequirement,1
corpus/fn9-neg-result-support-write,b,Source:FN-8:UndischargedCallRequirement,1
corpus/fn9-neg-result-support-write,rows,Source:FN-8:UndischargedCallRequirement,1
corpus/fn9-neg-result-support-write,b_rows,Source:FN-8:UndischargedCallRequirement,1
corpus/fn9-neg-result-guard-isolation,base,Source:FN-8:UndischargedCallRequirement,1
corpus/fn9-neg-result-guard-isolation,off,Source:FN-8:UndischargedCallRequirement,1
corpus/fn9-neg-result-guard-isolation,a,Source:FN-8:UndischargedCallRequirement,1
corpus/fn9-neg-result-guard-isolation,ap,Source:FN-8:UndischargedCallRequirement,1
corpus/fn9-neg-result-guard-isolation,b,Source:FN-8:UndischargedCallRequirement,1
corpus/fn9-neg-result-guard-isolation,rows,Source:FN-8:UndischargedCallRequirement,1
corpus/fn9-neg-result-guard-isolation,b_rows,Source:FN-8:UndischargedCallRequirement,1
corpus/fn9-neg-result-join-bound,base,Source:FN-8:UndischargedCallRequirement,1
corpus/fn9-neg-result-join-bound,off,Source:FN-8:UndischargedCallRequirement,1
corpus/fn9-neg-result-join-bound,a,Source:FN-8:UndischargedCallRequirement,1
corpus/fn9-neg-result-join-bound,ap,Source:FN-8:UndischargedCallRequirement,1
corpus/fn9-neg-result-join-bound,b,Source:FN-8:UndischargedCallRequirement,1
corpus/fn9-neg-result-join-bound,rows,Source:FN-8:UndischargedCallRequirement,1
corpus/fn9-neg-result-join-bound,b_rows,Source:FN-8:UndischargedCallRequirement,1
corpus/fn9-neg-result-loop-replacement,base,Source:FN-8:UndischargedCallRequirement,1
corpus/fn9-neg-result-loop-replacement,off,Source:FN-8:UndischargedCallRequirement,1
corpus/fn9-neg-result-loop-replacement,a,Source:FN-8:UndischargedCallRequirement,1
corpus/fn9-neg-result-loop-replacement,ap,Source:FN-8:UndischargedCallRequirement,1
corpus/fn9-neg-result-loop-replacement,b,Source:FN-8:UndischargedCallRequirement,1
corpus/fn9-neg-result-loop-replacement,rows,Source:FN-8:UndischargedCallRequirement,1
corpus/fn9-neg-result-loop-replacement,b_rows,Source:FN-8:UndischargedCallRequirement,1
corpus/fn9-neg-result-forward-strengthening,base,Source:FN-9:UndischargedPostcondition,1
corpus/fn9-neg-result-forward-strengthening,off,Source:FN-9:UndischargedPostcondition,1
corpus/fn9-neg-result-forward-strengthening,a,Source:FN-9:UndischargedPostcondition,1
corpus/fn9-neg-result-forward-strengthening,ap,Source:FN-9:UndischargedPostcondition,1
corpus/fn9-neg-result-forward-strengthening,b,Source:FN-9:UndischargedPostcondition,1
corpus/fn9-neg-result-forward-strengthening,rows,Source:FN-9:UndischargedPostcondition,1
corpus/fn9-neg-result-forward-strengthening,b_rows,Source:FN-9:UndischargedPostcondition,1
corpus/fn9-pos-result-conditional-joins,base,accepted,0
corpus/fn9-pos-result-conditional-joins,off,accepted,0
corpus/fn9-pos-result-conditional-joins,a,accepted,0
corpus/fn9-pos-result-conditional-joins,ap,accepted,0
corpus/fn9-pos-result-conditional-joins,b,accepted,0
corpus/fn9-pos-result-conditional-joins,rows,accepted,0
corpus/fn9-pos-result-conditional-joins,b_rows,accepted,0
corpus/fn9-neg-result-empty-forward,base,Source:FN-9:NoSelectedNormalExit,1
corpus/fn9-neg-result-empty-forward,off,Source:FN-9:NoSelectedNormalExit,1
corpus/fn9-neg-result-empty-forward,a,Source:FN-9:NoSelectedNormalExit,1
corpus/fn9-neg-result-empty-forward,ap,Source:FN-9:NoSelectedNormalExit,1
corpus/fn9-neg-result-empty-forward,b,Source:FN-9:NoSelectedNormalExit,1
corpus/fn9-neg-result-empty-forward,rows,Source:FN-9:NoSelectedNormalExit,1
corpus/fn9-neg-result-empty-forward,b_rows,Source:FN-9:NoSelectedNormalExit,1
corpus/fn9-neg-result-recursive-forward,base,Source:FN-9:UndischargedPostcondition,1
corpus/fn9-neg-result-recursive-forward,off,Source:FN-9:UndischargedPostcondition,1
corpus/fn9-neg-result-recursive-forward,a,Source:FN-9:UndischargedPostcondition,1
corpus/fn9-neg-result-recursive-forward,ap,Source:FN-9:UndischargedPostcondition,1
corpus/fn9-neg-result-recursive-forward,b,Source:FN-9:UndischargedPostcondition,1
corpus/fn9-neg-result-recursive-forward,rows,Source:FN-9:UndischargedPostcondition,1
corpus/fn9-neg-result-recursive-forward,b_rows,Source:FN-9:UndischargedPostcondition,1
corpus/fn9-neg-result-descriptor-write,base,Source:FN-8:UndischargedCallRequirement,1
corpus/fn9-neg-result-descriptor-write,off,Source:FN-8:UndischargedCallRequirement,1
corpus/fn9-neg-result-descriptor-write,a,Source:FN-8:UndischargedCallRequirement,1
corpus/fn9-neg-result-descriptor-write,ap,Source:FN-8:UndischargedCallRequirement,1
corpus/fn9-neg-result-descriptor-write,b,Source:FN-8:UndischargedCallRequirement,1
corpus/fn9-neg-result-descriptor-write,rows,Source:FN-8:UndischargedCallRequirement,1
corpus/fn9-neg-result-descriptor-write,b_rows,Source:FN-8:UndischargedCallRequirement,1
corpus/const2-pos-generic-struct-const,base,accepted,0
corpus/const2-pos-generic-struct-const,off,accepted,0
corpus/const2-pos-generic-struct-const,a,accepted,0
corpus/const2-pos-generic-struct-const,ap,accepted,0
corpus/const2-pos-generic-struct-const,b,accepted,0
corpus/const2-pos-generic-struct-const,rows,accepted,0
corpus/const2-pos-generic-struct-const,b_rows,accepted,0
corpus/const2-neg-generic-struct-instance,base,Source:CONST-2:InvalidConstValue,1
corpus/const2-neg-generic-struct-instance,off,Source:CONST-2:InvalidConstValue,1
corpus/const2-neg-generic-struct-instance,a,Source:CONST-2:InvalidConstValue,1
corpus/const2-neg-generic-struct-instance,ap,Source:CONST-2:InvalidConstValue,1
corpus/const2-neg-generic-struct-instance,b,Source:CONST-2:InvalidConstValue,1
corpus/const2-neg-generic-struct-instance,rows,Source:CONST-2:InvalidConstValue,1
corpus/const2-neg-generic-struct-instance,b_rows,Source:CONST-2:InvalidConstValue,1
corpus/const2-neg-generic-struct-window,base,Source:CONST-2:InvalidConstValue,1
corpus/const2-neg-generic-struct-window,off,Source:CONST-2:InvalidConstValue,1
corpus/const2-neg-generic-struct-window,a,Source:CONST-2:InvalidConstValue,1
corpus/const2-neg-generic-struct-window,ap,Source:CONST-2:InvalidConstValue,1
corpus/const2-neg-generic-struct-window,b,Source:CONST-2:InvalidConstValue,1
corpus/const2-neg-generic-struct-window,rows,Source:CONST-2:InvalidConstValue,1
corpus/const2-neg-generic-struct-window,b_rows,Source:CONST-2:InvalidConstValue,1
corpus/gram2-neg-own-parameter-annotation,base,Source:GRAM-3:UnexpectedToken,1
corpus/gram2-neg-own-parameter-annotation,off,Source:GRAM-3:UnexpectedToken,1
corpus/gram2-neg-own-parameter-annotation,a,Source:GRAM-3:UnexpectedToken,1
corpus/gram2-neg-own-parameter-annotation,ap,Source:GRAM-3:UnexpectedToken,1
corpus/gram2-neg-own-parameter-annotation,b,Source:GRAM-3:UnexpectedToken,1
corpus/gram2-neg-own-parameter-annotation,rows,Source:GRAM-3:UnexpectedToken,1
corpus/gram2-neg-own-parameter-annotation,b_rows,Source:GRAM-3:UnexpectedToken,1
corpus/form3-neg-own-result-annotation,base,Source:GRAM-3:UnexpectedToken,1
corpus/form3-neg-own-result-annotation,off,Source:GRAM-3:UnexpectedToken,1
corpus/form3-neg-own-result-annotation,a,Source:GRAM-3:UnexpectedToken,1
corpus/form3-neg-own-result-annotation,ap,Source:GRAM-3:UnexpectedToken,1
corpus/form3-neg-own-result-annotation,b,Source:GRAM-3:UnexpectedToken,1
corpus/form3-neg-own-result-annotation,rows,Source:GRAM-3:UnexpectedToken,1
corpus/form3-neg-own-result-annotation,b_rows,Source:GRAM-3:UnexpectedToken,1
corpus/form3-pos-own-identifier,base,accepted,0
corpus/form3-pos-own-identifier,off,accepted,0
corpus/form3-pos-own-identifier,a,accepted,0
corpus/form3-pos-own-identifier,ap,accepted,0
corpus/form3-pos-own-identifier,b,accepted,0
corpus/form3-pos-own-identifier,rows,accepted,0
corpus/form3-pos-own-identifier,b_rows,accepted,0
corpus/op6-pos-exact-domain-proofs,base,accepted,0
corpus/op6-pos-exact-domain-proofs,off,accepted,0
corpus/op6-pos-exact-domain-proofs,a,accepted,0
corpus/op6-pos-exact-domain-proofs,ap,accepted,0
corpus/op6-pos-exact-domain-proofs,b,accepted,0
corpus/op6-pos-exact-domain-proofs,rows,accepted,0
corpus/op6-pos-exact-domain-proofs,b_rows,accepted,0
corpus/op6-pos-generic-conversions,base,accepted,0
corpus/op6-pos-generic-conversions,off,accepted,0
corpus/op6-pos-generic-conversions,a,accepted,0
corpus/op6-pos-generic-conversions,ap,accepted,0
corpus/op6-pos-generic-conversions,b,accepted,0
corpus/op6-pos-generic-conversions,rows,accepted,0
corpus/op6-pos-generic-conversions,b_rows,accepted,0
corpus/op6-pos-domain-boundaries,base,accepted,0
corpus/op6-pos-domain-boundaries,off,accepted,0
corpus/op6-pos-domain-boundaries,a,accepted,0
corpus/op6-pos-domain-boundaries,ap,accepted,0
corpus/op6-pos-domain-boundaries,b,accepted,0
corpus/op6-pos-domain-boundaries,rows,accepted,0
corpus/op6-pos-domain-boundaries,b_rows,accepted,0
corpus/op6-pos-checked-integer-evidence,base,accepted,0
corpus/op6-pos-checked-integer-evidence,off,accepted,0
corpus/op6-pos-checked-integer-evidence,a,accepted,0
corpus/op6-pos-checked-integer-evidence,ap,accepted,0
corpus/op6-pos-checked-integer-evidence,b,accepted,0
corpus/op6-pos-checked-integer-evidence,rows,accepted,0
corpus/op6-pos-checked-integer-evidence,b_rows,accepted,0
corpus/op6-neg-unproved-domain,base,Source:OP-6:UndischargedConversionDomainObligation,1
corpus/op6-neg-unproved-domain,off,Source:OP-6:UndischargedConversionDomainObligation,1
corpus/op6-neg-unproved-domain,a,Source:OP-6:UndischargedConversionDomainObligation,1
corpus/op6-neg-unproved-domain,ap,Source:OP-6:UndischargedConversionDomainObligation,1
corpus/op6-neg-unproved-domain,b,Source:OP-6:UndischargedConversionDomainObligation,1
corpus/op6-neg-unproved-domain,rows,Source:OP-6:UndischargedConversionDomainObligation,1
corpus/op6-neg-unproved-domain,b_rows,Source:OP-6:UndischargedConversionDomainObligation,1
corpus/op6-neg-inexact-constant,base,Source:OP-6:UndischargedConversionDomainObligation,1
corpus/op6-neg-inexact-constant,off,Source:OP-6:UndischargedConversionDomainObligation,1
corpus/op6-neg-inexact-constant,a,Source:OP-6:UndischargedConversionDomainObligation,1
corpus/op6-neg-inexact-constant,ap,Source:OP-6:UndischargedConversionDomainObligation,1
corpus/op6-neg-inexact-constant,b,Source:OP-6:UndischargedConversionDomainObligation,1
corpus/op6-neg-inexact-constant,rows,Source:OP-6:UndischargedConversionDomainObligation,1
corpus/op6-neg-inexact-constant,b_rows,Source:OP-6:UndischargedConversionDomainObligation,1
corpus/op6-neg-float-range-without-integrality,base,Source:OP-6:UndischargedConversionDomainObligation,1
corpus/op6-neg-float-range-without-integrality,off,Source:OP-6:UndischargedConversionDomainObligation,1
corpus/op6-neg-float-range-without-integrality,a,Source:OP-6:UndischargedConversionDomainObligation,1
corpus/op6-neg-float-range-without-integrality,ap,Source:OP-6:UndischargedConversionDomainObligation,1
corpus/op6-neg-float-range-without-integrality,b,Source:OP-6:UndischargedConversionDomainObligation,1
corpus/op6-neg-float-range-without-integrality,rows,Source:OP-6:UndischargedConversionDomainObligation,1
corpus/op6-neg-float-range-without-integrality,b_rows,Source:OP-6:UndischargedConversionDomainObligation,1
corpus/op6-neg-defined-stale-operand,base,Source:OP-6:UndischargedConversionDomainObligation,1
corpus/op6-neg-defined-stale-operand,off,Source:OP-6:UndischargedConversionDomainObligation,1
corpus/op6-neg-defined-stale-operand,a,Source:OP-6:UndischargedConversionDomainObligation,1
corpus/op6-neg-defined-stale-operand,ap,Source:OP-6:UndischargedConversionDomainObligation,1
corpus/op6-neg-defined-stale-operand,b,Source:OP-6:UndischargedConversionDomainObligation,1
corpus/op6-neg-defined-stale-operand,rows,Source:OP-6:UndischargedConversionDomainObligation,1
corpus/op6-neg-defined-stale-operand,b_rows,Source:OP-6:UndischargedConversionDomainObligation,1
corpus/op6-neg-defined-wrong-destination,base,Source:OP-6:UndischargedConversionDomainObligation,1
corpus/op6-neg-defined-wrong-destination,off,Source:OP-6:UndischargedConversionDomainObligation,1
corpus/op6-neg-defined-wrong-destination,a,Source:OP-6:UndischargedConversionDomainObligation,1
corpus/op6-neg-defined-wrong-destination,ap,Source:OP-6:UndischargedConversionDomainObligation,1
corpus/op6-neg-defined-wrong-destination,b,Source:OP-6:UndischargedConversionDomainObligation,1
corpus/op6-neg-defined-wrong-destination,rows,Source:OP-6:UndischargedConversionDomainObligation,1
corpus/op6-neg-defined-wrong-destination,b_rows,Source:OP-6:UndischargedConversionDomainObligation,1
corpus/op6-neg-defined-false-edge,base,Source:OP-6:UndischargedConversionDomainObligation,1
corpus/op6-neg-defined-false-edge,off,Source:OP-6:UndischargedConversionDomainObligation,1
corpus/op6-neg-defined-false-edge,a,Source:OP-6:UndischargedConversionDomainObligation,1
corpus/op6-neg-defined-false-edge,ap,Source:OP-6:UndischargedConversionDomainObligation,1
corpus/op6-neg-defined-false-edge,b,Source:OP-6:UndischargedConversionDomainObligation,1
corpus/op6-neg-defined-false-edge,rows,Source:OP-6:UndischargedConversionDomainObligation,1
corpus/op6-neg-defined-false-edge,b_rows,Source:OP-6:UndischargedConversionDomainObligation,1
corpus/fn8-neg-cvt-requirement-outside-domain,base,Source:FN-8:UndischargedCallRequirement,1
corpus/fn8-neg-cvt-requirement-outside-domain,off,Source:FN-8:UndischargedCallRequirement,1
corpus/fn8-neg-cvt-requirement-outside-domain,a,Source:FN-8:UndischargedCallRequirement,1
corpus/fn8-neg-cvt-requirement-outside-domain,ap,Source:FN-8:UndischargedCallRequirement,1
corpus/fn8-neg-cvt-requirement-outside-domain,b,Source:FN-8:UndischargedCallRequirement,1
corpus/fn8-neg-cvt-requirement-outside-domain,rows,Source:FN-8:UndischargedCallRequirement,1
corpus/fn8-neg-cvt-requirement-outside-domain,b_rows,Source:FN-8:UndischargedCallRequirement,1
corpus/fn8-neg-partial-cvt-definition,base,Source:FN-8:InvalidRequires,1
corpus/fn8-neg-partial-cvt-definition,off,Source:FN-8:InvalidRequires,1
corpus/fn8-neg-partial-cvt-definition,a,Source:FN-8:InvalidRequires,1
corpus/fn8-neg-partial-cvt-definition,ap,Source:FN-8:InvalidRequires,1
corpus/fn8-neg-partial-cvt-definition,b,Source:FN-8:InvalidRequires,1
corpus/fn8-neg-partial-cvt-definition,rows,Source:FN-8:InvalidRequires,1
corpus/fn8-neg-partial-cvt-definition,b_rows,Source:FN-8:InvalidRequires,1
corpus/op6-neg-checked-float-domain-evidence,base,Source:OP-6:UndischargedConversionDomainObligation,1
corpus/op6-neg-checked-float-domain-evidence,off,Source:OP-6:UndischargedConversionDomainObligation,1
corpus/op6-neg-checked-float-domain-evidence,a,Source:OP-6:UndischargedConversionDomainObligation,1
corpus/op6-neg-checked-float-domain-evidence,ap,Source:OP-6:UndischargedConversionDomainObligation,1
corpus/op6-neg-checked-float-domain-evidence,b,Source:OP-6:UndischargedConversionDomainObligation,1
corpus/op6-neg-checked-float-domain-evidence,rows,Source:OP-6:UndischargedConversionDomainObligation,1
corpus/op6-neg-checked-float-domain-evidence,b_rows,Source:OP-6:UndischargedConversionDomainObligation,1
corpus/op4-neg-cvt-result-is-not-new-input,base,Source:OP-4:UndischargedBoundsObligation,1
corpus/op4-neg-cvt-result-is-not-new-input,off,Source:OP-4:UndischargedBoundsObligation,1
corpus/op4-neg-cvt-result-is-not-new-input,a,Source:OP-4:UndischargedBoundsObligation,1
corpus/op4-neg-cvt-result-is-not-new-input,ap,Source:OP-4:UndischargedBoundsObligation,1
corpus/op4-neg-cvt-result-is-not-new-input,b,Source:OP-4:UndischargedBoundsObligation,1
corpus/op4-neg-cvt-result-is-not-new-input,rows,Source:OP-4:UndischargedBoundsObligation,1
corpus/op4-neg-cvt-result-is-not-new-input,b_rows,Source:OP-4:UndischargedBoundsObligation,1
corpus/op6-neg-unused-generic-domain,base,Source:OP-6:UndischargedConversionDomainObligation,1
corpus/op6-neg-unused-generic-domain,off,Source:OP-6:UndischargedConversionDomainObligation,1
corpus/op6-neg-unused-generic-domain,a,Source:OP-6:UndischargedConversionDomainObligation,1
corpus/op6-neg-unused-generic-domain,ap,Source:OP-6:UndischargedConversionDomainObligation,1
corpus/op6-neg-unused-generic-domain,b,Source:OP-6:UndischargedConversionDomainObligation,1
corpus/op6-neg-unused-generic-domain,rows,Source:OP-6:UndischargedConversionDomainObligation,1
corpus/op6-neg-unused-generic-domain,b_rows,Source:OP-6:UndischargedConversionDomainObligation,1
corpus/op1-neg-cvt-wrap-float,base,Source:OP-1:InvalidOperation,1
corpus/op1-neg-cvt-wrap-float,off,Source:OP-1:InvalidOperation,1
corpus/op1-neg-cvt-wrap-float,a,Source:OP-1:InvalidOperation,1
corpus/op1-neg-cvt-wrap-float,ap,Source:OP-1:InvalidOperation,1
corpus/op1-neg-cvt-wrap-float,b,Source:OP-1:InvalidOperation,1
corpus/op1-neg-cvt-wrap-float,rows,Source:OP-1:InvalidOperation,1
corpus/op1-neg-cvt-wrap-float,b_rows,Source:OP-1:InvalidOperation,1
corpus/op1-neg-cvt-wrap-symbolic-float,base,Source:OP-1:InvalidOperation,1
corpus/op1-neg-cvt-wrap-symbolic-float,off,Source:OP-1:InvalidOperation,1
corpus/op1-neg-cvt-wrap-symbolic-float,a,Source:OP-1:InvalidOperation,1
corpus/op1-neg-cvt-wrap-symbolic-float,ap,Source:OP-1:InvalidOperation,1
corpus/op1-neg-cvt-wrap-symbolic-float,b,Source:OP-1:InvalidOperation,1
corpus/op1-neg-cvt-wrap-symbolic-float,rows,Source:OP-1:InvalidOperation,1
corpus/op1-neg-cvt-wrap-symbolic-float,b_rows,Source:OP-1:InvalidOperation,1
corpus/fn9-neg-wrapped-value-is-not-input,base,Source:FN-9:UndischargedPostcondition,1
corpus/fn9-neg-wrapped-value-is-not-input,off,Source:FN-9:UndischargedPostcondition,1
corpus/fn9-neg-wrapped-value-is-not-input,a,Source:FN-9:UndischargedPostcondition,1
corpus/fn9-neg-wrapped-value-is-not-input,ap,Source:FN-9:UndischargedPostcondition,1
corpus/fn9-neg-wrapped-value-is-not-input,b,Source:FN-9:UndischargedPostcondition,1
corpus/fn9-neg-wrapped-value-is-not-input,rows,Source:FN-9:UndischargedPostcondition,1
corpus/fn9-neg-wrapped-value-is-not-input,b_rows,Source:FN-9:UndischargedPostcondition,1
corpus/ent2-pos-readonly-field-below-subscript-endpoint,base,accepted,0
corpus/ent2-pos-readonly-field-below-subscript-endpoint,off,accepted,0
corpus/ent2-pos-readonly-field-below-subscript-endpoint,a,accepted,0
corpus/ent2-pos-readonly-field-below-subscript-endpoint,ap,accepted,0
corpus/ent2-pos-readonly-field-below-subscript-endpoint,b,accepted,0
corpus/ent2-pos-readonly-field-below-subscript-endpoint,rows,accepted,0
corpus/ent2-pos-readonly-field-below-subscript-endpoint,b_rows,accepted,0
corpus/fn8-pos-readonly-field-below-subscript-requirement,base,accepted,0
corpus/fn8-pos-readonly-field-below-subscript-requirement,off,accepted,0
corpus/fn8-pos-readonly-field-below-subscript-requirement,a,accepted,0
corpus/fn8-pos-readonly-field-below-subscript-requirement,ap,accepted,0
corpus/fn8-pos-readonly-field-below-subscript-requirement,b,accepted,0
corpus/fn8-pos-readonly-field-below-subscript-requirement,rows,accepted,0
corpus/fn8-pos-readonly-field-below-subscript-requirement,b_rows,accepted,0
corpus/ent3-pos-readonly-field-let-copy,base,accepted,0
corpus/ent3-pos-readonly-field-let-copy,off,accepted,0
corpus/ent3-pos-readonly-field-let-copy,a,accepted,0
corpus/ent3-pos-readonly-field-let-copy,ap,accepted,0
corpus/ent3-pos-readonly-field-let-copy,b,accepted,0
corpus/ent3-pos-readonly-field-let-copy,rows,accepted,0
corpus/ent3-pos-readonly-field-let-copy,b_rows,accepted,0
corpus/ent5-neg-readonly-field-offset-reassigned-in-loop,base,Source:OP-4:UndischargedBoundsObligation,1
corpus/ent5-neg-readonly-field-offset-reassigned-in-loop,off,Source:OP-4:UndischargedBoundsObligation,1
corpus/ent5-neg-readonly-field-offset-reassigned-in-loop,a,Source:OP-4:UndischargedBoundsObligation,1
corpus/ent5-neg-readonly-field-offset-reassigned-in-loop,ap,Source:OP-4:UndischargedBoundsObligation,1
corpus/ent5-neg-readonly-field-offset-reassigned-in-loop,b,Source:OP-4:UndischargedBoundsObligation,1
corpus/ent5-neg-readonly-field-offset-reassigned-in-loop,rows,Source:OP-4:UndischargedBoundsObligation,1
corpus/ent5-neg-readonly-field-offset-reassigned-in-loop,b_rows,Source:OP-4:UndischargedBoundsObligation,1
corpus/ent5-neg-readonly-field-element-replaced,base,Source:OP-4:UndischargedBoundsObligation,1
corpus/ent5-neg-readonly-field-element-replaced,off,Source:OP-4:UndischargedBoundsObligation,1
corpus/ent5-neg-readonly-field-element-replaced,a,Source:OP-4:UndischargedBoundsObligation,1
corpus/ent5-neg-readonly-field-element-replaced,ap,Source:OP-4:UndischargedBoundsObligation,1
corpus/ent5-neg-readonly-field-element-replaced,b,Source:OP-4:UndischargedBoundsObligation,1
corpus/ent5-neg-readonly-field-element-replaced,rows,Source:OP-4:UndischargedBoundsObligation,1
corpus/ent5-neg-readonly-field-element-replaced,b_rows,Source:OP-4:UndischargedBoundsObligation,1
corpus/ent5-neg-readonly-field-element-swapped,base,Source:OP-4:UndischargedBoundsObligation,1
corpus/ent5-neg-readonly-field-element-swapped,off,Source:OP-4:UndischargedBoundsObligation,1
corpus/ent5-neg-readonly-field-element-swapped,a,Source:OP-4:UndischargedBoundsObligation,1
corpus/ent5-neg-readonly-field-element-swapped,ap,Source:OP-4:UndischargedBoundsObligation,1
corpus/ent5-neg-readonly-field-element-swapped,b,Source:OP-4:UndischargedBoundsObligation,1
corpus/ent5-neg-readonly-field-element-swapped,rows,Source:OP-4:UndischargedBoundsObligation,1
corpus/ent5-neg-readonly-field-element-swapped,b_rows,Source:OP-4:UndischargedBoundsObligation,1
corpus/ent5-neg-readonly-field-window-shift,base,Source:OP-4:UndischargedBoundsObligation,1
corpus/ent5-neg-readonly-field-window-shift,off,Source:OP-4:UndischargedBoundsObligation,1
corpus/ent5-neg-readonly-field-window-shift,a,Source:OP-4:UndischargedBoundsObligation,1
corpus/ent5-neg-readonly-field-window-shift,ap,Source:OP-4:UndischargedBoundsObligation,1
corpus/ent5-neg-readonly-field-window-shift,b,Source:OP-4:UndischargedBoundsObligation,1
corpus/ent5-neg-readonly-field-window-shift,rows,Source:OP-4:UndischargedBoundsObligation,1
corpus/ent5-neg-readonly-field-window-shift,b_rows,Source:OP-4:UndischargedBoundsObligation,1
corpus/ent5-neg-readonly-field-callee-writes-base,base,Source:OP-4:UndischargedBoundsObligation,1
corpus/ent5-neg-readonly-field-callee-writes-base,off,Source:OP-4:UndischargedBoundsObligation,1
corpus/ent5-neg-readonly-field-callee-writes-base,a,Source:OP-4:UndischargedBoundsObligation,1
corpus/ent5-neg-readonly-field-callee-writes-base,ap,Source:OP-4:UndischargedBoundsObligation,1
corpus/ent5-neg-readonly-field-callee-writes-base,b,Source:OP-4:UndischargedBoundsObligation,1
corpus/ent5-neg-readonly-field-callee-writes-base,rows,Source:OP-4:UndischargedBoundsObligation,1
corpus/ent5-neg-readonly-field-callee-writes-base,b_rows,Source:OP-4:UndischargedBoundsObligation,1
corpus/ent5-pos-readonly-field-sibling-and-distinct-writes,base,accepted,0
corpus/ent5-pos-readonly-field-sibling-and-distinct-writes,off,accepted,0
corpus/ent5-pos-readonly-field-sibling-and-distinct-writes,a,accepted,0
corpus/ent5-pos-readonly-field-sibling-and-distinct-writes,ap,accepted,0
corpus/ent5-pos-readonly-field-sibling-and-distinct-writes,b,accepted,0
corpus/ent5-pos-readonly-field-sibling-and-distinct-writes,rows,accepted,0
corpus/ent5-pos-readonly-field-sibling-and-distinct-writes,b_rows,accepted,0
corpus/ent2-neg-writable-field-below-subscript-endpoint,base,Source:ENT-2:InvalidCountedEndpoint,1
corpus/ent2-neg-writable-field-below-subscript-endpoint,off,Source:ENT-2:InvalidCountedEndpoint,1
corpus/ent2-neg-writable-field-below-subscript-endpoint,a,Source:ENT-2:InvalidCountedEndpoint,1
corpus/ent2-neg-writable-field-below-subscript-endpoint,ap,Source:ENT-2:InvalidCountedEndpoint,1
corpus/ent2-neg-writable-field-below-subscript-endpoint,b,Source:ENT-2:InvalidCountedEndpoint,1
corpus/ent2-neg-writable-field-below-subscript-endpoint,rows,Source:ENT-2:InvalidCountedEndpoint,1
corpus/ent2-neg-writable-field-below-subscript-endpoint,b_rows,Source:ENT-2:InvalidCountedEndpoint,1
corpus/fn8-neg-writable-field-below-subscript-requirement,base,Source:FN-8:InvalidRequires,1
corpus/fn8-neg-writable-field-below-subscript-requirement,off,Source:FN-8:InvalidRequires,1
corpus/fn8-neg-writable-field-below-subscript-requirement,a,Source:FN-8:InvalidRequires,1
corpus/fn8-neg-writable-field-below-subscript-requirement,ap,Source:FN-8:InvalidRequires,1
corpus/fn8-neg-writable-field-below-subscript-requirement,b,Source:FN-8:InvalidRequires,1
corpus/fn8-neg-writable-field-below-subscript-requirement,rows,Source:FN-8:InvalidRequires,1
corpus/fn8-neg-writable-field-below-subscript-requirement,b_rows,Source:FN-8:InvalidRequires,1
corpus/fn9-neg-readonly-field-below-subscript-relation,base,Source:FN-9:InvalidPostconditionRelation,1
corpus/fn9-neg-readonly-field-below-subscript-relation,off,Source:FN-9:InvalidPostconditionRelation,1
corpus/fn9-neg-readonly-field-below-subscript-relation,a,Source:FN-9:InvalidPostconditionRelation,1
corpus/fn9-neg-readonly-field-below-subscript-relation,ap,Source:FN-9:InvalidPostconditionRelation,1
corpus/fn9-neg-readonly-field-below-subscript-relation,b,Source:FN-9:InvalidPostconditionRelation,1
corpus/fn9-neg-readonly-field-below-subscript-relation,rows,Source:FN-9:InvalidPostconditionRelation,1
corpus/fn9-neg-readonly-field-below-subscript-relation,b_rows,Source:FN-9:InvalidPostconditionRelation,1
corpus/ent2-neg-element-offset-readonly-field-endpoint,base,Source:ENT-2:InvalidCountedEndpoint,1
corpus/ent2-neg-element-offset-readonly-field-endpoint,off,Source:ENT-2:InvalidCountedEndpoint,1
corpus/ent2-neg-element-offset-readonly-field-endpoint,a,Source:ENT-2:InvalidCountedEndpoint,1
corpus/ent2-neg-element-offset-readonly-field-endpoint,ap,Source:ENT-2:InvalidCountedEndpoint,1
corpus/ent2-neg-element-offset-readonly-field-endpoint,b,Source:ENT-2:InvalidCountedEndpoint,1
corpus/ent2-neg-element-offset-readonly-field-endpoint,rows,Source:ENT-2:InvalidCountedEndpoint,1
corpus/ent2-neg-element-offset-readonly-field-endpoint,b_rows,Source:ENT-2:InvalidCountedEndpoint,1
corpus/fn8-neg-element-offset-in-clause-place,base,Source:FN-8:InvalidRequires,1
corpus/fn8-neg-element-offset-in-clause-place,off,Source:FN-8:InvalidRequires,1
corpus/fn8-neg-element-offset-in-clause-place,a,Source:FN-8:InvalidRequires,1
corpus/fn8-neg-element-offset-in-clause-place,ap,Source:FN-8:InvalidRequires,1
corpus/fn8-neg-element-offset-in-clause-place,b,Source:FN-8:InvalidRequires,1
corpus/fn8-neg-element-offset-in-clause-place,rows,Source:FN-8:InvalidRequires,1
corpus/fn8-neg-element-offset-in-clause-place,b_rows,Source:FN-8:InvalidRequires,1
corpus/mod1-pos-ordered-graph-and-entries,base,accepted,0
corpus/mod1-pos-ordered-graph-and-entries,off,accepted,0
corpus/mod1-pos-ordered-graph-and-entries,a,accepted,0
corpus/mod1-pos-ordered-graph-and-entries,ap,accepted,0
corpus/mod1-pos-ordered-graph-and-entries,b,accepted,0
corpus/mod1-pos-ordered-graph-and-entries,rows,accepted,0
corpus/mod1-pos-ordered-graph-and-entries,b_rows,accepted,0
corpus/mod1-neg-later-dependency,base,Source:MOD-1:LaterDependency,1
corpus/mod1-neg-later-dependency,off,Source:MOD-1:LaterDependency,1
corpus/mod1-neg-later-dependency,a,Source:MOD-1:LaterDependency,1
corpus/mod1-neg-later-dependency,ap,Source:MOD-1:LaterDependency,1
corpus/mod1-neg-later-dependency,b,Source:MOD-1:LaterDependency,1
corpus/mod1-neg-later-dependency,rows,Source:MOD-1:LaterDependency,1
corpus/mod1-neg-later-dependency,b_rows,Source:MOD-1:LaterDependency,1
corpus/mod1-neg-self-dependency,base,Source:MOD-1:SelfDependency,1
corpus/mod1-neg-self-dependency,off,Source:MOD-1:SelfDependency,1
corpus/mod1-neg-self-dependency,a,Source:MOD-1:SelfDependency,1
corpus/mod1-neg-self-dependency,ap,Source:MOD-1:SelfDependency,1
corpus/mod1-neg-self-dependency,b,Source:MOD-1:SelfDependency,1
corpus/mod1-neg-self-dependency,rows,Source:MOD-1:SelfDependency,1
corpus/mod1-neg-self-dependency,b_rows,Source:MOD-1:SelfDependency,1
corpus/mod2-pos-child-directory-is-its-own-module,base,accepted,0
corpus/mod2-pos-child-directory-is-its-own-module,off,accepted,0
corpus/mod2-pos-child-directory-is-its-own-module,a,accepted,0
corpus/mod2-pos-child-directory-is-its-own-module,ap,accepted,0
corpus/mod2-pos-child-directory-is-its-own-module,b,accepted,0
corpus/mod2-pos-child-directory-is-its-own-module,rows,accepted,0
corpus/mod2-pos-child-directory-is-its-own-module,b_rows,accepted,0
corpus/mod3-pos-forward-visibility-across-records,base,accepted,0
corpus/mod3-pos-forward-visibility-across-records,off,accepted,0
corpus/mod3-pos-forward-visibility-across-records,a,accepted,0
corpus/mod3-pos-forward-visibility-across-records,ap,accepted,0
corpus/mod3-pos-forward-visibility-across-records,b,accepted,0
corpus/mod3-pos-forward-visibility-across-records,rows,accepted,0
corpus/mod3-pos-forward-visibility-across-records,b_rows,accepted,0
corpus/mod3-neg-interface-names-implementation-type,base,Source:TYPE-5:InvisibleUse|TYPE-5:UnresolvedUse,1
corpus/mod3-neg-interface-names-implementation-type,off,Source:TYPE-5:InvisibleUse|TYPE-5:UnresolvedUse,1
corpus/mod3-neg-interface-names-implementation-type,a,Source:TYPE-5:InvisibleUse|TYPE-5:UnresolvedUse,1
corpus/mod3-neg-interface-names-implementation-type,ap,Source:TYPE-5:InvisibleUse|TYPE-5:UnresolvedUse,1
corpus/mod3-neg-interface-names-implementation-type,b,Source:TYPE-5:InvisibleUse|TYPE-5:UnresolvedUse,1
corpus/mod3-neg-interface-names-implementation-type,rows,Source:TYPE-5:InvisibleUse|TYPE-5:UnresolvedUse,1
corpus/mod3-neg-interface-names-implementation-type,b_rows,Source:TYPE-5:InvisibleUse|TYPE-5:UnresolvedUse,1
corpus/mod3-pos-interface-declares-private-support,base,accepted,0
corpus/mod3-pos-interface-declares-private-support,off,accepted,0
corpus/mod3-pos-interface-declares-private-support,a,accepted,0
corpus/mod3-pos-interface-declares-private-support,ap,accepted,0
corpus/mod3-pos-interface-declares-private-support,b,accepted,0
corpus/mod3-pos-interface-declares-private-support,rows,accepted,0
corpus/mod3-pos-interface-declares-private-support,b_rows,accepted,0
corpus/mod3-neg-module-slot-collision,base,Source:MOD-3:DeclarationCollision,1
corpus/mod3-neg-module-slot-collision,off,Source:MOD-3:DeclarationCollision,1
corpus/mod3-neg-module-slot-collision,a,Source:MOD-3:DeclarationCollision,1
corpus/mod3-neg-module-slot-collision,ap,Source:MOD-3:DeclarationCollision,1
corpus/mod3-neg-module-slot-collision,b,Source:MOD-3:DeclarationCollision,1
corpus/mod3-neg-module-slot-collision,rows,Source:MOD-3:DeclarationCollision,1
corpus/mod3-neg-module-slot-collision,b_rows,Source:MOD-3:DeclarationCollision,1
corpus/mod3-neg-duplicate-across-records,base,Source:TYPE-6:DeclarationCollision,1
corpus/mod3-neg-duplicate-across-records,off,Source:TYPE-6:DeclarationCollision,1
corpus/mod3-neg-duplicate-across-records,a,Source:TYPE-6:DeclarationCollision,1
corpus/mod3-neg-duplicate-across-records,ap,Source:TYPE-6:DeclarationCollision,1
corpus/mod3-neg-duplicate-across-records,b,Source:TYPE-6:DeclarationCollision,1
corpus/mod3-neg-duplicate-across-records,rows,Source:TYPE-6:DeclarationCollision,1
corpus/mod3-neg-duplicate-across-records,b_rows,Source:TYPE-6:DeclarationCollision,1
corpus/mod4-pos-aliases,base,accepted,0
corpus/mod4-pos-aliases,off,accepted,0
corpus/mod4-pos-aliases,a,accepted,0
corpus/mod4-pos-aliases,ap,accepted,0
corpus/mod4-pos-aliases,b,accepted,0
corpus/mod4-pos-aliases,rows,accepted,0
corpus/mod4-pos-aliases,b_rows,accepted,0
corpus/mod4-neg-alias-after-item,base,Source:MOD-4:MisplacedAlias,1
corpus/mod4-neg-alias-after-item,off,Source:MOD-4:MisplacedAlias,1
corpus/mod4-neg-alias-after-item,a,Source:MOD-4:MisplacedAlias,1
corpus/mod4-neg-alias-after-item,ap,Source:MOD-4:MisplacedAlias,1
corpus/mod4-neg-alias-after-item,b,Source:MOD-4:MisplacedAlias,1
corpus/mod4-neg-alias-after-item,rows,Source:MOD-4:MisplacedAlias,1
corpus/mod4-neg-alias-after-item,b_rows,Source:MOD-4:MisplacedAlias,1
corpus/mod4-neg-alias-case-mismatch,base,Source:MOD-4:InvalidAliasTarget,1
corpus/mod4-neg-alias-case-mismatch,off,Source:MOD-4:InvalidAliasTarget,1
corpus/mod4-neg-alias-case-mismatch,a,Source:MOD-4:InvalidAliasTarget,1
corpus/mod4-neg-alias-case-mismatch,ap,Source:MOD-4:InvalidAliasTarget,1
corpus/mod4-neg-alias-case-mismatch,b,Source:MOD-4:InvalidAliasTarget,1
corpus/mod4-neg-alias-case-mismatch,rows,Source:MOD-4:InvalidAliasTarget,1
corpus/mod4-neg-alias-case-mismatch,b_rows,Source:MOD-4:InvalidAliasTarget,1
corpus/mod4-neg-alias-to-private-interface-function,base,Source:MOD-4:InvalidAliasTarget,1
corpus/mod4-neg-alias-to-private-interface-function,off,Source:MOD-4:InvalidAliasTarget,1
corpus/mod4-neg-alias-to-private-interface-function,a,Source:MOD-4:InvalidAliasTarget,1
corpus/mod4-neg-alias-to-private-interface-function,ap,Source:MOD-4:InvalidAliasTarget,1
corpus/mod4-neg-alias-to-private-interface-function,b,Source:MOD-4:InvalidAliasTarget,1
corpus/mod4-neg-alias-to-private-interface-function,rows,Source:MOD-4:InvalidAliasTarget,1
corpus/mod4-neg-alias-to-private-interface-function,b_rows,Source:MOD-4:InvalidAliasTarget,1
corpus/mod4-neg-interface-alias-to-implementation-declaration,base,Source:MOD-4:InvalidAliasTarget,1
corpus/mod4-neg-interface-alias-to-implementation-declaration,off,Source:MOD-4:InvalidAliasTarget,1
corpus/mod4-neg-interface-alias-to-implementation-declaration,a,Source:MOD-4:InvalidAliasTarget,1
corpus/mod4-neg-interface-alias-to-implementation-declaration,ap,Source:MOD-4:InvalidAliasTarget,1
corpus/mod4-neg-interface-alias-to-implementation-declaration,b,Source:MOD-4:InvalidAliasTarget,1
corpus/mod4-neg-interface-alias-to-implementation-declaration,rows,Source:MOD-4:InvalidAliasTarget,1
corpus/mod4-neg-interface-alias-to-implementation-declaration,b_rows,Source:MOD-4:InvalidAliasTarget,1
corpus/mod4-neg-interface-alias-collides-with-implementation-declaration,base,Source:TYPE-6:DeclarationCollision,1
corpus/mod4-neg-interface-alias-collides-with-implementation-declaration,off,Source:TYPE-6:DeclarationCollision,1
corpus/mod4-neg-interface-alias-collides-with-implementation-declaration,a,Source:TYPE-6:DeclarationCollision,1
corpus/mod4-neg-interface-alias-collides-with-implementation-declaration,ap,Source:TYPE-6:DeclarationCollision,1
corpus/mod4-neg-interface-alias-collides-with-implementation-declaration,b,Source:TYPE-6:DeclarationCollision,1
corpus/mod4-neg-interface-alias-collides-with-implementation-declaration,rows,Source:TYPE-6:DeclarationCollision,1
corpus/mod4-neg-interface-alias-collides-with-implementation-declaration,b_rows,Source:TYPE-6:DeclarationCollision,1
corpus/mod5-neg-missing-edge,base,Source:MOD-5:MissingModuleEdge,1
corpus/mod5-neg-missing-edge,off,Source:MOD-5:MissingModuleEdge,1
corpus/mod5-neg-missing-edge,a,Source:MOD-5:MissingModuleEdge,1
corpus/mod5-neg-missing-edge,ap,Source:MOD-5:MissingModuleEdge,1
corpus/mod5-neg-missing-edge,b,Source:MOD-5:MissingModuleEdge,1
corpus/mod5-neg-missing-edge,rows,Source:MOD-5:MissingModuleEdge,1
corpus/mod5-neg-missing-edge,b_rows,Source:MOD-5:MissingModuleEdge,1
corpus/mod5-neg-private-declaration,base,Source:MOD-5:QualifiedNameNotFound,1
corpus/mod5-neg-private-declaration,off,Source:MOD-5:QualifiedNameNotFound,1
corpus/mod5-neg-private-declaration,a,Source:MOD-5:QualifiedNameNotFound,1
corpus/mod5-neg-private-declaration,ap,Source:MOD-5:QualifiedNameNotFound,1
corpus/mod5-neg-private-declaration,b,Source:MOD-5:QualifiedNameNotFound,1
corpus/mod5-neg-private-declaration,rows,Source:MOD-5:QualifiedNameNotFound,1
corpus/mod5-neg-private-declaration,b_rows,Source:MOD-5:QualifiedNameNotFound,1
corpus/mod6-neg-public-in-implementation,base,Source:MOD-6:MisplacedPublication,1
corpus/mod6-neg-public-in-implementation,off,Source:MOD-6:MisplacedPublication,1
corpus/mod6-neg-public-in-implementation,a,Source:MOD-6:MisplacedPublication,1
corpus/mod6-neg-public-in-implementation,ap,Source:MOD-6:MisplacedPublication,1
corpus/mod6-neg-public-in-implementation,b,Source:MOD-6:MisplacedPublication,1
corpus/mod6-neg-public-in-implementation,rows,Source:MOD-6:MisplacedPublication,1
corpus/mod6-neg-public-in-implementation,b_rows,Source:MOD-6:MisplacedPublication,1
corpus/mod6-neg-public-field-of-private-type,base,Source:MOD-6:MisplacedPublication,1
corpus/mod6-neg-public-field-of-private-type,off,Source:MOD-6:MisplacedPublication,1
corpus/mod6-neg-public-field-of-private-type,a,Source:MOD-6:MisplacedPublication,1
corpus/mod6-neg-public-field-of-private-type,ap,Source:MOD-6:MisplacedPublication,1
corpus/mod6-neg-public-field-of-private-type,b,Source:MOD-6:MisplacedPublication,1
corpus/mod6-neg-public-field-of-private-type,rows,Source:MOD-6:MisplacedPublication,1
corpus/mod6-neg-public-field-of-private-type,b_rows,Source:MOD-6:MisplacedPublication,1
corpus/mod6-neg-public-payload-field-of-private-enum,base,Source:MOD-6:MisplacedPublication,1
corpus/mod6-neg-public-payload-field-of-private-enum,off,Source:MOD-6:MisplacedPublication,1
corpus/mod6-neg-public-payload-field-of-private-enum,a,Source:MOD-6:MisplacedPublication,1
corpus/mod6-neg-public-payload-field-of-private-enum,ap,Source:MOD-6:MisplacedPublication,1
corpus/mod6-neg-public-payload-field-of-private-enum,b,Source:MOD-6:MisplacedPublication,1
corpus/mod6-neg-public-payload-field-of-private-enum,rows,Source:MOD-6:MisplacedPublication,1
corpus/mod6-neg-public-payload-field-of-private-enum,b_rows,Source:MOD-6:MisplacedPublication,1
corpus/mod6-neg-public-payload-field-in-bundle,base,Source:MOD-6:MisplacedPublication,1
corpus/mod6-neg-public-payload-field-in-bundle,off,Source:MOD-6:MisplacedPublication,1
corpus/mod6-neg-public-payload-field-in-bundle,a,Source:MOD-6:MisplacedPublication,1
corpus/mod6-neg-public-payload-field-in-bundle,ap,Source:MOD-6:MisplacedPublication,1
corpus/mod6-neg-public-payload-field-in-bundle,b,Source:MOD-6:MisplacedPublication,1
corpus/mod6-neg-public-payload-field-in-bundle,rows,Source:MOD-6:MisplacedPublication,1
corpus/mod6-neg-public-payload-field-in-bundle,b_rows,Source:MOD-6:MisplacedPublication,1
corpus/mod6-neg-readonly-without-public,base,Source:MOD-6:MisplacedPublication,1
corpus/mod6-neg-readonly-without-public,off,Source:MOD-6:MisplacedPublication,1
corpus/mod6-neg-readonly-without-public,a,Source:MOD-6:MisplacedPublication,1
corpus/mod6-neg-readonly-without-public,ap,Source:MOD-6:MisplacedPublication,1
corpus/mod6-neg-readonly-without-public,b,Source:MOD-6:MisplacedPublication,1
corpus/mod6-neg-readonly-without-public,rows,Source:MOD-6:MisplacedPublication,1
corpus/mod6-neg-readonly-without-public,b_rows,Source:MOD-6:MisplacedPublication,1
corpus/mod7-neg-interface-body,base,Source:MOD-7:Correspondence,1
corpus/mod7-neg-interface-body,off,Source:MOD-7:Correspondence,1
corpus/mod7-neg-interface-body,a,Source:MOD-7:Correspondence,1
corpus/mod7-neg-interface-body,ap,Source:MOD-7:Correspondence,1
corpus/mod7-neg-interface-body,b,Source:MOD-7:Correspondence,1
corpus/mod7-neg-interface-body,rows,Source:MOD-7:Correspondence,1
corpus/mod7-neg-interface-body,b_rows,Source:MOD-7:Correspondence,1
corpus/mod7-neg-interface-declaration-without-doc,base,Source:MOD-7:Correspondence,1
corpus/mod7-neg-interface-declaration-without-doc,off,Source:MOD-7:Correspondence,1
corpus/mod7-neg-interface-declaration-without-doc,a,Source:MOD-7:Correspondence,1
corpus/mod7-neg-interface-declaration-without-doc,ap,Source:MOD-7:Correspondence,1
corpus/mod7-neg-interface-declaration-without-doc,b,Source:MOD-7:Correspondence,1
corpus/mod7-neg-interface-declaration-without-doc,rows,Source:MOD-7:Correspondence,1
corpus/mod7-neg-interface-declaration-without-doc,b_rows,Source:MOD-7:Correspondence,1
corpus/mod7-neg-definition-differs,base,Source:MOD-7:Correspondence,1
corpus/mod7-neg-definition-differs,off,Source:MOD-7:Correspondence,1
corpus/mod7-neg-definition-differs,a,Source:MOD-7:Correspondence,1
corpus/mod7-neg-definition-differs,ap,Source:MOD-7:Correspondence,1
corpus/mod7-neg-definition-differs,b,Source:MOD-7:Correspondence,1
corpus/mod7-neg-definition-differs,rows,Source:MOD-7:Correspondence,1
corpus/mod7-neg-definition-differs,b_rows,Source:MOD-7:Correspondence,1
corpus/mod7-pos-spelling-and-define-sharing-may-differ,base,accepted,0
corpus/mod7-pos-spelling-and-define-sharing-may-differ,off,accepted,0
corpus/mod7-pos-spelling-and-define-sharing-may-differ,a,accepted,0
corpus/mod7-pos-spelling-and-define-sharing-may-differ,ap,accepted,0
corpus/mod7-pos-spelling-and-define-sharing-may-differ,b,accepted,0
corpus/mod7-pos-spelling-and-define-sharing-may-differ,rows,accepted,0
corpus/mod7-pos-spelling-and-define-sharing-may-differ,b_rows,accepted,0
corpus/mod8-pos-pending-declaration-checks,base,accepted,0
corpus/mod8-pos-pending-declaration-checks,off,accepted,0
corpus/mod8-pos-pending-declaration-checks,a,accepted,0
corpus/mod8-pos-pending-declaration-checks,ap,accepted,0
corpus/mod8-pos-pending-declaration-checks,b,accepted,0
corpus/mod8-pos-pending-declaration-checks,rows,accepted,0
corpus/mod8-pos-pending-declaration-checks,b_rows,accepted,0
corpus/mod8-neg-pending-declaration-blocks-composition,base,Source:MOD-8:PendingDeclaration,1
corpus/mod8-neg-pending-declaration-blocks-composition,off,Source:MOD-8:PendingDeclaration,1
corpus/mod8-neg-pending-declaration-blocks-composition,a,Source:MOD-8:PendingDeclaration,1
corpus/mod8-neg-pending-declaration-blocks-composition,ap,Source:MOD-8:PendingDeclaration,1
corpus/mod8-neg-pending-declaration-blocks-composition,b,Source:MOD-8:PendingDeclaration,1
corpus/mod8-neg-pending-declaration-blocks-composition,rows,Source:MOD-8:PendingDeclaration,1
corpus/mod8-neg-pending-declaration-blocks-composition,b_rows,Source:MOD-8:PendingDeclaration,1
corpus/mod9-neg-heap-declaration-in-module,base,Source:MOD-9:ModuleProgramHeapDeclaration,1
corpus/mod9-neg-heap-declaration-in-module,off,Source:MOD-9:ModuleProgramHeapDeclaration,1
corpus/mod9-neg-heap-declaration-in-module,a,Source:MOD-9:ModuleProgramHeapDeclaration,1
corpus/mod9-neg-heap-declaration-in-module,ap,Source:MOD-9:ModuleProgramHeapDeclaration,1
corpus/mod9-neg-heap-declaration-in-module,b,Source:MOD-9:ModuleProgramHeapDeclaration,1
corpus/mod9-neg-heap-declaration-in-module,rows,Source:MOD-9:ModuleProgramHeapDeclaration,1
corpus/mod9-neg-heap-declaration-in-module,b_rows,Source:MOD-9:ModuleProgramHeapDeclaration,1
corpus/mod9-neg-private-entry,base,Source:MOD-9:EntryFunctionPrivate,1
corpus/mod9-neg-private-entry,off,Source:MOD-9:EntryFunctionPrivate,1
corpus/mod9-neg-private-entry,a,Source:MOD-9:EntryFunctionPrivate,1
corpus/mod9-neg-private-entry,ap,Source:MOD-9:EntryFunctionPrivate,1
corpus/mod9-neg-private-entry,b,Source:MOD-9:EntryFunctionPrivate,1
corpus/mod9-neg-private-entry,rows,Source:MOD-9:EntryFunctionPrivate,1
corpus/mod9-neg-private-entry,b_rows,Source:MOD-9:EntryFunctionPrivate,1
corpus/stor8-neg-entry-closure-allocates,base,Source:STOR-8:HeapInClosure,1
corpus/stor8-neg-entry-closure-allocates,off,Source:STOR-8:HeapInClosure,1
corpus/stor8-neg-entry-closure-allocates,a,Source:STOR-8:HeapInClosure,1
corpus/stor8-neg-entry-closure-allocates,ap,Source:STOR-8:HeapInClosure,1
corpus/stor8-neg-entry-closure-allocates,b,Source:STOR-8:HeapInClosure,1
corpus/stor8-neg-entry-closure-allocates,rows,Source:STOR-8:HeapInClosure,1
corpus/stor8-neg-entry-closure-allocates,b_rows,Source:STOR-8:HeapInClosure,1
corpus/stor8-pos-unused-allocating-helper,base,accepted,0
corpus/stor8-pos-unused-allocating-helper,off,accepted,0
corpus/stor8-pos-unused-allocating-helper,a,accepted,0
corpus/stor8-pos-unused-allocating-helper,ap,accepted,0
corpus/stor8-pos-unused-allocating-helper,b,accepted,0
corpus/stor8-pos-unused-allocating-helper,rows,accepted,0
corpus/stor8-pos-unused-allocating-helper,b_rows,accepted,0
corpus/stor8-neg-entry-closure-holds-heap-layout,base,Source:STOR-8:HeapInClosure,1
corpus/stor8-neg-entry-closure-holds-heap-layout,off,Source:STOR-8:HeapInClosure,1
corpus/stor8-neg-entry-closure-holds-heap-layout,a,Source:STOR-8:HeapInClosure,1
corpus/stor8-neg-entry-closure-holds-heap-layout,ap,Source:STOR-8:HeapInClosure,1
corpus/stor8-neg-entry-closure-holds-heap-layout,b,Source:STOR-8:HeapInClosure,1
corpus/stor8-neg-entry-closure-holds-heap-layout,rows,Source:STOR-8:HeapInClosure,1
corpus/stor8-neg-entry-closure-holds-heap-layout,b_rows,Source:STOR-8:HeapInClosure,1
corpus/stor8-neg-recursive-allocating-component,base,Source:STOR-8:HeapInClosure,1
corpus/stor8-neg-recursive-allocating-component,off,Source:STOR-8:HeapInClosure,1
corpus/stor8-neg-recursive-allocating-component,a,Source:STOR-8:HeapInClosure,1
corpus/stor8-neg-recursive-allocating-component,ap,Source:STOR-8:HeapInClosure,1
corpus/stor8-neg-recursive-allocating-component,b,Source:STOR-8:HeapInClosure,1
corpus/stor8-neg-recursive-allocating-component,rows,Source:STOR-8:HeapInClosure,1
corpus/stor8-neg-recursive-allocating-component,b_rows,Source:STOR-8:HeapInClosure,1
corpus/stor8-pos-uncalled-supplied-actual,base,accepted,0
corpus/stor8-pos-uncalled-supplied-actual,off,accepted,0
corpus/stor8-pos-uncalled-supplied-actual,a,accepted,0
corpus/stor8-pos-uncalled-supplied-actual,ap,accepted,0
corpus/stor8-pos-uncalled-supplied-actual,b,accepted,0
corpus/stor8-pos-uncalled-supplied-actual,rows,accepted,0
corpus/stor8-pos-uncalled-supplied-actual,b_rows,accepted,0
corpus/stor8-neg-called-allocating-actual,base,Source:STOR-8:HeapInClosure,1
corpus/stor8-neg-called-allocating-actual,off,Source:STOR-8:HeapInClosure,1
corpus/stor8-neg-called-allocating-actual,a,Source:STOR-8:HeapInClosure,1
corpus/stor8-neg-called-allocating-actual,ap,Source:STOR-8:HeapInClosure,1
corpus/stor8-neg-called-allocating-actual,b,Source:STOR-8:HeapInClosure,1
corpus/stor8-neg-called-allocating-actual,rows,Source:STOR-8:HeapInClosure,1
corpus/stor8-neg-called-allocating-actual,b_rows,Source:STOR-8:HeapInClosure,1
corpus/type6-pos-variants-belong-to-their-enum,base,accepted,0
corpus/type6-pos-variants-belong-to-their-enum,off,accepted,0
corpus/type6-pos-variants-belong-to-their-enum,a,accepted,0
corpus/type6-pos-variants-belong-to-their-enum,ap,accepted,0
corpus/type6-pos-variants-belong-to-their-enum,b,accepted,0
corpus/type6-pos-variants-belong-to-their-enum,rows,accepted,0
corpus/type6-pos-variants-belong-to-their-enum,b_rows,accepted,0
corpus/mod6-neg-private-type-in-public-signature,base,Source:MOD-6:PrivateInPublicSignature,1
corpus/mod6-neg-private-type-in-public-signature,off,Source:MOD-6:PrivateInPublicSignature,1
corpus/mod6-neg-private-type-in-public-signature,a,Source:MOD-6:PrivateInPublicSignature,1
corpus/mod6-neg-private-type-in-public-signature,ap,Source:MOD-6:PrivateInPublicSignature,1
corpus/mod6-neg-private-type-in-public-signature,b,Source:MOD-6:PrivateInPublicSignature,1
corpus/mod6-neg-private-type-in-public-signature,rows,Source:MOD-6:PrivateInPublicSignature,1
corpus/mod6-neg-private-type-in-public-signature,b_rows,Source:MOD-6:PrivateInPublicSignature,1
corpus/mod5-pos-private-fields-stay-inside-their-module,base,accepted,0
corpus/mod5-pos-private-fields-stay-inside-their-module,off,accepted,0
corpus/mod5-pos-private-fields-stay-inside-their-module,a,accepted,0
corpus/mod5-pos-private-fields-stay-inside-their-module,ap,accepted,0
corpus/mod5-pos-private-fields-stay-inside-their-module,b,accepted,0
corpus/mod5-pos-private-fields-stay-inside-their-module,rows,accepted,0
corpus/mod5-pos-private-fields-stay-inside-their-module,b_rows,accepted,0
corpus/mod5-neg-private-field-selection,base,Source:MOD-5:InaccessibleField,1
corpus/mod5-neg-private-field-selection,off,Source:MOD-5:InaccessibleField,1
corpus/mod5-neg-private-field-selection,a,Source:MOD-5:InaccessibleField,1
corpus/mod5-neg-private-field-selection,ap,Source:MOD-5:InaccessibleField,1
corpus/mod5-neg-private-field-selection,b,Source:MOD-5:InaccessibleField,1
corpus/mod5-neg-private-field-selection,rows,Source:MOD-5:InaccessibleField,1
corpus/mod5-neg-private-field-selection,b_rows,Source:MOD-5:InaccessibleField,1
corpus/mod5-neg-construction-with-private-field,base,Source:MOD-5:InaccessibleField,1
corpus/mod5-neg-construction-with-private-field,off,Source:MOD-5:InaccessibleField,1
corpus/mod5-neg-construction-with-private-field,a,Source:MOD-5:InaccessibleField,1
corpus/mod5-neg-construction-with-private-field,ap,Source:MOD-5:InaccessibleField,1
corpus/mod5-neg-construction-with-private-field,b,Source:MOD-5:InaccessibleField,1
corpus/mod5-neg-construction-with-private-field,rows,Source:MOD-5:InaccessibleField,1
corpus/mod5-neg-construction-with-private-field,b_rows,Source:MOD-5:InaccessibleField,1
corpus/mod5-neg-private-field-in-contract,base,Source:MOD-5:InaccessibleField,1
corpus/mod5-neg-private-field-in-contract,off,Source:MOD-5:InaccessibleField,1
corpus/mod5-neg-private-field-in-contract,a,Source:MOD-5:InaccessibleField,1
corpus/mod5-neg-private-field-in-contract,ap,Source:MOD-5:InaccessibleField,1
corpus/mod5-neg-private-field-in-contract,b,Source:MOD-5:InaccessibleField,1
corpus/mod5-neg-private-field-in-contract,rows,Source:MOD-5:InaccessibleField,1
corpus/mod5-neg-private-field-in-contract,b_rows,Source:MOD-5:InaccessibleField,1
corpus/mod5-neg-private-field-in-effect-row,base,Source:MOD-5:InaccessibleField,1
corpus/mod5-neg-private-field-in-effect-row,off,Source:MOD-5:InaccessibleField,1
corpus/mod5-neg-private-field-in-effect-row,a,Source:MOD-5:InaccessibleField,1
corpus/mod5-neg-private-field-in-effect-row,ap,Source:MOD-5:InaccessibleField,1
corpus/mod5-neg-private-field-in-effect-row,b,Source:MOD-5:InaccessibleField,1
corpus/mod5-neg-private-field-in-effect-row,rows,Source:MOD-5:InaccessibleField,1
corpus/mod5-neg-private-field-in-effect-row,b_rows,Source:MOD-5:InaccessibleField,1
corpus/mod5-neg-private-payload-in-arm,base,Source:MOD-5:InaccessibleField,1
corpus/mod5-neg-private-payload-in-arm,off,Source:MOD-5:InaccessibleField,1
corpus/mod5-neg-private-payload-in-arm,a,Source:MOD-5:InaccessibleField,1
corpus/mod5-neg-private-payload-in-arm,ap,Source:MOD-5:InaccessibleField,1
corpus/mod5-neg-private-payload-in-arm,b,Source:MOD-5:InaccessibleField,1
corpus/mod5-neg-private-payload-in-arm,rows,Source:MOD-5:InaccessibleField,1
corpus/mod5-neg-private-payload-in-arm,b_rows,Source:MOD-5:InaccessibleField,1
corpus/mod5-pos-arm-covers-private-payload,base,accepted,0
corpus/mod5-pos-arm-covers-private-payload,off,accepted,0
corpus/mod5-pos-arm-covers-private-payload,a,accepted,0
corpus/mod5-pos-arm-covers-private-payload,ap,accepted,0
corpus/mod5-pos-arm-covers-private-payload,b,accepted,0
corpus/mod5-pos-arm-covers-private-payload,rows,accepted,0
corpus/mod5-pos-arm-covers-private-payload,b_rows,accepted,0
corpus/mod5-pos-qualified-interface-and-binding-groups,base,accepted,0
corpus/mod5-pos-qualified-interface-and-binding-groups,off,accepted,0
corpus/mod5-pos-qualified-interface-and-binding-groups,a,accepted,0
corpus/mod5-pos-qualified-interface-and-binding-groups,ap,accepted,0
corpus/mod5-pos-qualified-interface-and-binding-groups,b,accepted,0
corpus/mod5-pos-qualified-interface-and-binding-groups,rows,accepted,0
corpus/mod5-pos-qualified-interface-and-binding-groups,b_rows,accepted,0
corpus/mod5-neg-qualified-private-interface-group,base,Source:MOD-5:PrivateDeclaration,1
corpus/mod5-neg-qualified-private-interface-group,off,Source:MOD-5:PrivateDeclaration,1
corpus/mod5-neg-qualified-private-interface-group,a,Source:MOD-5:PrivateDeclaration,1
corpus/mod5-neg-qualified-private-interface-group,ap,Source:MOD-5:PrivateDeclaration,1
corpus/mod5-neg-qualified-private-interface-group,b,Source:MOD-5:PrivateDeclaration,1
corpus/mod5-neg-qualified-private-interface-group,rows,Source:MOD-5:PrivateDeclaration,1
corpus/mod5-neg-qualified-private-interface-group,b_rows,Source:MOD-5:PrivateDeclaration,1
corpus/mod5-neg-public-field-without-edge,base,Source:MOD-5:InaccessibleField,1
corpus/mod5-neg-public-field-without-edge,off,Source:MOD-5:InaccessibleField,1
corpus/mod5-neg-public-field-without-edge,a,Source:MOD-5:InaccessibleField,1
corpus/mod5-neg-public-field-without-edge,ap,Source:MOD-5:InaccessibleField,1
corpus/mod5-neg-public-field-without-edge,b,Source:MOD-5:InaccessibleField,1
corpus/mod5-neg-public-field-without-edge,rows,Source:MOD-5:InaccessibleField,1
corpus/mod5-neg-public-field-without-edge,b_rows,Source:MOD-5:InaccessibleField,1
corpus/mod5-neg-public-variant-without-edge,base,Source:MOD-5:InaccessibleVariant,1
corpus/mod5-neg-public-variant-without-edge,off,Source:MOD-5:InaccessibleVariant,1
corpus/mod5-neg-public-variant-without-edge,a,Source:MOD-5:InaccessibleVariant,1
corpus/mod5-neg-public-variant-without-edge,ap,Source:MOD-5:InaccessibleVariant,1
corpus/mod5-neg-public-variant-without-edge,b,Source:MOD-5:InaccessibleVariant,1
corpus/mod5-neg-public-variant-without-edge,rows,Source:MOD-5:InaccessibleVariant,1
corpus/mod5-neg-public-variant-without-edge,b_rows,Source:MOD-5:InaccessibleVariant,1
corpus/mod6-neg-private-field-in-public-contract,base,Source:MOD-6:InaccessibleField,1
corpus/mod6-neg-private-field-in-public-contract,off,Source:MOD-6:InaccessibleField,1
corpus/mod6-neg-private-field-in-public-contract,a,Source:MOD-6:InaccessibleField,1
corpus/mod6-neg-private-field-in-public-contract,ap,Source:MOD-6:InaccessibleField,1
corpus/mod6-neg-private-field-in-public-contract,b,Source:MOD-6:InaccessibleField,1
corpus/mod6-neg-private-field-in-public-contract,rows,Source:MOD-6:InaccessibleField,1
corpus/mod6-neg-private-field-in-public-contract,b_rows,Source:MOD-6:InaccessibleField,1
corpus/mod6-pos-private-contract-names-private-field,base,accepted,0
corpus/mod6-pos-private-contract-names-private-field,off,accepted,0
corpus/mod6-pos-private-contract-names-private-field,a,accepted,0
corpus/mod6-pos-private-contract-names-private-field,ap,accepted,0
corpus/mod6-pos-private-contract-names-private-field,b,accepted,0
corpus/mod6-pos-private-contract-names-private-field,rows,accepted,0
corpus/mod6-pos-private-contract-names-private-field,b_rows,accepted,0
corpus/mod6-neg-private-field-in-public-interface-group,base,Source:MOD-6:InaccessibleField,1
corpus/mod6-neg-private-field-in-public-interface-group,off,Source:MOD-6:InaccessibleField,1
corpus/mod6-neg-private-field-in-public-interface-group,a,Source:MOD-6:InaccessibleField,1
corpus/mod6-neg-private-field-in-public-interface-group,ap,Source:MOD-6:InaccessibleField,1
corpus/mod6-neg-private-field-in-public-interface-group,b,Source:MOD-6:InaccessibleField,1
corpus/mod6-neg-private-field-in-public-interface-group,rows,Source:MOD-6:InaccessibleField,1
corpus/mod6-neg-private-field-in-public-interface-group,b_rows,Source:MOD-6:InaccessibleField,1
corpus/mod6-pos-private-interface-group-names-private-field,base,accepted,0
corpus/mod6-pos-private-interface-group-names-private-field,off,accepted,0
corpus/mod6-pos-private-interface-group-names-private-field,a,accepted,0
corpus/mod6-pos-private-interface-group-names-private-field,ap,accepted,0
corpus/mod6-pos-private-interface-group-names-private-field,b,accepted,0
corpus/mod6-pos-private-interface-group-names-private-field,rows,accepted,0
corpus/mod6-pos-private-interface-group-names-private-field,b_rows,accepted,0
corpus/mod6-pos-grow-vector-boundary,base,accepted,0
corpus/mod6-pos-grow-vector-boundary,off,accepted,0
corpus/mod6-pos-grow-vector-boundary,a,accepted,0
corpus/mod6-pos-grow-vector-boundary,ap,accepted,0
corpus/mod6-pos-grow-vector-boundary,b,accepted,0
corpus/mod6-pos-grow-vector-boundary,rows,accepted,0
corpus/mod6-pos-grow-vector-boundary,b_rows,accepted,0
corpus/fn8-neg-grow-vector-free-after-push,base,Source:FN-8:UndischargedCallRequirement,1
corpus/fn8-neg-grow-vector-free-after-push,off,Source:FN-8:UndischargedCallRequirement,1
corpus/fn8-neg-grow-vector-free-after-push,a,Source:FN-8:UndischargedCallRequirement,1
corpus/fn8-neg-grow-vector-free-after-push,ap,Source:FN-8:UndischargedCallRequirement,1
corpus/fn8-neg-grow-vector-free-after-push,b,Source:FN-8:UndischargedCallRequirement,1
corpus/fn8-neg-grow-vector-free-after-push,rows,Source:FN-8:UndischargedCallRequirement,1
corpus/fn8-neg-grow-vector-free-after-push,b_rows,Source:FN-8:UndischargedCallRequirement,1
corpus/call3-neg-inline-range-write-kills-element-measure,base,Source:OP-4:UndischargedBoundsObligation,1
corpus/call3-neg-inline-range-write-kills-element-measure,off,Source:OP-4:UndischargedBoundsObligation,1
corpus/call3-neg-inline-range-write-kills-element-measure,a,Source:OP-4:UndischargedBoundsObligation,1
corpus/call3-neg-inline-range-write-kills-element-measure,ap,Source:OP-4:UndischargedBoundsObligation,1
corpus/call3-neg-inline-range-write-kills-element-measure,b,Source:OP-4:UndischargedBoundsObligation,1
corpus/call3-neg-inline-range-write-kills-element-measure,rows,Source:OP-4:UndischargedBoundsObligation,1
corpus/call3-neg-inline-range-write-kills-element-measure,b_rows,Source:OP-4:UndischargedBoundsObligation,1
corpus/call3-neg-inline-reslice-write-kills-element-measure,base,Source:OP-4:UndischargedBoundsObligation,1
corpus/call3-neg-inline-reslice-write-kills-element-measure,off,Source:OP-4:UndischargedBoundsObligation,1
corpus/call3-neg-inline-reslice-write-kills-element-measure,a,Source:OP-4:UndischargedBoundsObligation,1
corpus/call3-neg-inline-reslice-write-kills-element-measure,ap,Source:OP-4:UndischargedBoundsObligation,1
corpus/call3-neg-inline-reslice-write-kills-element-measure,b,Source:OP-4:UndischargedBoundsObligation,1
corpus/call3-neg-inline-reslice-write-kills-element-measure,rows,Source:OP-4:UndischargedBoundsObligation,1
corpus/call3-neg-inline-reslice-write-kills-element-measure,b_rows,Source:OP-4:UndischargedBoundsObligation,1
corpus/call3-pos-inline-range-write-keeps-origin-length,base,accepted,0
corpus/call3-pos-inline-range-write-keeps-origin-length,off,accepted,0
corpus/call3-pos-inline-range-write-keeps-origin-length,a,accepted,0
corpus/call3-pos-inline-range-write-keeps-origin-length,ap,accepted,0
corpus/call3-pos-inline-range-write-keeps-origin-length,b,accepted,0
corpus/call3-pos-inline-range-write-keeps-origin-length,rows,accepted,0
corpus/call3-pos-inline-range-write-keeps-origin-length,b_rows,accepted,0
corpus/mod10-pos-host-name-free,base,accepted,0
corpus/mod10-pos-host-name-free,off,accepted,0
corpus/mod10-pos-host-name-free,a,accepted,0
corpus/mod10-pos-host-name-free,ap,accepted,0
corpus/mod10-pos-host-name-free,b,accepted,0
corpus/mod10-pos-host-name-free,rows,accepted,0
corpus/mod10-pos-host-name-free,b_rows,accepted,0
corpus/mod4-pos-alias-header-after-heap-declaration,base,accepted,0
corpus/mod4-pos-alias-header-after-heap-declaration,off,accepted,0
corpus/mod4-pos-alias-header-after-heap-declaration,a,accepted,0
corpus/mod4-pos-alias-header-after-heap-declaration,ap,accepted,0
corpus/mod4-pos-alias-header-after-heap-declaration,b,accepted,0
corpus/mod4-pos-alias-header-after-heap-declaration,rows,accepted,0
corpus/mod4-pos-alias-header-after-heap-declaration,b_rows,accepted,0
corpus/mod10-neg-unknown-standard-module,base,Source:MOD-10:UnknownStandardModule,1
corpus/mod10-neg-unknown-standard-module,off,Source:MOD-10:UnknownStandardModule,1
corpus/mod10-neg-unknown-standard-module,a,Source:MOD-10:UnknownStandardModule,1
corpus/mod10-neg-unknown-standard-module,ap,Source:MOD-10:UnknownStandardModule,1
corpus/mod10-neg-unknown-standard-module,b,Source:MOD-10:UnknownStandardModule,1
corpus/mod10-neg-unknown-standard-module,rows,Source:MOD-10:UnknownStandardModule,1
corpus/mod10-neg-unknown-standard-module,b_rows,Source:MOD-10:UnknownStandardModule,1
corpus/mod10-neg-standard-row,base,Source:MOD-10:StandardPath,1
corpus/mod10-neg-standard-row,off,Source:MOD-10:StandardPath,1
corpus/mod10-neg-standard-row,a,Source:MOD-10:StandardPath,1
corpus/mod10-neg-standard-row,ap,Source:MOD-10:StandardPath,1
corpus/mod10-neg-standard-row,b,Source:MOD-10:StandardPath,1
corpus/mod10-neg-standard-row,rows,Source:MOD-10:StandardPath,1
corpus/mod10-neg-standard-row,b_rows,Source:MOD-10:StandardPath,1
corpus/mod10-neg-standard-entry,base,Source:MOD-10:StandardPath,1
corpus/mod10-neg-standard-entry,off,Source:MOD-10:StandardPath,1
corpus/mod10-neg-standard-entry,a,Source:MOD-10:StandardPath,1
corpus/mod10-neg-standard-entry,ap,Source:MOD-10:StandardPath,1
corpus/mod10-neg-standard-entry,b,Source:MOD-10:StandardPath,1
corpus/mod10-neg-standard-entry,rows,Source:MOD-10:StandardPath,1
corpus/mod10-neg-standard-entry,b_rows,Source:MOD-10:StandardPath,1
corpus/mod5-neg-standard-module-without-edge,base,Source:MOD-5:MissingModuleEdge,1
corpus/mod5-neg-standard-module-without-edge,off,Source:MOD-5:MissingModuleEdge,1
corpus/mod5-neg-standard-module-without-edge,a,Source:MOD-5:MissingModuleEdge,1
corpus/mod5-neg-standard-module-without-edge,ap,Source:MOD-5:MissingModuleEdge,1
corpus/mod5-neg-standard-module-without-edge,b,Source:MOD-5:MissingModuleEdge,1
corpus/mod5-neg-standard-module-without-edge,rows,Source:MOD-5:MissingModuleEdge,1
corpus/mod5-neg-standard-module-without-edge,b_rows,Source:MOD-5:MissingModuleEdge,1
corpus/mod10-pos-interface-names-host-type,base,accepted,0
corpus/mod10-pos-interface-names-host-type,off,accepted,0
corpus/mod10-pos-interface-names-host-type,a,accepted,0
corpus/mod10-pos-interface-names-host-type,ap,accepted,0
corpus/mod10-pos-interface-names-host-type,b,accepted,0
corpus/mod10-pos-interface-names-host-type,rows,accepted,0
corpus/mod10-pos-interface-names-host-type,b_rows,accepted,0
corpus/mod10-pos-library-module-with-bodies,base,accepted,0
corpus/mod10-pos-library-module-with-bodies,off,accepted,0
corpus/mod10-pos-library-module-with-bodies,a,accepted,0
corpus/mod10-pos-library-module-with-bodies,ap,accepted,0
corpus/mod10-pos-library-module-with-bodies,b,accepted,0
corpus/mod10-pos-library-module-with-bodies,rows,accepted,0
corpus/mod10-pos-library-module-with-bodies,b_rows,accepted,0
corpus/ent5-neg-readonly-field-inline-range-callee-write,base,Source:OP-4:UndischargedBoundsObligation,1
corpus/ent5-neg-readonly-field-inline-range-callee-write,off,Source:OP-4:UndischargedBoundsObligation,1
corpus/ent5-neg-readonly-field-inline-range-callee-write,a,Source:OP-4:UndischargedBoundsObligation,1
corpus/ent5-neg-readonly-field-inline-range-callee-write,ap,Source:OP-4:UndischargedBoundsObligation,1
corpus/ent5-neg-readonly-field-inline-range-callee-write,b,Source:OP-4:UndischargedBoundsObligation,1
corpus/ent5-neg-readonly-field-inline-range-callee-write,rows,Source:OP-4:UndischargedBoundsObligation,1
corpus/ent5-neg-readonly-field-inline-range-callee-write,b_rows,Source:OP-4:UndischargedBoundsObligation,1
corpus/ent5-neg-readonly-field-inline-reslice-callee-write,base,Source:OP-4:UndischargedBoundsObligation,1
corpus/ent5-neg-readonly-field-inline-reslice-callee-write,off,Source:OP-4:UndischargedBoundsObligation,1
corpus/ent5-neg-readonly-field-inline-reslice-callee-write,a,Source:OP-4:UndischargedBoundsObligation,1
corpus/ent5-neg-readonly-field-inline-reslice-callee-write,ap,Source:OP-4:UndischargedBoundsObligation,1
corpus/ent5-neg-readonly-field-inline-reslice-callee-write,b,Source:OP-4:UndischargedBoundsObligation,1
corpus/ent5-neg-readonly-field-inline-reslice-callee-write,rows,Source:OP-4:UndischargedBoundsObligation,1
corpus/ent5-neg-readonly-field-inline-reslice-callee-write,b_rows,Source:OP-4:UndischargedBoundsObligation,1
corpus/ent2-neg-requirement-names-append-slot-element,base,Source:OP-4:UndischargedBoundsObligation,1
corpus/ent2-neg-requirement-names-append-slot-element,off,Source:OP-4:UndischargedBoundsObligation,1
corpus/ent2-neg-requirement-names-append-slot-element,a,Source:OP-4:UndischargedBoundsObligation,1
corpus/ent2-neg-requirement-names-append-slot-element,ap,Source:OP-4:UndischargedBoundsObligation,1
corpus/ent2-neg-requirement-names-append-slot-element,b,Source:OP-4:UndischargedBoundsObligation,1
corpus/ent2-neg-requirement-names-append-slot-element,rows,Source:OP-4:UndischargedBoundsObligation,1
corpus/ent2-neg-requirement-names-append-slot-element,b_rows,Source:OP-4:UndischargedBoundsObligation,1
corpus/ent2-neg-requirement-readonly-field-unbounded-subscript,base,Source:OP-4:UndischargedBoundsObligation,1
corpus/ent2-neg-requirement-readonly-field-unbounded-subscript,off,Source:OP-4:UndischargedBoundsObligation,1
corpus/ent2-neg-requirement-readonly-field-unbounded-subscript,a,Source:OP-4:UndischargedBoundsObligation,1
corpus/ent2-neg-requirement-readonly-field-unbounded-subscript,ap,Source:OP-4:UndischargedBoundsObligation,1
corpus/ent2-neg-requirement-readonly-field-unbounded-subscript,b,Source:OP-4:UndischargedBoundsObligation,1
corpus/ent2-neg-requirement-readonly-field-unbounded-subscript,rows,Source:OP-4:UndischargedBoundsObligation,1
corpus/ent2-neg-requirement-readonly-field-unbounded-subscript,b_rows,Source:OP-4:UndischargedBoundsObligation,1
corpus/ent2-pos-requirement-readonly-field-bounded-by-earlier-requirement,base,accepted,0
corpus/ent2-pos-requirement-readonly-field-bounded-by-earlier-requirement,off,accepted,0
corpus/ent2-pos-requirement-readonly-field-bounded-by-earlier-requirement,a,accepted,0
corpus/ent2-pos-requirement-readonly-field-bounded-by-earlier-requirement,ap,accepted,0
corpus/ent2-pos-requirement-readonly-field-bounded-by-earlier-requirement,b,accepted,0
corpus/ent2-pos-requirement-readonly-field-bounded-by-earlier-requirement,rows,accepted,0
corpus/ent2-pos-requirement-readonly-field-bounded-by-earlier-requirement,b_rows,accepted,0
corpus/ent2-neg-requirement-measure-unbounded-subscript,base,Source:OP-4:UndischargedBoundsObligation,1
corpus/ent2-neg-requirement-measure-unbounded-subscript,off,Source:OP-4:UndischargedBoundsObligation,1
corpus/ent2-neg-requirement-measure-unbounded-subscript,a,Source:OP-4:UndischargedBoundsObligation,1
corpus/ent2-neg-requirement-measure-unbounded-subscript,ap,Source:OP-4:UndischargedBoundsObligation,1
corpus/ent2-neg-requirement-measure-unbounded-subscript,b,Source:OP-4:UndischargedBoundsObligation,1
corpus/ent2-neg-requirement-measure-unbounded-subscript,rows,Source:OP-4:UndischargedBoundsObligation,1
corpus/ent2-neg-requirement-measure-unbounded-subscript,b_rows,Source:OP-4:UndischargedBoundsObligation,1
corpus/ent2-pos-requirement-measure-bounded-by-earlier-requirement,base,accepted,0
corpus/ent2-pos-requirement-measure-bounded-by-earlier-requirement,off,accepted,0
corpus/ent2-pos-requirement-measure-bounded-by-earlier-requirement,a,accepted,0
corpus/ent2-pos-requirement-measure-bounded-by-earlier-requirement,ap,accepted,0
corpus/ent2-pos-requirement-measure-bounded-by-earlier-requirement,b,accepted,0
corpus/ent2-pos-requirement-measure-bounded-by-earlier-requirement,rows,accepted,0
corpus/ent2-pos-requirement-measure-bounded-by-earlier-requirement,b_rows,accepted,0
corpus/ent2-neg-definition-expanded-before-bound,base,Source:OP-4:UndischargedBoundsObligation,1
corpus/ent2-neg-definition-expanded-before-bound,off,Source:OP-4:UndischargedBoundsObligation,1
corpus/ent2-neg-definition-expanded-before-bound,a,Source:OP-4:UndischargedBoundsObligation,1
corpus/ent2-neg-definition-expanded-before-bound,ap,Source:OP-4:UndischargedBoundsObligation,1
corpus/ent2-neg-definition-expanded-before-bound,b,Source:OP-4:UndischargedBoundsObligation,1
corpus/ent2-neg-definition-expanded-before-bound,rows,Source:OP-4:UndischargedBoundsObligation,1
corpus/ent2-neg-definition-expanded-before-bound,b_rows,Source:OP-4:UndischargedBoundsObligation,1
corpus/win2-pos-live-index-survives-appends,base,accepted,0
corpus/win2-pos-live-index-survives-appends,off,accepted,0
corpus/win2-pos-live-index-survives-appends,a,accepted,0
corpus/win2-pos-live-index-survives-appends,ap,accepted,0
corpus/win2-pos-live-index-survives-appends,b,accepted,0
corpus/win2-pos-live-index-survives-appends,rows,accepted,0
corpus/win2-pos-live-index-survives-appends,b_rows,accepted,0
corpus/eff5-pos-row-index-live-beside-append,base,accepted,0
corpus/eff5-pos-row-index-live-beside-append,off,accepted,0
corpus/eff5-pos-row-index-live-beside-append,a,accepted,0
corpus/eff5-pos-row-index-live-beside-append,ap,accepted,0
corpus/eff5-pos-row-index-live-beside-append,b,accepted,0
corpus/eff5-pos-row-index-live-beside-append,rows,accepted,0
corpus/eff5-pos-row-index-live-beside-append,b_rows,accepted,0
corpus/ent2-pos-requirement-place-offset-through-definition,base,accepted,0
corpus/ent2-pos-requirement-place-offset-through-definition,off,accepted,0
corpus/ent2-pos-requirement-place-offset-through-definition,a,accepted,0
corpus/ent2-pos-requirement-place-offset-through-definition,ap,accepted,0
corpus/ent2-pos-requirement-place-offset-through-definition,b,accepted,0
corpus/ent2-pos-requirement-place-offset-through-definition,rows,accepted,0
corpus/ent2-pos-requirement-place-offset-through-definition,b_rows,accepted,0
corpus/ent2-pos-definition-place-offset-through-definition-chain,base,accepted,0
corpus/ent2-pos-definition-place-offset-through-definition-chain,off,accepted,0
corpus/ent2-pos-definition-place-offset-through-definition-chain,a,accepted,0
corpus/ent2-pos-definition-place-offset-through-definition-chain,ap,accepted,0
corpus/ent2-pos-definition-place-offset-through-definition-chain,b,accepted,0
corpus/ent2-pos-definition-place-offset-through-definition-chain,rows,accepted,0
corpus/ent2-pos-definition-place-offset-through-definition-chain,b_rows,accepted,0
corpus/ent2-neg-requirement-place-offset-through-definition-unbounded,base,Source:OP-4:UndischargedBoundsObligation,1
corpus/ent2-neg-requirement-place-offset-through-definition-unbounded,off,Source:OP-4:UndischargedBoundsObligation,1
corpus/ent2-neg-requirement-place-offset-through-definition-unbounded,a,Source:OP-4:UndischargedBoundsObligation,1
corpus/ent2-neg-requirement-place-offset-through-definition-unbounded,ap,Source:OP-4:UndischargedBoundsObligation,1
corpus/ent2-neg-requirement-place-offset-through-definition-unbounded,b,Source:OP-4:UndischargedBoundsObligation,1
corpus/ent2-neg-requirement-place-offset-through-definition-unbounded,rows,Source:OP-4:UndischargedBoundsObligation,1
corpus/ent2-neg-requirement-place-offset-through-definition-unbounded,b_rows,Source:OP-4:UndischargedBoundsObligation,1
corpus/fn8-neg-formal-requirement-place-unbounded-subscript,base,Source:OP-4:UndischargedBoundsObligation,1
corpus/fn8-neg-formal-requirement-place-unbounded-subscript,off,Source:OP-4:UndischargedBoundsObligation,1
corpus/fn8-neg-formal-requirement-place-unbounded-subscript,a,Source:OP-4:UndischargedBoundsObligation,1
corpus/fn8-neg-formal-requirement-place-unbounded-subscript,ap,Source:OP-4:UndischargedBoundsObligation,1
corpus/fn8-neg-formal-requirement-place-unbounded-subscript,b,Source:OP-4:UndischargedBoundsObligation,1
corpus/fn8-neg-formal-requirement-place-unbounded-subscript,rows,Source:OP-4:UndischargedBoundsObligation,1
corpus/fn8-neg-formal-requirement-place-unbounded-subscript,b_rows,Source:OP-4:UndischargedBoundsObligation,1
corpus/fn8-pos-formal-requirement-place-bounded-by-earlier-requirement,base,accepted,0
corpus/fn8-pos-formal-requirement-place-bounded-by-earlier-requirement,off,accepted,0
corpus/fn8-pos-formal-requirement-place-bounded-by-earlier-requirement,a,accepted,0
corpus/fn8-pos-formal-requirement-place-bounded-by-earlier-requirement,ap,accepted,0
corpus/fn8-pos-formal-requirement-place-bounded-by-earlier-requirement,b,accepted,0
corpus/fn8-pos-formal-requirement-place-bounded-by-earlier-requirement,rows,accepted,0
corpus/fn8-pos-formal-requirement-place-bounded-by-earlier-requirement,b_rows,accepted,0
corpus/ent5-neg-readonly-field-assigned-in-declaring-module,base,Source:OP-4:UndischargedBoundsObligation,1
corpus/ent5-neg-readonly-field-assigned-in-declaring-module,off,Source:OP-4:UndischargedBoundsObligation,1
corpus/ent5-neg-readonly-field-assigned-in-declaring-module,a,Source:OP-4:UndischargedBoundsObligation,1
corpus/ent5-neg-readonly-field-assigned-in-declaring-module,ap,Source:OP-4:UndischargedBoundsObligation,1
corpus/ent5-neg-readonly-field-assigned-in-declaring-module,b,Source:OP-4:UndischargedBoundsObligation,1
corpus/ent5-neg-readonly-field-assigned-in-declaring-module,rows,Source:OP-4:UndischargedBoundsObligation,1
corpus/ent5-neg-readonly-field-assigned-in-declaring-module,b_rows,Source:OP-4:UndischargedBoundsObligation,1
corpus/ent5-neg-readonly-field-row-writes-field,base,Source:OP-4:UndischargedBoundsObligation,1
corpus/ent5-neg-readonly-field-row-writes-field,off,Source:OP-4:UndischargedBoundsObligation,1
corpus/ent5-neg-readonly-field-row-writes-field,a,Source:OP-4:UndischargedBoundsObligation,1
corpus/ent5-neg-readonly-field-row-writes-field,ap,Source:OP-4:UndischargedBoundsObligation,1
corpus/ent5-neg-readonly-field-row-writes-field,b,Source:OP-4:UndischargedBoundsObligation,1
corpus/ent5-neg-readonly-field-row-writes-field,rows,Source:OP-4:UndischargedBoundsObligation,1
corpus/ent5-neg-readonly-field-row-writes-field,b_rows,Source:OP-4:UndischargedBoundsObligation,1
corpus/eff5-neg-later-range-lends-no-captured-endpoints,base,Source:EFF-5:UndischargedCallSeparation,1
corpus/eff5-neg-later-range-lends-no-captured-endpoints,off,Source:EFF-5:UndischargedCallSeparation,1
corpus/eff5-neg-later-range-lends-no-captured-endpoints,a,Source:EFF-5:UndischargedCallSeparation,1
corpus/eff5-neg-later-range-lends-no-captured-endpoints,ap,Source:EFF-5:UndischargedCallSeparation,1
corpus/eff5-neg-later-range-lends-no-captured-endpoints,b,Source:EFF-5:UndischargedCallSeparation,1
corpus/eff5-neg-later-range-lends-no-captured-endpoints,rows,Source:EFF-5:UndischargedCallSeparation,1
corpus/eff5-neg-later-range-lends-no-captured-endpoints,b_rows,Source:EFF-5:UndischargedCallSeparation,1
corpus/eff5-neg-earlier-range-lends-no-captured-endpoints,base,Source:EFF-5:UndischargedCallSeparation,1
corpus/eff5-neg-earlier-range-lends-no-captured-endpoints,off,Source:EFF-5:UndischargedCallSeparation,1
corpus/eff5-neg-earlier-range-lends-no-captured-endpoints,a,Source:EFF-5:UndischargedCallSeparation,1
corpus/eff5-neg-earlier-range-lends-no-captured-endpoints,ap,Source:EFF-5:UndischargedCallSeparation,1
corpus/eff5-neg-earlier-range-lends-no-captured-endpoints,b,Source:EFF-5:UndischargedCallSeparation,1
corpus/eff5-neg-earlier-range-lends-no-captured-endpoints,rows,Source:EFF-5:UndischargedCallSeparation,1
corpus/eff5-neg-earlier-range-lends-no-captured-endpoints,b_rows,Source:EFF-5:UndischargedCallSeparation,1
corpus/eff5-neg-field-and-measure-range-starts-overlap,base,Source:EFF-5:UndischargedCallSeparation,1
corpus/eff5-neg-field-and-measure-range-starts-overlap,off,Source:EFF-5:UndischargedCallSeparation,1
corpus/eff5-neg-field-and-measure-range-starts-overlap,a,Source:EFF-5:UndischargedCallSeparation,1
corpus/eff5-neg-field-and-measure-range-starts-overlap,ap,Source:EFF-5:UndischargedCallSeparation,1
corpus/eff5-neg-field-and-measure-range-starts-overlap,b,Source:EFF-5:UndischargedCallSeparation,1
corpus/eff5-neg-field-and-measure-range-starts-overlap,rows,Source:EFF-5:UndischargedCallSeparation,1
corpus/eff5-neg-field-and-measure-range-starts-overlap,b_rows,Source:EFF-5:UndischargedCallSeparation,1
corpus/eff5-neg-one-range-formation-for-two-writes,base,Source:EFF-5:OverlappingCallEffects,1
corpus/eff5-neg-one-range-formation-for-two-writes,off,Source:EFF-5:OverlappingCallEffects,1
corpus/eff5-neg-one-range-formation-for-two-writes,a,Source:EFF-5:OverlappingCallEffects,1
corpus/eff5-neg-one-range-formation-for-two-writes,ap,Source:EFF-5:OverlappingCallEffects,1
corpus/eff5-neg-one-range-formation-for-two-writes,b,Source:EFF-5:OverlappingCallEffects,1
corpus/eff5-neg-one-range-formation-for-two-writes,rows,Source:EFF-5:OverlappingCallEffects,1
corpus/eff5-neg-one-range-formation-for-two-writes,b_rows,Source:EFF-5:OverlappingCallEffects,1
corpus/own7-pos-ranges-meeting-at-a-measure-separate,base,accepted,0
corpus/own7-pos-ranges-meeting-at-a-measure-separate,off,accepted,0
corpus/own7-pos-ranges-meeting-at-a-measure-separate,a,accepted,0
corpus/own7-pos-ranges-meeting-at-a-measure-separate,ap,accepted,0
corpus/own7-pos-ranges-meeting-at-a-measure-separate,b,accepted,0
corpus/own7-pos-ranges-meeting-at-a-measure-separate,rows,accepted,0
corpus/own7-pos-ranges-meeting-at-a-measure-separate,b_rows,accepted,0
corpus/own7-pos-index-outside-range-separate,base,accepted,0
corpus/own7-pos-index-outside-range-separate,off,accepted,0
corpus/own7-pos-index-outside-range-separate,a,accepted,0
corpus/own7-pos-index-outside-range-separate,ap,accepted,0
corpus/own7-pos-index-outside-range-separate,b,accepted,0
corpus/own7-pos-index-outside-range-separate,rows,accepted,0
corpus/own7-pos-index-outside-range-separate,b_rows,accepted,0
corpus/eff5-neg-index-inside-written-range,base,Source:EFF-5:UndischargedCallSeparation,1
corpus/eff5-neg-index-inside-written-range,off,Source:EFF-5:UndischargedCallSeparation,1
corpus/eff5-neg-index-inside-written-range,a,Source:EFF-5:UndischargedCallSeparation,1
corpus/eff5-neg-index-inside-written-range,ap,Source:EFF-5:UndischargedCallSeparation,1
corpus/eff5-neg-index-inside-written-range,b,Source:EFF-5:UndischargedCallSeparation,1
corpus/eff5-neg-index-inside-written-range,rows,Source:EFF-5:UndischargedCallSeparation,1
corpus/eff5-neg-index-inside-written-range,b_rows,Source:EFF-5:UndischargedCallSeparation,1
corpus/eff5-neg-index-beside-range-unproved,base,Source:EFF-5:UndischargedCallSeparation,1
corpus/eff5-neg-index-beside-range-unproved,off,Source:EFF-5:UndischargedCallSeparation,1
corpus/eff5-neg-index-beside-range-unproved,a,Source:EFF-5:UndischargedCallSeparation,1
corpus/eff5-neg-index-beside-range-unproved,ap,Source:EFF-5:UndischargedCallSeparation,1
corpus/eff5-neg-index-beside-range-unproved,b,Source:EFF-5:UndischargedCallSeparation,1
corpus/eff5-neg-index-beside-range-unproved,rows,Source:EFF-5:UndischargedCallSeparation,1
corpus/eff5-neg-index-beside-range-unproved,b_rows,Source:EFF-5:UndischargedCallSeparation,1
corpus/win2-pos-range-within-length-beside-append,base,accepted,0
corpus/win2-pos-range-within-length-beside-append,off,accepted,0
corpus/win2-pos-range-within-length-beside-append,a,accepted,0
corpus/win2-pos-range-within-length-beside-append,ap,accepted,0
corpus/win2-pos-range-within-length-beside-append,b,accepted,0
corpus/win2-pos-range-within-length-beside-append,rows,accepted,0
corpus/win2-pos-range-within-length-beside-append,b_rows,accepted,0
corpus/eff5-neg-range-reaching-append-slot,base,Source:EFF-5:UndischargedCallSeparation,1
corpus/eff5-neg-range-reaching-append-slot,off,Source:EFF-5:UndischargedCallSeparation,1
corpus/eff5-neg-range-reaching-append-slot,a,Source:EFF-5:UndischargedCallSeparation,1
corpus/eff5-neg-range-reaching-append-slot,ap,Source:EFF-5:UndischargedCallSeparation,1
corpus/eff5-neg-range-reaching-append-slot,b,Source:EFF-5:UndischargedCallSeparation,1
corpus/eff5-neg-range-reaching-append-slot,rows,Source:EFF-5:UndischargedCallSeparation,1
corpus/eff5-neg-range-reaching-append-slot,b_rows,Source:EFF-5:UndischargedCallSeparation,1
corpus/eff5-pos-range-beside-filled-not-compared,base,accepted,0
corpus/eff5-pos-range-beside-filled-not-compared,off,accepted,0
corpus/eff5-pos-range-beside-filled-not-compared,a,accepted,0
corpus/eff5-pos-range-beside-filled-not-compared,ap,accepted,0
corpus/eff5-pos-range-beside-filled-not-compared,b,accepted,0
corpus/eff5-pos-range-beside-filled-not-compared,rows,accepted,0
corpus/eff5-pos-range-beside-filled-not-compared,b_rows,accepted,0
corpus/eff5-pos-two-arguments-range-beside-append,base,accepted,0
corpus/eff5-pos-two-arguments-range-beside-append,off,accepted,0
corpus/eff5-pos-two-arguments-range-beside-append,a,accepted,0
corpus/eff5-pos-two-arguments-range-beside-append,ap,accepted,0
corpus/eff5-pos-two-arguments-range-beside-append,b,accepted,0
corpus/eff5-pos-two-arguments-range-beside-append,rows,accepted,0
corpus/eff5-pos-two-arguments-range-beside-append,b_rows,accepted,0
corpus/call3-pos-range-write-beside-element-keeps-its-measure,base,accepted,0
corpus/call3-pos-range-write-beside-element-keeps-its-measure,off,accepted,0
corpus/call3-pos-range-write-beside-element-keeps-its-measure,a,accepted,0
corpus/call3-pos-range-write-beside-element-keeps-its-measure,ap,accepted,0
corpus/call3-pos-range-write-beside-element-keeps-its-measure,b,accepted,0
corpus/call3-pos-range-write-beside-element-keeps-its-measure,rows,accepted,0
corpus/call3-pos-range-write-beside-element-keeps-its-measure,b_rows,accepted,0
corpus/ent5-pos-range-element-measure-survives-append,base,accepted,0
corpus/ent5-pos-range-element-measure-survives-append,off,accepted,0
corpus/ent5-pos-range-element-measure-survives-append,a,accepted,0
corpus/ent5-pos-range-element-measure-survives-append,ap,accepted,0
corpus/ent5-pos-range-element-measure-survives-append,b,accepted,0
corpus/ent5-pos-range-element-measure-survives-append,rows,accepted,0
corpus/ent5-pos-range-element-measure-survives-append,b_rows,accepted,0
corpus/ref2-neg-index-reference-after-user-pop,base,Source:REF-2:InvalidReferenceUse,1
corpus/ref2-neg-index-reference-after-user-pop,off,Source:REF-2:InvalidReferenceUse,1
corpus/ref2-neg-index-reference-after-user-pop,a,Source:REF-2:InvalidReferenceUse,1
corpus/ref2-neg-index-reference-after-user-pop,ap,Source:REF-2:InvalidReferenceUse,1
corpus/ref2-neg-index-reference-after-user-pop,b,Source:REF-2:InvalidReferenceUse,1
corpus/ref2-neg-index-reference-after-user-pop,rows,Source:REF-2:InvalidReferenceUse,1
corpus/ref2-neg-index-reference-after-user-pop,b_rows,Source:REF-2:InvalidReferenceUse,1
corpus/ref2-neg-range-reference-after-user-pop,base,Source:REF-2:InvalidReferenceUse,1
corpus/ref2-neg-range-reference-after-user-pop,off,Source:REF-2:InvalidReferenceUse,1
corpus/ref2-neg-range-reference-after-user-pop,a,Source:REF-2:InvalidReferenceUse,1
corpus/ref2-neg-range-reference-after-user-pop,ap,Source:REF-2:InvalidReferenceUse,1
corpus/ref2-neg-range-reference-after-user-pop,b,Source:REF-2:InvalidReferenceUse,1
corpus/ref2-neg-range-reference-after-user-pop,rows,Source:REF-2:InvalidReferenceUse,1
corpus/ref2-neg-range-reference-after-user-pop,b_rows,Source:REF-2:InvalidReferenceUse,1
corpus/ref2-pos-reference-survives-user-push,base,accepted,0
corpus/ref2-pos-reference-survives-user-push,off,accepted,0
corpus/ref2-pos-reference-survives-user-push,a,accepted,0
corpus/ref2-pos-reference-survives-user-push,ap,accepted,0
corpus/ref2-pos-reference-survives-user-push,b,accepted,0
corpus/ref2-pos-reference-survives-user-push,rows,accepted,0
corpus/ref2-pos-reference-survives-user-push,b_rows,accepted,0
corpus/own7-pos-two-row-ranges-separate,base,accepted,0
corpus/own7-pos-two-row-ranges-separate,off,accepted,0
corpus/own7-pos-two-row-ranges-separate,a,accepted,0
corpus/own7-pos-two-row-ranges-separate,ap,accepted,0
corpus/own7-pos-two-row-ranges-separate,b,accepted,0
corpus/own7-pos-two-row-ranges-separate,rows,accepted,0
corpus/own7-pos-two-row-ranges-separate,b_rows,accepted,0
corpus/eff5-neg-two-row-ranges-overlap,base,Source:EFF-5:UndischargedCallSeparation,1
corpus/eff5-neg-two-row-ranges-overlap,off,Source:EFF-5:UndischargedCallSeparation,1
corpus/eff5-neg-two-row-ranges-overlap,a,Source:EFF-5:UndischargedCallSeparation,1
corpus/eff5-neg-two-row-ranges-overlap,ap,Source:EFF-5:UndischargedCallSeparation,1
corpus/eff5-neg-two-row-ranges-overlap,b,Source:EFF-5:UndischargedCallSeparation,1
corpus/eff5-neg-two-row-ranges-overlap,rows,Source:EFF-5:UndischargedCallSeparation,1
corpus/eff5-neg-two-row-ranges-overlap,b_rows,Source:EFF-5:UndischargedCallSeparation,1
corpus/eff5-pos-index-beside-last-not-compared,base,accepted,0
corpus/eff5-pos-index-beside-last-not-compared,off,accepted,0
corpus/eff5-pos-index-beside-last-not-compared,a,accepted,0
corpus/eff5-pos-index-beside-last-not-compared,ap,accepted,0
corpus/eff5-pos-index-beside-last-not-compared,b,accepted,0
corpus/eff5-pos-index-beside-last-not-compared,rows,accepted,0
corpus/eff5-pos-index-beside-last-not-compared,b_rows,accepted,0
corpus/eff5-pos-range-beside-last-not-compared,base,accepted,0
corpus/eff5-pos-range-beside-last-not-compared,off,accepted,0
corpus/eff5-pos-range-beside-last-not-compared,a,accepted,0
corpus/eff5-pos-range-beside-last-not-compared,ap,accepted,0
corpus/eff5-pos-range-beside-last-not-compared,b,accepted,0
corpus/eff5-pos-range-beside-last-not-compared,rows,accepted,0
corpus/eff5-pos-range-beside-last-not-compared,b_rows,accepted,0
corpus/eff5-neg-two-arguments-index-beside-last,base,Source:EFF-5:OverlappingCallEffects,1
corpus/eff5-neg-two-arguments-index-beside-last,off,Source:EFF-5:OverlappingCallEffects,1
corpus/eff5-neg-two-arguments-index-beside-last,a,Source:EFF-5:OverlappingCallEffects,1
corpus/eff5-neg-two-arguments-index-beside-last,ap,Source:EFF-5:OverlappingCallEffects,1
corpus/eff5-neg-two-arguments-index-beside-last,b,Source:EFF-5:OverlappingCallEffects,1
corpus/eff5-neg-two-arguments-index-beside-last,rows,Source:EFF-5:OverlappingCallEffects,1
corpus/eff5-neg-two-arguments-index-beside-last,b_rows,Source:EFF-5:OverlappingCallEffects,1
corpus/eff5-neg-two-arguments-range-beside-last,base,Source:EFF-5:OverlappingCallEffects,1
corpus/eff5-neg-two-arguments-range-beside-last,off,Source:EFF-5:OverlappingCallEffects,1
corpus/eff5-neg-two-arguments-range-beside-last,a,Source:EFF-5:OverlappingCallEffects,1
corpus/eff5-neg-two-arguments-range-beside-last,ap,Source:EFF-5:OverlappingCallEffects,1
corpus/eff5-neg-two-arguments-range-beside-last,b,Source:EFF-5:OverlappingCallEffects,1
corpus/eff5-neg-two-arguments-range-beside-last,rows,Source:EFF-5:OverlappingCallEffects,1
corpus/eff5-neg-two-arguments-range-beside-last,b_rows,Source:EFF-5:OverlappingCallEffects,1
corpus/ref2-neg-element-reference-after-range-frame-pop,base,Source:REF-2:InvalidReferenceUse,1
corpus/ref2-neg-element-reference-after-range-frame-pop,off,Source:REF-2:InvalidReferenceUse,1
corpus/ref2-neg-element-reference-after-range-frame-pop,a,Source:REF-2:InvalidReferenceUse,1
corpus/ref2-neg-element-reference-after-range-frame-pop,ap,Source:REF-2:InvalidReferenceUse,1
corpus/ref2-neg-element-reference-after-range-frame-pop,b,Source:REF-2:InvalidReferenceUse,1
corpus/ref2-neg-element-reference-after-range-frame-pop,rows,Source:REF-2:InvalidReferenceUse,1
corpus/ref2-neg-element-reference-after-range-frame-pop,b_rows,Source:REF-2:InvalidReferenceUse,1
corpus/ref2-neg-element-reference-after-range-row-pop,base,Source:REF-2:InvalidReferenceUse,1
corpus/ref2-neg-element-reference-after-range-row-pop,off,Source:REF-2:InvalidReferenceUse,1
corpus/ref2-neg-element-reference-after-range-row-pop,a,Source:REF-2:InvalidReferenceUse,1
corpus/ref2-neg-element-reference-after-range-row-pop,ap,Source:REF-2:InvalidReferenceUse,1
corpus/ref2-neg-element-reference-after-range-row-pop,b,Source:REF-2:InvalidReferenceUse,1
corpus/ref2-neg-element-reference-after-range-row-pop,rows,Source:REF-2:InvalidReferenceUse,1
corpus/ref2-neg-element-reference-after-range-row-pop,b_rows,Source:REF-2:InvalidReferenceUse,1
corpus/ref2-neg-element-reference-after-range-frame-write,base,Source:REF-2:InvalidReferenceUse,1
corpus/ref2-neg-element-reference-after-range-frame-write,off,Source:REF-2:InvalidReferenceUse,1
corpus/ref2-neg-element-reference-after-range-frame-write,a,Source:REF-2:InvalidReferenceUse,1
corpus/ref2-neg-element-reference-after-range-frame-write,ap,Source:REF-2:InvalidReferenceUse,1
corpus/ref2-neg-element-reference-after-range-frame-write,b,Source:REF-2:InvalidReferenceUse,1
corpus/ref2-neg-element-reference-after-range-frame-write,rows,Source:REF-2:InvalidReferenceUse,1
corpus/ref2-neg-element-reference-after-range-frame-write,b_rows,Source:REF-2:InvalidReferenceUse,1
corpus/ref2-neg-reference-after-user-remove,base,Source:REF-2:InvalidReferenceUse,1
corpus/ref2-neg-reference-after-user-remove,off,Source:REF-2:InvalidReferenceUse,1
corpus/ref2-neg-reference-after-user-remove,a,Source:REF-2:InvalidReferenceUse,1
corpus/ref2-neg-reference-after-user-remove,ap,Source:REF-2:InvalidReferenceUse,1
corpus/ref2-neg-reference-after-user-remove,b,Source:REF-2:InvalidReferenceUse,1
corpus/ref2-neg-reference-after-user-remove,rows,Source:REF-2:InvalidReferenceUse,1
corpus/ref2-neg-reference-after-user-remove,b_rows,Source:REF-2:InvalidReferenceUse,1
corpus/op10-pos-slot-reference-survives-insert-at,base,accepted,0
corpus/op10-pos-slot-reference-survives-insert-at,off,accepted,0
corpus/op10-pos-slot-reference-survives-insert-at,a,accepted,0
corpus/op10-pos-slot-reference-survives-insert-at,ap,accepted,0
corpus/op10-pos-slot-reference-survives-insert-at,b,accepted,0
corpus/op10-pos-slot-reference-survives-insert-at,rows,accepted,0
corpus/op10-pos-slot-reference-survives-insert-at,b_rows,accepted,0
corpus/ref2-neg-element-reference-after-run-write,base,Source:REF-2:InvalidReferenceUse,1
corpus/ref2-neg-element-reference-after-run-write,off,Source:REF-2:InvalidReferenceUse,1
corpus/ref2-neg-element-reference-after-run-write,a,Source:REF-2:InvalidReferenceUse,1
corpus/ref2-neg-element-reference-after-run-write,ap,Source:REF-2:InvalidReferenceUse,1
corpus/ref2-neg-element-reference-after-run-write,b,Source:REF-2:InvalidReferenceUse,1
corpus/ref2-neg-element-reference-after-run-write,rows,Source:REF-2:InvalidReferenceUse,1
corpus/ref2-neg-element-reference-after-run-write,b_rows,Source:REF-2:InvalidReferenceUse,1
corpus/own7-pos-ranges-below-unproved-row-indices-separate,base,accepted,0
corpus/own7-pos-ranges-below-unproved-row-indices-separate,off,accepted,0
corpus/own7-pos-ranges-below-unproved-row-indices-separate,a,accepted,0
corpus/own7-pos-ranges-below-unproved-row-indices-separate,ap,accepted,0
corpus/own7-pos-ranges-below-unproved-row-indices-separate,b,accepted,0
corpus/own7-pos-ranges-below-unproved-row-indices-separate,rows,accepted,0
corpus/own7-pos-ranges-below-unproved-row-indices-separate,b_rows,accepted,0
corpus/own7-pos-index-and-range-below-unproved-row-indices-separate,base,accepted,0
corpus/own7-pos-index-and-range-below-unproved-row-indices-separate,off,accepted,0
corpus/own7-pos-index-and-range-below-unproved-row-indices-separate,a,accepted,0
corpus/own7-pos-index-and-range-below-unproved-row-indices-separate,ap,accepted,0
corpus/own7-pos-index-and-range-below-unproved-row-indices-separate,b,accepted,0
corpus/own7-pos-index-and-range-below-unproved-row-indices-separate,rows,accepted,0
corpus/own7-pos-index-and-range-below-unproved-row-indices-separate,b_rows,accepted,0
corpus/own7-pos-row-ranges-below-unproved-row-indices-separate,base,accepted,0
corpus/own7-pos-row-ranges-below-unproved-row-indices-separate,off,accepted,0
corpus/own7-pos-row-ranges-below-unproved-row-indices-separate,a,accepted,0
corpus/own7-pos-row-ranges-below-unproved-row-indices-separate,ap,accepted,0
corpus/own7-pos-row-ranges-below-unproved-row-indices-separate,b,accepted,0
corpus/own7-pos-row-ranges-below-unproved-row-indices-separate,rows,accepted,0
corpus/own7-pos-row-ranges-below-unproved-row-indices-separate,b_rows,accepted,0
corpus/eff5-neg-ranges-below-different-range-frames-overlap,base,Source:EFF-5:UndischargedCallSeparation,1
corpus/eff5-neg-ranges-below-different-range-frames-overlap,off,Source:EFF-5:UndischargedCallSeparation,1
corpus/eff5-neg-ranges-below-different-range-frames-overlap,a,Source:EFF-5:UndischargedCallSeparation,1
corpus/eff5-neg-ranges-below-different-range-frames-overlap,ap,Source:EFF-5:UndischargedCallSeparation,1
corpus/eff5-neg-ranges-below-different-range-frames-overlap,b,Source:EFF-5:UndischargedCallSeparation,1
corpus/eff5-neg-ranges-below-different-range-frames-overlap,rows,Source:EFF-5:UndischargedCallSeparation,1
corpus/eff5-neg-ranges-below-different-range-frames-overlap,b_rows,Source:EFF-5:UndischargedCallSeparation,1
corpus/fn8-neg-reference-requirement-after-offset-write,base,Source:FN-8:UndischargedCallRequirement,1
corpus/fn8-neg-reference-requirement-after-offset-write,off,Source:FN-8:UndischargedCallRequirement,1
corpus/fn8-neg-reference-requirement-after-offset-write,a,Source:FN-8:UndischargedCallRequirement,1
corpus/fn8-neg-reference-requirement-after-offset-write,ap,Source:FN-8:UndischargedCallRequirement,1
corpus/fn8-neg-reference-requirement-after-offset-write,b,Source:FN-8:UndischargedCallRequirement,1
corpus/fn8-neg-reference-requirement-after-offset-write,rows,Source:FN-8:UndischargedCallRequirement,1
corpus/fn8-neg-reference-requirement-after-offset-write,b_rows,Source:FN-8:UndischargedCallRequirement,1
corpus/fn8-pos-reference-requirement-from-its-referent,base,accepted,0
corpus/fn8-pos-reference-requirement-from-its-referent,off,accepted,0
corpus/fn8-pos-reference-requirement-from-its-referent,a,accepted,0
corpus/fn8-pos-reference-requirement-from-its-referent,ap,accepted,0
corpus/fn8-pos-reference-requirement-from-its-referent,b,accepted,0
corpus/fn8-pos-reference-requirement-from-its-referent,rows,accepted,0
corpus/fn8-pos-reference-requirement-from-its-referent,b_rows,accepted,0
corpus/fn8-neg-reference-requirement-after-loop-offset-write,base,Source:FN-8:UndischargedCallRequirement,1
corpus/fn8-neg-reference-requirement-after-loop-offset-write,off,Source:FN-8:UndischargedCallRequirement,1
corpus/fn8-neg-reference-requirement-after-loop-offset-write,a,Source:FN-8:UndischargedCallRequirement,1
corpus/fn8-neg-reference-requirement-after-loop-offset-write,ap,Source:FN-8:UndischargedCallRequirement,1
corpus/fn8-neg-reference-requirement-after-loop-offset-write,b,Source:FN-8:UndischargedCallRequirement,1
corpus/fn8-neg-reference-requirement-after-loop-offset-write,rows,Source:FN-8:UndischargedCallRequirement,1
corpus/fn8-neg-reference-requirement-after-loop-offset-write,b_rows,Source:FN-8:UndischargedCallRequirement,1
corpus/fn8-neg-reference-requirement-after-counted-offset-write,base,Source:FN-8:UndischargedCallRequirement,1
corpus/fn8-neg-reference-requirement-after-counted-offset-write,off,Source:FN-8:UndischargedCallRequirement,1
corpus/fn8-neg-reference-requirement-after-counted-offset-write,a,Source:FN-8:UndischargedCallRequirement,1
corpus/fn8-neg-reference-requirement-after-counted-offset-write,ap,Source:FN-8:UndischargedCallRequirement,1
corpus/fn8-neg-reference-requirement-after-counted-offset-write,b,Source:FN-8:UndischargedCallRequirement,1
corpus/fn8-neg-reference-requirement-after-counted-offset-write,rows,Source:FN-8:UndischargedCallRequirement,1
corpus/fn8-neg-reference-requirement-after-counted-offset-write,b_rows,Source:FN-8:UndischargedCallRequirement,1
corpus/fn8-neg-reference-requirement-after-loop-exit,base,Source:FN-8:UndischargedCallRequirement,1
corpus/fn8-neg-reference-requirement-after-loop-exit,off,Source:FN-8:UndischargedCallRequirement,1
corpus/fn8-neg-reference-requirement-after-loop-exit,a,Source:FN-8:UndischargedCallRequirement,1
corpus/fn8-neg-reference-requirement-after-loop-exit,ap,Source:FN-8:UndischargedCallRequirement,1
corpus/fn8-neg-reference-requirement-after-loop-exit,b,Source:FN-8:UndischargedCallRequirement,1
corpus/fn8-neg-reference-requirement-after-loop-exit,rows,Source:FN-8:UndischargedCallRequirement,1
corpus/fn8-neg-reference-requirement-after-loop-exit,b_rows,Source:FN-8:UndischargedCallRequirement,1
corpus/op4-neg-postcondition-through-reference-after-offset-write,base,Source:OP-4:UndischargedBoundsObligation,1
corpus/op4-neg-postcondition-through-reference-after-offset-write,off,Source:OP-4:UndischargedBoundsObligation,1
corpus/op4-neg-postcondition-through-reference-after-offset-write,a,Source:OP-4:UndischargedBoundsObligation,1
corpus/op4-neg-postcondition-through-reference-after-offset-write,ap,Source:OP-4:UndischargedBoundsObligation,1
corpus/op4-neg-postcondition-through-reference-after-offset-write,b,Source:OP-4:UndischargedBoundsObligation,1
corpus/op4-neg-postcondition-through-reference-after-offset-write,rows,Source:OP-4:UndischargedBoundsObligation,1
corpus/op4-neg-postcondition-through-reference-after-offset-write,b_rows,Source:OP-4:UndischargedBoundsObligation,1
corpus/fn8-neg-reference-requirement-after-conditional-offset-write,base,Source:FN-8:UndischargedCallRequirement,1
corpus/fn8-neg-reference-requirement-after-conditional-offset-write,off,Source:FN-8:UndischargedCallRequirement,1
corpus/fn8-neg-reference-requirement-after-conditional-offset-write,a,Source:FN-8:UndischargedCallRequirement,1
corpus/fn8-neg-reference-requirement-after-conditional-offset-write,ap,Source:FN-8:UndischargedCallRequirement,1
corpus/fn8-neg-reference-requirement-after-conditional-offset-write,b,Source:FN-8:UndischargedCallRequirement,1
corpus/fn8-neg-reference-requirement-after-conditional-offset-write,rows,Source:FN-8:UndischargedCallRequirement,1
corpus/fn8-neg-reference-requirement-after-conditional-offset-write,b_rows,Source:FN-8:UndischargedCallRequirement,1
corpus/fn8-neg-reference-guard-after-conditional-offset-write,base,Source:FN-8:UndischargedCallRequirement,1
corpus/fn8-neg-reference-guard-after-conditional-offset-write,off,Source:FN-8:UndischargedCallRequirement,1
corpus/fn8-neg-reference-guard-after-conditional-offset-write,a,Source:FN-8:UndischargedCallRequirement,1
corpus/fn8-neg-reference-guard-after-conditional-offset-write,ap,Source:FN-8:UndischargedCallRequirement,1
corpus/fn8-neg-reference-guard-after-conditional-offset-write,b,Source:FN-8:UndischargedCallRequirement,1
corpus/fn8-neg-reference-guard-after-conditional-offset-write,rows,Source:FN-8:UndischargedCallRequirement,1
corpus/fn8-neg-reference-guard-after-conditional-offset-write,b_rows,Source:FN-8:UndischargedCallRequirement,1
corpus/fn8-pos-reference-requirement-offset-written-before-break,base,accepted,0
corpus/fn8-pos-reference-requirement-offset-written-before-break,off,accepted,0
corpus/fn8-pos-reference-requirement-offset-written-before-break,a,accepted,0
corpus/fn8-pos-reference-requirement-offset-written-before-break,ap,accepted,0
corpus/fn8-pos-reference-requirement-offset-written-before-break,b,accepted,0
corpus/fn8-pos-reference-requirement-offset-written-before-break,rows,accepted,0
corpus/fn8-pos-reference-requirement-offset-written-before-break,b_rows,accepted,0
corpus/fn8-pos-reference-requirement-offset-written-before-outer-break,base,accepted,0
corpus/fn8-pos-reference-requirement-offset-written-before-outer-break,off,accepted,0
corpus/fn8-pos-reference-requirement-offset-written-before-outer-break,a,accepted,0
corpus/fn8-pos-reference-requirement-offset-written-before-outer-break,ap,accepted,0
corpus/fn8-pos-reference-requirement-offset-written-before-outer-break,b,accepted,0
corpus/fn8-pos-reference-requirement-offset-written-before-outer-break,rows,accepted,0
corpus/fn8-pos-reference-requirement-offset-written-before-outer-break,b_rows,accepted,0
corpus/fn8-pos-reference-requirement-beside-index-superseded-before-loop,base,accepted,0
corpus/fn8-pos-reference-requirement-beside-index-superseded-before-loop,off,accepted,0
corpus/fn8-pos-reference-requirement-beside-index-superseded-before-loop,a,accepted,0
corpus/fn8-pos-reference-requirement-beside-index-superseded-before-loop,ap,accepted,0
corpus/fn8-pos-reference-requirement-beside-index-superseded-before-loop,b,accepted,0
corpus/fn8-pos-reference-requirement-beside-index-superseded-before-loop,rows,accepted,0
corpus/fn8-pos-reference-requirement-beside-index-superseded-before-loop,b_rows,accepted,0
corpus/set1-neg-row-index-write-after-index-parameter-write,base,Source:SET-1:InvalidSetTarget,1
corpus/set1-neg-row-index-write-after-index-parameter-write,off,Source:SET-1:InvalidSetTarget,1
corpus/set1-neg-row-index-write-after-index-parameter-write,a,Source:SET-1:InvalidSetTarget,1
corpus/set1-neg-row-index-write-after-index-parameter-write,ap,Source:SET-1:InvalidSetTarget,1
corpus/set1-neg-row-index-write-after-index-parameter-write,b,Source:SET-1:InvalidSetTarget,1
corpus/set1-neg-row-index-write-after-index-parameter-write,rows,Source:SET-1:InvalidSetTarget,1
corpus/set1-neg-row-index-write-after-index-parameter-write,b_rows,Source:SET-1:InvalidSetTarget,1
corpus/set1-neg-row-index-write-after-conditional-index-parameter-write,base,Source:SET-1:InvalidSetTarget,1
corpus/set1-neg-row-index-write-after-conditional-index-parameter-write,off,Source:SET-1:InvalidSetTarget,1
corpus/set1-neg-row-index-write-after-conditional-index-parameter-write,a,Source:SET-1:InvalidSetTarget,1
corpus/set1-neg-row-index-write-after-conditional-index-parameter-write,ap,Source:SET-1:InvalidSetTarget,1
corpus/set1-neg-row-index-write-after-conditional-index-parameter-write,b,Source:SET-1:InvalidSetTarget,1
corpus/set1-neg-row-index-write-after-conditional-index-parameter-write,rows,Source:SET-1:InvalidSetTarget,1
corpus/set1-neg-row-index-write-after-conditional-index-parameter-write,b_rows,Source:SET-1:InvalidSetTarget,1
corpus/set1-neg-row-index-write-after-index-parameter-write-in-loop,base,Source:SET-1:InvalidSetTarget,1
corpus/set1-neg-row-index-write-after-index-parameter-write-in-loop,off,Source:SET-1:InvalidSetTarget,1
corpus/set1-neg-row-index-write-after-index-parameter-write-in-loop,a,Source:SET-1:InvalidSetTarget,1
corpus/set1-neg-row-index-write-after-index-parameter-write-in-loop,ap,Source:SET-1:InvalidSetTarget,1
corpus/set1-neg-row-index-write-after-index-parameter-write-in-loop,b,Source:SET-1:InvalidSetTarget,1
corpus/set1-neg-row-index-write-after-index-parameter-write-in-loop,rows,Source:SET-1:InvalidSetTarget,1
corpus/set1-neg-row-index-write-after-index-parameter-write-in-loop,b_rows,Source:SET-1:InvalidSetTarget,1
corpus/eff2-neg-row-index-argument-after-index-parameter-write,base,Source:EFF-2:EffectMismatch,1
corpus/eff2-neg-row-index-argument-after-index-parameter-write,off,Source:EFF-2:EffectMismatch,1
corpus/eff2-neg-row-index-argument-after-index-parameter-write,a,Source:EFF-2:EffectMismatch,1
corpus/eff2-neg-row-index-argument-after-index-parameter-write,ap,Source:EFF-2:EffectMismatch,1
corpus/eff2-neg-row-index-argument-after-index-parameter-write,b,Source:EFF-2:EffectMismatch,1
corpus/eff2-neg-row-index-argument-after-index-parameter-write,rows,Source:EFF-2:EffectMismatch,1
corpus/eff2-neg-row-index-argument-after-index-parameter-write,b_rows,Source:EFF-2:EffectMismatch,1
corpus/eff2-neg-row-range-after-endpoint-parameter-write,base,Source:EFF-2:EffectMismatch,1
corpus/eff2-neg-row-range-after-endpoint-parameter-write,off,Source:EFF-2:EffectMismatch,1
corpus/eff2-neg-row-range-after-endpoint-parameter-write,a,Source:EFF-2:EffectMismatch,1
corpus/eff2-neg-row-range-after-endpoint-parameter-write,ap,Source:EFF-2:EffectMismatch,1
corpus/eff2-neg-row-range-after-endpoint-parameter-write,b,Source:EFF-2:EffectMismatch,1
corpus/eff2-neg-row-range-after-endpoint-parameter-write,rows,Source:EFF-2:EffectMismatch,1
corpus/eff2-neg-row-range-after-endpoint-parameter-write,b_rows,Source:EFF-2:EffectMismatch,1
corpus/eff1-pos-reference-index-read-before-index-parameter-write,base,accepted,0
corpus/eff1-pos-reference-index-read-before-index-parameter-write,off,accepted,0
corpus/eff1-pos-reference-index-read-before-index-parameter-write,a,accepted,0
corpus/eff1-pos-reference-index-read-before-index-parameter-write,ap,accepted,0
corpus/eff1-pos-reference-index-read-before-index-parameter-write,b,accepted,0
corpus/eff1-pos-reference-index-read-before-index-parameter-write,rows,accepted,0
corpus/eff1-pos-reference-index-read-before-index-parameter-write,b_rows,accepted,0
corpus/eff1-pos-reference-index-read-before-loop-writing-index-parameter,base,accepted,0
corpus/eff1-pos-reference-index-read-before-loop-writing-index-parameter,off,accepted,0
corpus/eff1-pos-reference-index-read-before-loop-writing-index-parameter,a,accepted,0
corpus/eff1-pos-reference-index-read-before-loop-writing-index-parameter,ap,accepted,0
corpus/eff1-pos-reference-index-read-before-loop-writing-index-parameter,b,accepted,0
corpus/eff1-pos-reference-index-read-before-loop-writing-index-parameter,rows,accepted,0
corpus/eff1-pos-reference-index-read-before-loop-writing-index-parameter,b_rows,accepted,0
corpus/eff1-pos-index-parameter-written-after-last-access,base,accepted,0
corpus/eff1-pos-index-parameter-written-after-last-access,off,accepted,0
corpus/eff1-pos-index-parameter-written-after-last-access,a,accepted,0
corpus/eff1-pos-index-parameter-written-after-last-access,ap,accepted,0
corpus/eff1-pos-index-parameter-written-after-last-access,b,accepted,0
corpus/eff1-pos-index-parameter-written-after-last-access,rows,accepted,0
corpus/eff1-pos-index-parameter-written-after-last-access,b_rows,accepted,0
corpus/eff1-pos-index-parameter-written-before-break,base,accepted,0
corpus/eff1-pos-index-parameter-written-before-break,off,accepted,0
corpus/eff1-pos-index-parameter-written-before-break,a,accepted,0
corpus/eff1-pos-index-parameter-written-before-break,ap,accepted,0
corpus/eff1-pos-index-parameter-written-before-break,b,accepted,0
corpus/eff1-pos-index-parameter-written-before-break,rows,accepted,0
corpus/eff1-pos-index-parameter-written-before-break,b_rows,accepted,0
corpus/eff1-pos-range-formed-before-endpoint-parameter-write,base,accepted,0
corpus/eff1-pos-range-formed-before-endpoint-parameter-write,off,accepted,0
corpus/eff1-pos-range-formed-before-endpoint-parameter-write,a,accepted,0
corpus/eff1-pos-range-formed-before-endpoint-parameter-write,ap,accepted,0
corpus/eff1-pos-range-formed-before-endpoint-parameter-write,b,accepted,0
corpus/eff1-pos-range-formed-before-endpoint-parameter-write,rows,accepted,0
corpus/eff1-pos-range-formed-before-endpoint-parameter-write,b_rows,accepted,0
corpus/eff1-pos-range-formed-before-loop-writing-endpoint-parameter,base,accepted,0
corpus/eff1-pos-range-formed-before-loop-writing-endpoint-parameter,off,accepted,0
corpus/eff1-pos-range-formed-before-loop-writing-endpoint-parameter,a,accepted,0
corpus/eff1-pos-range-formed-before-loop-writing-endpoint-parameter,ap,accepted,0
corpus/eff1-pos-range-formed-before-loop-writing-endpoint-parameter,b,accepted,0
corpus/eff1-pos-range-formed-before-loop-writing-endpoint-parameter,rows,accepted,0
corpus/eff1-pos-range-formed-before-loop-writing-endpoint-parameter,b_rows,accepted,0
corpus/eff1-pos-reference-index-read-before-write-on-one-edge,base,accepted,0
corpus/eff1-pos-reference-index-read-before-write-on-one-edge,off,accepted,0
corpus/eff1-pos-reference-index-read-before-write-on-one-edge,a,accepted,0
corpus/eff1-pos-reference-index-read-before-write-on-one-edge,ap,accepted,0
corpus/eff1-pos-reference-index-read-before-write-on-one-edge,b,accepted,0
corpus/eff1-pos-reference-index-read-before-write-on-one-edge,rows,accepted,0
corpus/eff1-pos-reference-index-read-before-write-on-one-edge,b_rows,accepted,0
corpus/eff1-pos-range-formed-before-endpoint-write-on-one-edge,base,accepted,0
corpus/eff1-pos-range-formed-before-endpoint-write-on-one-edge,off,accepted,0
corpus/eff1-pos-range-formed-before-endpoint-write-on-one-edge,a,accepted,0
corpus/eff1-pos-range-formed-before-endpoint-write-on-one-edge,ap,accepted,0
corpus/eff1-pos-range-formed-before-endpoint-write-on-one-edge,b,accepted,0
corpus/eff1-pos-range-formed-before-endpoint-write-on-one-edge,rows,accepted,0
corpus/eff1-pos-range-formed-before-endpoint-write-on-one-edge,b_rows,accepted,0
corpus/eff2-neg-row-range-formed-after-endpoint-write-on-one-edge,base,Source:EFF-2:EffectMismatch,1
corpus/eff2-neg-row-range-formed-after-endpoint-write-on-one-edge,off,Source:EFF-2:EffectMismatch,1
corpus/eff2-neg-row-range-formed-after-endpoint-write-on-one-edge,a,Source:EFF-2:EffectMismatch,1
corpus/eff2-neg-row-range-formed-after-endpoint-write-on-one-edge,ap,Source:EFF-2:EffectMismatch,1
corpus/eff2-neg-row-range-formed-after-endpoint-write-on-one-edge,b,Source:EFF-2:EffectMismatch,1
corpus/eff2-neg-row-range-formed-after-endpoint-write-on-one-edge,rows,Source:EFF-2:EffectMismatch,1
corpus/eff2-neg-row-range-formed-after-endpoint-write-on-one-edge,b_rows,Source:EFF-2:EffectMismatch,1
corpus/wait1-neg-waiting-call-in-plain-function,base,Source:WAIT-1:WaitingCallOutsideWaitingFunction,1
corpus/wait1-neg-waiting-call-in-plain-function,off,Source:WAIT-1:WaitingCallOutsideWaitingFunction,1
corpus/wait1-neg-waiting-call-in-plain-function,a,Source:WAIT-1:WaitingCallOutsideWaitingFunction,1
corpus/wait1-neg-waiting-call-in-plain-function,ap,Source:WAIT-1:WaitingCallOutsideWaitingFunction,1
corpus/wait1-neg-waiting-call-in-plain-function,b,Source:WAIT-1:WaitingCallOutsideWaitingFunction,1
corpus/wait1-neg-waiting-call-in-plain-function,rows,Source:WAIT-1:WaitingCallOutsideWaitingFunction,1
corpus/wait1-neg-waiting-call-in-plain-function,b_rows,Source:WAIT-1:WaitingCallOutsideWaitingFunction,1
corpus/wait1-neg-waiting-helper-in-plain-caller,base,Source:WAIT-1:WaitingCallOutsideWaitingFunction,1
corpus/wait1-neg-waiting-helper-in-plain-caller,off,Source:WAIT-1:WaitingCallOutsideWaitingFunction,1
corpus/wait1-neg-waiting-helper-in-plain-caller,a,Source:WAIT-1:WaitingCallOutsideWaitingFunction,1
corpus/wait1-neg-waiting-helper-in-plain-caller,ap,Source:WAIT-1:WaitingCallOutsideWaitingFunction,1
corpus/wait1-neg-waiting-helper-in-plain-caller,b,Source:WAIT-1:WaitingCallOutsideWaitingFunction,1
corpus/wait1-neg-waiting-helper-in-plain-caller,rows,Source:WAIT-1:WaitingCallOutsideWaitingFunction,1
corpus/wait1-neg-waiting-helper-in-plain-caller,b_rows,Source:WAIT-1:WaitingCallOutsideWaitingFunction,1
corpus/wait1-pos-waiting-chain-to-entry,base,accepted,0
corpus/wait1-pos-waiting-chain-to-entry,off,accepted,0
corpus/wait1-pos-waiting-chain-to-entry,a,accepted,0
corpus/wait1-pos-waiting-chain-to-entry,ap,accepted,0
corpus/wait1-pos-waiting-chain-to-entry,b,accepted,0
corpus/wait1-pos-waiting-chain-to-entry,rows,accepted,0
corpus/wait1-pos-waiting-chain-to-entry,b_rows,accepted,0
corpus/fn4-neg-waiting-actual-for-plain-formal,base,Source:FN-4:BehaviorArgumentMismatch,1
corpus/fn4-neg-waiting-actual-for-plain-formal,off,Source:FN-4:BehaviorArgumentMismatch,1
corpus/fn4-neg-waiting-actual-for-plain-formal,a,Source:FN-4:BehaviorArgumentMismatch,1
corpus/fn4-neg-waiting-actual-for-plain-formal,ap,Source:FN-4:BehaviorArgumentMismatch,1
corpus/fn4-neg-waiting-actual-for-plain-formal,b,Source:FN-4:BehaviorArgumentMismatch,1
corpus/fn4-neg-waiting-actual-for-plain-formal,rows,Source:FN-4:BehaviorArgumentMismatch,1
corpus/fn4-neg-waiting-actual-for-plain-formal,b_rows,Source:FN-4:BehaviorArgumentMismatch,1
corpus/wait3-neg-spawn-in-clause,base,Source:WAIT-3:InvalidSpawn,1
corpus/wait3-neg-spawn-in-clause,off,Source:WAIT-3:InvalidSpawn,1
corpus/wait3-neg-spawn-in-clause,a,Source:WAIT-3:InvalidSpawn,1
corpus/wait3-neg-spawn-in-clause,ap,Source:WAIT-3:InvalidSpawn,1
corpus/wait3-neg-spawn-in-clause,b,Source:WAIT-3:InvalidSpawn,1
corpus/wait3-neg-spawn-in-clause,rows,Source:WAIT-3:InvalidSpawn,1
corpus/wait3-neg-spawn-in-clause,b_rows,Source:WAIT-3:InvalidSpawn,1
corpus/wait3-pos-spawn-statement,base,accepted,0
corpus/wait3-pos-spawn-statement,off,accepted,0
corpus/wait3-pos-spawn-statement,a,accepted,0
corpus/wait3-pos-spawn-statement,ap,accepted,0
corpus/wait3-pos-spawn-statement,b,accepted,0
corpus/wait3-pos-spawn-statement,rows,accepted,0
corpus/wait3-pos-spawn-statement,b_rows,accepted,0
corpus/wait3-neg-reference-parameter,base,Source:WAIT-3:InvalidSpawn,1
corpus/wait3-neg-reference-parameter,off,Source:WAIT-3:InvalidSpawn,1
corpus/wait3-neg-reference-parameter,a,Source:WAIT-3:InvalidSpawn,1
corpus/wait3-neg-reference-parameter,ap,Source:WAIT-3:InvalidSpawn,1
corpus/wait3-neg-reference-parameter,b,Source:WAIT-3:InvalidSpawn,1
corpus/wait3-neg-reference-parameter,rows,Source:WAIT-3:InvalidSpawn,1
corpus/wait3-neg-reference-parameter,b_rows,Source:WAIT-3:InvalidSpawn,1
corpus/wait3-neg-discarded-result-without-drop,base,Source:WAIT-3:InvalidSpawn,1
corpus/wait3-neg-discarded-result-without-drop,off,Source:WAIT-3:InvalidSpawn,1
corpus/wait3-neg-discarded-result-without-drop,a,Source:WAIT-3:InvalidSpawn,1
corpus/wait3-neg-discarded-result-without-drop,ap,Source:WAIT-3:InvalidSpawn,1
corpus/wait3-neg-discarded-result-without-drop,b,Source:WAIT-3:InvalidSpawn,1
corpus/wait3-neg-discarded-result-without-drop,rows,Source:WAIT-3:InvalidSpawn,1
corpus/wait3-neg-discarded-result-without-drop,b_rows,Source:WAIT-3:InvalidSpawn,1
corpus/wait3-pos-discarded-droppable-result,base,accepted,0
corpus/wait3-pos-discarded-droppable-result,off,accepted,0
corpus/wait3-pos-discarded-droppable-result,a,accepted,0
corpus/wait3-pos-discarded-droppable-result,ap,accepted,0
corpus/wait3-pos-discarded-droppable-result,b,accepted,0
corpus/wait3-pos-discarded-droppable-result,rows,accepted,0
corpus/wait3-pos-discarded-droppable-result,b_rows,accepted,0
corpus/wait3-pos-spawn-let,base,accepted,0
corpus/wait3-pos-spawn-let,off,accepted,0
corpus/wait3-pos-spawn-let,a,accepted,0
corpus/wait3-pos-spawn-let,ap,accepted,0
corpus/wait3-pos-spawn-let,b,accepted,0
corpus/wait3-pos-spawn-let,rows,accepted,0
corpus/wait3-pos-spawn-let,b_rows,accepted,0
corpus/wait3-neg-let-reference-parameter,base,Source:WAIT-3:InvalidSpawn,1
corpus/wait3-neg-let-reference-parameter,off,Source:WAIT-3:InvalidSpawn,1
corpus/wait3-neg-let-reference-parameter,a,Source:WAIT-3:InvalidSpawn,1
corpus/wait3-neg-let-reference-parameter,ap,Source:WAIT-3:InvalidSpawn,1
corpus/wait3-neg-let-reference-parameter,b,Source:WAIT-3:InvalidSpawn,1
corpus/wait3-neg-let-reference-parameter,rows,Source:WAIT-3:InvalidSpawn,1
corpus/wait3-neg-let-reference-parameter,b_rows,Source:WAIT-3:InvalidSpawn,1
corpus/wait3-neg-callee-does-not-wait,base,Source:WAIT-3:InvalidSpawn,1
corpus/wait3-neg-callee-does-not-wait,off,Source:WAIT-3:InvalidSpawn,1
corpus/wait3-neg-callee-does-not-wait,a,Source:WAIT-3:InvalidSpawn,1
corpus/wait3-neg-callee-does-not-wait,ap,Source:WAIT-3:InvalidSpawn,1
corpus/wait3-neg-callee-does-not-wait,b,Source:WAIT-3:InvalidSpawn,1
corpus/wait3-neg-callee-does-not-wait,rows,Source:WAIT-3:InvalidSpawn,1
corpus/wait3-neg-callee-does-not-wait,b_rows,Source:WAIT-3:InvalidSpawn,1
corpus/wait3-neg-destructuring-let,base,Source:WAIT-3:InvalidSpawn,1
corpus/wait3-neg-destructuring-let,off,Source:WAIT-3:InvalidSpawn,1
corpus/wait3-neg-destructuring-let,a,Source:WAIT-3:InvalidSpawn,1
corpus/wait3-neg-destructuring-let,ap,Source:WAIT-3:InvalidSpawn,1
corpus/wait3-neg-destructuring-let,b,Source:WAIT-3:InvalidSpawn,1
corpus/wait3-neg-destructuring-let,rows,Source:WAIT-3:InvalidSpawn,1
corpus/wait3-neg-destructuring-let,b_rows,Source:WAIT-3:InvalidSpawn,1
corpus/wait3-neg-outside-waiting-function,base,Source:WAIT-1:WaitingCallOutsideWaitingFunction,1
corpus/wait3-neg-outside-waiting-function,off,Source:WAIT-1:WaitingCallOutsideWaitingFunction,1
corpus/wait3-neg-outside-waiting-function,a,Source:WAIT-1:WaitingCallOutsideWaitingFunction,1
corpus/wait3-neg-outside-waiting-function,ap,Source:WAIT-1:WaitingCallOutsideWaitingFunction,1
corpus/wait3-neg-outside-waiting-function,b,Source:WAIT-1:WaitingCallOutsideWaitingFunction,1
corpus/wait3-neg-outside-waiting-function,rows,Source:WAIT-1:WaitingCallOutsideWaitingFunction,1
corpus/wait3-neg-outside-waiting-function,b_rows,Source:WAIT-1:WaitingCallOutsideWaitingFunction,1
corpus/wait3-neg-inside-atomic,base,Source:SHARE-2:WaitInsideAtomic,1
corpus/wait3-neg-inside-atomic,off,Source:SHARE-2:WaitInsideAtomic,1
corpus/wait3-neg-inside-atomic,a,Source:SHARE-2:WaitInsideAtomic,1
corpus/wait3-neg-inside-atomic,ap,Source:SHARE-2:WaitInsideAtomic,1
corpus/wait3-neg-inside-atomic,b,Source:SHARE-2:WaitInsideAtomic,1
corpus/wait3-neg-inside-atomic,rows,Source:SHARE-2:WaitInsideAtomic,1
corpus/wait3-neg-inside-atomic,b_rows,Source:SHARE-2:WaitInsideAtomic,1
corpus/wait3-pos-join-at-activation-exit,base,accepted,0
corpus/wait3-pos-join-at-activation-exit,off,accepted,0
corpus/wait3-pos-join-at-activation-exit,a,accepted,0
corpus/wait3-pos-join-at-activation-exit,ap,accepted,0
corpus/wait3-pos-join-at-activation-exit,b,accepted,0
corpus/wait3-pos-join-at-activation-exit,rows,accepted,0
corpus/wait3-pos-join-at-activation-exit,b_rows,accepted,0
corpus/wait3-pos-join-before-the-using-statement,base,accepted,0
corpus/wait3-pos-join-before-the-using-statement,off,accepted,0
corpus/wait3-pos-join-before-the-using-statement,a,accepted,0
corpus/wait3-pos-join-before-the-using-statement,ap,accepted,0
corpus/wait3-pos-join-before-the-using-statement,b,accepted,0
corpus/wait3-pos-join-before-the-using-statement,rows,accepted,0
corpus/wait3-pos-join-before-the-using-statement,b_rows,accepted,0
corpus/own1-neg-implicit-match,base,Source:OWN-1:BareAffineUse,1
corpus/own1-neg-implicit-match,off,Source:OWN-1:BareAffineUse,1
corpus/own1-neg-implicit-match,a,Source:OWN-1:BareAffineUse,1
corpus/own1-neg-implicit-match,ap,Source:OWN-1:BareAffineUse,1
corpus/own1-neg-implicit-match,b,Source:OWN-1:BareAffineUse,1
corpus/own1-neg-implicit-match,rows,Source:OWN-1:BareAffineUse,1
corpus/own1-neg-implicit-match,b_rows,Source:OWN-1:BareAffineUse,1
corpus/own1-neg-implicit-propagate,base,Source:OWN-1:BareAffineUse,1
corpus/own1-neg-implicit-propagate,off,Source:OWN-1:BareAffineUse,1
corpus/own1-neg-implicit-propagate,a,Source:OWN-1:BareAffineUse,1
corpus/own1-neg-implicit-propagate,ap,Source:OWN-1:BareAffineUse,1
corpus/own1-neg-implicit-propagate,b,Source:OWN-1:BareAffineUse,1
corpus/own1-neg-implicit-propagate,rows,Source:OWN-1:BareAffineUse,1
corpus/own1-neg-implicit-propagate,b_rows,Source:OWN-1:BareAffineUse,1
corpus/gram5-neg-prefix-reference-access,base,Source:GRAM-5:UnexpectedToken,1
corpus/gram5-neg-prefix-reference-access,off,Source:GRAM-5:UnexpectedToken,1
corpus/gram5-neg-prefix-reference-access,a,Source:GRAM-5:UnexpectedToken,1
corpus/gram5-neg-prefix-reference-access,ap,Source:GRAM-5:UnexpectedToken,1
corpus/gram5-neg-prefix-reference-access,b,Source:GRAM-5:UnexpectedToken,1
corpus/gram5-neg-prefix-reference-access,rows,Source:GRAM-5:UnexpectedToken,1
corpus/gram5-neg-prefix-reference-access,b_rows,Source:GRAM-5:UnexpectedToken,1
corpus/type7-neg-caret-array-element,base,Source:TYPE-7:MissingDereference,1
corpus/type7-neg-caret-array-element,off,Source:TYPE-7:MissingDereference,1
corpus/type7-neg-caret-array-element,a,Source:TYPE-7:MissingDereference,1
corpus/type7-neg-caret-array-element,ap,Source:TYPE-7:MissingDereference,1
corpus/type7-neg-caret-array-element,b,Source:TYPE-7:MissingDereference,1
corpus/type7-neg-caret-array-element,rows,Source:TYPE-7:MissingDereference,1
corpus/type7-neg-caret-array-element,b_rows,Source:TYPE-7:MissingDereference,1
corpus/type7-neg-caret-repeated,base,Source:TYPE-7:MissingDereference,1
corpus/type7-neg-caret-repeated,off,Source:TYPE-7:MissingDereference,1
corpus/type7-neg-caret-repeated,a,Source:TYPE-7:MissingDereference,1
corpus/type7-neg-caret-repeated,ap,Source:TYPE-7:MissingDereference,1
corpus/type7-neg-caret-repeated,b,Source:TYPE-7:MissingDereference,1
corpus/type7-neg-caret-repeated,rows,Source:TYPE-7:MissingDereference,1
corpus/type7-neg-caret-repeated,b_rows,Source:TYPE-7:MissingDereference,1
corpus/type7-neg-caret-formation,base,Source:TYPE-7:MissingDereference,1
corpus/type7-neg-caret-formation,off,Source:TYPE-7:MissingDereference,1
corpus/type7-neg-caret-formation,a,Source:TYPE-7:MissingDereference,1
corpus/type7-neg-caret-formation,ap,Source:TYPE-7:MissingDereference,1
corpus/type7-neg-caret-formation,b,Source:TYPE-7:MissingDereference,1
corpus/type7-neg-caret-formation,rows,Source:TYPE-7:MissingDereference,1
corpus/type7-neg-caret-formation,b_rows,Source:TYPE-7:MissingDereference,1
corpus/type7-neg-caret-constant,base,Source:TYPE-7:MissingDereference,1
corpus/type7-neg-caret-constant,off,Source:TYPE-7:MissingDereference,1
corpus/type7-neg-caret-constant,a,Source:TYPE-7:MissingDereference,1
corpus/type7-neg-caret-constant,ap,Source:TYPE-7:MissingDereference,1
corpus/type7-neg-caret-constant,b,Source:TYPE-7:MissingDereference,1
corpus/type7-neg-caret-constant,rows,Source:TYPE-7:MissingDereference,1
corpus/type7-neg-caret-constant,b_rows,Source:TYPE-7:MissingDereference,1
corpus/own1-pos-explicit-consumers,base,accepted,0
corpus/own1-pos-explicit-consumers,off,accepted,0
corpus/own1-pos-explicit-consumers,a,accepted,0
corpus/own1-pos-explicit-consumers,ap,accepted,0
corpus/own1-pos-explicit-consumers,b,accepted,0
corpus/own1-pos-explicit-consumers,rows,accepted,0
corpus/own1-pos-explicit-consumers,b_rows,accepted,0
corpus/type7-neg-borrow-implicit-projection,base,Source:TYPE-7:MissingDereference,1
corpus/type7-neg-borrow-implicit-projection,off,Source:TYPE-7:MissingDereference,1
corpus/type7-neg-borrow-implicit-projection,a,Source:TYPE-7:MissingDereference,1
corpus/type7-neg-borrow-implicit-projection,ap,Source:TYPE-7:MissingDereference,1
corpus/type7-neg-borrow-implicit-projection,b,Source:TYPE-7:MissingDereference,1
corpus/type7-neg-borrow-implicit-projection,rows,Source:TYPE-7:MissingDereference,1
corpus/type7-neg-borrow-implicit-projection,b_rows,Source:TYPE-7:MissingDereference,1
corpus/share-pos-counter,base,accepted,0
corpus/share-pos-counter,off,accepted,0
corpus/share-pos-counter,a,accepted,0
corpus/share-pos-counter,ap,accepted,0
corpus/share-pos-counter,b,accepted,0
corpus/share-pos-counter,rows,accepted,0
corpus/share-pos-counter,b_rows,accepted,0
corpus/share-pos-guard,base,accepted,0
corpus/share-pos-guard,off,accepted,0
corpus/share-pos-guard,a,accepted,0
corpus/share-pos-guard,ap,accepted,0
corpus/share-pos-guard,b,accepted,0
corpus/share-pos-guard,rows,accepted,0
corpus/share-pos-guard,b_rows,accepted,0
corpus/share-neg-waiting-call-in-block,base,Source:SHARE-2:WaitInsideAtomic,1
corpus/share-neg-waiting-call-in-block,off,Source:SHARE-2:WaitInsideAtomic,1
corpus/share-neg-waiting-call-in-block,a,Source:SHARE-2:WaitInsideAtomic,1
corpus/share-neg-waiting-call-in-block,ap,Source:SHARE-2:WaitInsideAtomic,1
corpus/share-neg-waiting-call-in-block,b,Source:SHARE-2:WaitInsideAtomic,1
corpus/share-neg-waiting-call-in-block,rows,Source:SHARE-2:WaitInsideAtomic,1
corpus/share-neg-waiting-call-in-block,b_rows,Source:SHARE-2:WaitInsideAtomic,1
corpus/share-neg-nested,base,Source:SHARE-2:WaitInsideAtomic,1
corpus/share-neg-nested,off,Source:SHARE-2:WaitInsideAtomic,1
corpus/share-neg-nested,a,Source:SHARE-2:WaitInsideAtomic,1
corpus/share-neg-nested,ap,Source:SHARE-2:WaitInsideAtomic,1
corpus/share-neg-nested,b,Source:SHARE-2:WaitInsideAtomic,1
corpus/share-neg-nested,rows,Source:SHARE-2:WaitInsideAtomic,1
corpus/share-neg-nested,b_rows,Source:SHARE-2:WaitInsideAtomic,1
corpus/share-neg-guard-writes,base,Source:SHARE-2:AtomicGuardWrites,1
corpus/share-neg-guard-writes,off,Source:SHARE-2:AtomicGuardWrites,1
corpus/share-neg-guard-writes,a,Source:SHARE-2:AtomicGuardWrites,1
corpus/share-neg-guard-writes,ap,Source:SHARE-2:AtomicGuardWrites,1
corpus/share-neg-guard-writes,b,Source:SHARE-2:AtomicGuardWrites,1
corpus/share-neg-guard-writes,rows,Source:SHARE-2:AtomicGuardWrites,1
corpus/share-neg-guard-writes,b_rows,Source:SHARE-2:AtomicGuardWrites,1
corpus/share-neg-outside-waiting-function,base,Source:WAIT-1:WaitingCallOutsideWaitingFunction,1
corpus/share-neg-outside-waiting-function,off,Source:WAIT-1:WaitingCallOutsideWaitingFunction,1
corpus/share-neg-outside-waiting-function,a,Source:WAIT-1:WaitingCallOutsideWaitingFunction,1
corpus/share-neg-outside-waiting-function,ap,Source:WAIT-1:WaitingCallOutsideWaitingFunction,1
corpus/share-neg-outside-waiting-function,b,Source:WAIT-1:WaitingCallOutsideWaitingFunction,1
corpus/share-neg-outside-waiting-function,rows,Source:WAIT-1:WaitingCallOutsideWaitingFunction,1
corpus/share-neg-outside-waiting-function,b_rows,Source:WAIT-1:WaitingCallOutsideWaitingFunction,1
corpus/share-neg-reference-outlives-block,base,Source:REF-2:InvalidReferenceUse,1
corpus/share-neg-reference-outlives-block,off,Source:REF-2:InvalidReferenceUse,1
corpus/share-neg-reference-outlives-block,a,Source:REF-2:InvalidReferenceUse,1
corpus/share-neg-reference-outlives-block,ap,Source:REF-2:InvalidReferenceUse,1
corpus/share-neg-reference-outlives-block,b,Source:REF-2:InvalidReferenceUse,1
corpus/share-neg-reference-outlives-block,rows,Source:REF-2:InvalidReferenceUse,1
corpus/share-neg-reference-outlives-block,b_rows,Source:REF-2:InvalidReferenceUse,1
corpus/share-neg-target-not-shared,base,Source:SHARE-2:AtomicTargetNotShared,1
corpus/share-neg-target-not-shared,off,Source:SHARE-2:AtomicTargetNotShared,1
corpus/share-neg-target-not-shared,a,Source:SHARE-2:AtomicTargetNotShared,1
corpus/share-neg-target-not-shared,ap,Source:SHARE-2:AtomicTargetNotShared,1
corpus/share-neg-target-not-shared,b,Source:SHARE-2:AtomicTargetNotShared,1
corpus/share-neg-target-not-shared,rows,Source:SHARE-2:AtomicTargetNotShared,1
corpus/share-neg-target-not-shared,b_rows,Source:SHARE-2:AtomicTargetNotShared,1
corpus/share-neg-postcondition-return-in-block,base,Source:FN-9:UndischargedPostcondition,1
corpus/share-neg-postcondition-return-in-block,off,Source:FN-9:UndischargedPostcondition,1
corpus/share-neg-postcondition-return-in-block,a,Source:FN-9:UndischargedPostcondition,1
corpus/share-neg-postcondition-return-in-block,ap,Source:FN-9:UndischargedPostcondition,1
corpus/share-neg-postcondition-return-in-block,b,Source:FN-9:UndischargedPostcondition,1
corpus/share-neg-postcondition-return-in-block,rows,Source:FN-9:UndischargedPostcondition,1
corpus/share-neg-postcondition-return-in-block,b_rows,Source:FN-9:UndischargedPostcondition,1
corpus/share-pos-postcondition-return-in-block,base,accepted,0
corpus/share-pos-postcondition-return-in-block,off,accepted,0
corpus/share-pos-postcondition-return-in-block,a,accepted,0
corpus/share-pos-postcondition-return-in-block,ap,accepted,0
corpus/share-pos-postcondition-return-in-block,b,accepted,0
corpus/share-pos-postcondition-return-in-block,rows,accepted,0
corpus/share-pos-postcondition-return-in-block,b_rows,accepted,0
corpus/share-pos-exits-release-the-object,base,accepted,0
corpus/share-pos-exits-release-the-object,off,accepted,0
corpus/share-pos-exits-release-the-object,a,accepted,0
corpus/share-pos-exits-release-the-object,ap,accepted,0
corpus/share-pos-exits-release-the-object,b,accepted,0
corpus/share-pos-exits-release-the-object,rows,accepted,0
corpus/share-pos-exits-release-the-object,b_rows,accepted,0
corpus/share-pos-handle-moved-in-block,base,accepted,0
corpus/share-pos-handle-moved-in-block,off,accepted,0
corpus/share-pos-handle-moved-in-block,a,accepted,0
corpus/share-pos-handle-moved-in-block,ap,accepted,0
corpus/share-pos-handle-moved-in-block,b,accepted,0
corpus/share-pos-handle-moved-in-block,rows,accepted,0
corpus/share-pos-handle-moved-in-block,b_rows,accepted,0
corpus/share-pos-handle-in-aggregates,base,accepted,0
corpus/share-pos-handle-in-aggregates,off,accepted,0
corpus/share-pos-handle-in-aggregates,a,accepted,0
corpus/share-pos-handle-in-aggregates,ap,accepted,0
corpus/share-pos-handle-in-aggregates,b,accepted,0
corpus/share-pos-handle-in-aggregates,rows,accepted,0
corpus/share-pos-handle-in-aggregates,b_rows,accepted,0
corpus/share-pos-guard-admits-requirement,base,accepted,0
corpus/share-pos-guard-admits-requirement,off,accepted,0
corpus/share-pos-guard-admits-requirement,a,accepted,0
corpus/share-pos-guard-admits-requirement,ap,accepted,0
corpus/share-pos-guard-admits-requirement,b,accepted,0
corpus/share-pos-guard-admits-requirement,rows,accepted,0
corpus/share-pos-guard-admits-requirement,b_rows,accepted,0
corpus/share-neg-guard-absent-requirement,base,Source:FN-8:UndischargedCallRequirement,1
corpus/share-neg-guard-absent-requirement,off,Source:FN-8:UndischargedCallRequirement,1
corpus/share-neg-guard-absent-requirement,a,Source:FN-8:UndischargedCallRequirement,1
corpus/share-neg-guard-absent-requirement,ap,Source:FN-8:UndischargedCallRequirement,1
corpus/share-neg-guard-absent-requirement,b,Source:FN-8:UndischargedCallRequirement,1
corpus/share-neg-guard-absent-requirement,rows,Source:FN-8:UndischargedCallRequirement,1
corpus/share-neg-guard-absent-requirement,b_rows,Source:FN-8:UndischargedCallRequirement,1
corpus/share-pos-guard-waits-for-starter,base,accepted,0
corpus/share-pos-guard-waits-for-starter,off,accepted,0
corpus/share-pos-guard-waits-for-starter,a,accepted,0
corpus/share-pos-guard-waits-for-starter,ap,accepted,0
corpus/share-pos-guard-waits-for-starter,b,accepted,0
corpus/share-pos-guard-waits-for-starter,rows,accepted,0
corpus/share-pos-guard-waits-for-starter,b_rows,accepted,0
corpus/share-pos-guard-progress-through-relay,base,accepted,0
corpus/share-pos-guard-progress-through-relay,off,accepted,0
corpus/share-pos-guard-progress-through-relay,a,accepted,0
corpus/share-pos-guard-progress-through-relay,ap,accepted,0
corpus/share-pos-guard-progress-through-relay,b,accepted,0
corpus/share-pos-guard-progress-through-relay,rows,accepted,0
corpus/share-pos-guard-progress-through-relay,b_rows,accepted,0
corpus/share-pos-guard-progress-bound-result,base,accepted,0
corpus/share-pos-guard-progress-bound-result,off,accepted,0
corpus/share-pos-guard-progress-bound-result,a,accepted,0
corpus/share-pos-guard-progress-bound-result,ap,accepted,0
corpus/share-pos-guard-progress-bound-result,b,accepted,0
corpus/share-pos-guard-progress-bound-result,rows,accepted,0
corpus/share-pos-guard-progress-bound-result,b_rows,accepted,0
corpus/form5-pos-character-literal,base,accepted,0
corpus/form5-pos-character-literal,off,accepted,0
corpus/form5-pos-character-literal,a,accepted,0
corpus/form5-pos-character-literal,ap,accepted,0
corpus/form5-pos-character-literal,b,accepted,0
corpus/form5-pos-character-literal,rows,accepted,0
corpus/form5-pos-character-literal,b_rows,accepted,0
corpus/form5-pos-character-literal-positions,base,accepted,0
corpus/form5-pos-character-literal-positions,off,accepted,0
corpus/form5-pos-character-literal-positions,a,accepted,0
corpus/form5-pos-character-literal-positions,ap,accepted,0
corpus/form5-pos-character-literal-positions,b,accepted,0
corpus/form5-pos-character-literal-positions,rows,accepted,0
corpus/form5-pos-character-literal-positions,b_rows,accepted,0
corpus/form5-pos-character-tab-and-return,base,accepted,0
corpus/form5-pos-character-tab-and-return,off,accepted,0
corpus/form5-pos-character-tab-and-return,a,accepted,0
corpus/form5-pos-character-tab-and-return,ap,accepted,0
corpus/form5-pos-character-tab-and-return,b,accepted,0
corpus/form5-pos-character-tab-and-return,rows,accepted,0
corpus/form5-pos-character-tab-and-return,b_rows,accepted,0
corpus/const2-pos-string-constant,base,accepted,0
corpus/const2-pos-string-constant,off,accepted,0
corpus/const2-pos-string-constant,a,accepted,0
corpus/const2-pos-string-constant,ap,accepted,0
corpus/const2-pos-string-constant,b,accepted,0
corpus/const2-pos-string-constant,rows,accepted,0
corpus/const2-pos-string-constant,b_rows,accepted,0
corpus/const2-pos-string-tab-and-return,base,accepted,0
corpus/const2-pos-string-tab-and-return,off,accepted,0
corpus/const2-pos-string-tab-and-return,a,accepted,0
corpus/const2-pos-string-tab-and-return,ap,accepted,0
corpus/const2-pos-string-tab-and-return,b,accepted,0
corpus/const2-pos-string-tab-and-return,rows,accepted,0
corpus/const2-pos-string-tab-and-return,b_rows,accepted,0
corpus/const2-pos-string-utf8-encoding,base,accepted,0
corpus/const2-pos-string-utf8-encoding,off,accepted,0
corpus/const2-pos-string-utf8-encoding,a,accepted,0
corpus/const2-pos-string-utf8-encoding,ap,accepted,0
corpus/const2-pos-string-utf8-encoding,b,accepted,0
corpus/const2-pos-string-utf8-encoding,rows,accepted,0
corpus/const2-pos-string-utf8-encoding,b_rows,accepted,0
corpus/const2-pos-string-nested,base,accepted,0
corpus/const2-pos-string-nested,off,accepted,0
corpus/const2-pos-string-nested,a,accepted,0
corpus/const2-pos-string-nested,ap,accepted,0
corpus/const2-pos-string-nested,b,accepted,0
corpus/const2-pos-string-nested,rows,accepted,0
corpus/const2-pos-string-nested,b_rows,accepted,0
corpus/form7-pos-doc-text,base,accepted,0
corpus/form7-pos-doc-text,off,accepted,0
corpus/form7-pos-doc-text,a,accepted,0
corpus/form7-pos-doc-text,ap,accepted,0
corpus/form7-pos-doc-text,b,accepted,0
corpus/form7-pos-doc-text,rows,accepted,0
corpus/form7-pos-doc-text,b_rows,accepted,0
corpus/form7-neg-character-escaped-printable,base,Source:FORM-7:InvalidTextItem,1
corpus/form7-neg-character-escaped-printable,off,Source:FORM-7:InvalidTextItem,1
corpus/form7-neg-character-escaped-printable,a,Source:FORM-7:InvalidTextItem,1
corpus/form7-neg-character-escaped-printable,ap,Source:FORM-7:InvalidTextItem,1
corpus/form7-neg-character-escaped-printable,b,Source:FORM-7:InvalidTextItem,1
corpus/form7-neg-character-escaped-printable,rows,Source:FORM-7:InvalidTextItem,1
corpus/form7-neg-character-escaped-printable,b_rows,Source:FORM-7:InvalidTextItem,1
corpus/form7-neg-character-escaped-quote,base,Source:FORM-7:InvalidTextItem,1
corpus/form7-neg-character-escaped-quote,off,Source:FORM-7:InvalidTextItem,1
corpus/form7-neg-character-escaped-quote,a,Source:FORM-7:InvalidTextItem,1
corpus/form7-neg-character-escaped-quote,ap,Source:FORM-7:InvalidTextItem,1
corpus/form7-neg-character-escaped-quote,b,Source:FORM-7:InvalidTextItem,1
corpus/form7-neg-character-escaped-quote,rows,Source:FORM-7:InvalidTextItem,1
corpus/form7-neg-character-escaped-quote,b_rows,Source:FORM-7:InvalidTextItem,1
corpus/form7-neg-character-escape-leading-zero,base,Source:FORM-7:InvalidTextItem,1
corpus/form7-neg-character-escape-leading-zero,off,Source:FORM-7:InvalidTextItem,1
corpus/form7-neg-character-escape-leading-zero,a,Source:FORM-7:InvalidTextItem,1
corpus/form7-neg-character-escape-leading-zero,ap,Source:FORM-7:InvalidTextItem,1
corpus/form7-neg-character-escape-leading-zero,b,Source:FORM-7:InvalidTextItem,1
corpus/form7-neg-character-escape-leading-zero,rows,Source:FORM-7:InvalidTextItem,1
corpus/form7-neg-character-escape-leading-zero,b_rows,Source:FORM-7:InvalidTextItem,1
corpus/form7-neg-character-surrogate,base,Source:FORM-7:InvalidTextItem,1
corpus/form7-neg-character-surrogate,off,Source:FORM-7:InvalidTextItem,1
corpus/form7-neg-character-surrogate,a,Source:FORM-7:InvalidTextItem,1
corpus/form7-neg-character-surrogate,ap,Source:FORM-7:InvalidTextItem,1
corpus/form7-neg-character-surrogate,b,Source:FORM-7:InvalidTextItem,1
corpus/form7-neg-character-surrogate,rows,Source:FORM-7:InvalidTextItem,1
corpus/form7-neg-character-surrogate,b_rows,Source:FORM-7:InvalidTextItem,1
corpus/form7-neg-character-above-scalar-range,base,Source:FORM-7:InvalidTextItem,1
corpus/form7-neg-character-above-scalar-range,off,Source:FORM-7:InvalidTextItem,1
corpus/form7-neg-character-above-scalar-range,a,Source:FORM-7:InvalidTextItem,1
corpus/form7-neg-character-above-scalar-range,ap,Source:FORM-7:InvalidTextItem,1
corpus/form7-neg-character-above-scalar-range,b,Source:FORM-7:InvalidTextItem,1
corpus/form7-neg-character-above-scalar-range,rows,Source:FORM-7:InvalidTextItem,1
corpus/form7-neg-character-above-scalar-range,b_rows,Source:FORM-7:InvalidTextItem,1
corpus/form7-neg-character-u8-above-ascii,base,Source:FORM-7:NonAsciiByteCharacter,1
corpus/form7-neg-character-u8-above-ascii,off,Source:FORM-7:NonAsciiByteCharacter,1
corpus/form7-neg-character-u8-above-ascii,a,Source:FORM-7:NonAsciiByteCharacter,1
corpus/form7-neg-character-u8-above-ascii,ap,Source:FORM-7:NonAsciiByteCharacter,1
corpus/form7-neg-character-u8-above-ascii,b,Source:FORM-7:NonAsciiByteCharacter,1
corpus/form7-neg-character-u8-above-ascii,rows,Source:FORM-7:NonAsciiByteCharacter,1
corpus/form7-neg-character-u8-above-ascii,b_rows,Source:FORM-7:NonAsciiByteCharacter,1
corpus/form7-neg-character-u8-first-non-ascii,base,Source:FORM-7:NonAsciiByteCharacter,1
corpus/form7-neg-character-u8-first-non-ascii,off,Source:FORM-7:NonAsciiByteCharacter,1
corpus/form7-neg-character-u8-first-non-ascii,a,Source:FORM-7:NonAsciiByteCharacter,1
corpus/form7-neg-character-u8-first-non-ascii,ap,Source:FORM-7:NonAsciiByteCharacter,1
corpus/form7-neg-character-u8-first-non-ascii,b,Source:FORM-7:NonAsciiByteCharacter,1
corpus/form7-neg-character-u8-first-non-ascii,rows,Source:FORM-7:NonAsciiByteCharacter,1
corpus/form7-neg-character-u8-first-non-ascii,b_rows,Source:FORM-7:NonAsciiByteCharacter,1
corpus/form7-neg-string-escaped-printable,base,Source:FORM-7:InvalidTextItem,1
corpus/form7-neg-string-escaped-printable,off,Source:FORM-7:InvalidTextItem,1
corpus/form7-neg-string-escaped-printable,a,Source:FORM-7:InvalidTextItem,1
corpus/form7-neg-string-escaped-printable,ap,Source:FORM-7:InvalidTextItem,1
corpus/form7-neg-string-escaped-printable,b,Source:FORM-7:InvalidTextItem,1
corpus/form7-neg-string-escaped-printable,rows,Source:FORM-7:InvalidTextItem,1
corpus/form7-neg-string-escaped-printable,b_rows,Source:FORM-7:InvalidTextItem,1
corpus/form7-neg-string-escaped-newline,base,Source:FORM-7:InvalidTextItem,1
corpus/form7-neg-string-escaped-newline,off,Source:FORM-7:InvalidTextItem,1
corpus/form7-neg-string-escaped-newline,a,Source:FORM-7:InvalidTextItem,1
corpus/form7-neg-string-escaped-newline,ap,Source:FORM-7:InvalidTextItem,1
corpus/form7-neg-string-escaped-newline,b,Source:FORM-7:InvalidTextItem,1
corpus/form7-neg-string-escaped-newline,rows,Source:FORM-7:InvalidTextItem,1
corpus/form7-neg-string-escaped-newline,b_rows,Source:FORM-7:InvalidTextItem,1
corpus/form7-neg-character-escaped-tab,base,Source:FORM-7:InvalidTextItem,1
corpus/form7-neg-character-escaped-tab,off,Source:FORM-7:InvalidTextItem,1
corpus/form7-neg-character-escaped-tab,a,Source:FORM-7:InvalidTextItem,1
corpus/form7-neg-character-escaped-tab,ap,Source:FORM-7:InvalidTextItem,1
corpus/form7-neg-character-escaped-tab,b,Source:FORM-7:InvalidTextItem,1
corpus/form7-neg-character-escaped-tab,rows,Source:FORM-7:InvalidTextItem,1
corpus/form7-neg-character-escaped-tab,b_rows,Source:FORM-7:InvalidTextItem,1
corpus/form7-neg-string-escaped-carriage-return,base,Source:FORM-7:InvalidTextItem,1
corpus/form7-neg-string-escaped-carriage-return,off,Source:FORM-7:InvalidTextItem,1
corpus/form7-neg-string-escaped-carriage-return,a,Source:FORM-7:InvalidTextItem,1
corpus/form7-neg-string-escaped-carriage-return,ap,Source:FORM-7:InvalidTextItem,1
corpus/form7-neg-string-escaped-carriage-return,b,Source:FORM-7:InvalidTextItem,1
corpus/form7-neg-string-escaped-carriage-return,rows,Source:FORM-7:InvalidTextItem,1
corpus/form7-neg-string-escaped-carriage-return,b_rows,Source:FORM-7:InvalidTextItem,1
corpus/form7-neg-string-surrogate,base,Source:FORM-7:InvalidTextItem,1
corpus/form7-neg-string-surrogate,off,Source:FORM-7:InvalidTextItem,1
corpus/form7-neg-string-surrogate,a,Source:FORM-7:InvalidTextItem,1
corpus/form7-neg-string-surrogate,ap,Source:FORM-7:InvalidTextItem,1
corpus/form7-neg-string-surrogate,b,Source:FORM-7:InvalidTextItem,1
corpus/form7-neg-string-surrogate,rows,Source:FORM-7:InvalidTextItem,1
corpus/form7-neg-string-surrogate,b_rows,Source:FORM-7:InvalidTextItem,1
corpus/form7-neg-doc-escaped-printable,base,Source:FORM-7:InvalidTextItem,1
corpus/form7-neg-doc-escaped-printable,off,Source:FORM-7:InvalidTextItem,1
corpus/form7-neg-doc-escaped-printable,a,Source:FORM-7:InvalidTextItem,1
corpus/form7-neg-doc-escaped-printable,ap,Source:FORM-7:InvalidTextItem,1
corpus/form7-neg-doc-escaped-printable,b,Source:FORM-7:InvalidTextItem,1
corpus/form7-neg-doc-escaped-printable,rows,Source:FORM-7:InvalidTextItem,1
corpus/form7-neg-doc-escaped-printable,b_rows,Source:FORM-7:InvalidTextItem,1
corpus/form5-neg-character-two-items,base,Source:FORM-5:UnclassifiedToken,1
corpus/form5-neg-character-two-items,off,Source:FORM-5:UnclassifiedToken,1
corpus/form5-neg-character-two-items,a,Source:FORM-5:UnclassifiedToken,1
corpus/form5-neg-character-two-items,ap,Source:FORM-5:UnclassifiedToken,1
corpus/form5-neg-character-two-items,b,Source:FORM-5:UnclassifiedToken,1
corpus/form5-neg-character-two-items,rows,Source:FORM-5:UnclassifiedToken,1
corpus/form5-neg-character-two-items,b_rows,Source:FORM-5:UnclassifiedToken,1
corpus/form5-neg-character-empty,base,Source:FORM-5:UnclassifiedToken,1
corpus/form5-neg-character-empty,off,Source:FORM-5:UnclassifiedToken,1
corpus/form5-neg-character-empty,a,Source:FORM-5:UnclassifiedToken,1
corpus/form5-neg-character-empty,ap,Source:FORM-5:UnclassifiedToken,1
corpus/form5-neg-character-empty,b,Source:FORM-5:UnclassifiedToken,1
corpus/form5-neg-character-empty,rows,Source:FORM-5:UnclassifiedToken,1
corpus/form5-neg-character-empty,b_rows,Source:FORM-5:UnclassifiedToken,1
corpus/form5-neg-character-signed-suffix,base,Source:FORM-5:UnclassifiedToken,1
corpus/form5-neg-character-signed-suffix,off,Source:FORM-5:UnclassifiedToken,1
corpus/form5-neg-character-signed-suffix,a,Source:FORM-5:UnclassifiedToken,1
corpus/form5-neg-character-signed-suffix,ap,Source:FORM-5:UnclassifiedToken,1
corpus/form5-neg-character-signed-suffix,b,Source:FORM-5:UnclassifiedToken,1
corpus/form5-neg-character-signed-suffix,rows,Source:FORM-5:UnclassifiedToken,1
corpus/form5-neg-character-signed-suffix,b_rows,Source:FORM-5:UnclassifiedToken,1
corpus/form5-neg-character-missing-suffix,base,Source:FORM-5:UnclassifiedToken,1
corpus/form5-neg-character-missing-suffix,off,Source:FORM-5:UnclassifiedToken,1
corpus/form5-neg-character-missing-suffix,a,Source:FORM-5:UnclassifiedToken,1
corpus/form5-neg-character-missing-suffix,ap,Source:FORM-5:UnclassifiedToken,1
corpus/form5-neg-character-missing-suffix,b,Source:FORM-5:UnclassifiedToken,1
corpus/form5-neg-character-missing-suffix,rows,Source:FORM-5:UnclassifiedToken,1
corpus/form5-neg-character-missing-suffix,b_rows,Source:FORM-5:UnclassifiedToken,1
corpus/form5-neg-character-escaped-double-quote,base,Source:FORM-5:InvalidTextEscape,1
corpus/form5-neg-character-escaped-double-quote,off,Source:FORM-5:InvalidTextEscape,1
corpus/form5-neg-character-escaped-double-quote,a,Source:FORM-5:InvalidTextEscape,1
corpus/form5-neg-character-escaped-double-quote,ap,Source:FORM-5:InvalidTextEscape,1
corpus/form5-neg-character-escaped-double-quote,b,Source:FORM-5:InvalidTextEscape,1
corpus/form5-neg-character-escaped-double-quote,rows,Source:FORM-5:InvalidTextEscape,1
corpus/form5-neg-character-escaped-double-quote,b_rows,Source:FORM-5:InvalidTextEscape,1
corpus/form5-neg-string-escaped-apostrophe,base,Source:FORM-5:InvalidTextEscape,1
corpus/form5-neg-string-escaped-apostrophe,off,Source:FORM-5:InvalidTextEscape,1
corpus/form5-neg-string-escaped-apostrophe,a,Source:FORM-5:InvalidTextEscape,1
corpus/form5-neg-string-escaped-apostrophe,ap,Source:FORM-5:InvalidTextEscape,1
corpus/form5-neg-string-escaped-apostrophe,b,Source:FORM-5:InvalidTextEscape,1
corpus/form5-neg-string-escaped-apostrophe,rows,Source:FORM-5:InvalidTextEscape,1
corpus/form5-neg-string-escaped-apostrophe,b_rows,Source:FORM-5:InvalidTextEscape,1
corpus/form5-neg-uppercase-hexadecimal-escape,base,Source:FORM-5:UnclassifiedToken,1
corpus/form5-neg-uppercase-hexadecimal-escape,off,Source:FORM-5:UnclassifiedToken,1
corpus/form5-neg-uppercase-hexadecimal-escape,a,Source:FORM-5:UnclassifiedToken,1
corpus/form5-neg-uppercase-hexadecimal-escape,ap,Source:FORM-5:UnclassifiedToken,1
corpus/form5-neg-uppercase-hexadecimal-escape,b,Source:FORM-5:UnclassifiedToken,1
corpus/form5-neg-uppercase-hexadecimal-escape,rows,Source:FORM-5:UnclassifiedToken,1
corpus/form5-neg-uppercase-hexadecimal-escape,b_rows,Source:FORM-5:UnclassifiedToken,1
corpus/form5-neg-character-hexadecimal-byte-escape,base,Source:FORM-5:InvalidTextEscape,1
corpus/form5-neg-character-hexadecimal-byte-escape,off,Source:FORM-5:InvalidTextEscape,1
corpus/form5-neg-character-hexadecimal-byte-escape,a,Source:FORM-5:InvalidTextEscape,1
corpus/form5-neg-character-hexadecimal-byte-escape,ap,Source:FORM-5:InvalidTextEscape,1
corpus/form5-neg-character-hexadecimal-byte-escape,b,Source:FORM-5:InvalidTextEscape,1
corpus/form5-neg-character-hexadecimal-byte-escape,rows,Source:FORM-5:InvalidTextEscape,1
corpus/form5-neg-character-hexadecimal-byte-escape,b_rows,Source:FORM-5:InvalidTextEscape,1
corpus/form5-neg-string-in-expression,base,Source:GRAM-4:UnexpectedToken,1
corpus/form5-neg-string-in-expression,off,Source:GRAM-4:UnexpectedToken,1
corpus/form5-neg-string-in-expression,a,Source:GRAM-4:UnexpectedToken,1
corpus/form5-neg-string-in-expression,ap,Source:GRAM-4:UnexpectedToken,1
corpus/form5-neg-string-in-expression,b,Source:GRAM-4:UnexpectedToken,1
corpus/form5-neg-string-in-expression,rows,Source:GRAM-4:UnexpectedToken,1
corpus/form5-neg-string-in-expression,b_rows,Source:GRAM-4:UnexpectedToken,1
corpus/const2-neg-string-length-mismatch,base,Source:CONST-2:TextLengthMismatch,1
corpus/const2-neg-string-length-mismatch,off,Source:CONST-2:TextLengthMismatch,1
corpus/const2-neg-string-length-mismatch,a,Source:CONST-2:TextLengthMismatch,1
corpus/const2-neg-string-length-mismatch,ap,Source:CONST-2:TextLengthMismatch,1
corpus/const2-neg-string-length-mismatch,b,Source:CONST-2:TextLengthMismatch,1
corpus/const2-neg-string-length-mismatch,rows,Source:CONST-2:TextLengthMismatch,1
corpus/const2-neg-string-length-mismatch,b_rows,Source:CONST-2:TextLengthMismatch,1
corpus/const2-neg-string-utf8-length,base,Source:CONST-2:TextLengthMismatch,1
corpus/const2-neg-string-utf8-length,off,Source:CONST-2:TextLengthMismatch,1
corpus/const2-neg-string-utf8-length,a,Source:CONST-2:TextLengthMismatch,1
corpus/const2-neg-string-utf8-length,ap,Source:CONST-2:TextLengthMismatch,1
corpus/const2-neg-string-utf8-length,b,Source:CONST-2:TextLengthMismatch,1
corpus/const2-neg-string-utf8-length,rows,Source:CONST-2:TextLengthMismatch,1
corpus/const2-neg-string-utf8-length,b_rows,Source:CONST-2:TextLengthMismatch,1
corpus/const2-neg-string-for-u32-array,base,Source:CONST-2:InvalidConstValue,1
corpus/const2-neg-string-for-u32-array,off,Source:CONST-2:InvalidConstValue,1
corpus/const2-neg-string-for-u32-array,a,Source:CONST-2:InvalidConstValue,1
corpus/const2-neg-string-for-u32-array,ap,Source:CONST-2:InvalidConstValue,1
corpus/const2-neg-string-for-u32-array,b,Source:CONST-2:InvalidConstValue,1
corpus/const2-neg-string-for-u32-array,rows,Source:CONST-2:InvalidConstValue,1
corpus/const2-neg-string-for-u32-array,b_rows,Source:CONST-2:InvalidConstValue,1
corpus/const2-neg-string-for-scalar,base,Source:CONST-2:InvalidConstValue,1
corpus/const2-neg-string-for-scalar,off,Source:CONST-2:InvalidConstValue,1
corpus/const2-neg-string-for-scalar,a,Source:CONST-2:InvalidConstValue,1
corpus/const2-neg-string-for-scalar,ap,Source:CONST-2:InvalidConstValue,1
corpus/const2-neg-string-for-scalar,b,Source:CONST-2:InvalidConstValue,1
corpus/const2-neg-string-for-scalar,rows,Source:CONST-2:InvalidConstValue,1
corpus/const2-neg-string-for-scalar,b_rows,Source:CONST-2:InvalidConstValue,1
corpus/op6-pos-nearest-rounding,base,accepted,0
corpus/op6-pos-nearest-rounding,off,accepted,0
corpus/op6-pos-nearest-rounding,a,accepted,0
corpus/op6-pos-nearest-rounding,ap,accepted,0
corpus/op6-pos-nearest-rounding,b,accepted,0
corpus/op6-pos-nearest-rounding,rows,accepted,0
corpus/op6-pos-nearest-rounding,b_rows,accepted,0
corpus/op1-neg-cvt-nearest-integer-destination,base,Source:OP-1:InvalidOperation,1
corpus/op1-neg-cvt-nearest-integer-destination,off,Source:OP-1:InvalidOperation,1
corpus/op1-neg-cvt-nearest-integer-destination,a,Source:OP-1:InvalidOperation,1
corpus/op1-neg-cvt-nearest-integer-destination,ap,Source:OP-1:InvalidOperation,1
corpus/op1-neg-cvt-nearest-integer-destination,b,Source:OP-1:InvalidOperation,1
corpus/op1-neg-cvt-nearest-integer-destination,rows,Source:OP-1:InvalidOperation,1
corpus/op1-neg-cvt-nearest-integer-destination,b_rows,Source:OP-1:InvalidOperation,1
corpus/op1-neg-cvt-nearest-symbolic-integer,base,Source:OP-1:InvalidOperation,1
corpus/op1-neg-cvt-nearest-symbolic-integer,off,Source:OP-1:InvalidOperation,1
corpus/op1-neg-cvt-nearest-symbolic-integer,a,Source:OP-1:InvalidOperation,1
corpus/op1-neg-cvt-nearest-symbolic-integer,ap,Source:OP-1:InvalidOperation,1
corpus/op1-neg-cvt-nearest-symbolic-integer,b,Source:OP-1:InvalidOperation,1
corpus/op1-neg-cvt-nearest-symbolic-integer,rows,Source:OP-1:InvalidOperation,1
corpus/op1-neg-cvt-nearest-symbolic-integer,b_rows,Source:OP-1:InvalidOperation,1
corpus/op6-neg-nearest-round-trip-is-not-domain,base,Source:OP-6:UndischargedConversionDomainObligation,1
corpus/op6-neg-nearest-round-trip-is-not-domain,off,Source:OP-6:UndischargedConversionDomainObligation,1
corpus/op6-neg-nearest-round-trip-is-not-domain,a,Source:OP-6:UndischargedConversionDomainObligation,1
corpus/op6-neg-nearest-round-trip-is-not-domain,ap,Source:OP-6:UndischargedConversionDomainObligation,1
corpus/op6-neg-nearest-round-trip-is-not-domain,b,Source:OP-6:UndischargedConversionDomainObligation,1
corpus/op6-neg-nearest-round-trip-is-not-domain,rows,Source:OP-6:UndischargedConversionDomainObligation,1
corpus/op6-neg-nearest-round-trip-is-not-domain,b_rows,Source:OP-6:UndischargedConversionDomainObligation,1
corpus/form3-neg-nearest-field,base,Source:FORM-3:ReservedName,1
corpus/form3-neg-nearest-field,off,Source:FORM-3:ReservedName,1
corpus/form3-neg-nearest-field,a,Source:FORM-3:ReservedName,1
corpus/form3-neg-nearest-field,ap,Source:FORM-3:ReservedName,1
corpus/form3-neg-nearest-field,b,Source:FORM-3:ReservedName,1
corpus/form3-neg-nearest-field,rows,Source:FORM-3:ReservedName,1
corpus/form3-neg-nearest-field,b_rows,Source:FORM-3:ReservedName,1
corpus/ent5-pos-header-invariant-leaves-loop,base,accepted,0
corpus/ent5-pos-header-invariant-leaves-loop,off,accepted,0
corpus/ent5-pos-header-invariant-leaves-loop,a,accepted,0
corpus/ent5-pos-header-invariant-leaves-loop,ap,accepted,0
corpus/ent5-pos-header-invariant-leaves-loop,b,accepted,0
corpus/ent5-pos-header-invariant-leaves-loop,rows,accepted,0
corpus/ent5-pos-header-invariant-leaves-loop,b_rows,accepted,0
corpus/ent5-neg-header-invariant-written-before-break,base,Source:FN-9:UndischargedPostcondition,1
corpus/ent5-neg-header-invariant-written-before-break,off,Source:FN-9:UndischargedPostcondition,1
corpus/ent5-neg-header-invariant-written-before-break,a,Source:FN-9:UndischargedPostcondition,1
corpus/ent5-neg-header-invariant-written-before-break,ap,Source:FN-9:UndischargedPostcondition,1
corpus/ent5-neg-header-invariant-written-before-break,b,Source:FN-9:UndischargedPostcondition,1
corpus/ent5-neg-header-invariant-written-before-break,rows,Source:FN-9:UndischargedPostcondition,1
corpus/ent5-neg-header-invariant-written-before-break,b_rows,Source:FN-9:UndischargedPostcondition,1
corpus/ent5-pos-header-invariant-labeled-break,base,accepted,0
corpus/ent5-pos-header-invariant-labeled-break,off,accepted,0
corpus/ent5-pos-header-invariant-labeled-break,a,accepted,0
corpus/ent5-pos-header-invariant-labeled-break,ap,accepted,0
corpus/ent5-pos-header-invariant-labeled-break,b,accepted,0
corpus/ent5-pos-header-invariant-labeled-break,rows,accepted,0
corpus/ent5-pos-header-invariant-labeled-break,b_rows,accepted,0
corpus/ent5-pos-value-if-carrier-equality,base,accepted,0
corpus/ent5-pos-value-if-carrier-equality,off,accepted,0
corpus/ent5-pos-value-if-carrier-equality,a,accepted,0
corpus/ent5-pos-value-if-carrier-equality,ap,accepted,0
corpus/ent5-pos-value-if-carrier-equality,b,accepted,0
corpus/ent5-pos-value-if-carrier-equality,rows,accepted,0
corpus/ent5-pos-value-if-carrier-equality,b_rows,accepted,0
corpus/ent5-pos-value-if-literal-carrier,base,accepted,0
corpus/ent5-pos-value-if-literal-carrier,off,accepted,0
corpus/ent5-pos-value-if-literal-carrier,a,accepted,0
corpus/ent5-pos-value-if-literal-carrier,ap,accepted,0
corpus/ent5-pos-value-if-literal-carrier,b,accepted,0
corpus/ent5-pos-value-if-literal-carrier,rows,accepted,0
corpus/ent5-pos-value-if-literal-carrier,b_rows,accepted,0
corpus/ent5-neg-value-if-literal-carrier-no-strict-bound,base,Source:FN-9:UndischargedPostcondition,1
corpus/ent5-neg-value-if-literal-carrier-no-strict-bound,off,Source:FN-9:UndischargedPostcondition,1
corpus/ent5-neg-value-if-literal-carrier-no-strict-bound,a,Source:FN-9:UndischargedPostcondition,1
corpus/ent5-neg-value-if-literal-carrier-no-strict-bound,ap,Source:FN-9:UndischargedPostcondition,1
corpus/ent5-neg-value-if-literal-carrier-no-strict-bound,b,Source:FN-9:UndischargedPostcondition,1
corpus/ent5-neg-value-if-literal-carrier-no-strict-bound,rows,Source:FN-9:UndischargedPostcondition,1
corpus/ent5-neg-value-if-literal-carrier-no-strict-bound,b_rows,Source:FN-9:UndischargedPostcondition,1
corpus/ent5-neg-value-if-carrier-written-after,base,Source:FN-8:UndischargedCallRequirement,1
corpus/ent5-neg-value-if-carrier-written-after,off,Source:FN-8:UndischargedCallRequirement,1
corpus/ent5-neg-value-if-carrier-written-after,a,Source:FN-8:UndischargedCallRequirement,1
corpus/ent5-neg-value-if-carrier-written-after,ap,Source:FN-8:UndischargedCallRequirement,1
corpus/ent5-neg-value-if-carrier-written-after,b,Source:FN-8:UndischargedCallRequirement,1
corpus/ent5-neg-value-if-carrier-written-after,rows,Source:FN-8:UndischargedCallRequirement,1
corpus/ent5-neg-value-if-carrier-written-after,b_rows,Source:FN-8:UndischargedCallRequirement,1
corpus/ent5-neg-value-if-branch-local-carrier,base,Source:FN-9:UndischargedPostcondition,1
corpus/ent5-neg-value-if-branch-local-carrier,off,Source:FN-9:UndischargedPostcondition,1
corpus/ent5-neg-value-if-branch-local-carrier,a,Source:FN-9:UndischargedPostcondition,1
corpus/ent5-neg-value-if-branch-local-carrier,ap,Source:FN-9:UndischargedPostcondition,1
corpus/ent5-neg-value-if-branch-local-carrier,b,Source:FN-9:UndischargedPostcondition,1
corpus/ent5-neg-value-if-branch-local-carrier,rows,Source:FN-9:UndischargedPostcondition,1
corpus/ent5-neg-value-if-branch-local-carrier,b_rows,Source:FN-9:UndischargedPostcondition,1
corpus/fn8-pos-offset-range-lengths-are-equal,base,accepted,0
corpus/fn8-pos-offset-range-lengths-are-equal,off,accepted,0
corpus/fn8-pos-offset-range-lengths-are-equal,a,accepted,0
corpus/fn8-pos-offset-range-lengths-are-equal,ap,accepted,0
corpus/fn8-pos-offset-range-lengths-are-equal,b,accepted,0
corpus/fn8-pos-offset-range-lengths-are-equal,rows,accepted,0
corpus/fn8-pos-offset-range-lengths-are-equal,b_rows,accepted,0
corpus/fn8-neg-offset-range-lengths-are-not-equal,base,Source:FN-8:UndischargedCallRequirement,1
corpus/fn8-neg-offset-range-lengths-are-not-equal,off,Source:FN-8:UndischargedCallRequirement,1
corpus/fn8-neg-offset-range-lengths-are-not-equal,a,Source:FN-8:UndischargedCallRequirement,1
corpus/fn8-neg-offset-range-lengths-are-not-equal,ap,Source:FN-8:UndischargedCallRequirement,1
corpus/fn8-neg-offset-range-lengths-are-not-equal,b,Source:FN-8:UndischargedCallRequirement,1
corpus/fn8-neg-offset-range-lengths-are-not-equal,rows,Source:FN-8:UndischargedCallRequirement,1
corpus/fn8-neg-offset-range-lengths-are-not-equal,b_rows,Source:FN-8:UndischargedCallRequirement,1
corpus/type11-pos-cursor-parameter,base,accepted,0
corpus/type11-pos-cursor-parameter,off,accepted,0
corpus/type11-pos-cursor-parameter,a,accepted,0
corpus/type11-pos-cursor-parameter,ap,accepted,0
corpus/type11-pos-cursor-parameter,b,accepted,0
corpus/type11-pos-cursor-parameter,rows,accepted,0
corpus/type11-pos-cursor-parameter,b_rows,accepted,0
corpus/type11-pos-result-and-two-parameters,base,accepted,0
corpus/type11-pos-result-and-two-parameters,off,accepted,0
corpus/type11-pos-result-and-two-parameters,a,accepted,0
corpus/type11-pos-result-and-two-parameters,ap,accepted,0
corpus/type11-pos-result-and-two-parameters,b,accepted,0
corpus/type11-pos-result-and-two-parameters,rows,accepted,0
corpus/type11-pos-result-and-two-parameters,b_rows,accepted,0
corpus/type11-pos-restored-before-hand-off,base,accepted,0
corpus/type11-pos-restored-before-hand-off,off,accepted,0
corpus/type11-pos-restored-before-hand-off,a,accepted,0
corpus/type11-pos-restored-before-hand-off,ap,accepted,0
corpus/type11-pos-restored-before-hand-off,b,accepted,0
corpus/type11-pos-restored-before-hand-off,rows,accepted,0
corpus/type11-pos-restored-before-hand-off,b_rows,accepted,0
corpus/type11-pos-restored-before-propagation,base,accepted,0
corpus/type11-pos-restored-before-propagation,off,accepted,0
corpus/type11-pos-restored-before-propagation,a,accepted,0
corpus/type11-pos-restored-before-propagation,ap,accepted,0
corpus/type11-pos-restored-before-propagation,b,accepted,0
corpus/type11-pos-restored-before-propagation,rows,accepted,0
corpus/type11-pos-restored-before-propagation,b_rows,accepted,0
corpus/type11-pos-shared-state,base,accepted,0
corpus/type11-pos-shared-state,off,accepted,0
corpus/type11-pos-shared-state,a,accepted,0
corpus/type11-pos-shared-state,ap,accepted,0
corpus/type11-pos-shared-state,b,accepted,0
corpus/type11-pos-shared-state,rows,accepted,0
corpus/type11-pos-shared-state,b_rows,accepted,0
corpus/type11-pos-interface-member,base,accepted,0
corpus/type11-pos-interface-member,off,accepted,0
corpus/type11-pos-interface-member,a,accepted,0
corpus/type11-pos-interface-member,ap,accepted,0
corpus/type11-pos-interface-member,b,accepted,0
corpus/type11-pos-interface-member,rows,accepted,0
corpus/type11-pos-interface-member,b_rows,accepted,0
corpus/type11-pos-by-value-parameter,base,accepted,0
corpus/type11-pos-by-value-parameter,off,accepted,0
corpus/type11-pos-by-value-parameter,a,accepted,0
corpus/type11-pos-by-value-parameter,ap,accepted,0
corpus/type11-pos-by-value-parameter,b,accepted,0
corpus/type11-pos-by-value-parameter,rows,accepted,0
corpus/type11-pos-by-value-parameter,b_rows,accepted,0
corpus/type11-pos-module-boundary,base,accepted,0
corpus/type11-pos-module-boundary,off,accepted,0
corpus/type11-pos-module-boundary,a,accepted,0
corpus/type11-pos-module-boundary,ap,accepted,0
corpus/type11-pos-module-boundary,b,accepted,0
corpus/type11-pos-module-boundary,rows,accepted,0
corpus/type11-pos-module-boundary,b_rows,accepted,0
corpus/type11-neg-construction,base,Source:TYPE-11:UndischargedTypeInvariant,1
corpus/type11-neg-construction,off,Source:TYPE-11:UndischargedTypeInvariant,1
corpus/type11-neg-construction,a,Source:TYPE-11:UndischargedTypeInvariant,1
corpus/type11-neg-construction,ap,Source:TYPE-11:UndischargedTypeInvariant,1
corpus/type11-neg-construction,b,Source:TYPE-11:UndischargedTypeInvariant,1
corpus/type11-neg-construction,rows,Source:TYPE-11:UndischargedTypeInvariant,1
corpus/type11-neg-construction,b_rows,Source:TYPE-11:UndischargedTypeInvariant,1
corpus/type11-neg-constant-construction,base,Source:TYPE-11:UndischargedTypeInvariant,1
corpus/type11-neg-constant-construction,off,Source:TYPE-11:UndischargedTypeInvariant,1
corpus/type11-neg-constant-construction,a,Source:TYPE-11:UndischargedTypeInvariant,1
corpus/type11-neg-constant-construction,ap,Source:TYPE-11:UndischargedTypeInvariant,1
corpus/type11-neg-constant-construction,b,Source:TYPE-11:UndischargedTypeInvariant,1
corpus/type11-neg-constant-construction,rows,Source:TYPE-11:UndischargedTypeInvariant,1
corpus/type11-neg-constant-construction,b_rows,Source:TYPE-11:UndischargedTypeInvariant,1
corpus/type11-neg-hand-off-after-field-write,base,Source:FN-8:UndischargedCallRequirement,1
corpus/type11-neg-hand-off-after-field-write,off,Source:FN-8:UndischargedCallRequirement,1
corpus/type11-neg-hand-off-after-field-write,a,Source:FN-8:UndischargedCallRequirement,1
corpus/type11-neg-hand-off-after-field-write,ap,Source:FN-8:UndischargedCallRequirement,1
corpus/type11-neg-hand-off-after-field-write,b,Source:FN-8:UndischargedCallRequirement,1
corpus/type11-neg-hand-off-after-field-write,rows,Source:FN-8:UndischargedCallRequirement,1
corpus/type11-neg-hand-off-after-field-write,b_rows,Source:FN-8:UndischargedCallRequirement,1
corpus/type11-neg-by-value-parameter,base,Source:FN-8:UndischargedCallRequirement,1
corpus/type11-neg-by-value-parameter,off,Source:FN-8:UndischargedCallRequirement,1
corpus/type11-neg-by-value-parameter,a,Source:FN-8:UndischargedCallRequirement,1
corpus/type11-neg-by-value-parameter,ap,Source:FN-8:UndischargedCallRequirement,1
corpus/type11-neg-by-value-parameter,b,Source:FN-8:UndischargedCallRequirement,1
corpus/type11-neg-by-value-parameter,rows,Source:FN-8:UndischargedCallRequirement,1
corpus/type11-neg-by-value-parameter,b_rows,Source:FN-8:UndischargedCallRequirement,1
corpus/type11-neg-written-reference-exit,base,Source:FN-9:UndischargedPostcondition,1
corpus/type11-neg-written-reference-exit,off,Source:FN-9:UndischargedPostcondition,1
corpus/type11-neg-written-reference-exit,a,Source:FN-9:UndischargedPostcondition,1
corpus/type11-neg-written-reference-exit,ap,Source:FN-9:UndischargedPostcondition,1
corpus/type11-neg-written-reference-exit,b,Source:FN-9:UndischargedPostcondition,1
corpus/type11-neg-written-reference-exit,rows,Source:FN-9:UndischargedPostcondition,1
corpus/type11-neg-written-reference-exit,b_rows,Source:FN-9:UndischargedPostcondition,1
corpus/type11-neg-propagated-exit,base,Source:FN-9:UndischargedPostcondition,1
corpus/type11-neg-propagated-exit,off,Source:FN-9:UndischargedPostcondition,1
corpus/type11-neg-propagated-exit,a,Source:FN-9:UndischargedPostcondition,1
corpus/type11-neg-propagated-exit,ap,Source:FN-9:UndischargedPostcondition,1
corpus/type11-neg-propagated-exit,b,Source:FN-9:UndischargedPostcondition,1
corpus/type11-neg-propagated-exit,rows,Source:FN-9:UndischargedPostcondition,1
corpus/type11-neg-propagated-exit,b_rows,Source:FN-9:UndischargedPostcondition,1
corpus/type11-neg-result-postcondition,base,Source:FN-9:UndischargedPostcondition,1
corpus/type11-neg-result-postcondition,off,Source:FN-9:UndischargedPostcondition,1
corpus/type11-neg-result-postcondition,a,Source:FN-9:UndischargedPostcondition,1
corpus/type11-neg-result-postcondition,ap,Source:FN-9:UndischargedPostcondition,1
corpus/type11-neg-result-postcondition,b,Source:FN-9:UndischargedPostcondition,1
corpus/type11-neg-result-postcondition,rows,Source:FN-9:UndischargedPostcondition,1
corpus/type11-neg-result-postcondition,b_rows,Source:FN-9:UndischargedPostcondition,1
corpus/type11-neg-shared-new,base,Source:FN-8:UndischargedCallRequirement,1
corpus/type11-neg-shared-new,off,Source:FN-8:UndischargedCallRequirement,1
corpus/type11-neg-shared-new,a,Source:FN-8:UndischargedCallRequirement,1
corpus/type11-neg-shared-new,ap,Source:FN-8:UndischargedCallRequirement,1
corpus/type11-neg-shared-new,b,Source:FN-8:UndischargedCallRequirement,1
corpus/type11-neg-shared-new,rows,Source:FN-8:UndischargedCallRequirement,1
corpus/type11-neg-shared-new,b_rows,Source:FN-8:UndischargedCallRequirement,1
corpus/type11-neg-interface-bound-call,base,Source:FN-8:UndischargedCallRequirement,1
corpus/type11-neg-interface-bound-call,off,Source:FN-8:UndischargedCallRequirement,1
corpus/type11-neg-interface-bound-call,a,Source:FN-8:UndischargedCallRequirement,1
corpus/type11-neg-interface-bound-call,ap,Source:FN-8:UndischargedCallRequirement,1
corpus/type11-neg-interface-bound-call,b,Source:FN-8:UndischargedCallRequirement,1
corpus/type11-neg-interface-bound-call,rows,Source:FN-8:UndischargedCallRequirement,1
corpus/type11-neg-interface-bound-call,b_rows,Source:FN-8:UndischargedCallRequirement,1
corpus/type11-neg-interface-generic-formal,base,Source:FN-4:BehaviorArgumentMismatch,1
corpus/type11-neg-interface-generic-formal,off,Source:FN-4:BehaviorArgumentMismatch,1
corpus/type11-neg-interface-generic-formal,a,Source:FN-4:BehaviorArgumentMismatch,1
corpus/type11-neg-interface-generic-formal,ap,Source:FN-4:BehaviorArgumentMismatch,1
corpus/type11-neg-interface-generic-formal,b,Source:FN-4:BehaviorArgumentMismatch,1
corpus/type11-neg-interface-generic-formal,rows,Source:FN-4:BehaviorArgumentMismatch,1
corpus/type11-neg-interface-generic-formal,b_rows,Source:FN-4:BehaviorArgumentMismatch,1
corpus/type11-neg-atomic-block-end,base,Source:TYPE-11:UndischargedTypeInvariant,1
corpus/type11-neg-atomic-block-end,off,Source:TYPE-11:UndischargedTypeInvariant,1
corpus/type11-neg-atomic-block-end,a,Source:TYPE-11:UndischargedTypeInvariant,1
corpus/type11-neg-atomic-block-end,ap,Source:TYPE-11:UndischargedTypeInvariant,1
corpus/type11-neg-atomic-block-end,b,Source:TYPE-11:UndischargedTypeInvariant,1
corpus/type11-neg-atomic-block-end,rows,Source:TYPE-11:UndischargedTypeInvariant,1
corpus/type11-neg-atomic-block-end,b_rows,Source:TYPE-11:UndischargedTypeInvariant,1
corpus/type11-neg-atomic-return,base,Source:TYPE-11:UndischargedTypeInvariant,1
corpus/type11-neg-atomic-return,off,Source:TYPE-11:UndischargedTypeInvariant,1
corpus/type11-neg-atomic-return,a,Source:TYPE-11:UndischargedTypeInvariant,1
corpus/type11-neg-atomic-return,ap,Source:TYPE-11:UndischargedTypeInvariant,1
corpus/type11-neg-atomic-return,b,Source:TYPE-11:UndischargedTypeInvariant,1
corpus/type11-neg-atomic-return,rows,Source:TYPE-11:UndischargedTypeInvariant,1
corpus/type11-neg-atomic-return,b_rows,Source:TYPE-11:UndischargedTypeInvariant,1
corpus/type11-neg-atomic-break,base,Source:TYPE-11:UndischargedTypeInvariant,1
corpus/type11-neg-atomic-break,off,Source:TYPE-11:UndischargedTypeInvariant,1
corpus/type11-neg-atomic-break,a,Source:TYPE-11:UndischargedTypeInvariant,1
corpus/type11-neg-atomic-break,ap,Source:TYPE-11:UndischargedTypeInvariant,1
corpus/type11-neg-atomic-break,b,Source:TYPE-11:UndischargedTypeInvariant,1
corpus/type11-neg-atomic-break,rows,Source:TYPE-11:UndischargedTypeInvariant,1
corpus/type11-neg-atomic-break,b_rows,Source:TYPE-11:UndischargedTypeInvariant,1
corpus/type11-neg-atomic-give,base,Source:TYPE-11:UndischargedTypeInvariant,1
corpus/type11-neg-atomic-give,off,Source:TYPE-11:UndischargedTypeInvariant,1
corpus/type11-neg-atomic-give,a,Source:TYPE-11:UndischargedTypeInvariant,1
corpus/type11-neg-atomic-give,ap,Source:TYPE-11:UndischargedTypeInvariant,1
corpus/type11-neg-atomic-give,b,Source:TYPE-11:UndischargedTypeInvariant,1
corpus/type11-neg-atomic-give,rows,Source:TYPE-11:UndischargedTypeInvariant,1
corpus/type11-neg-atomic-give,b_rows,Source:TYPE-11:UndischargedTypeInvariant,1
corpus/type11-neg-atomic-propagate,base,Source:TYPE-11:UndischargedTypeInvariant,1
corpus/type11-neg-atomic-propagate,off,Source:TYPE-11:UndischargedTypeInvariant,1
corpus/type11-neg-atomic-propagate,a,Source:TYPE-11:UndischargedTypeInvariant,1
corpus/type11-neg-atomic-propagate,ap,Source:TYPE-11:UndischargedTypeInvariant,1
corpus/type11-neg-atomic-propagate,b,Source:TYPE-11:UndischargedTypeInvariant,1
corpus/type11-neg-atomic-propagate,rows,Source:TYPE-11:UndischargedTypeInvariant,1
corpus/type11-neg-atomic-propagate,b_rows,Source:TYPE-11:UndischargedTypeInvariant,1
corpus/type11-neg-generic-struct,base,Source:TYPE-11:InvalidTypeInvariant,1
corpus/type11-neg-generic-struct,off,Source:TYPE-11:InvalidTypeInvariant,1
corpus/type11-neg-generic-struct,a,Source:TYPE-11:InvalidTypeInvariant,1
corpus/type11-neg-generic-struct,ap,Source:TYPE-11:InvalidTypeInvariant,1
corpus/type11-neg-generic-struct,b,Source:TYPE-11:InvalidTypeInvariant,1
corpus/type11-neg-generic-struct,rows,Source:TYPE-11:InvalidTypeInvariant,1
corpus/type11-neg-generic-struct,b_rows,Source:TYPE-11:InvalidTypeInvariant,1
corpus/type11-neg-opaque-struct,base,Source:TYPE-11:InvalidTypeInvariant,1
corpus/type11-neg-opaque-struct,off,Source:TYPE-11:InvalidTypeInvariant,1
corpus/type11-neg-opaque-struct,a,Source:TYPE-11:InvalidTypeInvariant,1
corpus/type11-neg-opaque-struct,ap,Source:TYPE-11:InvalidTypeInvariant,1
corpus/type11-neg-opaque-struct,b,Source:TYPE-11:InvalidTypeInvariant,1
corpus/type11-neg-opaque-struct,rows,Source:TYPE-11:InvalidTypeInvariant,1
corpus/type11-neg-opaque-struct,b_rows,Source:TYPE-11:InvalidTypeInvariant,1
corpus/type11-neg-repeated-name,base,Source:TYPE-11:InvalidTypeInvariant,1
corpus/type11-neg-repeated-name,off,Source:TYPE-11:InvalidTypeInvariant,1
corpus/type11-neg-repeated-name,a,Source:TYPE-11:InvalidTypeInvariant,1
corpus/type11-neg-repeated-name,ap,Source:TYPE-11:InvalidTypeInvariant,1
corpus/type11-neg-repeated-name,b,Source:TYPE-11:InvalidTypeInvariant,1
corpus/type11-neg-repeated-name,rows,Source:TYPE-11:InvalidTypeInvariant,1
corpus/type11-neg-repeated-name,b_rows,Source:TYPE-11:InvalidTypeInvariant,1
corpus/type11-neg-not-a-comparison,base,Source:TYPE-11:InvalidTypeInvariant,1
corpus/type11-neg-not-a-comparison,off,Source:TYPE-11:InvalidTypeInvariant,1
corpus/type11-neg-not-a-comparison,a,Source:TYPE-11:InvalidTypeInvariant,1
corpus/type11-neg-not-a-comparison,ap,Source:TYPE-11:InvalidTypeInvariant,1
corpus/type11-neg-not-a-comparison,b,Source:TYPE-11:InvalidTypeInvariant,1
corpus/type11-neg-not-a-comparison,rows,Source:TYPE-11:InvalidTypeInvariant,1
corpus/type11-neg-not-a-comparison,b_rows,Source:TYPE-11:InvalidTypeInvariant,1
corpus/type11-neg-two-datums-on-a-side,base,Source:TYPE-11:InvalidTypeInvariant,1
corpus/type11-neg-two-datums-on-a-side,off,Source:TYPE-11:InvalidTypeInvariant,1
corpus/type11-neg-two-datums-on-a-side,a,Source:TYPE-11:InvalidTypeInvariant,1
corpus/type11-neg-two-datums-on-a-side,ap,Source:TYPE-11:InvalidTypeInvariant,1
corpus/type11-neg-two-datums-on-a-side,b,Source:TYPE-11:InvalidTypeInvariant,1
corpus/type11-neg-two-datums-on-a-side,rows,Source:TYPE-11:InvalidTypeInvariant,1
corpus/type11-neg-two-datums-on-a-side,b_rows,Source:TYPE-11:InvalidTypeInvariant,1
corpus/type11-neg-no-binder-datum,base,Source:TYPE-11:InvalidTypeInvariant,1
corpus/type11-neg-no-binder-datum,off,Source:TYPE-11:InvalidTypeInvariant,1
corpus/type11-neg-no-binder-datum,a,Source:TYPE-11:InvalidTypeInvariant,1
corpus/type11-neg-no-binder-datum,ap,Source:TYPE-11:InvalidTypeInvariant,1
corpus/type11-neg-no-binder-datum,b,Source:TYPE-11:InvalidTypeInvariant,1
corpus/type11-neg-no-binder-datum,rows,Source:TYPE-11:InvalidTypeInvariant,1
corpus/type11-neg-no-binder-datum,b_rows,Source:TYPE-11:InvalidTypeInvariant,1
corpus/type11-neg-clause-judged-as-requirement,base,Source:FN-8:InvalidRequires,1
corpus/type11-neg-clause-judged-as-requirement,off,Source:FN-8:InvalidRequires,1
corpus/type11-neg-clause-judged-as-requirement,a,Source:FN-8:InvalidRequires,1
corpus/type11-neg-clause-judged-as-requirement,ap,Source:FN-8:InvalidRequires,1
corpus/type11-neg-clause-judged-as-requirement,b,Source:FN-8:InvalidRequires,1
corpus/type11-neg-clause-judged-as-requirement,rows,Source:FN-8:InvalidRequires,1
corpus/type11-neg-clause-judged-as-requirement,b_rows,Source:FN-8:InvalidRequires,1
corpus/type11-neg-writable-public-field,base,Source:TYPE-11:TypeInvariantWritableField,1
corpus/type11-neg-writable-public-field,off,Source:TYPE-11:TypeInvariantWritableField,1
corpus/type11-neg-writable-public-field,a,Source:TYPE-11:TypeInvariantWritableField,1
corpus/type11-neg-writable-public-field,ap,Source:TYPE-11:TypeInvariantWritableField,1
corpus/type11-neg-writable-public-field,b,Source:TYPE-11:TypeInvariantWritableField,1
corpus/type11-neg-writable-public-field,rows,Source:TYPE-11:TypeInvariantWritableField,1
corpus/type11-neg-writable-public-field,b_rows,Source:TYPE-11:TypeInvariantWritableField,1
corpus/type5-pos-measure-named-source-fields,base,accepted,0
corpus/type5-pos-measure-named-source-fields,off,accepted,0
corpus/type5-pos-measure-named-source-fields,a,accepted,0
corpus/type5-pos-measure-named-source-fields,ap,accepted,0
corpus/type5-pos-measure-named-source-fields,b,accepted,0
corpus/type5-pos-measure-named-source-fields,rows,accepted,0
corpus/type5-pos-measure-named-source-fields,b_rows,accepted,0
corpus/fn9-neg-measure-named-result-field,base,Source:FN-9:UndischargedPostcondition,1
corpus/fn9-neg-measure-named-result-field,off,Source:FN-9:UndischargedPostcondition,1
corpus/fn9-neg-measure-named-result-field,a,Source:FN-9:UndischargedPostcondition,1
corpus/fn9-neg-measure-named-result-field,ap,Source:FN-9:UndischargedPostcondition,1
corpus/fn9-neg-measure-named-result-field,b,Source:FN-9:UndischargedPostcondition,1
corpus/fn9-neg-measure-named-result-field,rows,Source:FN-9:UndischargedPostcondition,1
corpus/fn9-neg-measure-named-result-field,b_rows,Source:FN-9:UndischargedPostcondition,1
corpus/ref4-neg-range-below-range-element-bound,base,Source:REF-4:UndischargedRangeFormationObligation,1
corpus/ref4-neg-range-below-range-element-bound,off,Source:REF-4:UndischargedRangeFormationObligation,1
corpus/ref4-neg-range-below-range-element-bound,a,Source:REF-4:UndischargedRangeFormationObligation,1
corpus/ref4-neg-range-below-range-element-bound,ap,Source:REF-4:UndischargedRangeFormationObligation,1
corpus/ref4-neg-range-below-range-element-bound,b,Source:REF-4:UndischargedRangeFormationObligation,1
corpus/ref4-neg-range-below-range-element-bound,rows,Source:REF-4:UndischargedRangeFormationObligation,1
corpus/ref4-neg-range-below-range-element-bound,b_rows,Source:REF-4:UndischargedRangeFormationObligation,1
corpus/ref2-neg-range-below-replaced-range-element,base,Source:REF-2:InvalidReferenceUse,1
corpus/ref2-neg-range-below-replaced-range-element,off,Source:REF-2:InvalidReferenceUse,1
corpus/ref2-neg-range-below-replaced-range-element,a,Source:REF-2:InvalidReferenceUse,1
corpus/ref2-neg-range-below-replaced-range-element,ap,Source:REF-2:InvalidReferenceUse,1
corpus/ref2-neg-range-below-replaced-range-element,b,Source:REF-2:InvalidReferenceUse,1
corpus/ref2-neg-range-below-replaced-range-element,rows,Source:REF-2:InvalidReferenceUse,1
corpus/ref2-neg-range-below-replaced-range-element,b_rows,Source:REF-2:InvalidReferenceUse,1
corpus/type5-neg-absent-result-measure,base,Source:TYPE-5:TypeMismatch,1
corpus/type5-neg-absent-result-measure,off,Source:TYPE-5:TypeMismatch,1
corpus/type5-neg-absent-result-measure,a,Source:TYPE-5:TypeMismatch,1
corpus/type5-neg-absent-result-measure,ap,Source:TYPE-5:TypeMismatch,1
corpus/type5-neg-absent-result-measure,b,Source:TYPE-5:TypeMismatch,1
corpus/type5-neg-absent-result-measure,rows,Source:TYPE-5:TypeMismatch,1
corpus/type5-neg-absent-result-measure,b_rows,Source:TYPE-5:TypeMismatch,1
program/adaptive_quadrature.wf,base,accepted,0
program/adaptive_quadrature.wf,off,accepted,0
program/adaptive_quadrature.wf,a,accepted,0
program/adaptive_quadrature.wf,b,accepted,0
program/adaptive_quadrature.wf,rows,accepted,0
program/adaptive_quadrature.wf,b_rows,accepted,0
program/arena_workspace.wf,base,accepted,0
program/arena_workspace.wf,off,accepted,0
program/arena_workspace.wf,a,accepted,0
program/arena_workspace.wf,b,accepted,0
program/arena_workspace.wf,rows,accepted,0
program/arena_workspace.wf,b_rows,accepted,0
program/block_pool.wf,base,accepted,0
program/block_pool.wf,off,accepted,0
program/block_pool.wf,a,accepted,0
program/block_pool.wf,b,accepted,0
program/block_pool.wf,rows,accepted,0
program/block_pool.wf,b_rows,accepted,0
program/byte_string.wf,base,accepted,0
program/byte_string.wf,off,accepted,0
program/byte_string.wf,a,accepted,0
program/byte_string.wf,b,accepted,0
program/byte_string.wf,rows,accepted,0
program/byte_string.wf,b_rows,accepted,0
program/completion_read_boundary.wf,base,accepted,0
program/completion_read_boundary.wf,off,accepted,0
program/completion_read_boundary.wf,a,accepted,0
program/completion_read_boundary.wf,b,accepted,0
program/completion_read_boundary.wf,rows,accepted,0
program/completion_read_boundary.wf,b_rows,accepted,0
program/compute/bfs.wf,base,accepted,0
program/compute/bfs.wf,off,accepted,0
program/compute/bfs.wf,a,accepted,0
program/compute/bfs.wf,b,accepted,0
program/compute/bfs.wf,rows,accepted,0
program/compute/bfs.wf,b_rows,accepted,0
program/compute/fir.wf,base,accepted,0
program/compute/fir.wf,off,accepted,0
program/compute/fir.wf,a,accepted,0
program/compute/fir.wf,b,accepted,0
program/compute/fir.wf,rows,accepted,0
program/compute/fir.wf,b_rows,accepted,0
program/compute/histogram.wf,base,accepted,0
program/compute/histogram.wf,off,accepted,0
program/compute/histogram.wf,a,accepted,0
program/compute/histogram.wf,b,accepted,0
program/compute/histogram.wf,rows,accepted,0
program/compute/histogram.wf,b_rows,accepted,0
program/compute/mandelbrot.wf,base,accepted,0
program/compute/mandelbrot.wf,off,accepted,0
program/compute/mandelbrot.wf,a,accepted,0
program/compute/mandelbrot.wf,b,accepted,0
program/compute/mandelbrot.wf,rows,accepted,0
program/compute/mandelbrot.wf,b_rows,accepted,0
program/compute/merge_sort.wf,base,accepted,0
program/compute/merge_sort.wf,off,accepted,0
program/compute/merge_sort.wf,a,accepted,0
program/compute/merge_sort.wf,b,accepted,0
program/compute/merge_sort.wf,rows,accepted,0
program/compute/merge_sort.wf,b_rows,accepted,0
program/compute/prefix.wf,base,accepted,0
program/compute/prefix.wf,off,accepted,0
program/compute/prefix.wf,a,accepted,0
program/compute/prefix.wf,b,accepted,0
program/compute/prefix.wf,rows,accepted,0
program/compute/prefix.wf,b_rows,accepted,0
program/compute/radix_scatter.wf,base,accepted,0
program/compute/radix_scatter.wf,off,accepted,0
program/compute/radix_scatter.wf,a,accepted,0
program/compute/radix_scatter.wf,b,accepted,0
program/compute/radix_scatter.wf,rows,accepted,0
program/compute/radix_scatter.wf,b_rows,accepted,0
program/compute/range_split.wf,base,accepted,0
program/compute/range_split.wf,off,accepted,0
program/compute/range_split.wf,a,accepted,0
program/compute/range_split.wf,b,accepted,0
program/compute/range_split.wf,rows,accepted,0
program/compute/range_split.wf,b_rows,accepted,0
program/compute/records.wf,base,accepted,0
program/compute/records.wf,off,accepted,0
program/compute/records.wf,a,accepted,0
program/compute/records.wf,b,accepted,0
program/compute/records.wf,rows,accepted,0
program/compute/records.wf,b_rows,accepted,0
program/compute/stencil.wf,base,accepted,0
program/compute/stencil.wf,off,accepted,0
program/compute/stencil.wf,a,accepted,0
program/compute/stencil.wf,b,accepted,0
program/compute/stencil.wf,rows,accepted,0
program/compute/stencil.wf,b_rows,accepted,0
program/containers/dense.wf,base,accepted,0
program/containers/dense.wf,off,accepted,0
program/containers/dense.wf,a,accepted,0
program/containers/dense.wf,b,accepted,0
program/containers/dense.wf,rows,accepted,0
program/containers/dense.wf,b_rows,accepted,0
program/containers/deque-program.wf,base,accepted,0
program/containers/deque-program.wf,off,accepted,0
program/containers/deque-program.wf,a,accepted,0
program/containers/deque-program.wf,b,accepted,0
program/containers/deque-program.wf,rows,accepted,0
program/containers/deque-program.wf,b_rows,accepted,0
program/containers/grow-vector-program.wf,base,accepted,0
program/containers/grow-vector-program.wf,off,accepted,0
program/containers/grow-vector-program.wf,a,accepted,0
program/containers/grow-vector-program.wf,b,accepted,0
program/containers/grow-vector-program.wf,rows,accepted,0
program/containers/grow-vector-program.wf,b_rows,accepted,0
program/containers/hash-map-program.wf,base,accepted,0
program/containers/hash-map-program.wf,off,accepted,0
program/containers/hash-map-program.wf,a,accepted,0
program/containers/hash-map-program.wf,b,accepted,0
program/containers/hash-map-program.wf,rows,accepted,0
program/containers/hash-map-program.wf,b_rows,accepted,0
program/containers/hashmap.wf,base,accepted,0
program/containers/hashmap.wf,off,accepted,0
program/containers/hashmap.wf,a,accepted,0
program/containers/hashmap.wf,b,accepted,0
program/containers/hashmap.wf,rows,accepted,0
program/containers/hashmap.wf,b_rows,accepted,0
program/containers/indexed-membership-program.wf,base,accepted,0
program/containers/indexed-membership-program.wf,off,accepted,0
program/containers/indexed-membership-program.wf,a,accepted,0
program/containers/indexed-membership-program.wf,b,accepted,0
program/containers/indexed-membership-program.wf,rows,accepted,0
program/containers/indexed-membership-program.wf,b_rows,accepted,0
program/containers/large_result.wf,base,accepted,0
program/containers/large_result.wf,off,accepted,0
program/containers/large_result.wf,a,accepted,0
program/containers/large_result.wf,b,accepted,0
program/containers/large_result.wf,rows,accepted,0
program/containers/large_result.wf,b_rows,accepted,0
program/containers/ordered-map-program.wf,base,accepted,0
program/containers/ordered-map-program.wf,off,accepted,0
program/containers/ordered-map-program.wf,a,accepted,0
program/containers/ordered-map-program.wf,b,accepted,0
program/containers/ordered-map-program.wf,rows,accepted,0
program/containers/ordered-map-program.wf,b_rows,accepted,0
program/containers/ordered.wf,base,accepted,0
program/containers/ordered.wf,off,accepted,0
program/containers/ordered.wf,a,accepted,0
program/containers/ordered.wf,b,accepted,0
program/containers/ordered.wf,rows,accepted,0
program/containers/ordered.wf,b_rows,accepted,0
program/containers/owning-behavior.wf,base,accepted,0
program/containers/owning-behavior.wf,off,accepted,0
program/containers/owning-behavior.wf,a,accepted,0
program/containers/owning-behavior.wf,b,accepted,0
program/containers/owning-behavior.wf,rows,accepted,0
program/containers/owning-behavior.wf,b_rows,accepted,0
program/containers/owning-growth.wf,base,accepted,0
program/containers/owning-growth.wf,off,accepted,0
program/containers/owning-growth.wf,a,accepted,0
program/containers/owning-growth.wf,b,accepted,0
program/containers/owning-growth.wf,rows,accepted,0
program/containers/owning-growth.wf,b_rows,accepted,0
program/containers/owning-map.wf,base,accepted,0
program/containers/owning-map.wf,off,accepted,0
program/containers/owning-map.wf,a,accepted,0
program/containers/owning-map.wf,b,accepted,0
program/containers/owning-map.wf,rows,accepted,0
program/containers/owning-map.wf,b_rows,accepted,0
program/containers/packed-page.wf,base,accepted,0
program/containers/packed-page.wf,off,accepted,0
program/containers/packed-page.wf,a,accepted,0
program/containers/packed-page.wf,b,accepted,0
program/containers/packed-page.wf,rows,accepted,0
program/containers/packed-page.wf,b_rows,accepted,0
program/containers/priority-queue-program.wf,base,accepted,0
program/containers/priority-queue-program.wf,off,accepted,0
program/containers/priority-queue-program.wf,a,accepted,0
program/containers/priority-queue-program.wf,b,accepted,0
program/containers/priority-queue-program.wf,rows,accepted,0
program/containers/priority-queue-program.wf,b_rows,accepted,0
program/containers/priority.wf,base,accepted,0
program/containers/priority.wf,off,accepted,0
program/containers/priority.wf,a,accepted,0
program/containers/priority.wf,b,accepted,0
program/containers/priority.wf,rows,accepted,0
program/containers/priority.wf,b_rows,accepted,0
program/containers/shared-option-view.wf,base,accepted,0
program/containers/shared-option-view.wf,off,accepted,0
program/containers/shared-option-view.wf,a,accepted,0
program/containers/shared-option-view.wf,b,accepted,0
program/containers/shared-option-view.wf,rows,accepted,0
program/containers/shared-option-view.wf,b_rows,accepted,0
program/containers/slab-program.wf,base,accepted,0
program/containers/slab-program.wf,off,accepted,0
program/containers/slab-program.wf,a,accepted,0
program/containers/slab-program.wf,b,accepted,0
program/containers/slab-program.wf,rows,accepted,0
program/containers/slab-program.wf,b_rows,accepted,0
program/dir_walk.wf,base,accepted,0
program/dir_walk.wf,off,accepted,0
program/dir_walk.wf,a,accepted,0
program/dir_walk.wf,b,accepted,0
program/dir_walk.wf,rows,accepted,0
program/dir_walk.wf,b_rows,accepted,0
program/fir_filter.wf,base,accepted,0
program/fir_filter.wf,off,accepted,0
program/fir_filter.wf,a,accepted,0
program/fir_filter.wf,b,accepted,0
program/fir_filter.wf,rows,accepted,0
program/fir_filter.wf,b_rows,accepted,0
program/fixed_run_library.wf,base,accepted,0
program/fixed_run_library.wf,off,accepted,0
program/fixed_run_library.wf,a,accepted,0
program/fixed_run_library.wf,b,accepted,0
program/fixed_run_library.wf,rows,accepted,0
program/fixed_run_library.wf,b_rows,accepted,0
program/generic_instances.wf,base,accepted,0
program/generic_instances.wf,off,accepted,0
program/generic_instances.wf,a,accepted,0
program/generic_instances.wf,b,accepted,0
program/generic_instances.wf,rows,accepted,0
program/generic_instances.wf,b_rows,accepted,0
program/generic_nominals.wf,base,accepted,0
program/generic_nominals.wf,off,accepted,0
program/generic_nominals.wf,a,accepted,0
program/generic_nominals.wf,b,accepted,0
program/generic_nominals.wf,rows,accepted,0
program/generic_nominals.wf,b_rows,accepted,0
program/grayscale_pixels.wf,base,accepted,0
program/grayscale_pixels.wf,off,accepted,0
program/grayscale_pixels.wf,a,accepted,0
program/grayscale_pixels.wf,b,accepted,0
program/grayscale_pixels.wf,rows,accepted,0
program/grayscale_pixels.wf,b_rows,accepted,0
program/growable_vec.wf,base,accepted,0
program/growable_vec.wf,off,accepted,0
program/growable_vec.wf,a,accepted,0
program/growable_vec.wf,b,accepted,0
program/growable_vec.wf,rows,accepted,0
program/growable_vec.wf,b_rows,accepted,0
program/io_complete_first_slice.wf,base,accepted,0
program/io_complete_first_slice.wf,off,accepted,0
program/io_complete_first_slice.wf,a,accepted,0
program/io_complete_first_slice.wf,b,accepted,0
program/io_complete_first_slice.wf,rows,accepted,0
program/io_complete_first_slice.wf,b_rows,accepted,0
program/io_exact_prefix.wf,base,accepted,0
program/io_exact_prefix.wf,off,accepted,0
program/io_exact_prefix.wf,a,accepted,0
program/io_exact_prefix.wf,b,accepted,0
program/io_exact_prefix.wf,rows,accepted,0
program/io_exact_prefix.wf,b_rows,accepted,0
program/io_vacant_read.wf,base,accepted,0
program/io_vacant_read.wf,off,accepted,0
program/io_vacant_read.wf,a,accepted,0
program/io_vacant_read.wf,b,accepted,0
program/io_vacant_read.wf,rows,accepted,0
program/io_vacant_read.wf,b_rows,accepted,0
program/io_write_prefix.wf,base,accepted,0
program/io_write_prefix.wf,off,accepted,0
program/io_write_prefix.wf,a,accepted,0
program/io_write_prefix.wf,b,accepted,0
program/io_write_prefix.wf,rows,accepted,0
program/io_write_prefix.wf,b_rows,accepted,0
program/ipv4_checksum.wf,base,accepted,0
program/ipv4_checksum.wf,off,accepted,0
program/ipv4_checksum.wf,a,accepted,0
program/ipv4_checksum.wf,b,accepted,0
program/ipv4_checksum.wf,rows,accepted,0
program/ipv4_checksum.wf,b_rows,accepted,0
program/mandelbrot_grid.wf,base,accepted,0
program/mandelbrot_grid.wf,off,accepted,0
program/mandelbrot_grid.wf,a,accepted,0
program/mandelbrot_grid.wf,b,accepted,0
program/mandelbrot_grid.wf,rows,accepted,0
program/mandelbrot_grid.wf,b_rows,accepted,0
program/option_slots.wf,base,accepted,0
program/option_slots.wf,off,accepted,0
program/option_slots.wf,a,accepted,0
program/option_slots.wf,b,accepted,0
program/option_slots.wf,rows,accepted,0
program/option_slots.wf,b_rows,accepted,0
program/owned_link_cursors.wf,base,accepted,0
program/owned_link_cursors.wf,off,accepted,0
program/owned_link_cursors.wf,a,accepted,0
program/owned_link_cursors.wf,b,accepted,0
program/owned_link_cursors.wf,rows,accepted,0
program/owned_link_cursors.wf,b_rows,accepted,0
program/par_layout.wf,base,accepted,0
program/par_layout.wf,off,accepted,0
program/par_layout.wf,a,accepted,0
program/par_layout.wf,b,accepted,0
program/par_layout.wf,rows,accepted,0
program/par_layout.wf,b_rows,accepted,0
program/parallel/range_fold.wf,base,accepted,0
program/parallel/range_fold.wf,off,accepted,0
program/parallel/range_fold.wf,a,accepted,0
program/parallel/range_fold.wf,b,accepted,0
program/parallel/range_fold.wf,rows,accepted,0
program/parallel/range_fold.wf,b_rows,accepted,0
program/parallel/spine.wf,base,accepted,0
program/parallel/spine.wf,off,accepted,0
program/parallel/spine.wf,a,accepted,0
program/parallel/spine.wf,b,accepted,0
program/parallel/spine.wf,rows,accepted,0
program/parallel/spine.wf,b_rows,accepted,0
program/parallel/tree.wf,base,accepted,0
program/parallel/tree.wf,off,accepted,0
program/parallel/tree.wf,a,accepted,0
program/parallel/tree.wf,b,accepted,0
program/parallel/tree.wf,rows,accepted,0
program/parallel/tree.wf,b_rows,accepted,0
program/parallel/window.wf,base,accepted,0
program/parallel/window.wf,off,accepted,0
program/parallel/window.wf,a,accepted,0
program/parallel/window.wf,b,accepted,0
program/parallel/window.wf,rows,accepted,0
program/parallel/window.wf,b_rows,accepted,0
program/percent_decode.wf,base,accepted,0
program/percent_decode.wf,off,accepted,0
program/percent_decode.wf,a,accepted,0
program/percent_decode.wf,b,accepted,0
program/percent_decode.wf,rows,accepted,0
program/percent_decode.wf,b_rows,accepted,0
program/prefix_expression.wf,base,accepted,0
program/prefix_expression.wf,off,accepted,0
program/prefix_expression.wf,a,accepted,0
program/prefix_expression.wf,b,accepted,0
program/prefix_expression.wf,rows,accepted,0
program/prefix_expression.wf,b_rows,accepted,0
program/raw_deflate_boundary.wf,base,accepted,0
program/raw_deflate_boundary.wf,off,accepted,0
program/raw_deflate_boundary.wf,a,accepted,0
program/raw_deflate_boundary.wf,b,accepted,0
program/raw_deflate_boundary.wf,rows,accepted,0
program/raw_deflate_boundary.wf,b_rows,accepted,0
program/raw_deflate_vectors.wf,base,accepted,0
program/raw_deflate_vectors.wf,off,accepted,0
program/raw_deflate_vectors.wf,a,accepted,0
program/raw_deflate_vectors.wf,b,accepted,0
program/raw_deflate_vectors.wf,rows,accepted,0
program/raw_deflate_vectors.wf,b_rows,accepted,0
program/run_queue.wf,base,accepted,0
program/run_queue.wf,off,accepted,0
program/run_queue.wf,a,accepted,0
program/run_queue.wf,b,accepted,0
program/run_queue.wf,rows,accepted,0
program/run_queue.wf,b_rows,accepted,0
program/run_views.wf,base,accepted,0
program/run_views.wf,off,accepted,0
program/run_views.wf,a,accepted,0
program/run_views.wf,b,accepted,0
program/run_views.wf,rows,accepted,0
program/run_views.wf,b_rows,accepted,0
program/runtime_ring_wrap.wf,base,accepted,0
program/runtime_ring_wrap.wf,off,accepted,0
program/runtime_ring_wrap.wf,a,accepted,0
program/runtime_ring_wrap.wf,b,accepted,0
program/runtime_ring_wrap.wf,rows,accepted,0
program/runtime_ring_wrap.wf,b_rows,accepted,0
program/sha256_abc.wf,base,accepted,0
program/sha256_abc.wf,off,accepted,0
program/sha256_abc.wf,a,accepted,0
program/sha256_abc.wf,b,accepted,0
program/sha256_abc.wf,rows,accepted,0
program/sha256_abc.wf,b_rows,accepted,0
program/stdin_echo.wf,base,accepted,0
program/stdin_echo.wf,off,accepted,0
program/stdin_echo.wf,a,accepted,0
program/stdin_echo.wf,b,accepted,0
program/stdin_echo.wf,rows,accepted,0
program/stdin_echo.wf,b_rows,accepted,0
program/tcp_client.wf,base,accepted,0
program/tcp_client.wf,off,accepted,0
program/tcp_client.wf,a,accepted,0
program/tcp_client.wf,b,accepted,0
program/tcp_client.wf,rows,accepted,0
program/tcp_client.wf,b_rows,accepted,0
program/tcp_contexts.wf,base,accepted,0
program/tcp_contexts.wf,off,accepted,0
program/tcp_contexts.wf,a,accepted,0
program/tcp_contexts.wf,b,accepted,0
program/tcp_contexts.wf,rows,accepted,0
program/tcp_contexts.wf,b_rows,accepted,0
program/tcp_echo.wf,base,accepted,0
program/tcp_echo.wf,off,accepted,0
program/tcp_echo.wf,a,accepted,0
program/tcp_echo.wf,b,accepted,0
program/tcp_echo.wf,rows,accepted,0
program/tcp_echo.wf,b_rows,accepted,0
program/tcp_fanout.wf,base,accepted,0
program/tcp_fanout.wf,off,accepted,0
program/tcp_fanout.wf,a,accepted,0
program/tcp_fanout.wf,b,accepted,0
program/tcp_fanout.wf,rows,accepted,0
program/tcp_fanout.wf,b_rows,accepted,0
program/tcp_gather.wf,base,accepted,0
program/tcp_gather.wf,off,accepted,0
program/tcp_gather.wf,a,accepted,0
program/tcp_gather.wf,b,accepted,0
program/tcp_gather.wf,rows,accepted,0
program/tcp_gather.wf,b_rows,accepted,0
program/tcp_refused.wf,base,accepted,0
program/tcp_refused.wf,off,accepted,0
program/tcp_refused.wf,a,accepted,0
program/tcp_refused.wf,b,accepted,0
program/tcp_refused.wf,rows,accepted,0
program/tcp_refused.wf,b_rows,accepted,0
program/telemetry_packet.wf,base,accepted,0
program/telemetry_packet.wf,off,accepted,0
program/telemetry_packet.wf,a,accepted,0
program/telemetry_packet.wf,b,accepted,0
program/telemetry_packet.wf,rows,accepted,0
program/telemetry_packet.wf,b_rows,accepted,0
program/utf8parse.wf,base,accepted,0
program/utf8parse.wf,off,accepted,0
program/utf8parse.wf,a,accepted,0
program/utf8parse.wf,b,accepted,0
program/utf8parse.wf,rows,accepted,0
program/utf8parse.wf,b_rows,accepted,0
program/wfgrep.wf,base,accepted,0
program/wfgrep.wf,off,accepted,0
program/wfgrep.wf,a,accepted,0
program/wfgrep.wf,b,accepted,0
program/wfgrep.wf,rows,accepted,0
program/wfgrep.wf,b_rows,accepted,0
program/windows/component_open.wf,base,accepted,0
program/windows/component_open.wf,off,accepted,0
program/windows/component_open.wf,a,accepted,0
program/windows/component_open.wf,b,accepted,0
program/windows/component_open.wf,rows,accepted,0
program/windows/component_open.wf,b_rows,accepted,0
