phase,arm,contract,cohort,element_bytes,path,physical_backing_target,count,hash,variant,reported_capacity_kind,reported_capacity,sample,rounds,lookups,elapsed_ns,query_checksum,cleanup_checksum
calibration,index,isolated-lookup,0,8,hit,64,32,salted-mix64,whitefoot-hash-map,physical-slots,64,0,8192,262144,587000,6849651844465152027,6569140190154816122
calibration,index,isolated-lookup,0,8,hit,64,32,salted-mix64,rust-hash-map,usable-entries,56,0,8192,262144,896000,6849651844465152027,6569140190154816122
calibration,index,isolated-lookup,0,8,hit,64,32,salted-mix64,cpp-unordered-map,chaining-buckets,64,0,8192,262144,438000,6849651844465152027,6569140190154816122
calibration,index,isolated-lookup,0,8,hit,64,32,salted-mix64,rust-hash-map,usable-entries,56,1,8192,262144,719000,11842692230777874776,18135573329091736190
calibration,index,isolated-lookup,0,8,hit,64,32,salted-mix64,cpp-unordered-map,chaining-buckets,64,1,8192,262144,435000,11842692230777874776,18135573329091736190
calibration,index,isolated-lookup,0,8,hit,64,32,salted-mix64,whitefoot-hash-map,physical-slots,64,1,8192,262144,570000,11842692230777874776,18135573329091736190
calibration,index,isolated-lookup,0,8,hit,64,32,salted-mix64,cpp-unordered-map,chaining-buckets,64,2,8192,262144,426000,5209686651813183338,9895997175603665294
calibration,index,isolated-lookup,0,8,hit,64,32,salted-mix64,whitefoot-hash-map,physical-slots,64,2,8192,262144,551000,5209686651813183338,9895997175603665294
calibration,index,isolated-lookup,0,8,hit,64,32,salted-mix64,rust-hash-map,usable-entries,56,2,8192,262144,839000,5209686651813183338,9895997175603665294
calibration,index,isolated-lookup,0,8,hit,64,32,salted-mix64,whitefoot-hash-map,physical-slots,64,3,8192,262144,564000,4516906293018523591,12618764708749879515
calibration,index,isolated-lookup,0,8,hit,64,32,salted-mix64,rust-hash-map,usable-entries,56,3,8192,262144,597000,4516906293018523591,12618764708749879515
calibration,index,isolated-lookup,0,8,hit,64,32,salted-mix64,cpp-unordered-map,chaining-buckets,64,3,8192,262144,429000,4516906293018523591,12618764708749879515
calibration,index,isolated-lookup,0,8,hit,64,32,salted-mix64,rust-hash-map,usable-entries,56,4,8192,262144,580000,7585661335338124678,6682258775380899928
calibration,index,isolated-lookup,0,8,hit,64,32,salted-mix64,cpp-unordered-map,chaining-buckets,64,4,8192,262144,418000,7585661335338124678,6682258775380899928
calibration,index,isolated-lookup,0,8,hit,64,32,salted-mix64,whitefoot-hash-map,physical-slots,64,4,8192,262144,540000,7585661335338124678,6682258775380899928
calibration,index,isolated-lookup,0,8,hit,64,32,salted-mix64,cpp-unordered-map,chaining-buckets,64,5,8192,262144,448000,14641691085231922037,15955402111364378682
calibration,index,isolated-lookup,0,8,hit,64,32,salted-mix64,whitefoot-hash-map,physical-slots,64,5,8192,262144,603000,14641691085231922037,15955402111364378682
calibration,index,isolated-lookup,0,8,hit,64,32,salted-mix64,rust-hash-map,usable-entries,56,5,8192,262144,589000,14641691085231922037,15955402111364378682
calibration,index,isolated-lookup,0,8,hit,64,32,salted-mix64,whitefoot-hash-map,physical-slots,64,6,8192,262144,551000,5140450580080685424,17384135073489638916
calibration,index,isolated-lookup,0,8,hit,64,32,salted-mix64,rust-hash-map,usable-entries,56,6,8192,262144,587000,5140450580080685424,17384135073489638916
calibration,index,isolated-lookup,0,8,hit,64,32,salted-mix64,cpp-unordered-map,chaining-buckets,64,6,8192,262144,434000,5140450580080685424,17384135073489638916
calibration,index,isolated-lookup,0,8,hit,64,32,salted-mix64,rust-hash-map,usable-entries,56,7,8192,262144,712000,8635421336809965516,14495855000218944738
calibration,index,isolated-lookup,0,8,hit,64,32,salted-mix64,cpp-unordered-map,chaining-buckets,64,7,8192,262144,457000,8635421336809965516,14495855000218944738
calibration,index,isolated-lookup,0,8,hit,64,32,salted-mix64,whitefoot-hash-map,physical-slots,64,7,8192,262144,618000,8635421336809965516,14495855000218944738
calibration,index,isolated-lookup,0,8,hit,64,32,salted-mix64,cpp-unordered-map,chaining-buckets,64,8,8192,262144,448000,1545319972250608064,3280734739808937497
calibration,index,isolated-lookup,0,8,hit,64,32,salted-mix64,whitefoot-hash-map,physical-slots,64,8,8192,262144,534000,1545319972250608064,3280734739808937497
calibration,index,isolated-lookup,0,8,hit,64,32,salted-mix64,rust-hash-map,usable-entries,56,8,8192,262144,558000,1545319972250608064,3280734739808937497
calibration,index,isolated-lookup,0,8,miss,64,32,salted-mix64,whitefoot-hash-map,physical-slots,64,0,8192,262144,742000,7139342834197991754,6569140190154816122
calibration,index,isolated-lookup,0,8,miss,64,32,salted-mix64,rust-hash-map,usable-entries,56,0,8192,262144,425000,7139342834197991754,6569140190154816122
calibration,index,isolated-lookup,0,8,miss,64,32,salted-mix64,cpp-unordered-map,chaining-buckets,64,0,8192,262144,426000,7139342834197991754,6569140190154816122
calibration,index,isolated-lookup,0,8,miss,64,32,salted-mix64,rust-hash-map,usable-entries,56,1,8192,262144,413000,14122013025408310400,18135573329091736190
calibration,index,isolated-lookup,0,8,miss,64,32,salted-mix64,cpp-unordered-map,chaining-buckets,64,1,8192,262144,430000,14122013025408310400,18135573329091736190
calibration,index,isolated-lookup,0,8,miss,64,32,salted-mix64,whitefoot-hash-map,physical-slots,64,1,8192,262144,992000,14122013025408310400,18135573329091736190
calibration,index,isolated-lookup,0,8,miss,64,32,salted-mix64,cpp-unordered-map,chaining-buckets,64,2,8192,262144,422000,13788178621813375482,9895997175603665294
calibration,index,isolated-lookup,0,8,miss,64,32,salted-mix64,whitefoot-hash-map,physical-slots,64,2,8192,262144,775000,13788178621813375482,9895997175603665294
calibration,index,isolated-lookup,0,8,miss,64,32,salted-mix64,rust-hash-map,usable-entries,56,2,8192,262144,420000,13788178621813375482,9895997175603665294
calibration,index,isolated-lookup,0,8,miss,64,32,salted-mix64,whitefoot-hash-map,physical-slots,64,3,8192,262144,952000,3441592574811712435,12618764708749879515
calibration,index,isolated-lookup,0,8,miss,64,32,salted-mix64,rust-hash-map,usable-entries,56,3,8192,262144,449000,3441592574811712435,12618764708749879515
calibration,index,isolated-lookup,0,8,miss,64,32,salted-mix64,cpp-unordered-map,chaining-buckets,64,3,8192,262144,445000,3441592574811712435,12618764708749879515
calibration,index,isolated-lookup,0,8,miss,64,32,salted-mix64,rust-hash-map,usable-entries,56,4,8192,262144,555000,3771196049332354583,6682258775380899928
calibration,index,isolated-lookup,0,8,miss,64,32,salted-mix64,cpp-unordered-map,chaining-buckets,64,4,8192,262144,444000,3771196049332354583,6682258775380899928
calibration,index,isolated-lookup,0,8,miss,64,32,salted-mix64,whitefoot-hash-map,physical-slots,64,4,8192,262144,765000,3771196049332354583,6682258775380899928
calibration,index,isolated-lookup,0,8,miss,64,32,salted-mix64,cpp-unordered-map,chaining-buckets,64,5,8192,262144,409000,16431003801165819121,15955402111364378682
calibration,index,isolated-lookup,0,8,miss,64,32,salted-mix64,whitefoot-hash-map,physical-slots,64,5,8192,262144,950000,16431003801165819121,15955402111364378682
calibration,index,isolated-lookup,0,8,miss,64,32,salted-mix64,rust-hash-map,usable-entries,56,5,8192,262144,412000,16431003801165819121,15955402111364378682
calibration,index,isolated-lookup,0,8,miss,64,32,salted-mix64,whitefoot-hash-map,physical-slots,64,6,8192,262144,726000,7763817841800992303,17384135073489638916
calibration,index,isolated-lookup,0,8,miss,64,32,salted-mix64,rust-hash-map,usable-entries,56,6,8192,262144,550000,7763817841800992303,17384135073489638916
calibration,index,isolated-lookup,0,8,miss,64,32,salted-mix64,cpp-unordered-map,chaining-buckets,64,6,8192,262144,417000,7763817841800992303,17384135073489638916
calibration,index,isolated-lookup,0,8,miss,64,32,salted-mix64,rust-hash-map,usable-entries,56,7,8192,262144,449000,16418453042866797166,14495855000218944738
calibration,index,isolated-lookup,0,8,miss,64,32,salted-mix64,cpp-unordered-map,chaining-buckets,64,7,8192,262144,403000,16418453042866797166,14495855000218944738
calibration,index,isolated-lookup,0,8,miss,64,32,salted-mix64,whitefoot-hash-map,physical-slots,64,7,8192,262144,921000,16418453042866797166,14495855000218944738
calibration,index,isolated-lookup,0,8,miss,64,32,salted-mix64,cpp-unordered-map,chaining-buckets,64,8,8192,262144,409000,5809700665218793937,3280734739808937497
calibration,index,isolated-lookup,0,8,miss,64,32,salted-mix64,whitefoot-hash-map,physical-slots,64,8,8192,262144,788000,5809700665218793937,3280734739808937497
calibration,index,isolated-lookup,0,8,miss,64,32,salted-mix64,rust-hash-map,usable-entries,56,8,8192,262144,555000,5809700665218793937,3280734739808937497
calibration,index,isolated-lookup,0,8,hit,4096,2048,salted-mix64,whitefoot-hash-map,physical-slots,4096,0,128,262144,664000,16040926599651378327,5491702704287014337
calibration,index,isolated-lookup,0,8,hit,4096,2048,salted-mix64,rust-hash-map,usable-entries,3584,0,128,262144,615000,16040926599651378327,5491702704287014337
calibration,index,isolated-lookup,0,8,hit,4096,2048,salted-mix64,cpp-unordered-map,chaining-buckets,4096,0,128,262144,443000,16040926599651378327,5491702704287014337
calibration,index,isolated-lookup,0,8,hit,4096,2048,salted-mix64,rust-hash-map,usable-entries,3584,1,128,262144,585000,232324966729343009,2763695295485510119
calibration,index,isolated-lookup,0,8,hit,4096,2048,salted-mix64,cpp-unordered-map,chaining-buckets,4096,1,128,262144,443000,232324966729343009,2763695295485510119
calibration,index,isolated-lookup,0,8,hit,4096,2048,salted-mix64,whitefoot-hash-map,physical-slots,4096,1,128,262144,638000,232324966729343009,2763695295485510119
calibration,index,isolated-lookup,0,8,hit,4096,2048,salted-mix64,cpp-unordered-map,chaining-buckets,4096,2,128,262144,439000,15459819893734487181,169108885870040371
calibration,index,isolated-lookup,0,8,hit,4096,2048,salted-mix64,whitefoot-hash-map,physical-slots,4096,2,128,262144,654000,15459819893734487181,169108885870040371
calibration,index,isolated-lookup,0,8,hit,4096,2048,salted-mix64,rust-hash-map,usable-entries,3584,2,128,262144,584000,15459819893734487181,169108885870040371
calibration,index,isolated-lookup,0,8,hit,4096,2048,salted-mix64,whitefoot-hash-map,physical-slots,4096,3,128,262144,634000,10525740844343025251,13533504526737804194
calibration,index,isolated-lookup,0,8,hit,4096,2048,salted-mix64,rust-hash-map,usable-entries,3584,3,128,262144,592000,10525740844343025251,13533504526737804194
calibration,index,isolated-lookup,0,8,hit,4096,2048,salted-mix64,cpp-unordered-map,chaining-buckets,4096,3,128,262144,456000,10525740844343025251,13533504526737804194
calibration,index,isolated-lookup,0,8,hit,4096,2048,salted-mix64,rust-hash-map,usable-entries,3584,4,128,262144,573000,9944475510775295895,14383430485961478032
calibration,index,isolated-lookup,0,8,hit,4096,2048,salted-mix64,cpp-unordered-map,chaining-buckets,4096,4,128,262144,435000,9944475510775295895,14383430485961478032
calibration,index,isolated-lookup,0,8,hit,4096,2048,salted-mix64,whitefoot-hash-map,physical-slots,4096,4,128,262144,667000,9944475510775295895,14383430485961478032
calibration,index,isolated-lookup,0,8,hit,4096,2048,salted-mix64,cpp-unordered-map,chaining-buckets,4096,5,128,262144,479000,17833847702847256595,16172748985559573147
calibration,index,isolated-lookup,0,8,hit,4096,2048,salted-mix64,whitefoot-hash-map,physical-slots,4096,5,128,262144,686000,17833847702847256595,16172748985559573147
calibration,index,isolated-lookup,0,8,hit,4096,2048,salted-mix64,rust-hash-map,usable-entries,3584,5,128,262144,609000,17833847702847256595,16172748985559573147
calibration,index,isolated-lookup,0,8,hit,4096,2048,salted-mix64,whitefoot-hash-map,physical-slots,4096,6,128,262144,636000,17678673335214960380,11623346431533299128
calibration,index,isolated-lookup,0,8,hit,4096,2048,salted-mix64,rust-hash-map,usable-entries,3584,6,128,262144,593000,17678673335214960380,11623346431533299128
calibration,index,isolated-lookup,0,8,hit,4096,2048,salted-mix64,cpp-unordered-map,chaining-buckets,4096,6,128,262144,469000,17678673335214960380,11623346431533299128
calibration,index,isolated-lookup,0,8,hit,4096,2048,salted-mix64,rust-hash-map,usable-entries,3584,7,128,262144,623000,1448610237020184652,12840744521595376045
calibration,index,isolated-lookup,0,8,hit,4096,2048,salted-mix64,cpp-unordered-map,chaining-buckets,4096,7,128,262144,488000,1448610237020184652,12840744521595376045
calibration,index,isolated-lookup,0,8,hit,4096,2048,salted-mix64,whitefoot-hash-map,physical-slots,4096,7,128,262144,652000,1448610237020184652,12840744521595376045
calibration,index,isolated-lookup,0,8,hit,4096,2048,salted-mix64,cpp-unordered-map,chaining-buckets,4096,8,128,262144,442000,7493326221167090921,13999068279916446456
calibration,index,isolated-lookup,0,8,hit,4096,2048,salted-mix64,whitefoot-hash-map,physical-slots,4096,8,128,262144,632000,7493326221167090921,13999068279916446456
calibration,index,isolated-lookup,0,8,hit,4096,2048,salted-mix64,rust-hash-map,usable-entries,3584,8,128,262144,571000,7493326221167090921,13999068279916446456
calibration,index,isolated-lookup,0,8,miss,4096,2048,salted-mix64,whitefoot-hash-map,physical-slots,4096,0,128,262144,932000,7139342834197991754,5491702704287014337
calibration,index,isolated-lookup,0,8,miss,4096,2048,salted-mix64,rust-hash-map,usable-entries,3584,0,128,262144,567000,7139342834197991754,5491702704287014337
calibration,index,isolated-lookup,0,8,miss,4096,2048,salted-mix64,cpp-unordered-map,chaining-buckets,4096,0,128,262144,403000,7139342834197991754,5491702704287014337
calibration,index,isolated-lookup,0,8,miss,4096,2048,salted-mix64,rust-hash-map,usable-entries,3584,1,128,262144,587000,14122013025408310400,2763695295485510119
calibration,index,isolated-lookup,0,8,miss,4096,2048,salted-mix64,cpp-unordered-map,chaining-buckets,4096,1,128,262144,398000,14122013025408310400,2763695295485510119
calibration,index,isolated-lookup,0,8,miss,4096,2048,salted-mix64,whitefoot-hash-map,physical-slots,4096,1,128,262144,948000,14122013025408310400,2763695295485510119
calibration,index,isolated-lookup,0,8,miss,4096,2048,salted-mix64,cpp-unordered-map,chaining-buckets,4096,2,128,262144,415000,13788178621813375482,169108885870040371
calibration,index,isolated-lookup,0,8,miss,4096,2048,salted-mix64,whitefoot-hash-map,physical-slots,4096,2,128,262144,967000,13788178621813375482,169108885870040371
calibration,index,isolated-lookup,0,8,miss,4096,2048,salted-mix64,rust-hash-map,usable-entries,3584,2,128,262144,592000,13788178621813375482,169108885870040371
calibration,index,isolated-lookup,0,8,miss,4096,2048,salted-mix64,whitefoot-hash-map,physical-slots,4096,3,128,262144,837000,3441592574811712435,13533504526737804194
calibration,index,isolated-lookup,0,8,miss,4096,2048,salted-mix64,rust-hash-map,usable-entries,3584,3,128,262144,554000,3441592574811712435,13533504526737804194
calibration,index,isolated-lookup,0,8,miss,4096,2048,salted-mix64,cpp-unordered-map,chaining-buckets,4096,3,128,262144,398000,3441592574811712435,13533504526737804194
calibration,index,isolated-lookup,0,8,miss,4096,2048,salted-mix64,rust-hash-map,usable-entries,3584,4,128,262144,573000,3771196049332354583,14383430485961478032
calibration,index,isolated-lookup,0,8,miss,4096,2048,salted-mix64,cpp-unordered-map,chaining-buckets,4096,4,128,262144,396000,3771196049332354583,14383430485961478032
calibration,index,isolated-lookup,0,8,miss,4096,2048,salted-mix64,whitefoot-hash-map,physical-slots,4096,4,128,262144,1002000,3771196049332354583,14383430485961478032
calibration,index,isolated-lookup,0,8,miss,4096,2048,salted-mix64,cpp-unordered-map,chaining-buckets,4096,5,128,262144,411000,16431003801165819121,16172748985559573147
calibration,index,isolated-lookup,0,8,miss,4096,2048,salted-mix64,whitefoot-hash-map,physical-slots,4096,5,128,262144,870000,16431003801165819121,16172748985559573147
calibration,index,isolated-lookup,0,8,miss,4096,2048,salted-mix64,rust-hash-map,usable-entries,3584,5,128,262144,561000,16431003801165819121,16172748985559573147
calibration,index,isolated-lookup,0,8,miss,4096,2048,salted-mix64,whitefoot-hash-map,physical-slots,4096,6,128,262144,890000,7763817841800992303,11623346431533299128
calibration,index,isolated-lookup,0,8,miss,4096,2048,salted-mix64,rust-hash-map,usable-entries,3584,6,128,262144,568000,7763817841800992303,11623346431533299128
calibration,index,isolated-lookup,0,8,miss,4096,2048,salted-mix64,cpp-unordered-map,chaining-buckets,4096,6,128,262144,398000,7763817841800992303,11623346431533299128
calibration,index,isolated-lookup,0,8,miss,4096,2048,salted-mix64,rust-hash-map,usable-entries,3584,7,128,262144,560000,16418453042866797166,12840744521595376045
calibration,index,isolated-lookup,0,8,miss,4096,2048,salted-mix64,cpp-unordered-map,chaining-buckets,4096,7,128,262144,397000,16418453042866797166,12840744521595376045
calibration,index,isolated-lookup,0,8,miss,4096,2048,salted-mix64,whitefoot-hash-map,physical-slots,4096,7,128,262144,964000,16418453042866797166,12840744521595376045
calibration,index,isolated-lookup,0,8,miss,4096,2048,salted-mix64,cpp-unordered-map,chaining-buckets,4096,8,128,262144,415000,5809700665218793937,13999068279916446456
calibration,index,isolated-lookup,0,8,miss,4096,2048,salted-mix64,whitefoot-hash-map,physical-slots,4096,8,128,262144,988000,5809700665218793937,13999068279916446456
calibration,index,isolated-lookup,0,8,miss,4096,2048,salted-mix64,rust-hash-map,usable-entries,3584,8,128,262144,573000,5809700665218793937,13999068279916446456
calibration,index,isolated-lookup,0,256,hit,64,32,salted-mix64,whitefoot-hash-map,physical-slots,64,0,8192,262144,528000,6849651844465152027,18266774267156818832
calibration,index,isolated-lookup,0,256,hit,64,32,salted-mix64,rust-hash-map,usable-entries,56,0,8192,262144,597000,6849651844465152027,18266774267156818832
calibration,index,isolated-lookup,0,256,hit,64,32,salted-mix64,cpp-unordered-map,chaining-buckets,64,0,8192,262144,416000,6849651844465152027,18266774267156818832
calibration,index,isolated-lookup,0,256,hit,64,32,salted-mix64,rust-hash-map,usable-entries,56,1,8192,262144,742000,11842692230777874776,17629528883973804059
calibration,index,isolated-lookup,0,256,hit,64,32,salted-mix64,cpp-unordered-map,chaining-buckets,64,1,8192,262144,418000,11842692230777874776,17629528883973804059
calibration,index,isolated-lookup,0,256,hit,64,32,salted-mix64,whitefoot-hash-map,physical-slots,64,1,8192,262144,560000,11842692230777874776,17629528883973804059
calibration,index,isolated-lookup,0,256,hit,64,32,salted-mix64,cpp-unordered-map,chaining-buckets,64,2,8192,262144,413000,5209686651813183338,10588808568664885272
calibration,index,isolated-lookup,0,256,hit,64,32,salted-mix64,whitefoot-hash-map,physical-slots,64,2,8192,262144,528000,5209686651813183338,10588808568664885272
calibration,index,isolated-lookup,0,256,hit,64,32,salted-mix64,rust-hash-map,usable-entries,56,2,8192,262144,602000,5209686651813183338,10588808568664885272
calibration,index,isolated-lookup,0,256,hit,64,32,salted-mix64,whitefoot-hash-map,physical-slots,64,3,8192,262144,559000,4516906293018523591,9643622543523366911
calibration,index,isolated-lookup,0,256,hit,64,32,salted-mix64,rust-hash-map,usable-entries,56,3,8192,262144,598000,4516906293018523591,9643622543523366911
calibration,index,isolated-lookup,0,256,hit,64,32,salted-mix64,cpp-unordered-map,chaining-buckets,64,3,8192,262144,418000,4516906293018523591,9643622543523366911
calibration,index,isolated-lookup,0,256,hit,64,32,salted-mix64,rust-hash-map,usable-entries,56,4,8192,262144,600000,7585661335338124678,7997935681297465229
calibration,index,isolated-lookup,0,256,hit,64,32,salted-mix64,cpp-unordered-map,chaining-buckets,64,4,8192,262144,430000,7585661335338124678,7997935681297465229
calibration,index,isolated-lookup,0,256,hit,64,32,salted-mix64,whitefoot-hash-map,physical-slots,64,4,8192,262144,528000,7585661335338124678,7997935681297465229
calibration,index,isolated-lookup,0,256,hit,64,32,salted-mix64,cpp-unordered-map,chaining-buckets,64,5,8192,262144,418000,14641691085231922037,12589978323246251962
calibration,index,isolated-lookup,0,256,hit,64,32,salted-mix64,whitefoot-hash-map,physical-slots,64,5,8192,262144,570000,14641691085231922037,12589978323246251962
calibration,index,isolated-lookup,0,256,hit,64,32,salted-mix64,rust-hash-map,usable-entries,56,5,8192,262144,596000,14641691085231922037,12589978323246251962
calibration,index,isolated-lookup,0,256,hit,64,32,salted-mix64,whitefoot-hash-map,physical-slots,64,6,8192,262144,530000,5140450580080685424,1695167606993225687
calibration,index,isolated-lookup,0,256,hit,64,32,salted-mix64,rust-hash-map,usable-entries,56,6,8192,262144,598000,5140450580080685424,1695167606993225687
calibration,index,isolated-lookup,0,256,hit,64,32,salted-mix64,cpp-unordered-map,chaining-buckets,64,6,8192,262144,417000,5140450580080685424,1695167606993225687
calibration,index,isolated-lookup,0,256,hit,64,32,salted-mix64,rust-hash-map,usable-entries,56,7,8192,262144,747000,8635421336809965516,16222476275378838822
calibration,index,isolated-lookup,0,256,hit,64,32,salted-mix64,cpp-unordered-map,chaining-buckets,64,7,8192,262144,444000,8635421336809965516,16222476275378838822
calibration,index,isolated-lookup,0,256,hit,64,32,salted-mix64,whitefoot-hash-map,physical-slots,64,7,8192,262144,556000,8635421336809965516,16222476275378838822
calibration,index,isolated-lookup,0,256,hit,64,32,salted-mix64,cpp-unordered-map,chaining-buckets,64,8,8192,262144,428000,1545319972250608064,14881868431885356544
calibration,index,isolated-lookup,0,256,hit,64,32,salted-mix64,whitefoot-hash-map,physical-slots,64,8,8192,262144,546000,1545319972250608064,14881868431885356544
calibration,index,isolated-lookup,0,256,hit,64,32,salted-mix64,rust-hash-map,usable-entries,56,8,8192,262144,614000,1545319972250608064,14881868431885356544
calibration,index,isolated-lookup,0,256,miss,64,32,salted-mix64,whitefoot-hash-map,physical-slots,64,0,8192,262144,719000,7139342834197991754,18266774267156818832
calibration,index,isolated-lookup,0,256,miss,64,32,salted-mix64,rust-hash-map,usable-entries,56,0,8192,262144,409000,7139342834197991754,18266774267156818832
calibration,index,isolated-lookup,0,256,miss,64,32,salted-mix64,cpp-unordered-map,chaining-buckets,64,0,8192,262144,414000,7139342834197991754,18266774267156818832
calibration,index,isolated-lookup,0,256,miss,64,32,salted-mix64,rust-hash-map,usable-entries,56,1,8192,262144,425000,14122013025408310400,17629528883973804059
calibration,index,isolated-lookup,0,256,miss,64,32,salted-mix64,cpp-unordered-map,chaining-buckets,64,1,8192,262144,495000,14122013025408310400,17629528883973804059
calibration,index,isolated-lookup,0,256,miss,64,32,salted-mix64,whitefoot-hash-map,physical-slots,64,1,8192,262144,922000,14122013025408310400,17629528883973804059
calibration,index,isolated-lookup,0,256,miss,64,32,salted-mix64,cpp-unordered-map,chaining-buckets,64,2,8192,262144,399000,13788178621813375482,10588808568664885272
calibration,index,isolated-lookup,0,256,miss,64,32,salted-mix64,whitefoot-hash-map,physical-slots,64,2,8192,262144,739000,13788178621813375482,10588808568664885272
calibration,index,isolated-lookup,0,256,miss,64,32,salted-mix64,rust-hash-map,usable-entries,56,2,8192,262144,422000,13788178621813375482,10588808568664885272
calibration,index,isolated-lookup,0,256,miss,64,32,salted-mix64,whitefoot-hash-map,physical-slots,64,3,8192,262144,940000,3441592574811712435,9643622543523366911
calibration,index,isolated-lookup,0,256,miss,64,32,salted-mix64,rust-hash-map,usable-entries,56,3,8192,262144,425000,3441592574811712435,9643622543523366911
calibration,index,isolated-lookup,0,256,miss,64,32,salted-mix64,cpp-unordered-map,chaining-buckets,64,3,8192,262144,430000,3441592574811712435,9643622543523366911
calibration,index,isolated-lookup,0,256,miss,64,32,salted-mix64,rust-hash-map,usable-entries,56,4,8192,262144,543000,3771196049332354583,7997935681297465229
calibration,index,isolated-lookup,0,256,miss,64,32,salted-mix64,cpp-unordered-map,chaining-buckets,64,4,8192,262144,419000,3771196049332354583,7997935681297465229
calibration,index,isolated-lookup,0,256,miss,64,32,salted-mix64,whitefoot-hash-map,physical-slots,64,4,8192,262144,759000,3771196049332354583,7997935681297465229
calibration,index,isolated-lookup,0,256,miss,64,32,salted-mix64,cpp-unordered-map,chaining-buckets,64,5,8192,262144,425000,16431003801165819121,12589978323246251962
calibration,index,isolated-lookup,0,256,miss,64,32,salted-mix64,whitefoot-hash-map,physical-slots,64,5,8192,262144,982000,16431003801165819121,12589978323246251962
calibration,index,isolated-lookup,0,256,miss,64,32,salted-mix64,rust-hash-map,usable-entries,56,5,8192,262144,437000,16431003801165819121,12589978323246251962
calibration,index,isolated-lookup,0,256,miss,64,32,salted-mix64,whitefoot-hash-map,physical-slots,64,6,8192,262144,719000,7763817841800992303,1695167606993225687
calibration,index,isolated-lookup,0,256,miss,64,32,salted-mix64,rust-hash-map,usable-entries,56,6,8192,262144,553000,7763817841800992303,1695167606993225687
calibration,index,isolated-lookup,0,256,miss,64,32,salted-mix64,cpp-unordered-map,chaining-buckets,64,6,8192,262144,407000,7763817841800992303,1695167606993225687
calibration,index,isolated-lookup,0,256,miss,64,32,salted-mix64,rust-hash-map,usable-entries,56,7,8192,262144,435000,16418453042866797166,16222476275378838822
calibration,index,isolated-lookup,0,256,miss,64,32,salted-mix64,cpp-unordered-map,chaining-buckets,64,7,8192,262144,409000,16418453042866797166,16222476275378838822
calibration,index,isolated-lookup,0,256,miss,64,32,salted-mix64,whitefoot-hash-map,physical-slots,64,7,8192,262144,923000,16418453042866797166,16222476275378838822
calibration,index,isolated-lookup,0,256,miss,64,32,salted-mix64,cpp-unordered-map,chaining-buckets,64,8,8192,262144,435000,5809700665218793937,14881868431885356544
calibration,index,isolated-lookup,0,256,miss,64,32,salted-mix64,whitefoot-hash-map,physical-slots,64,8,8192,262144,744000,5809700665218793937,14881868431885356544
calibration,index,isolated-lookup,0,256,miss,64,32,salted-mix64,rust-hash-map,usable-entries,56,8,8192,262144,540000,5809700665218793937,14881868431885356544
calibration,index,isolated-lookup,0,256,hit,4096,2048,salted-mix64,whitefoot-hash-map,physical-slots,4096,0,128,262144,680000,16040926599651378327,4275004589874247251
calibration,index,isolated-lookup,0,256,hit,4096,2048,salted-mix64,rust-hash-map,usable-entries,3584,0,128,262144,642000,16040926599651378327,4275004589874247251
calibration,index,isolated-lookup,0,256,hit,4096,2048,salted-mix64,cpp-unordered-map,chaining-buckets,4096,0,128,262144,580000,16040926599651378327,4275004589874247251
calibration,index,isolated-lookup,0,256,hit,4096,2048,salted-mix64,rust-hash-map,usable-entries,3584,1,128,262144,649000,232324966729343009,4831549970320777124
calibration,index,isolated-lookup,0,256,hit,4096,2048,salted-mix64,cpp-unordered-map,chaining-buckets,4096,1,128,262144,564000,232324966729343009,4831549970320777124
calibration,index,isolated-lookup,0,256,hit,4096,2048,salted-mix64,whitefoot-hash-map,physical-slots,4096,1,128,262144,681000,232324966729343009,4831549970320777124
calibration,index,isolated-lookup,0,256,hit,4096,2048,salted-mix64,cpp-unordered-map,chaining-buckets,4096,2,128,262144,608000,15459819893734487181,11962292712906248130
calibration,index,isolated-lookup,0,256,hit,4096,2048,salted-mix64,whitefoot-hash-map,physical-slots,4096,2,128,262144,669000,15459819893734487181,11962292712906248130
calibration,index,isolated-lookup,0,256,hit,4096,2048,salted-mix64,rust-hash-map,usable-entries,3584,2,128,262144,639000,15459819893734487181,11962292712906248130
calibration,index,isolated-lookup,0,256,hit,4096,2048,salted-mix64,whitefoot-hash-map,physical-slots,4096,3,128,262144,671000,10525740844343025251,15797047148602259028
calibration,index,isolated-lookup,0,256,hit,4096,2048,salted-mix64,rust-hash-map,usable-entries,3584,3,128,262144,644000,10525740844343025251,15797047148602259028
calibration,index,isolated-lookup,0,256,hit,4096,2048,salted-mix64,cpp-unordered-map,chaining-buckets,4096,3,128,262144,581000,10525740844343025251,15797047148602259028
calibration,index,isolated-lookup,0,256,hit,4096,2048,salted-mix64,rust-hash-map,usable-entries,3584,4,128,262144,642000,9944475510775295895,10852831350306165609
calibration,index,isolated-lookup,0,256,hit,4096,2048,salted-mix64,cpp-unordered-map,chaining-buckets,4096,4,128,262144,537000,9944475510775295895,10852831350306165609
calibration,index,isolated-lookup,0,256,hit,4096,2048,salted-mix64,whitefoot-hash-map,physical-slots,4096,4,128,262144,670000,9944475510775295895,10852831350306165609
calibration,index,isolated-lookup,0,256,hit,4096,2048,salted-mix64,cpp-unordered-map,chaining-buckets,4096,5,128,262144,552000,17833847702847256595,8476091993579837262
calibration,index,isolated-lookup,0,256,hit,4096,2048,salted-mix64,whitefoot-hash-map,physical-slots,4096,5,128,262144,660000,17833847702847256595,8476091993579837262
calibration,index,isolated-lookup,0,256,hit,4096,2048,salted-mix64,rust-hash-map,usable-entries,3584,5,128,262144,651000,17833847702847256595,8476091993579837262
calibration,index,isolated-lookup,0,256,hit,4096,2048,salted-mix64,whitefoot-hash-map,physical-slots,4096,6,128,262144,686000,17678673335214960380,14152714158125688331
calibration,index,isolated-lookup,0,256,hit,4096,2048,salted-mix64,rust-hash-map,usable-entries,3584,6,128,262144,636000,17678673335214960380,14152714158125688331
calibration,index,isolated-lookup,0,256,hit,4096,2048,salted-mix64,cpp-unordered-map,chaining-buckets,4096,6,128,262144,550000,17678673335214960380,14152714158125688331
calibration,index,isolated-lookup,0,256,hit,4096,2048,salted-mix64,rust-hash-map,usable-entries,3584,7,128,262144,646000,1448610237020184652,16200907735189960835
calibration,index,isolated-lookup,0,256,hit,4096,2048,salted-mix64,cpp-unordered-map,chaining-buckets,4096,7,128,262144,534000,1448610237020184652,16200907735189960835
calibration,index,isolated-lookup,0,256,hit,4096,2048,salted-mix64,whitefoot-hash-map,physical-slots,4096,7,128,262144,671000,1448610237020184652,16200907735189960835
calibration,index,isolated-lookup,0,256,hit,4096,2048,salted-mix64,cpp-unordered-map,chaining-buckets,4096,8,128,262144,541000,7493326221167090921,3013337170561999196
calibration,index,isolated-lookup,0,256,hit,4096,2048,salted-mix64,whitefoot-hash-map,physical-slots,4096,8,128,262144,660000,7493326221167090921,3013337170561999196
calibration,index,isolated-lookup,0,256,hit,4096,2048,salted-mix64,rust-hash-map,usable-entries,3584,8,128,262144,638000,7493326221167090921,3013337170561999196
calibration,index,isolated-lookup,0,256,miss,4096,2048,salted-mix64,whitefoot-hash-map,physical-slots,4096,0,128,262144,981000,7139342834197991754,4275004589874247251
calibration,index,isolated-lookup,0,256,miss,4096,2048,salted-mix64,rust-hash-map,usable-entries,3584,0,128,262144,574000,7139342834197991754,4275004589874247251
calibration,index,isolated-lookup,0,256,miss,4096,2048,salted-mix64,cpp-unordered-map,chaining-buckets,4096,0,128,262144,475000,7139342834197991754,4275004589874247251
calibration,index,isolated-lookup,0,256,miss,4096,2048,salted-mix64,rust-hash-map,usable-entries,3584,1,128,262144,569000,14122013025408310400,4831549970320777124
calibration,index,isolated-lookup,0,256,miss,4096,2048,salted-mix64,cpp-unordered-map,chaining-buckets,4096,1,128,262144,471000,14122013025408310400,4831549970320777124
calibration,index,isolated-lookup,0,256,miss,4096,2048,salted-mix64,whitefoot-hash-map,physical-slots,4096,1,128,262144,957000,14122013025408310400,4831549970320777124
calibration,index,isolated-lookup,0,256,miss,4096,2048,salted-mix64,cpp-unordered-map,chaining-buckets,4096,2,128,262144,495000,13788178621813375482,11962292712906248130
calibration,index,isolated-lookup,0,256,miss,4096,2048,salted-mix64,whitefoot-hash-map,physical-slots,4096,2,128,262144,943000,13788178621813375482,11962292712906248130
calibration,index,isolated-lookup,0,256,miss,4096,2048,salted-mix64,rust-hash-map,usable-entries,3584,2,128,262144,594000,13788178621813375482,11962292712906248130
calibration,index,isolated-lookup,0,256,miss,4096,2048,salted-mix64,whitefoot-hash-map,physical-slots,4096,3,128,262144,1045000,3441592574811712435,15797047148602259028
calibration,index,isolated-lookup,0,256,miss,4096,2048,salted-mix64,rust-hash-map,usable-entries,3584,3,128,262144,562000,3441592574811712435,15797047148602259028
calibration,index,isolated-lookup,0,256,miss,4096,2048,salted-mix64,cpp-unordered-map,chaining-buckets,4096,3,128,262144,476000,3441592574811712435,15797047148602259028
calibration,index,isolated-lookup,0,256,miss,4096,2048,salted-mix64,rust-hash-map,usable-entries,3584,4,128,262144,580000,3771196049332354583,10852831350306165609
calibration,index,isolated-lookup,0,256,miss,4096,2048,salted-mix64,cpp-unordered-map,chaining-buckets,4096,4,128,262144,482000,3771196049332354583,10852831350306165609
calibration,index,isolated-lookup,0,256,miss,4096,2048,salted-mix64,whitefoot-hash-map,physical-slots,4096,4,128,262144,953000,3771196049332354583,10852831350306165609
calibration,index,isolated-lookup,0,256,miss,4096,2048,salted-mix64,cpp-unordered-map,chaining-buckets,4096,5,128,262144,488000,16431003801165819121,8476091993579837262
calibration,index,isolated-lookup,0,256,miss,4096,2048,salted-mix64,whitefoot-hash-map,physical-slots,4096,5,128,262144,910000,16431003801165819121,8476091993579837262
calibration,index,isolated-lookup,0,256,miss,4096,2048,salted-mix64,rust-hash-map,usable-entries,3584,5,128,262144,564000,16431003801165819121,8476091993579837262
calibration,index,isolated-lookup,0,256,miss,4096,2048,salted-mix64,whitefoot-hash-map,physical-slots,4096,6,128,262144,1730000,7763817841800992303,14152714158125688331
calibration,index,isolated-lookup,0,256,miss,4096,2048,salted-mix64,rust-hash-map,usable-entries,3584,6,128,262144,571000,7763817841800992303,14152714158125688331
calibration,index,isolated-lookup,0,256,miss,4096,2048,salted-mix64,cpp-unordered-map,chaining-buckets,4096,6,128,262144,477000,7763817841800992303,14152714158125688331
calibration,index,isolated-lookup,0,256,miss,4096,2048,salted-mix64,rust-hash-map,usable-entries,3584,7,128,262144,569000,16418453042866797166,16200907735189960835
calibration,index,isolated-lookup,0,256,miss,4096,2048,salted-mix64,cpp-unordered-map,chaining-buckets,4096,7,128,262144,474000,16418453042866797166,16200907735189960835
calibration,index,isolated-lookup,0,256,miss,4096,2048,salted-mix64,whitefoot-hash-map,physical-slots,4096,7,128,262144,922000,16418453042866797166,16200907735189960835
calibration,index,isolated-lookup,0,256,miss,4096,2048,salted-mix64,cpp-unordered-map,chaining-buckets,4096,8,128,262144,514000,5809700665218793937,3013337170561999196
calibration,index,isolated-lookup,0,256,miss,4096,2048,salted-mix64,whitefoot-hash-map,physical-slots,4096,8,128,262144,940000,5809700665218793937,3013337170561999196
calibration,index,isolated-lookup,0,256,miss,4096,2048,salted-mix64,rust-hash-map,usable-entries,3584,8,128,262144,577000,5809700665218793937,3013337170561999196
index-formal,base,isolated-lookup,0,8,hit,64,32,salted-mix64,whitefoot-hash-map,physical-slots,64,0,65536,2097152,5679000,4239522231411693208,6569140190154816122
index-formal,base,isolated-lookup,0,8,hit,64,32,salted-mix64,rust-hash-map,usable-entries,56,0,65536,2097152,4507000,4239522231411693208,6569140190154816122
index-formal,base,isolated-lookup,0,8,hit,64,32,salted-mix64,cpp-unordered-map,chaining-buckets,64,0,65536,2097152,3438000,4239522231411693208,6569140190154816122
index-formal,base,isolated-lookup,0,8,hit,64,32,salted-mix64,rust-hash-map,usable-entries,56,1,65536,2097152,5500000,2926486032717465826,18135573329091736190
index-formal,base,isolated-lookup,0,8,hit,64,32,salted-mix64,cpp-unordered-map,chaining-buckets,64,1,65536,2097152,3364000,2926486032717465826,18135573329091736190
index-formal,base,isolated-lookup,0,8,hit,64,32,salted-mix64,whitefoot-hash-map,physical-slots,64,1,65536,2097152,5792000,2926486032717465826,18135573329091736190
index-formal,base,isolated-lookup,0,8,hit,64,32,salted-mix64,cpp-unordered-map,chaining-buckets,64,2,65536,2097152,3332000,1950109411527586354,9895997175603665294
index-formal,base,isolated-lookup,0,8,hit,64,32,salted-mix64,whitefoot-hash-map,physical-slots,64,2,65536,2097152,5585000,1950109411527586354,9895997175603665294
index-formal,base,isolated-lookup,0,8,hit,64,32,salted-mix64,rust-hash-map,usable-entries,56,2,65536,2097152,4478000,1950109411527586354,9895997175603665294
index-formal,base,isolated-lookup,0,8,hit,64,32,salted-mix64,whitefoot-hash-map,physical-slots,64,3,65536,2097152,5637000,4729026886209191417,12618764708749879515
index-formal,base,isolated-lookup,0,8,hit,64,32,salted-mix64,rust-hash-map,usable-entries,56,3,65536,2097152,4424000,4729026886209191417,12618764708749879515
index-formal,base,isolated-lookup,0,8,hit,64,32,salted-mix64,cpp-unordered-map,chaining-buckets,64,3,65536,2097152,3342000,4729026886209191417,12618764708749879515
index-formal,base,isolated-lookup,0,8,hit,64,32,salted-mix64,rust-hash-map,usable-entries,56,4,65536,2097152,4455000,7789383083385681379,6682258775380899928
index-formal,base,isolated-lookup,0,8,hit,64,32,salted-mix64,cpp-unordered-map,chaining-buckets,64,4,65536,2097152,3310000,7789383083385681379,6682258775380899928
index-formal,base,isolated-lookup,0,8,hit,64,32,salted-mix64,whitefoot-hash-map,physical-slots,64,4,65536,2097152,5684000,7789383083385681379,6682258775380899928
index-formal,base,isolated-lookup,0,8,hit,64,32,salted-mix64,cpp-unordered-map,chaining-buckets,64,5,65536,2097152,3624000,14912296476274059179,15955402111364378682
index-formal,base,isolated-lookup,0,8,hit,64,32,salted-mix64,whitefoot-hash-map,physical-slots,64,5,65536,2097152,6044000,14912296476274059179,15955402111364378682
index-formal,base,isolated-lookup,0,8,hit,64,32,salted-mix64,rust-hash-map,usable-entries,56,5,65536,2097152,4593000,14912296476274059179,15955402111364378682
index-formal,base,isolated-lookup,0,8,hit,64,32,salted-mix64,whitefoot-hash-map,physical-slots,64,6,65536,2097152,5701000,3102224960182046416,17384135073489638916
index-formal,base,isolated-lookup,0,8,hit,64,32,salted-mix64,rust-hash-map,usable-entries,56,6,65536,2097152,4497000,3102224960182046416,17384135073489638916
index-formal,base,isolated-lookup,0,8,hit,64,32,salted-mix64,cpp-unordered-map,chaining-buckets,64,6,65536,2097152,3459000,3102224960182046416,17384135073489638916
index-formal,base,isolated-lookup,0,8,hit,64,32,salted-mix64,rust-hash-map,usable-entries,56,7,65536,2097152,5740000,5994810811218061247,14495855000218944738
index-formal,base,isolated-lookup,0,8,hit,64,32,salted-mix64,cpp-unordered-map,chaining-buckets,64,7,65536,2097152,3517000,5994810811218061247,14495855000218944738
index-formal,base,isolated-lookup,0,8,hit,64,32,salted-mix64,whitefoot-hash-map,physical-slots,64,7,65536,2097152,5698000,5994810811218061247,14495855000218944738
index-formal,base,isolated-lookup,0,8,hit,64,32,salted-mix64,cpp-unordered-map,chaining-buckets,64,8,65536,2097152,3346000,9874546471375032397,3280734739808937497
index-formal,base,isolated-lookup,0,8,hit,64,32,salted-mix64,whitefoot-hash-map,physical-slots,64,8,65536,2097152,5473000,9874546471375032397,3280734739808937497
index-formal,base,isolated-lookup,0,8,hit,64,32,salted-mix64,rust-hash-map,usable-entries,56,8,65536,2097152,4467000,9874546471375032397,3280734739808937497
index-formal,base,isolated-lookup,0,8,miss,64,32,salted-mix64,whitefoot-hash-map,physical-slots,64,0,65536,2097152,7117000,15132253838967462115,6569140190154816122
index-formal,base,isolated-lookup,0,8,miss,64,32,salted-mix64,rust-hash-map,usable-entries,56,0,65536,2097152,3368000,15132253838967462115,6569140190154816122
index-formal,base,isolated-lookup,0,8,miss,64,32,salted-mix64,cpp-unordered-map,chaining-buckets,64,0,65536,2097152,3496000,15132253838967462115,6569140190154816122
index-formal,base,isolated-lookup,0,8,miss,64,32,salted-mix64,rust-hash-map,usable-entries,56,1,65536,2097152,3544000,2681066283742362172,18135573329091736190
index-formal,base,isolated-lookup,0,8,miss,64,32,salted-mix64,cpp-unordered-map,chaining-buckets,64,1,65536,2097152,3341000,2681066283742362172,18135573329091736190
index-formal,base,isolated-lookup,0,8,miss,64,32,salted-mix64,whitefoot-hash-map,physical-slots,64,1,65536,2097152,8320000,2681066283742362172,18135573329091736190
index-formal,base,isolated-lookup,0,8,miss,64,32,salted-mix64,cpp-unordered-map,chaining-buckets,64,2,65536,2097152,3196000,7296812208248709570,9895997175603665294
index-formal,base,isolated-lookup,0,8,miss,64,32,salted-mix64,whitefoot-hash-map,physical-slots,64,2,65536,2097152,7058000,7296812208248709570,9895997175603665294
index-formal,base,isolated-lookup,0,8,miss,64,32,salted-mix64,rust-hash-map,usable-entries,56,2,65536,2097152,3362000,7296812208248709570,9895997175603665294
index-formal,base,isolated-lookup,0,8,miss,64,32,salted-mix64,whitefoot-hash-map,physical-slots,64,3,65536,2097152,8533000,14423111289845556242,12618764708749879515
index-formal,base,isolated-lookup,0,8,miss,64,32,salted-mix64,rust-hash-map,usable-entries,56,3,65536,2097152,3311000,14423111289845556242,12618764708749879515
index-formal,base,isolated-lookup,0,8,miss,64,32,salted-mix64,cpp-unordered-map,chaining-buckets,64,3,65536,2097152,3477000,14423111289845556242,12618764708749879515
index-formal,base,isolated-lookup,0,8,miss,64,32,salted-mix64,rust-hash-map,usable-entries,56,4,65536,2097152,4298000,5230495931743818634,6682258775380899928
index-formal,base,isolated-lookup,0,8,miss,64,32,salted-mix64,cpp-unordered-map,chaining-buckets,64,4,65536,2097152,3368000,5230495931743818634,6682258775380899928
index-formal,base,isolated-lookup,0,8,miss,64,32,salted-mix64,whitefoot-hash-map,physical-slots,64,4,65536,2097152,7283000,5230495931743818634,6682258775380899928
index-formal,base,isolated-lookup,0,8,miss,64,32,salted-mix64,cpp-unordered-map,chaining-buckets,64,5,65536,2097152,3280000,4562025355725514772,15955402111364378682
index-formal,base,isolated-lookup,0,8,miss,64,32,salted-mix64,whitefoot-hash-map,physical-slots,64,5,65536,2097152,8362000,4562025355725514772,15955402111364378682
index-formal,base,isolated-lookup,0,8,miss,64,32,salted-mix64,rust-hash-map,usable-entries,56,5,65536,2097152,3295000,4562025355725514772,15955402111364378682
index-formal,base,isolated-lookup,0,8,miss,64,32,salted-mix64,whitefoot-hash-map,physical-slots,64,6,65536,2097152,6667000,6591037010649270577,17384135073489638916
index-formal,base,isolated-lookup,0,8,miss,64,32,salted-mix64,rust-hash-map,usable-entries,56,6,65536,2097152,4297000,6591037010649270577,17384135073489638916
index-formal,base,isolated-lookup,0,8,miss,64,32,salted-mix64,cpp-unordered-map,chaining-buckets,64,6,65536,2097152,3140000,6591037010649270577,17384135073489638916
index-formal,base,isolated-lookup,0,8,miss,64,32,salted-mix64,rust-hash-map,usable-entries,56,7,65536,2097152,3295000,11181113795741075825,14495855000218944738
index-formal,base,isolated-lookup,0,8,miss,64,32,salted-mix64,cpp-unordered-map,chaining-buckets,64,7,65536,2097152,3175000,11181113795741075825,14495855000218944738
index-formal,base,isolated-lookup,0,8,miss,64,32,salted-mix64,whitefoot-hash-map,physical-slots,64,7,65536,2097152,8092000,11181113795741075825,14495855000218944738
index-formal,base,isolated-lookup,0,8,miss,64,32,salted-mix64,cpp-unordered-map,chaining-buckets,64,8,65536,2097152,3170000,200723637349124037,3280734739808937497
index-formal,base,isolated-lookup,0,8,miss,64,32,salted-mix64,whitefoot-hash-map,physical-slots,64,8,65536,2097152,6962000,200723637349124037,3280734739808937497
index-formal,base,isolated-lookup,0,8,miss,64,32,salted-mix64,rust-hash-map,usable-entries,56,8,65536,2097152,4284000,200723637349124037,3280734739808937497
index-formal,base,isolated-lookup,0,8,hit,4096,2048,salted-mix64,whitefoot-hash-map,physical-slots,4096,0,1024,2097152,6488000,12256773017604771992,5491702704287014337
index-formal,base,isolated-lookup,0,8,hit,4096,2048,salted-mix64,rust-hash-map,usable-entries,3584,0,1024,2097152,4727000,12256773017604771992,5491702704287014337
index-formal,base,isolated-lookup,0,8,hit,4096,2048,salted-mix64,cpp-unordered-map,chaining-buckets,4096,0,1024,2097152,3652000,12256773017604771992,5491702704287014337
index-formal,base,isolated-lookup,0,8,hit,4096,2048,salted-mix64,rust-hash-map,usable-entries,3584,1,1024,2097152,4685000,8109805965890620335,2763695295485510119
index-formal,base,isolated-lookup,0,8,hit,4096,2048,salted-mix64,cpp-unordered-map,chaining-buckets,4096,1,1024,2097152,3550000,8109805965890620335,2763695295485510119
index-formal,base,isolated-lookup,0,8,hit,4096,2048,salted-mix64,whitefoot-hash-map,physical-slots,4096,1,1024,2097152,6047000,8109805965890620335,2763695295485510119
index-formal,base,isolated-lookup,0,8,hit,4096,2048,salted-mix64,cpp-unordered-map,chaining-buckets,4096,2,1024,2097152,3593000,6236540686233913562,169108885870040371
index-formal,base,isolated-lookup,0,8,hit,4096,2048,salted-mix64,whitefoot-hash-map,physical-slots,4096,2,1024,2097152,5919000,6236540686233913562,169108885870040371
index-formal,base,isolated-lookup,0,8,hit,4096,2048,salted-mix64,rust-hash-map,usable-entries,3584,2,1024,2097152,4679000,6236540686233913562,169108885870040371
index-formal,base,isolated-lookup,0,8,hit,4096,2048,salted-mix64,whitefoot-hash-map,physical-slots,4096,3,1024,2097152,6115000,4130214178744726911,13533504526737804194
index-formal,base,isolated-lookup,0,8,hit,4096,2048,salted-mix64,rust-hash-map,usable-entries,3584,3,1024,2097152,4679000,4130214178744726911,13533504526737804194
index-formal,base,isolated-lookup,0,8,hit,4096,2048,salted-mix64,cpp-unordered-map,chaining-buckets,4096,3,1024,2097152,3531000,4130214178744726911,13533504526737804194
index-formal,base,isolated-lookup,0,8,hit,4096,2048,salted-mix64,rust-hash-map,usable-entries,3584,4,1024,2097152,4568000,18037281245260807620,14383430485961478032
index-formal,base,isolated-lookup,0,8,hit,4096,2048,salted-mix64,cpp-unordered-map,chaining-buckets,4096,4,1024,2097152,3604000,18037281245260807620,14383430485961478032
index-formal,base,isolated-lookup,0,8,hit,4096,2048,salted-mix64,whitefoot-hash-map,physical-slots,4096,4,1024,2097152,5900000,18037281245260807620,14383430485961478032
index-formal,base,isolated-lookup,0,8,hit,4096,2048,salted-mix64,cpp-unordered-map,chaining-buckets,4096,5,1024,2097152,3547000,15561356245120038934,16172748985559573147
index-formal,base,isolated-lookup,0,8,hit,4096,2048,salted-mix64,whitefoot-hash-map,physical-slots,4096,5,1024,2097152,6117000,15561356245120038934,16172748985559573147
index-formal,base,isolated-lookup,0,8,hit,4096,2048,salted-mix64,rust-hash-map,usable-entries,3584,5,1024,2097152,4685000,15561356245120038934,16172748985559573147
index-formal,base,isolated-lookup,0,8,hit,4096,2048,salted-mix64,whitefoot-hash-map,physical-slots,4096,6,1024,2097152,6015000,1884708600979695867,11623346431533299128
index-formal,base,isolated-lookup,0,8,hit,4096,2048,salted-mix64,rust-hash-map,usable-entries,3584,6,1024,2097152,4568000,1884708600979695867,11623346431533299128
index-formal,base,isolated-lookup,0,8,hit,4096,2048,salted-mix64,cpp-unordered-map,chaining-buckets,4096,6,1024,2097152,3612000,1884708600979695867,11623346431533299128
index-formal,base,isolated-lookup,0,8,hit,4096,2048,salted-mix64,rust-hash-map,usable-entries,3584,7,1024,2097152,4639000,15555180481091510704,12840744521595376045
index-formal,base,isolated-lookup,0,8,hit,4096,2048,salted-mix64,cpp-unordered-map,chaining-buckets,4096,7,1024,2097152,3435000,15555180481091510704,12840744521595376045
index-formal,base,isolated-lookup,0,8,hit,4096,2048,salted-mix64,whitefoot-hash-map,physical-slots,4096,7,1024,2097152,6103000,15555180481091510704,12840744521595376045
index-formal,base,isolated-lookup,0,8,hit,4096,2048,salted-mix64,cpp-unordered-map,chaining-buckets,4096,8,1024,2097152,3603000,2735230302163515563,13999068279916446456
index-formal,base,isolated-lookup,0,8,hit,4096,2048,salted-mix64,whitefoot-hash-map,physical-slots,4096,8,1024,2097152,5943000,2735230302163515563,13999068279916446456
index-formal,base,isolated-lookup,0,8,hit,4096,2048,salted-mix64,rust-hash-map,usable-entries,3584,8,1024,2097152,4598000,2735230302163515563,13999068279916446456
index-formal,base,isolated-lookup,0,8,miss,4096,2048,salted-mix64,whitefoot-hash-map,physical-slots,4096,0,1024,2097152,7904000,15132253838967462115,5491702704287014337
index-formal,base,isolated-lookup,0,8,miss,4096,2048,salted-mix64,rust-hash-map,usable-entries,3584,0,1024,2097152,4530000,15132253838967462115,5491702704287014337
index-formal,base,isolated-lookup,0,8,miss,4096,2048,salted-mix64,cpp-unordered-map,chaining-buckets,4096,0,1024,2097152,3021000,15132253838967462115,5491702704287014337
index-formal,base,isolated-lookup,0,8,miss,4096,2048,salted-mix64,rust-hash-map,usable-entries,3584,1,1024,2097152,4459000,2681066283742362172,2763695295485510119
index-formal,base,isolated-lookup,0,8,miss,4096,2048,salted-mix64,cpp-unordered-map,chaining-buckets,4096,1,1024,2097152,3033000,2681066283742362172,2763695295485510119
index-formal,base,isolated-lookup,0,8,miss,4096,2048,salted-mix64,whitefoot-hash-map,physical-slots,4096,1,1024,2097152,7650000,2681066283742362172,2763695295485510119
index-formal,base,isolated-lookup,0,8,miss,4096,2048,salted-mix64,cpp-unordered-map,chaining-buckets,4096,2,1024,2097152,3032000,7296812208248709570,169108885870040371
index-formal,base,isolated-lookup,0,8,miss,4096,2048,salted-mix64,whitefoot-hash-map,physical-slots,4096,2,1024,2097152,7815000,7296812208248709570,169108885870040371
index-formal,base,isolated-lookup,0,8,miss,4096,2048,salted-mix64,rust-hash-map,usable-entries,3584,2,1024,2097152,4570000,7296812208248709570,169108885870040371
index-formal,base,isolated-lookup,0,8,miss,4096,2048,salted-mix64,whitefoot-hash-map,physical-slots,4096,3,1024,2097152,7410000,14423111289845556242,13533504526737804194
index-formal,base,isolated-lookup,0,8,miss,4096,2048,salted-mix64,rust-hash-map,usable-entries,3584,3,1024,2097152,4445000,14423111289845556242,13533504526737804194
index-formal,base,isolated-lookup,0,8,miss,4096,2048,salted-mix64,cpp-unordered-map,chaining-buckets,4096,3,1024,2097152,3053000,14423111289845556242,13533504526737804194
index-formal,base,isolated-lookup,0,8,miss,4096,2048,salted-mix64,rust-hash-map,usable-entries,3584,4,1024,2097152,4556000,5230495931743818634,14383430485961478032
index-formal,base,isolated-lookup,0,8,miss,4096,2048,salted-mix64,cpp-unordered-map,chaining-buckets,4096,4,1024,2097152,3032000,5230495931743818634,14383430485961478032
index-formal,base,isolated-lookup,0,8,miss,4096,2048,salted-mix64,whitefoot-hash-map,physical-slots,4096,4,1024,2097152,7840000,5230495931743818634,14383430485961478032
index-formal,base,isolated-lookup,0,8,miss,4096,2048,salted-mix64,cpp-unordered-map,chaining-buckets,4096,5,1024,2097152,3074000,4562025355725514772,16172748985559573147
index-formal,base,isolated-lookup,0,8,miss,4096,2048,salted-mix64,whitefoot-hash-map,physical-slots,4096,5,1024,2097152,7596000,4562025355725514772,16172748985559573147
index-formal,base,isolated-lookup,0,8,miss,4096,2048,salted-mix64,rust-hash-map,usable-entries,3584,5,1024,2097152,4426000,4562025355725514772,16172748985559573147
index-formal,base,isolated-lookup,0,8,miss,4096,2048,salted-mix64,whitefoot-hash-map,physical-slots,4096,6,1024,2097152,7653000,6591037010649270577,11623346431533299128
index-formal,base,isolated-lookup,0,8,miss,4096,2048,salted-mix64,rust-hash-map,usable-entries,3584,6,1024,2097152,4496000,6591037010649270577,11623346431533299128
index-formal,base,isolated-lookup,0,8,miss,4096,2048,salted-mix64,cpp-unordered-map,chaining-buckets,4096,6,1024,2097152,3036000,6591037010649270577,11623346431533299128
index-formal,base,isolated-lookup,0,8,miss,4096,2048,salted-mix64,rust-hash-map,usable-entries,3584,7,1024,2097152,4539000,11181113795741075825,12840744521595376045
index-formal,base,isolated-lookup,0,8,miss,4096,2048,salted-mix64,cpp-unordered-map,chaining-buckets,4096,7,1024,2097152,3062000,11181113795741075825,12840744521595376045
index-formal,base,isolated-lookup,0,8,miss,4096,2048,salted-mix64,whitefoot-hash-map,physical-slots,4096,7,1024,2097152,7429000,11181113795741075825,12840744521595376045
index-formal,base,isolated-lookup,0,8,miss,4096,2048,salted-mix64,cpp-unordered-map,chaining-buckets,4096,8,1024,2097152,3048000,200723637349124037,13999068279916446456
index-formal,base,isolated-lookup,0,8,miss,4096,2048,salted-mix64,whitefoot-hash-map,physical-slots,4096,8,1024,2097152,7632000,200723637349124037,13999068279916446456
index-formal,base,isolated-lookup,0,8,miss,4096,2048,salted-mix64,rust-hash-map,usable-entries,3584,8,1024,2097152,4506000,200723637349124037,13999068279916446456
index-formal,base,isolated-lookup,0,256,hit,64,32,salted-mix64,whitefoot-hash-map,physical-slots,64,0,65536,2097152,5466000,4239522231411693208,18266774267156818832
index-formal,base,isolated-lookup,0,256,hit,64,32,salted-mix64,rust-hash-map,usable-entries,56,0,65536,2097152,4801000,4239522231411693208,18266774267156818832
index-formal,base,isolated-lookup,0,256,hit,64,32,salted-mix64,cpp-unordered-map,chaining-buckets,64,0,65536,2097152,3318000,4239522231411693208,18266774267156818832
index-formal,base,isolated-lookup,0,256,hit,64,32,salted-mix64,rust-hash-map,usable-entries,56,1,65536,2097152,5960000,2926486032717465826,17629528883973804059
index-formal,base,isolated-lookup,0,256,hit,64,32,salted-mix64,cpp-unordered-map,chaining-buckets,64,1,65536,2097152,3349000,2926486032717465826,17629528883973804059
index-formal,base,isolated-lookup,0,256,hit,64,32,salted-mix64,whitefoot-hash-map,physical-slots,64,1,65536,2097152,5716000,2926486032717465826,17629528883973804059
index-formal,base,isolated-lookup,0,256,hit,64,32,salted-mix64,cpp-unordered-map,chaining-buckets,64,2,65536,2097152,3330000,1950109411527586354,10588808568664885272
index-formal,base,isolated-lookup,0,256,hit,64,32,salted-mix64,whitefoot-hash-map,physical-slots,64,2,65536,2097152,5492000,1950109411527586354,10588808568664885272
index-formal,base,isolated-lookup,0,256,hit,64,32,salted-mix64,rust-hash-map,usable-entries,56,2,65536,2097152,4804000,1950109411527586354,10588808568664885272
index-formal,base,isolated-lookup,0,256,hit,64,32,salted-mix64,whitefoot-hash-map,physical-slots,64,3,65536,2097152,5672000,4729026886209191417,9643622543523366911
index-formal,base,isolated-lookup,0,256,hit,64,32,salted-mix64,rust-hash-map,usable-entries,56,3,65536,2097152,4796000,4729026886209191417,9643622543523366911
index-formal,base,isolated-lookup,0,256,hit,64,32,salted-mix64,cpp-unordered-map,chaining-buckets,64,3,65536,2097152,3377000,4729026886209191417,9643622543523366911
index-formal,base,isolated-lookup,0,256,hit,64,32,salted-mix64,rust-hash-map,usable-entries,56,4,65536,2097152,4901000,7789383083385681379,7997935681297465229
index-formal,base,isolated-lookup,0,256,hit,64,32,salted-mix64,cpp-unordered-map,chaining-buckets,64,4,65536,2097152,3346000,7789383083385681379,7997935681297465229
index-formal,base,isolated-lookup,0,256,hit,64,32,salted-mix64,whitefoot-hash-map,physical-slots,64,4,65536,2097152,5687000,7789383083385681379,7997935681297465229
index-formal,base,isolated-lookup,0,256,hit,64,32,salted-mix64,cpp-unordered-map,chaining-buckets,64,5,65536,2097152,3548000,14912296476274059179,12589978323246251962
index-formal,base,isolated-lookup,0,256,hit,64,32,salted-mix64,whitefoot-hash-map,physical-slots,64,5,65536,2097152,5912000,14912296476274059179,12589978323246251962
index-formal,base,isolated-lookup,0,256,hit,64,32,salted-mix64,rust-hash-map,usable-entries,56,5,65536,2097152,4978000,14912296476274059179,12589978323246251962
index-formal,base,isolated-lookup,0,256,hit,64,32,salted-mix64,whitefoot-hash-map,physical-slots,64,6,65536,2097152,5692000,3102224960182046416,1695167606993225687
index-formal,base,isolated-lookup,0,256,hit,64,32,salted-mix64,rust-hash-map,usable-entries,56,6,65536,2097152,4957000,3102224960182046416,1695167606993225687
index-formal,base,isolated-lookup,0,256,hit,64,32,salted-mix64,cpp-unordered-map,chaining-buckets,64,6,65536,2097152,3410000,3102224960182046416,1695167606993225687
index-formal,base,isolated-lookup,0,256,hit,64,32,salted-mix64,rust-hash-map,usable-entries,56,7,65536,2097152,6117000,5994810811218061247,16222476275378838822
index-formal,base,isolated-lookup,0,256,hit,64,32,salted-mix64,cpp-unordered-map,chaining-buckets,64,7,65536,2097152,3344000,5994810811218061247,16222476275378838822
index-formal,base,isolated-lookup,0,256,hit,64,32,salted-mix64,whitefoot-hash-map,physical-slots,64,7,65536,2097152,5718000,5994810811218061247,16222476275378838822
index-formal,base,isolated-lookup,0,256,hit,64,32,salted-mix64,cpp-unordered-map,chaining-buckets,64,8,65536,2097152,3305000,9874546471375032397,14881868431885356544
index-formal,base,isolated-lookup,0,256,hit,64,32,salted-mix64,whitefoot-hash-map,physical-slots,64,8,65536,2097152,5501000,9874546471375032397,14881868431885356544
index-formal,base,isolated-lookup,0,256,hit,64,32,salted-mix64,rust-hash-map,usable-entries,56,8,65536,2097152,4838000,9874546471375032397,14881868431885356544
index-formal,base,isolated-lookup,0,256,miss,64,32,salted-mix64,whitefoot-hash-map,physical-slots,64,0,65536,2097152,6899000,15132253838967462115,18266774267156818832
index-formal,base,isolated-lookup,0,256,miss,64,32,salted-mix64,rust-hash-map,usable-entries,56,0,65536,2097152,3291000,15132253838967462115,18266774267156818832
index-formal,base,isolated-lookup,0,256,miss,64,32,salted-mix64,cpp-unordered-map,chaining-buckets,64,0,65536,2097152,3351000,15132253838967462115,18266774267156818832
index-formal,base,isolated-lookup,0,256,miss,64,32,salted-mix64,rust-hash-map,usable-entries,56,1,65536,2097152,3309000,2681066283742362172,17629528883973804059
index-formal,base,isolated-lookup,0,256,miss,64,32,salted-mix64,cpp-unordered-map,chaining-buckets,64,1,65536,2097152,3362000,2681066283742362172,17629528883973804059
index-formal,base,isolated-lookup,0,256,miss,64,32,salted-mix64,whitefoot-hash-map,physical-slots,64,1,65536,2097152,8234000,2681066283742362172,17629528883973804059
index-formal,base,isolated-lookup,0,256,miss,64,32,salted-mix64,cpp-unordered-map,chaining-buckets,64,2,65536,2097152,3260000,7296812208248709570,10588808568664885272
index-formal,base,isolated-lookup,0,256,miss,64,32,salted-mix64,whitefoot-hash-map,physical-slots,64,2,65536,2097152,6961000,7296812208248709570,10588808568664885272
index-formal,base,isolated-lookup,0,256,miss,64,32,salted-mix64,rust-hash-map,usable-entries,56,2,65536,2097152,3275000,7296812208248709570,10588808568664885272
index-formal,base,isolated-lookup,0,256,miss,64,32,salted-mix64,whitefoot-hash-map,physical-slots,64,3,65536,2097152,8241000,14423111289845556242,9643622543523366911
index-formal,base,isolated-lookup,0,256,miss,64,32,salted-mix64,rust-hash-map,usable-entries,56,3,65536,2097152,3440000,14423111289845556242,9643622543523366911
index-formal,base,isolated-lookup,0,256,miss,64,32,salted-mix64,cpp-unordered-map,chaining-buckets,64,3,65536,2097152,3480000,14423111289845556242,9643622543523366911
index-formal,base,isolated-lookup,0,256,miss,64,32,salted-mix64,rust-hash-map,usable-entries,56,4,65536,2097152,4503000,5230495931743818634,7997935681297465229
index-formal,base,isolated-lookup,0,256,miss,64,32,salted-mix64,cpp-unordered-map,chaining-buckets,64,4,65536,2097152,3440000,5230495931743818634,7997935681297465229
index-formal,base,isolated-lookup,0,256,miss,64,32,salted-mix64,whitefoot-hash-map,physical-slots,64,4,65536,2097152,7129000,5230495931743818634,7997935681297465229
index-formal,base,isolated-lookup,0,256,miss,64,32,salted-mix64,cpp-unordered-map,chaining-buckets,64,5,65536,2097152,3450000,4562025355725514772,12589978323246251962
index-formal,base,isolated-lookup,0,256,miss,64,32,salted-mix64,whitefoot-hash-map,physical-slots,64,5,65536,2097152,8701000,4562025355725514772,12589978323246251962
index-formal,base,isolated-lookup,0,256,miss,64,32,salted-mix64,rust-hash-map,usable-entries,56,5,65536,2097152,3441000,4562025355725514772,12589978323246251962
index-formal,base,isolated-lookup,0,256,miss,64,32,salted-mix64,whitefoot-hash-map,physical-slots,64,6,65536,2097152,6805000,6591037010649270577,1695167606993225687
index-formal,base,isolated-lookup,0,256,miss,64,32,salted-mix64,rust-hash-map,usable-entries,56,6,65536,2097152,4382000,6591037010649270577,1695167606993225687
index-formal,base,isolated-lookup,0,256,miss,64,32,salted-mix64,cpp-unordered-map,chaining-buckets,64,6,65536,2097152,3139000,6591037010649270577,1695167606993225687
index-formal,base,isolated-lookup,0,256,miss,64,32,salted-mix64,rust-hash-map,usable-entries,56,7,65536,2097152,3318000,11181113795741075825,16222476275378838822
index-formal,base,isolated-lookup,0,256,miss,64,32,salted-mix64,cpp-unordered-map,chaining-buckets,64,7,65536,2097152,3192000,11181113795741075825,16222476275378838822
index-formal,base,isolated-lookup,0,256,miss,64,32,salted-mix64,whitefoot-hash-map,physical-slots,64,7,65536,2097152,8087000,11181113795741075825,16222476275378838822
index-formal,base,isolated-lookup,0,256,miss,64,32,salted-mix64,cpp-unordered-map,chaining-buckets,64,8,65536,2097152,3188000,200723637349124037,14881868431885356544
index-formal,base,isolated-lookup,0,256,miss,64,32,salted-mix64,whitefoot-hash-map,physical-slots,64,8,65536,2097152,6957000,200723637349124037,14881868431885356544
index-formal,base,isolated-lookup,0,256,miss,64,32,salted-mix64,rust-hash-map,usable-entries,56,8,65536,2097152,4302000,200723637349124037,14881868431885356544
index-formal,base,isolated-lookup,0,256,hit,4096,2048,salted-mix64,whitefoot-hash-map,physical-slots,4096,0,1024,2097152,6493000,12256773017604771992,4275004589874247251
index-formal,base,isolated-lookup,0,256,hit,4096,2048,salted-mix64,rust-hash-map,usable-entries,3584,0,1024,2097152,5164000,12256773017604771992,4275004589874247251
index-formal,base,isolated-lookup,0,256,hit,4096,2048,salted-mix64,cpp-unordered-map,chaining-buckets,4096,0,1024,2097152,4282000,12256773017604771992,4275004589874247251
index-formal,base,isolated-lookup,0,256,hit,4096,2048,salted-mix64,rust-hash-map,usable-entries,3584,1,1024,2097152,5186000,8109805965890620335,4831549970320777124
index-formal,base,isolated-lookup,0,256,hit,4096,2048,salted-mix64,cpp-unordered-map,chaining-buckets,4096,1,1024,2097152,4096000,8109805965890620335,4831549970320777124
index-formal,base,isolated-lookup,0,256,hit,4096,2048,salted-mix64,whitefoot-hash-map,physical-slots,4096,1,1024,2097152,6416000,8109805965890620335,4831549970320777124
index-formal,base,isolated-lookup,0,256,hit,4096,2048,salted-mix64,cpp-unordered-map,chaining-buckets,4096,2,1024,2097152,4160000,6236540686233913562,11962292712906248130
index-formal,base,isolated-lookup,0,256,hit,4096,2048,salted-mix64,whitefoot-hash-map,physical-slots,4096,2,1024,2097152,6319000,6236540686233913562,11962292712906248130
index-formal,base,isolated-lookup,0,256,hit,4096,2048,salted-mix64,rust-hash-map,usable-entries,3584,2,1024,2097152,5205000,6236540686233913562,11962292712906248130
index-formal,base,isolated-lookup,0,256,hit,4096,2048,salted-mix64,whitefoot-hash-map,physical-slots,4096,3,1024,2097152,6342000,4130214178744726911,15797047148602259028
index-formal,base,isolated-lookup,0,256,hit,4096,2048,salted-mix64,rust-hash-map,usable-entries,3584,3,1024,2097152,5176000,4130214178744726911,15797047148602259028
index-formal,base,isolated-lookup,0,256,hit,4096,2048,salted-mix64,cpp-unordered-map,chaining-buckets,4096,3,1024,2097152,4184000,4130214178744726911,15797047148602259028
index-formal,base,isolated-lookup,0,256,hit,4096,2048,salted-mix64,rust-hash-map,usable-entries,3584,4,1024,2097152,5188000,18037281245260807620,10852831350306165609
index-formal,base,isolated-lookup,0,256,hit,4096,2048,salted-mix64,cpp-unordered-map,chaining-buckets,4096,4,1024,2097152,4310000,18037281245260807620,10852831350306165609
index-formal,base,isolated-lookup,0,256,hit,4096,2048,salted-mix64,whitefoot-hash-map,physical-slots,4096,4,1024,2097152,6494000,18037281245260807620,10852831350306165609
index-formal,base,isolated-lookup,0,256,hit,4096,2048,salted-mix64,cpp-unordered-map,chaining-buckets,4096,5,1024,2097152,4241000,15561356245120038934,8476091993579837262
index-formal,base,isolated-lookup,0,256,hit,4096,2048,salted-mix64,whitefoot-hash-map,physical-slots,4096,5,1024,2097152,6406000,15561356245120038934,8476091993579837262
index-formal,base,isolated-lookup,0,256,hit,4096,2048,salted-mix64,rust-hash-map,usable-entries,3584,5,1024,2097152,5184000,15561356245120038934,8476091993579837262
index-formal,base,isolated-lookup,0,256,hit,4096,2048,salted-mix64,whitefoot-hash-map,physical-slots,4096,6,1024,2097152,6711000,1884708600979695867,14152714158125688331
index-formal,base,isolated-lookup,0,256,hit,4096,2048,salted-mix64,rust-hash-map,usable-entries,3584,6,1024,2097152,5146000,1884708600979695867,14152714158125688331
index-formal,base,isolated-lookup,0,256,hit,4096,2048,salted-mix64,cpp-unordered-map,chaining-buckets,4096,6,1024,2097152,4144000,1884708600979695867,14152714158125688331
index-formal,base,isolated-lookup,0,256,hit,4096,2048,salted-mix64,rust-hash-map,usable-entries,3584,7,1024,2097152,5158000,15555180481091510704,16200907735189960835
index-formal,base,isolated-lookup,0,256,hit,4096,2048,salted-mix64,cpp-unordered-map,chaining-buckets,4096,7,1024,2097152,4367000,15555180481091510704,16200907735189960835
index-formal,base,isolated-lookup,0,256,hit,4096,2048,salted-mix64,whitefoot-hash-map,physical-slots,4096,7,1024,2097152,6493000,15555180481091510704,16200907735189960835
index-formal,base,isolated-lookup,0,256,hit,4096,2048,salted-mix64,cpp-unordered-map,chaining-buckets,4096,8,1024,2097152,4244000,2735230302163515563,3013337170561999196
index-formal,base,isolated-lookup,0,256,hit,4096,2048,salted-mix64,whitefoot-hash-map,physical-slots,4096,8,1024,2097152,6526000,2735230302163515563,3013337170561999196
index-formal,base,isolated-lookup,0,256,hit,4096,2048,salted-mix64,rust-hash-map,usable-entries,3584,8,1024,2097152,5111000,2735230302163515563,3013337170561999196
index-formal,base,isolated-lookup,0,256,miss,4096,2048,salted-mix64,whitefoot-hash-map,physical-slots,4096,0,1024,2097152,7969000,15132253838967462115,4275004589874247251
index-formal,base,isolated-lookup,0,256,miss,4096,2048,salted-mix64,rust-hash-map,usable-entries,3584,0,1024,2097152,4558000,15132253838967462115,4275004589874247251
index-formal,base,isolated-lookup,0,256,miss,4096,2048,salted-mix64,cpp-unordered-map,chaining-buckets,4096,0,1024,2097152,3686000,15132253838967462115,4275004589874247251
index-formal,base,isolated-lookup,0,256,miss,4096,2048,salted-mix64,rust-hash-map,usable-entries,3584,1,1024,2097152,4550000,2681066283742362172,4831549970320777124
index-formal,base,isolated-lookup,0,256,miss,4096,2048,salted-mix64,cpp-unordered-map,chaining-buckets,4096,1,1024,2097152,3633000,2681066283742362172,4831549970320777124
index-formal,base,isolated-lookup,0,256,miss,4096,2048,salted-mix64,whitefoot-hash-map,physical-slots,4096,1,1024,2097152,7746000,2681066283742362172,4831549970320777124
index-formal,base,isolated-lookup,0,256,miss,4096,2048,salted-mix64,cpp-unordered-map,chaining-buckets,4096,2,1024,2097152,3683000,7296812208248709570,11962292712906248130
index-formal,base,isolated-lookup,0,256,miss,4096,2048,salted-mix64,whitefoot-hash-map,physical-slots,4096,2,1024,2097152,8085000,7296812208248709570,11962292712906248130
index-formal,base,isolated-lookup,0,256,miss,4096,2048,salted-mix64,rust-hash-map,usable-entries,3584,2,1024,2097152,4507000,7296812208248709570,11962292712906248130
index-formal,base,isolated-lookup,0,256,miss,4096,2048,salted-mix64,whitefoot-hash-map,physical-slots,4096,3,1024,2097152,7742000,14423111289845556242,15797047148602259028
index-formal,base,isolated-lookup,0,256,miss,4096,2048,salted-mix64,rust-hash-map,usable-entries,3584,3,1024,2097152,4451000,14423111289845556242,15797047148602259028
index-formal,base,isolated-lookup,0,256,miss,4096,2048,salted-mix64,cpp-unordered-map,chaining-buckets,4096,3,1024,2097152,3625000,14423111289845556242,15797047148602259028
index-formal,base,isolated-lookup,0,256,miss,4096,2048,salted-mix64,rust-hash-map,usable-entries,3584,4,1024,2097152,4620000,5230495931743818634,10852831350306165609
index-formal,base,isolated-lookup,0,256,miss,4096,2048,salted-mix64,cpp-unordered-map,chaining-buckets,4096,4,1024,2097152,3720000,5230495931743818634,10852831350306165609
index-formal,base,isolated-lookup,0,256,miss,4096,2048,salted-mix64,whitefoot-hash-map,physical-slots,4096,4,1024,2097152,8059000,5230495931743818634,10852831350306165609
index-formal,base,isolated-lookup,0,256,miss,4096,2048,salted-mix64,cpp-unordered-map,chaining-buckets,4096,5,1024,2097152,3769000,4562025355725514772,8476091993579837262
index-formal,base,isolated-lookup,0,256,miss,4096,2048,salted-mix64,whitefoot-hash-map,physical-slots,4096,5,1024,2097152,10968000,4562025355725514772,8476091993579837262
index-formal,base,isolated-lookup,0,256,miss,4096,2048,salted-mix64,rust-hash-map,usable-entries,3584,5,1024,2097152,4542000,4562025355725514772,8476091993579837262
index-formal,base,isolated-lookup,0,256,miss,4096,2048,salted-mix64,whitefoot-hash-map,physical-slots,4096,6,1024,2097152,8033000,6591037010649270577,14152714158125688331
index-formal,base,isolated-lookup,0,256,miss,4096,2048,salted-mix64,rust-hash-map,usable-entries,3584,6,1024,2097152,4542000,6591037010649270577,14152714158125688331
index-formal,base,isolated-lookup,0,256,miss,4096,2048,salted-mix64,cpp-unordered-map,chaining-buckets,4096,6,1024,2097152,3643000,6591037010649270577,14152714158125688331
index-formal,base,isolated-lookup,0,256,miss,4096,2048,salted-mix64,rust-hash-map,usable-entries,3584,7,1024,2097152,4488000,11181113795741075825,16200907735189960835
index-formal,base,isolated-lookup,0,256,miss,4096,2048,salted-mix64,cpp-unordered-map,chaining-buckets,4096,7,1024,2097152,3863000,11181113795741075825,16200907735189960835
index-formal,base,isolated-lookup,0,256,miss,4096,2048,salted-mix64,whitefoot-hash-map,physical-slots,4096,7,1024,2097152,7929000,11181113795741075825,16200907735189960835
index-formal,base,isolated-lookup,0,256,miss,4096,2048,salted-mix64,cpp-unordered-map,chaining-buckets,4096,8,1024,2097152,3768000,200723637349124037,3013337170561999196
index-formal,base,isolated-lookup,0,256,miss,4096,2048,salted-mix64,whitefoot-hash-map,physical-slots,4096,8,1024,2097152,8458000,200723637349124037,3013337170561999196
index-formal,base,isolated-lookup,0,256,miss,4096,2048,salted-mix64,rust-hash-map,usable-entries,3584,8,1024,2097152,4715000,200723637349124037,3013337170561999196
index-formal,base,isolated-lookup,1,8,hit,4096,2048,salted-mix64,cpp-unordered-map,chaining-buckets,4096,0,1024,2097152,3560000,12256773017604771992,5491702704287014337
index-formal,base,isolated-lookup,1,8,hit,4096,2048,salted-mix64,rust-hash-map,usable-entries,3584,0,1024,2097152,4591000,12256773017604771992,5491702704287014337
index-formal,base,isolated-lookup,1,8,hit,4096,2048,salted-mix64,whitefoot-hash-map,physical-slots,4096,0,1024,2097152,6021000,12256773017604771992,5491702704287014337
index-formal,base,isolated-lookup,1,8,hit,4096,2048,salted-mix64,rust-hash-map,usable-entries,3584,1,1024,2097152,4681000,8109805965890620335,2763695295485510119
index-formal,base,isolated-lookup,1,8,hit,4096,2048,salted-mix64,whitefoot-hash-map,physical-slots,4096,1,1024,2097152,6051000,8109805965890620335,2763695295485510119
index-formal,base,isolated-lookup,1,8,hit,4096,2048,salted-mix64,cpp-unordered-map,chaining-buckets,4096,1,1024,2097152,3511000,8109805965890620335,2763695295485510119
index-formal,base,isolated-lookup,1,8,hit,4096,2048,salted-mix64,whitefoot-hash-map,physical-slots,4096,2,1024,2097152,5942000,6236540686233913562,169108885870040371
index-formal,base,isolated-lookup,1,8,hit,4096,2048,salted-mix64,cpp-unordered-map,chaining-buckets,4096,2,1024,2097152,3459000,6236540686233913562,169108885870040371
index-formal,base,isolated-lookup,1,8,hit,4096,2048,salted-mix64,rust-hash-map,usable-entries,3584,2,1024,2097152,4610000,6236540686233913562,169108885870040371
index-formal,base,isolated-lookup,1,8,hit,4096,2048,salted-mix64,cpp-unordered-map,chaining-buckets,4096,3,1024,2097152,3470000,4130214178744726911,13533504526737804194
index-formal,base,isolated-lookup,1,8,hit,4096,2048,salted-mix64,rust-hash-map,usable-entries,3584,3,1024,2097152,4643000,4130214178744726911,13533504526737804194
index-formal,base,isolated-lookup,1,8,hit,4096,2048,salted-mix64,whitefoot-hash-map,physical-slots,4096,3,1024,2097152,6036000,4130214178744726911,13533504526737804194
index-formal,base,isolated-lookup,1,8,hit,4096,2048,salted-mix64,rust-hash-map,usable-entries,3584,4,1024,2097152,4561000,18037281245260807620,14383430485961478032
index-formal,base,isolated-lookup,1,8,hit,4096,2048,salted-mix64,whitefoot-hash-map,physical-slots,4096,4,1024,2097152,6021000,18037281245260807620,14383430485961478032
index-formal,base,isolated-lookup,1,8,hit,4096,2048,salted-mix64,cpp-unordered-map,chaining-buckets,4096,4,1024,2097152,3716000,18037281245260807620,14383430485961478032
index-formal,base,isolated-lookup,1,8,hit,4096,2048,salted-mix64,whitefoot-hash-map,physical-slots,4096,5,1024,2097152,6045000,15561356245120038934,16172748985559573147
index-formal,base,isolated-lookup,1,8,hit,4096,2048,salted-mix64,cpp-unordered-map,chaining-buckets,4096,5,1024,2097152,3663000,15561356245120038934,16172748985559573147
index-formal,base,isolated-lookup,1,8,hit,4096,2048,salted-mix64,rust-hash-map,usable-entries,3584,5,1024,2097152,4638000,15561356245120038934,16172748985559573147
index-formal,base,isolated-lookup,1,8,hit,4096,2048,salted-mix64,cpp-unordered-map,chaining-buckets,4096,6,1024,2097152,3602000,1884708600979695867,11623346431533299128
index-formal,base,isolated-lookup,1,8,hit,4096,2048,salted-mix64,rust-hash-map,usable-entries,3584,6,1024,2097152,4794000,1884708600979695867,11623346431533299128
index-formal,base,isolated-lookup,1,8,hit,4096,2048,salted-mix64,whitefoot-hash-map,physical-slots,4096,6,1024,2097152,6355000,1884708600979695867,11623346431533299128
index-formal,base,isolated-lookup,1,8,hit,4096,2048,salted-mix64,rust-hash-map,usable-entries,3584,7,1024,2097152,4873000,15555180481091510704,12840744521595376045
index-formal,base,isolated-lookup,1,8,hit,4096,2048,salted-mix64,whitefoot-hash-map,physical-slots,4096,7,1024,2097152,6227000,15555180481091510704,12840744521595376045
index-formal,base,isolated-lookup,1,8,hit,4096,2048,salted-mix64,cpp-unordered-map,chaining-buckets,4096,7,1024,2097152,3493000,15555180481091510704,12840744521595376045
index-formal,base,isolated-lookup,1,8,hit,4096,2048,salted-mix64,whitefoot-hash-map,physical-slots,4096,8,1024,2097152,6243000,2735230302163515563,13999068279916446456
index-formal,base,isolated-lookup,1,8,hit,4096,2048,salted-mix64,cpp-unordered-map,chaining-buckets,4096,8,1024,2097152,3714000,2735230302163515563,13999068279916446456
index-formal,base,isolated-lookup,1,8,hit,4096,2048,salted-mix64,rust-hash-map,usable-entries,3584,8,1024,2097152,4632000,2735230302163515563,13999068279916446456
index-formal,base,isolated-lookup,1,8,miss,4096,2048,salted-mix64,cpp-unordered-map,chaining-buckets,4096,0,1024,2097152,3060000,15132253838967462115,5491702704287014337
index-formal,base,isolated-lookup,1,8,miss,4096,2048,salted-mix64,rust-hash-map,usable-entries,3584,0,1024,2097152,4593000,15132253838967462115,5491702704287014337
index-formal,base,isolated-lookup,1,8,miss,4096,2048,salted-mix64,whitefoot-hash-map,physical-slots,4096,0,1024,2097152,8073000,15132253838967462115,5491702704287014337
index-formal,base,isolated-lookup,1,8,miss,4096,2048,salted-mix64,rust-hash-map,usable-entries,3584,1,1024,2097152,4501000,2681066283742362172,2763695295485510119
index-formal,base,isolated-lookup,1,8,miss,4096,2048,salted-mix64,whitefoot-hash-map,physical-slots,4096,1,1024,2097152,7426000,2681066283742362172,2763695295485510119
index-formal,base,isolated-lookup,1,8,miss,4096,2048,salted-mix64,cpp-unordered-map,chaining-buckets,4096,1,1024,2097152,3057000,2681066283742362172,2763695295485510119
index-formal,base,isolated-lookup,1,8,miss,4096,2048,salted-mix64,whitefoot-hash-map,physical-slots,4096,2,1024,2097152,7829000,7296812208248709570,169108885870040371
index-formal,base,isolated-lookup,1,8,miss,4096,2048,salted-mix64,cpp-unordered-map,chaining-buckets,4096,2,1024,2097152,3120000,7296812208248709570,169108885870040371
index-formal,base,isolated-lookup,1,8,miss,4096,2048,salted-mix64,rust-hash-map,usable-entries,3584,2,1024,2097152,4568000,7296812208248709570,169108885870040371
index-formal,base,isolated-lookup,1,8,miss,4096,2048,salted-mix64,cpp-unordered-map,chaining-buckets,4096,3,1024,2097152,3069000,14423111289845556242,13533504526737804194
index-formal,base,isolated-lookup,1,8,miss,4096,2048,salted-mix64,rust-hash-map,usable-entries,3584,3,1024,2097152,4436000,14423111289845556242,13533504526737804194
index-formal,base,isolated-lookup,1,8,miss,4096,2048,salted-mix64,whitefoot-hash-map,physical-slots,4096,3,1024,2097152,7375000,14423111289845556242,13533504526737804194
index-formal,base,isolated-lookup,1,8,miss,4096,2048,salted-mix64,rust-hash-map,usable-entries,3584,4,1024,2097152,4594000,5230495931743818634,14383430485961478032
index-formal,base,isolated-lookup,1,8,miss,4096,2048,salted-mix64,whitefoot-hash-map,physical-slots,4096,4,1024,2097152,7652000,5230495931743818634,14383430485961478032
index-formal,base,isolated-lookup,1,8,miss,4096,2048,salted-mix64,cpp-unordered-map,chaining-buckets,4096,4,1024,2097152,3080000,5230495931743818634,14383430485961478032
index-formal,base,isolated-lookup,1,8,miss,4096,2048,salted-mix64,whitefoot-hash-map,physical-slots,4096,5,1024,2097152,7432000,4562025355725514772,16172748985559573147
index-formal,base,isolated-lookup,1,8,miss,4096,2048,salted-mix64,cpp-unordered-map,chaining-buckets,4096,5,1024,2097152,3034000,4562025355725514772,16172748985559573147
index-formal,base,isolated-lookup,1,8,miss,4096,2048,salted-mix64,rust-hash-map,usable-entries,3584,5,1024,2097152,4439000,4562025355725514772,16172748985559573147
index-formal,base,isolated-lookup,1,8,miss,4096,2048,salted-mix64,cpp-unordered-map,chaining-buckets,4096,6,1024,2097152,3067000,6591037010649270577,11623346431533299128
index-formal,base,isolated-lookup,1,8,miss,4096,2048,salted-mix64,rust-hash-map,usable-entries,3584,6,1024,2097152,4505000,6591037010649270577,11623346431533299128
index-formal,base,isolated-lookup,1,8,miss,4096,2048,salted-mix64,whitefoot-hash-map,physical-slots,4096,6,1024,2097152,7629000,6591037010649270577,11623346431533299128
index-formal,base,isolated-lookup,1,8,miss,4096,2048,salted-mix64,rust-hash-map,usable-entries,3584,7,1024,2097152,4455000,11181113795741075825,12840744521595376045
index-formal,base,isolated-lookup,1,8,miss,4096,2048,salted-mix64,whitefoot-hash-map,physical-slots,4096,7,1024,2097152,7403000,11181113795741075825,12840744521595376045
index-formal,base,isolated-lookup,1,8,miss,4096,2048,salted-mix64,cpp-unordered-map,chaining-buckets,4096,7,1024,2097152,3069000,11181113795741075825,12840744521595376045
index-formal,base,isolated-lookup,1,8,miss,4096,2048,salted-mix64,whitefoot-hash-map,physical-slots,4096,8,1024,2097152,7619000,200723637349124037,13999068279916446456
index-formal,base,isolated-lookup,1,8,miss,4096,2048,salted-mix64,cpp-unordered-map,chaining-buckets,4096,8,1024,2097152,3066000,200723637349124037,13999068279916446456
index-formal,base,isolated-lookup,1,8,miss,4096,2048,salted-mix64,rust-hash-map,usable-entries,3584,8,1024,2097152,4558000,200723637349124037,13999068279916446456
index-formal,base,isolated-lookup,1,8,hit,64,32,salted-mix64,cpp-unordered-map,chaining-buckets,64,0,65536,2097152,3325000,4239522231411693208,6569140190154816122
index-formal,base,isolated-lookup,1,8,hit,64,32,salted-mix64,rust-hash-map,usable-entries,56,0,65536,2097152,4493000,4239522231411693208,6569140190154816122
index-formal,base,isolated-lookup,1,8,hit,64,32,salted-mix64,whitefoot-hash-map,physical-slots,64,0,65536,2097152,5453000,4239522231411693208,6569140190154816122
index-formal,base,isolated-lookup,1,8,hit,64,32,salted-mix64,rust-hash-map,usable-entries,56,1,65536,2097152,5589000,2926486032717465826,18135573329091736190
index-formal,base,isolated-lookup,1,8,hit,64,32,salted-mix64,whitefoot-hash-map,physical-slots,64,1,65536,2097152,5680000,2926486032717465826,18135573329091736190
index-formal,base,isolated-lookup,1,8,hit,64,32,salted-mix64,cpp-unordered-map,chaining-buckets,64,1,65536,2097152,3357000,2926486032717465826,18135573329091736190
index-formal,base,isolated-lookup,1,8,hit,64,32,salted-mix64,whitefoot-hash-map,physical-slots,64,2,65536,2097152,5496000,1950109411527586354,9895997175603665294
index-formal,base,isolated-lookup,1,8,hit,64,32,salted-mix64,cpp-unordered-map,chaining-buckets,64,2,65536,2097152,3329000,1950109411527586354,9895997175603665294
index-formal,base,isolated-lookup,1,8,hit,64,32,salted-mix64,rust-hash-map,usable-entries,56,2,65536,2097152,4483000,1950109411527586354,9895997175603665294
index-formal,base,isolated-lookup,1,8,hit,64,32,salted-mix64,cpp-unordered-map,chaining-buckets,64,3,65536,2097152,3374000,4729026886209191417,12618764708749879515
index-formal,base,isolated-lookup,1,8,hit,64,32,salted-mix64,rust-hash-map,usable-entries,56,3,65536,2097152,4389000,4729026886209191417,12618764708749879515
index-formal,base,isolated-lookup,1,8,hit,64,32,salted-mix64,whitefoot-hash-map,physical-slots,64,3,65536,2097152,5655000,4729026886209191417,12618764708749879515
index-formal,base,isolated-lookup,1,8,hit,64,32,salted-mix64,rust-hash-map,usable-entries,56,4,65536,2097152,4505000,7789383083385681379,6682258775380899928
index-formal,base,isolated-lookup,1,8,hit,64,32,salted-mix64,whitefoot-hash-map,physical-slots,64,4,65536,2097152,5489000,7789383083385681379,6682258775380899928
index-formal,base,isolated-lookup,1,8,hit,64,32,salted-mix64,cpp-unordered-map,chaining-buckets,64,4,65536,2097152,3331000,7789383083385681379,6682258775380899928
index-formal,base,isolated-lookup,1,8,hit,64,32,salted-mix64,whitefoot-hash-map,physical-slots,64,5,65536,2097152,5665000,14912296476274059179,15955402111364378682
index-formal,base,isolated-lookup,1,8,hit,64,32,salted-mix64,cpp-unordered-map,chaining-buckets,64,5,65536,2097152,3357000,14912296476274059179,15955402111364378682
index-formal,base,isolated-lookup,1,8,hit,64,32,salted-mix64,rust-hash-map,usable-entries,56,5,65536,2097152,4454000,14912296476274059179,15955402111364378682
index-formal,base,isolated-lookup,1,8,hit,64,32,salted-mix64,cpp-unordered-map,chaining-buckets,64,6,65536,2097152,3349000,3102224960182046416,17384135073489638916
index-formal,base,isolated-lookup,1,8,hit,64,32,salted-mix64,rust-hash-map,usable-entries,56,6,65536,2097152,4475000,3102224960182046416,17384135073489638916
index-formal,base,isolated-lookup,1,8,hit,64,32,salted-mix64,whitefoot-hash-map,physical-slots,64,6,65536,2097152,5483000,3102224960182046416,17384135073489638916
index-formal,base,isolated-lookup,1,8,hit,64,32,salted-mix64,rust-hash-map,usable-entries,56,7,65536,2097152,5504000,5994810811218061247,14495855000218944738
index-formal,base,isolated-lookup,1,8,hit,64,32,salted-mix64,whitefoot-hash-map,physical-slots,64,7,65536,2097152,5679000,5994810811218061247,14495855000218944738
index-formal,base,isolated-lookup,1,8,hit,64,32,salted-mix64,cpp-unordered-map,chaining-buckets,64,7,65536,2097152,3394000,5994810811218061247,14495855000218944738
index-formal,base,isolated-lookup,1,8,hit,64,32,salted-mix64,whitefoot-hash-map,physical-slots,64,8,65536,2097152,5469000,9874546471375032397,3280734739808937497
index-formal,base,isolated-lookup,1,8,hit,64,32,salted-mix64,cpp-unordered-map,chaining-buckets,64,8,65536,2097152,3308000,9874546471375032397,3280734739808937497
index-formal,base,isolated-lookup,1,8,hit,64,32,salted-mix64,rust-hash-map,usable-entries,56,8,65536,2097152,4470000,9874546471375032397,3280734739808937497
index-formal,base,isolated-lookup,1,8,miss,64,32,salted-mix64,cpp-unordered-map,chaining-buckets,64,0,65536,2097152,3363000,15132253838967462115,6569140190154816122
index-formal,base,isolated-lookup,1,8,miss,64,32,salted-mix64,rust-hash-map,usable-entries,56,0,65536,2097152,3259000,15132253838967462115,6569140190154816122
index-formal,base,isolated-lookup,1,8,miss,64,32,salted-mix64,whitefoot-hash-map,physical-slots,64,0,65536,2097152,6898000,15132253838967462115,6569140190154816122
index-formal,base,isolated-lookup,1,8,miss,64,32,salted-mix64,rust-hash-map,usable-entries,56,1,65536,2097152,3308000,2681066283742362172,18135573329091736190
index-formal,base,isolated-lookup,1,8,miss,64,32,salted-mix64,whitefoot-hash-map,physical-slots,64,1,65536,2097152,8253000,2681066283742362172,18135573329091736190
index-formal,base,isolated-lookup,1,8,miss,64,32,salted-mix64,cpp-unordered-map,chaining-buckets,64,1,65536,2097152,3319000,2681066283742362172,18135573329091736190
index-formal,base,isolated-lookup,1,8,miss,64,32,salted-mix64,whitefoot-hash-map,physical-slots,64,2,65536,2097152,6995000,7296812208248709570,9895997175603665294
index-formal,base,isolated-lookup,1,8,miss,64,32,salted-mix64,cpp-unordered-map,chaining-buckets,64,2,65536,2097152,3191000,7296812208248709570,9895997175603665294
index-formal,base,isolated-lookup,1,8,miss,64,32,salted-mix64,rust-hash-map,usable-entries,56,2,65536,2097152,3268000,7296812208248709570,9895997175603665294
index-formal,base,isolated-lookup,1,8,miss,64,32,salted-mix64,cpp-unordered-map,chaining-buckets,64,3,65536,2097152,3337000,14423111289845556242,12618764708749879515
index-formal,base,isolated-lookup,1,8,miss,64,32,salted-mix64,rust-hash-map,usable-entries,56,3,65536,2097152,3297000,14423111289845556242,12618764708749879515
index-formal,base,isolated-lookup,1,8,miss,64,32,salted-mix64,whitefoot-hash-map,physical-slots,64,3,65536,2097152,8252000,14423111289845556242,12618764708749879515
index-formal,base,isolated-lookup,1,8,miss,64,32,salted-mix64,rust-hash-map,usable-entries,56,4,65536,2097152,4265000,5230495931743818634,6682258775380899928
index-formal,base,isolated-lookup,1,8,miss,64,32,salted-mix64,whitefoot-hash-map,physical-slots,64,4,65536,2097152,7001000,5230495931743818634,6682258775380899928
index-formal,base,isolated-lookup,1,8,miss,64,32,salted-mix64,cpp-unordered-map,chaining-buckets,64,4,65536,2097152,3311000,5230495931743818634,6682258775380899928
index-formal,base,isolated-lookup,1,8,miss,64,32,salted-mix64,whitefoot-hash-map,physical-slots,64,5,65536,2097152,8378000,4562025355725514772,15955402111364378682
index-formal,base,isolated-lookup,1,8,miss,64,32,salted-mix64,cpp-unordered-map,chaining-buckets,64,5,65536,2097152,3278000,4562025355725514772,15955402111364378682
index-formal,base,isolated-lookup,1,8,miss,64,32,salted-mix64,rust-hash-map,usable-entries,56,5,65536,2097152,3339000,4562025355725514772,15955402111364378682
index-formal,base,isolated-lookup,1,8,miss,64,32,salted-mix64,cpp-unordered-map,chaining-buckets,64,6,65536,2097152,3165000,6591037010649270577,17384135073489638916
index-formal,base,isolated-lookup,1,8,miss,64,32,salted-mix64,rust-hash-map,usable-entries,56,6,65536,2097152,4250000,6591037010649270577,17384135073489638916
index-formal,base,isolated-lookup,1,8,miss,64,32,salted-mix64,whitefoot-hash-map,physical-slots,64,6,65536,2097152,6734000,6591037010649270577,17384135073489638916
index-formal,base,isolated-lookup,1,8,miss,64,32,salted-mix64,rust-hash-map,usable-entries,56,7,65536,2097152,3369000,11181113795741075825,14495855000218944738
index-formal,base,isolated-lookup,1,8,miss,64,32,salted-mix64,whitefoot-hash-map,physical-slots,64,7,65536,2097152,8107000,11181113795741075825,14495855000218944738
index-formal,base,isolated-lookup,1,8,miss,64,32,salted-mix64,cpp-unordered-map,chaining-buckets,64,7,65536,2097152,3216000,11181113795741075825,14495855000218944738
index-formal,base,isolated-lookup,1,8,miss,64,32,salted-mix64,whitefoot-hash-map,physical-slots,64,8,65536,2097152,6945000,200723637349124037,3280734739808937497
index-formal,base,isolated-lookup,1,8,miss,64,32,salted-mix64,cpp-unordered-map,chaining-buckets,64,8,65536,2097152,3178000,200723637349124037,3280734739808937497
index-formal,base,isolated-lookup,1,8,miss,64,32,salted-mix64,rust-hash-map,usable-entries,56,8,65536,2097152,4217000,200723637349124037,3280734739808937497
index-formal,base,isolated-lookup,1,256,hit,4096,2048,salted-mix64,cpp-unordered-map,chaining-buckets,4096,0,1024,2097152,4132000,12256773017604771992,4275004589874247251
index-formal,base,isolated-lookup,1,256,hit,4096,2048,salted-mix64,rust-hash-map,usable-entries,3584,0,1024,2097152,5152000,12256773017604771992,4275004589874247251
index-formal,base,isolated-lookup,1,256,hit,4096,2048,salted-mix64,whitefoot-hash-map,physical-slots,4096,0,1024,2097152,6656000,12256773017604771992,4275004589874247251
index-formal,base,isolated-lookup,1,256,hit,4096,2048,salted-mix64,rust-hash-map,usable-entries,3584,1,1024,2097152,5177000,8109805965890620335,4831549970320777124
index-formal,base,isolated-lookup,1,256,hit,4096,2048,salted-mix64,whitefoot-hash-map,physical-slots,4096,1,1024,2097152,6483000,8109805965890620335,4831549970320777124
index-formal,base,isolated-lookup,1,256,hit,4096,2048,salted-mix64,cpp-unordered-map,chaining-buckets,4096,1,1024,2097152,4320000,8109805965890620335,4831549970320777124
index-formal,base,isolated-lookup,1,256,hit,4096,2048,salted-mix64,whitefoot-hash-map,physical-slots,4096,2,1024,2097152,6448000,6236540686233913562,11962292712906248130
index-formal,base,isolated-lookup,1,256,hit,4096,2048,salted-mix64,cpp-unordered-map,chaining-buckets,4096,2,1024,2097152,4168000,6236540686233913562,11962292712906248130
index-formal,base,isolated-lookup,1,256,hit,4096,2048,salted-mix64,rust-hash-map,usable-entries,3584,2,1024,2097152,5147000,6236540686233913562,11962292712906248130
index-formal,base,isolated-lookup,1,256,hit,4096,2048,salted-mix64,cpp-unordered-map,chaining-buckets,4096,3,1024,2097152,4385000,4130214178744726911,15797047148602259028
index-formal,base,isolated-lookup,1,256,hit,4096,2048,salted-mix64,rust-hash-map,usable-entries,3584,3,1024,2097152,5223000,4130214178744726911,15797047148602259028
index-formal,base,isolated-lookup,1,256,hit,4096,2048,salted-mix64,whitefoot-hash-map,physical-slots,4096,3,1024,2097152,6524000,4130214178744726911,15797047148602259028
index-formal,base,isolated-lookup,1,256,hit,4096,2048,salted-mix64,rust-hash-map,usable-entries,3584,4,1024,2097152,5110000,18037281245260807620,10852831350306165609
index-formal,base,isolated-lookup,1,256,hit,4096,2048,salted-mix64,whitefoot-hash-map,physical-slots,4096,4,1024,2097152,6526000,18037281245260807620,10852831350306165609
index-formal,base,isolated-lookup,1,256,hit,4096,2048,salted-mix64,cpp-unordered-map,chaining-buckets,4096,4,1024,2097152,4102000,18037281245260807620,10852831350306165609
index-formal,base,isolated-lookup,1,256,hit,4096,2048,salted-mix64,whitefoot-hash-map,physical-slots,4096,5,1024,2097152,6610000,15561356245120038934,8476091993579837262
index-formal,base,isolated-lookup,1,256,hit,4096,2048,salted-mix64,cpp-unordered-map,chaining-buckets,4096,5,1024,2097152,4180000,15561356245120038934,8476091993579837262
index-formal,base,isolated-lookup,1,256,hit,4096,2048,salted-mix64,rust-hash-map,usable-entries,3584,5,1024,2097152,5344000,15561356245120038934,8476091993579837262
index-formal,base,isolated-lookup,1,256,hit,4096,2048,salted-mix64,cpp-unordered-map,chaining-buckets,4096,6,1024,2097152,4256000,1884708600979695867,14152714158125688331
index-formal,base,isolated-lookup,1,256,hit,4096,2048,salted-mix64,rust-hash-map,usable-entries,3584,6,1024,2097152,5130000,1884708600979695867,14152714158125688331
index-formal,base,isolated-lookup,1,256,hit,4096,2048,salted-mix64,whitefoot-hash-map,physical-slots,4096,6,1024,2097152,6570000,1884708600979695867,14152714158125688331
index-formal,base,isolated-lookup,1,256,hit,4096,2048,salted-mix64,rust-hash-map,usable-entries,3584,7,1024,2097152,5175000,15555180481091510704,16200907735189960835
index-formal,base,isolated-lookup,1,256,hit,4096,2048,salted-mix64,whitefoot-hash-map,physical-slots,4096,7,1024,2097152,6445000,15555180481091510704,16200907735189960835
index-formal,base,isolated-lookup,1,256,hit,4096,2048,salted-mix64,cpp-unordered-map,chaining-buckets,4096,7,1024,2097152,4496000,15555180481091510704,16200907735189960835
index-formal,base,isolated-lookup,1,256,hit,4096,2048,salted-mix64,whitefoot-hash-map,physical-slots,4096,8,1024,2097152,6462000,2735230302163515563,3013337170561999196
index-formal,base,isolated-lookup,1,256,hit,4096,2048,salted-mix64,cpp-unordered-map,chaining-buckets,4096,8,1024,2097152,4082000,2735230302163515563,3013337170561999196
index-formal,base,isolated-lookup,1,256,hit,4096,2048,salted-mix64,rust-hash-map,usable-entries,3584,8,1024,2097152,5137000,2735230302163515563,3013337170561999196
index-formal,base,isolated-lookup,1,256,miss,4096,2048,salted-mix64,cpp-unordered-map,chaining-buckets,4096,0,1024,2097152,3669000,15132253838967462115,4275004589874247251
index-formal,base,isolated-lookup,1,256,miss,4096,2048,salted-mix64,rust-hash-map,usable-entries,3584,0,1024,2097152,4639000,15132253838967462115,4275004589874247251
index-formal,base,isolated-lookup,1,256,miss,4096,2048,salted-mix64,whitefoot-hash-map,physical-slots,4096,0,1024,2097152,7997000,15132253838967462115,4275004589874247251
index-formal,base,isolated-lookup,1,256,miss,4096,2048,salted-mix64,rust-hash-map,usable-entries,3584,1,1024,2097152,4514000,2681066283742362172,4831549970320777124
index-formal,base,isolated-lookup,1,256,miss,4096,2048,salted-mix64,whitefoot-hash-map,physical-slots,4096,1,1024,2097152,13482000,2681066283742362172,4831549970320777124
index-formal,base,isolated-lookup,1,256,miss,4096,2048,salted-mix64,cpp-unordered-map,chaining-buckets,4096,1,1024,2097152,3978000,2681066283742362172,4831549970320777124
index-formal,base,isolated-lookup,1,256,miss,4096,2048,salted-mix64,whitefoot-hash-map,physical-slots,4096,2,1024,2097152,8949000,7296812208248709570,11962292712906248130
index-formal,base,isolated-lookup,1,256,miss,4096,2048,salted-mix64,cpp-unordered-map,chaining-buckets,4096,2,1024,2097152,3699000,7296812208248709570,11962292712906248130
index-formal,base,isolated-lookup,1,256,miss,4096,2048,salted-mix64,rust-hash-map,usable-entries,3584,2,1024,2097152,4706000,7296812208248709570,11962292712906248130
index-formal,base,isolated-lookup,1,256,miss,4096,2048,salted-mix64,cpp-unordered-map,chaining-buckets,4096,3,1024,2097152,3795000,14423111289845556242,15797047148602259028
index-formal,base,isolated-lookup,1,256,miss,4096,2048,salted-mix64,rust-hash-map,usable-entries,3584,3,1024,2097152,4617000,14423111289845556242,15797047148602259028
index-formal,base,isolated-lookup,1,256,miss,4096,2048,salted-mix64,whitefoot-hash-map,physical-slots,4096,3,1024,2097152,8177000,14423111289845556242,15797047148602259028
index-formal,base,isolated-lookup,1,256,miss,4096,2048,salted-mix64,rust-hash-map,usable-entries,3584,4,1024,2097152,4738000,5230495931743818634,10852831350306165609
index-formal,base,isolated-lookup,1,256,miss,4096,2048,salted-mix64,whitefoot-hash-map,physical-slots,4096,4,1024,2097152,8104000,5230495931743818634,10852831350306165609
index-formal,base,isolated-lookup,1,256,miss,4096,2048,salted-mix64,cpp-unordered-map,chaining-buckets,4096,4,1024,2097152,3739000,5230495931743818634,10852831350306165609
index-formal,base,isolated-lookup,1,256,miss,4096,2048,salted-mix64,whitefoot-hash-map,physical-slots,4096,5,1024,2097152,7734000,4562025355725514772,8476091993579837262
index-formal,base,isolated-lookup,1,256,miss,4096,2048,salted-mix64,cpp-unordered-map,chaining-buckets,4096,5,1024,2097152,3659000,4562025355725514772,8476091993579837262
index-formal,base,isolated-lookup,1,256,miss,4096,2048,salted-mix64,rust-hash-map,usable-entries,3584,5,1024,2097152,4445000,4562025355725514772,8476091993579837262
index-formal,base,isolated-lookup,1,256,miss,4096,2048,salted-mix64,cpp-unordered-map,chaining-buckets,4096,6,1024,2097152,3684000,6591037010649270577,14152714158125688331
index-formal,base,isolated-lookup,1,256,miss,4096,2048,salted-mix64,rust-hash-map,usable-entries,3584,6,1024,2097152,4470000,6591037010649270577,14152714158125688331
index-formal,base,isolated-lookup,1,256,miss,4096,2048,salted-mix64,whitefoot-hash-map,physical-slots,4096,6,1024,2097152,7927000,6591037010649270577,14152714158125688331
index-formal,base,isolated-lookup,1,256,miss,4096,2048,salted-mix64,rust-hash-map,usable-entries,3584,7,1024,2097152,4530000,11181113795741075825,16200907735189960835
index-formal,base,isolated-lookup,1,256,miss,4096,2048,salted-mix64,whitefoot-hash-map,physical-slots,4096,7,1024,2097152,7701000,11181113795741075825,16200907735189960835
index-formal,base,isolated-lookup,1,256,miss,4096,2048,salted-mix64,cpp-unordered-map,chaining-buckets,4096,7,1024,2097152,3673000,11181113795741075825,16200907735189960835
index-formal,base,isolated-lookup,1,256,miss,4096,2048,salted-mix64,whitefoot-hash-map,physical-slots,4096,8,1024,2097152,11469000,200723637349124037,3013337170561999196
index-formal,base,isolated-lookup,1,256,miss,4096,2048,salted-mix64,cpp-unordered-map,chaining-buckets,4096,8,1024,2097152,3727000,200723637349124037,3013337170561999196
index-formal,base,isolated-lookup,1,256,miss,4096,2048,salted-mix64,rust-hash-map,usable-entries,3584,8,1024,2097152,4576000,200723637349124037,3013337170561999196
index-formal,base,isolated-lookup,1,256,hit,64,32,salted-mix64,cpp-unordered-map,chaining-buckets,64,0,65536,2097152,3307000,4239522231411693208,18266774267156818832
index-formal,base,isolated-lookup,1,256,hit,64,32,salted-mix64,rust-hash-map,usable-entries,56,0,65536,2097152,4796000,4239522231411693208,18266774267156818832
index-formal,base,isolated-lookup,1,256,hit,64,32,salted-mix64,whitefoot-hash-map,physical-slots,64,0,65536,2097152,5471000,4239522231411693208,18266774267156818832
index-formal,base,isolated-lookup,1,256,hit,64,32,salted-mix64,rust-hash-map,usable-entries,56,1,65536,2097152,5967000,2926486032717465826,17629528883973804059
index-formal,base,isolated-lookup,1,256,hit,64,32,salted-mix64,whitefoot-hash-map,physical-slots,64,1,65536,2097152,5656000,2926486032717465826,17629528883973804059
index-formal,base,isolated-lookup,1,256,hit,64,32,salted-mix64,cpp-unordered-map,chaining-buckets,64,1,65536,2097152,3346000,2926486032717465826,17629528883973804059
index-formal,base,isolated-lookup,1,256,hit,64,32,salted-mix64,whitefoot-hash-map,physical-slots,64,2,65536,2097152,5465000,1950109411527586354,10588808568664885272
index-formal,base,isolated-lookup,1,256,hit,64,32,salted-mix64,cpp-unordered-map,chaining-buckets,64,2,65536,2097152,3305000,1950109411527586354,10588808568664885272
index-formal,base,isolated-lookup,1,256,hit,64,32,salted-mix64,rust-hash-map,usable-entries,56,2,65536,2097152,4888000,1950109411527586354,10588808568664885272
index-formal,base,isolated-lookup,1,256,hit,64,32,salted-mix64,cpp-unordered-map,chaining-buckets,64,3,65536,2097152,3387000,4729026886209191417,9643622543523366911
index-formal,base,isolated-lookup,1,256,hit,64,32,salted-mix64,rust-hash-map,usable-entries,56,3,65536,2097152,4776000,4729026886209191417,9643622543523366911
index-formal,base,isolated-lookup,1,256,hit,64,32,salted-mix64,whitefoot-hash-map,physical-slots,64,3,65536,2097152,5651000,4729026886209191417,9643622543523366911
index-formal,base,isolated-lookup,1,256,hit,64,32,salted-mix64,rust-hash-map,usable-entries,56,4,65536,2097152,4809000,7789383083385681379,7997935681297465229
index-formal,base,isolated-lookup,1,256,hit,64,32,salted-mix64,whitefoot-hash-map,physical-slots,64,4,65536,2097152,5484000,7789383083385681379,7997935681297465229
index-formal,base,isolated-lookup,1,256,hit,64,32,salted-mix64,cpp-unordered-map,chaining-buckets,64,4,65536,2097152,3299000,7789383083385681379,7997935681297465229
index-formal,base,isolated-lookup,1,256,hit,64,32,salted-mix64,whitefoot-hash-map,physical-slots,64,5,65536,2097152,5649000,14912296476274059179,12589978323246251962
index-formal,base,isolated-lookup,1,256,hit,64,32,salted-mix64,cpp-unordered-map,chaining-buckets,64,5,65536,2097152,3451000,14912296476274059179,12589978323246251962
index-formal,base,isolated-lookup,1,256,hit,64,32,salted-mix64,rust-hash-map,usable-entries,56,5,65536,2097152,4817000,14912296476274059179,12589978323246251962
index-formal,base,isolated-lookup,1,256,hit,64,32,salted-mix64,cpp-unordered-map,chaining-buckets,64,6,65536,2097152,3307000,3102224960182046416,1695167606993225687
index-formal,base,isolated-lookup,1,256,hit,64,32,salted-mix64,rust-hash-map,usable-entries,56,6,65536,2097152,4787000,3102224960182046416,1695167606993225687
index-formal,base,isolated-lookup,1,256,hit,64,32,salted-mix64,whitefoot-hash-map,physical-slots,64,6,65536,2097152,5461000,3102224960182046416,1695167606993225687
index-formal,base,isolated-lookup,1,256,hit,64,32,salted-mix64,rust-hash-map,usable-entries,56,7,65536,2097152,5742000,5994810811218061247,16222476275378838822
index-formal,base,isolated-lookup,1,256,hit,64,32,salted-mix64,whitefoot-hash-map,physical-slots,64,7,65536,2097152,5638000,5994810811218061247,16222476275378838822
index-formal,base,isolated-lookup,1,256,hit,64,32,salted-mix64,cpp-unordered-map,chaining-buckets,64,7,65536,2097152,3369000,5994810811218061247,16222476275378838822
index-formal,base,isolated-lookup,1,256,hit,64,32,salted-mix64,whitefoot-hash-map,physical-slots,64,8,65536,2097152,5487000,9874546471375032397,14881868431885356544
index-formal,base,isolated-lookup,1,256,hit,64,32,salted-mix64,cpp-unordered-map,chaining-buckets,64,8,65536,2097152,3338000,9874546471375032397,14881868431885356544
index-formal,base,isolated-lookup,1,256,hit,64,32,salted-mix64,rust-hash-map,usable-entries,56,8,65536,2097152,4806000,9874546471375032397,14881868431885356544
index-formal,base,isolated-lookup,1,256,miss,64,32,salted-mix64,cpp-unordered-map,chaining-buckets,64,0,65536,2097152,3313000,15132253838967462115,18266774267156818832
index-formal,base,isolated-lookup,1,256,miss,64,32,salted-mix64,rust-hash-map,usable-entries,56,0,65536,2097152,3302000,15132253838967462115,18266774267156818832
index-formal,base,isolated-lookup,1,256,miss,64,32,salted-mix64,whitefoot-hash-map,physical-slots,64,0,65536,2097152,6926000,15132253838967462115,18266774267156818832
index-formal,base,isolated-lookup,1,256,miss,64,32,salted-mix64,rust-hash-map,usable-entries,56,1,65536,2097152,3293000,2681066283742362172,17629528883973804059
index-formal,base,isolated-lookup,1,256,miss,64,32,salted-mix64,whitefoot-hash-map,physical-slots,64,1,65536,2097152,8220000,2681066283742362172,17629528883973804059
index-formal,base,isolated-lookup,1,256,miss,64,32,salted-mix64,cpp-unordered-map,chaining-buckets,64,1,65536,2097152,3333000,2681066283742362172,17629528883973804059
index-formal,base,isolated-lookup,1,256,miss,64,32,salted-mix64,whitefoot-hash-map,physical-slots,64,2,65536,2097152,6958000,7296812208248709570,10588808568664885272
index-formal,base,isolated-lookup,1,256,miss,64,32,salted-mix64,cpp-unordered-map,chaining-buckets,64,2,65536,2097152,3196000,7296812208248709570,10588808568664885272
index-formal,base,isolated-lookup,1,256,miss,64,32,salted-mix64,rust-hash-map,usable-entries,56,2,65536,2097152,3297000,7296812208248709570,10588808568664885272
index-formal,base,isolated-lookup,1,256,miss,64,32,salted-mix64,cpp-unordered-map,chaining-buckets,64,3,65536,2097152,3341000,14423111289845556242,9643622543523366911
index-formal,base,isolated-lookup,1,256,miss,64,32,salted-mix64,rust-hash-map,usable-entries,56,3,65536,2097152,3335000,14423111289845556242,9643622543523366911
index-formal,base,isolated-lookup,1,256,miss,64,32,salted-mix64,whitefoot-hash-map,physical-slots,64,3,65536,2097152,8249000,14423111289845556242,9643622543523366911
index-formal,base,isolated-lookup,1,256,miss,64,32,salted-mix64,rust-hash-map,usable-entries,56,4,65536,2097152,4249000,5230495931743818634,7997935681297465229
index-formal,base,isolated-lookup,1,256,miss,64,32,salted-mix64,whitefoot-hash-map,physical-slots,64,4,65536,2097152,7026000,5230495931743818634,7997935681297465229
index-formal,base,isolated-lookup,1,256,miss,64,32,salted-mix64,cpp-unordered-map,chaining-buckets,64,4,65536,2097152,3267000,5230495931743818634,7997935681297465229
index-formal,base,isolated-lookup,1,256,miss,64,32,salted-mix64,whitefoot-hash-map,physical-slots,64,5,65536,2097152,8361000,4562025355725514772,12589978323246251962
index-formal,base,isolated-lookup,1,256,miss,64,32,salted-mix64,cpp-unordered-map,chaining-buckets,64,5,65536,2097152,3296000,4562025355725514772,12589978323246251962
index-formal,base,isolated-lookup,1,256,miss,64,32,salted-mix64,rust-hash-map,usable-entries,56,5,65536,2097152,3303000,4562025355725514772,12589978323246251962
index-formal,base,isolated-lookup,1,256,miss,64,32,salted-mix64,cpp-unordered-map,chaining-buckets,64,6,65536,2097152,3146000,6591037010649270577,1695167606993225687
index-formal,base,isolated-lookup,1,256,miss,64,32,salted-mix64,rust-hash-map,usable-entries,56,6,65536,2097152,4237000,6591037010649270577,1695167606993225687
index-formal,base,isolated-lookup,1,256,miss,64,32,salted-mix64,whitefoot-hash-map,physical-slots,64,6,65536,2097152,6754000,6591037010649270577,1695167606993225687
index-formal,base,isolated-lookup,1,256,miss,64,32,salted-mix64,rust-hash-map,usable-entries,56,7,65536,2097152,3296000,11181113795741075825,16222476275378838822
index-formal,base,isolated-lookup,1,256,miss,64,32,salted-mix64,whitefoot-hash-map,physical-slots,64,7,65536,2097152,8078000,11181113795741075825,16222476275378838822
index-formal,base,isolated-lookup,1,256,miss,64,32,salted-mix64,cpp-unordered-map,chaining-buckets,64,7,65536,2097152,3170000,11181113795741075825,16222476275378838822
index-formal,base,isolated-lookup,1,256,miss,64,32,salted-mix64,whitefoot-hash-map,physical-slots,64,8,65536,2097152,6975000,200723637349124037,14881868431885356544
index-formal,base,isolated-lookup,1,256,miss,64,32,salted-mix64,cpp-unordered-map,chaining-buckets,64,8,65536,2097152,3198000,200723637349124037,14881868431885356544
index-formal,base,isolated-lookup,1,256,miss,64,32,salted-mix64,rust-hash-map,usable-entries,56,8,65536,2097152,4330000,200723637349124037,14881868431885356544
index-formal,index,isolated-lookup,0,8,hit,64,32,salted-mix64,whitefoot-hash-map,physical-slots,64,0,65536,2097152,4238000,4239522231411693208,6569140190154816122
index-formal,index,isolated-lookup,0,8,hit,64,32,salted-mix64,rust-hash-map,usable-entries,56,0,65536,2097152,4495000,4239522231411693208,6569140190154816122
index-formal,index,isolated-lookup,0,8,hit,64,32,salted-mix64,cpp-unordered-map,chaining-buckets,64,0,65536,2097152,3314000,4239522231411693208,6569140190154816122
index-formal,index,isolated-lookup,0,8,hit,64,32,salted-mix64,rust-hash-map,usable-entries,56,1,65536,2097152,5580000,2926486032717465826,18135573329091736190
index-formal,index,isolated-lookup,0,8,hit,64,32,salted-mix64,cpp-unordered-map,chaining-buckets,64,1,65536,2097152,3373000,2926486032717465826,18135573329091736190
index-formal,index,isolated-lookup,0,8,hit,64,32,salted-mix64,whitefoot-hash-map,physical-slots,64,1,65536,2097152,4435000,2926486032717465826,18135573329091736190
index-formal,index,isolated-lookup,0,8,hit,64,32,salted-mix64,cpp-unordered-map,chaining-buckets,64,2,65536,2097152,3322000,1950109411527586354,9895997175603665294
index-formal,index,isolated-lookup,0,8,hit,64,32,salted-mix64,whitefoot-hash-map,physical-slots,64,2,65536,2097152,4283000,1950109411527586354,9895997175603665294
index-formal,index,isolated-lookup,0,8,hit,64,32,salted-mix64,rust-hash-map,usable-entries,56,2,65536,2097152,4473000,1950109411527586354,9895997175603665294
index-formal,index,isolated-lookup,0,8,hit,64,32,salted-mix64,whitefoot-hash-map,physical-slots,64,3,65536,2097152,4443000,4729026886209191417,12618764708749879515
index-formal,index,isolated-lookup,0,8,hit,64,32,salted-mix64,rust-hash-map,usable-entries,56,3,65536,2097152,4404000,4729026886209191417,12618764708749879515
index-formal,index,isolated-lookup,0,8,hit,64,32,salted-mix64,cpp-unordered-map,chaining-buckets,64,3,65536,2097152,3361000,4729026886209191417,12618764708749879515
index-formal,index,isolated-lookup,0,8,hit,64,32,salted-mix64,rust-hash-map,usable-entries,56,4,65536,2097152,4501000,7789383083385681379,6682258775380899928
index-formal,index,isolated-lookup,0,8,hit,64,32,salted-mix64,cpp-unordered-map,chaining-buckets,64,4,65536,2097152,3297000,7789383083385681379,6682258775380899928
index-formal,index,isolated-lookup,0,8,hit,64,32,salted-mix64,whitefoot-hash-map,physical-slots,64,4,65536,2097152,4250000,7789383083385681379,6682258775380899928
index-formal,index,isolated-lookup,0,8,hit,64,32,salted-mix64,cpp-unordered-map,chaining-buckets,64,5,65536,2097152,3372000,14912296476274059179,15955402111364378682
index-formal,index,isolated-lookup,0,8,hit,64,32,salted-mix64,whitefoot-hash-map,physical-slots,64,5,65536,2097152,4451000,14912296476274059179,15955402111364378682
index-formal,index,isolated-lookup,0,8,hit,64,32,salted-mix64,rust-hash-map,usable-entries,56,5,65536,2097152,4405000,14912296476274059179,15955402111364378682
index-formal,index,isolated-lookup,0,8,hit,64,32,salted-mix64,whitefoot-hash-map,physical-slots,64,6,65536,2097152,4265000,3102224960182046416,17384135073489638916
index-formal,index,isolated-lookup,0,8,hit,64,32,salted-mix64,rust-hash-map,usable-entries,56,6,65536,2097152,4461000,3102224960182046416,17384135073489638916
index-formal,index,isolated-lookup,0,8,hit,64,32,salted-mix64,cpp-unordered-map,chaining-buckets,64,6,65536,2097152,3306000,3102224960182046416,17384135073489638916
index-formal,index,isolated-lookup,0,8,hit,64,32,salted-mix64,rust-hash-map,usable-entries,56,7,65536,2097152,5458000,5994810811218061247,14495855000218944738
index-formal,index,isolated-lookup,0,8,hit,64,32,salted-mix64,cpp-unordered-map,chaining-buckets,64,7,65536,2097152,3346000,5994810811218061247,14495855000218944738
index-formal,index,isolated-lookup,0,8,hit,64,32,salted-mix64,whitefoot-hash-map,physical-slots,64,7,65536,2097152,4431000,5994810811218061247,14495855000218944738
index-formal,index,isolated-lookup,0,8,hit,64,32,salted-mix64,cpp-unordered-map,chaining-buckets,64,8,65536,2097152,3363000,9874546471375032397,3280734739808937497
index-formal,index,isolated-lookup,0,8,hit,64,32,salted-mix64,whitefoot-hash-map,physical-slots,64,8,65536,2097152,4415000,9874546471375032397,3280734739808937497
index-formal,index,isolated-lookup,0,8,hit,64,32,salted-mix64,rust-hash-map,usable-entries,56,8,65536,2097152,4457000,9874546471375032397,3280734739808937497
index-formal,index,isolated-lookup,0,8,miss,64,32,salted-mix64,whitefoot-hash-map,physical-slots,64,0,65536,2097152,5749000,15132253838967462115,6569140190154816122
index-formal,index,isolated-lookup,0,8,miss,64,32,salted-mix64,rust-hash-map,usable-entries,56,0,65536,2097152,3261000,15132253838967462115,6569140190154816122
index-formal,index,isolated-lookup,0,8,miss,64,32,salted-mix64,cpp-unordered-map,chaining-buckets,64,0,65536,2097152,3325000,15132253838967462115,6569140190154816122
index-formal,index,isolated-lookup,0,8,miss,64,32,salted-mix64,rust-hash-map,usable-entries,56,1,65536,2097152,3407000,2681066283742362172,18135573329091736190
index-formal,index,isolated-lookup,0,8,miss,64,32,salted-mix64,cpp-unordered-map,chaining-buckets,64,1,65536,2097152,3433000,2681066283742362172,18135573329091736190
index-formal,index,isolated-lookup,0,8,miss,64,32,salted-mix64,whitefoot-hash-map,physical-slots,64,1,65536,2097152,7533000,2681066283742362172,18135573329091736190
index-formal,index,isolated-lookup,0,8,miss,64,32,salted-mix64,cpp-unordered-map,chaining-buckets,64,2,65536,2097152,3295000,7296812208248709570,9895997175603665294
index-formal,index,isolated-lookup,0,8,miss,64,32,salted-mix64,whitefoot-hash-map,physical-slots,64,2,65536,2097152,5998000,7296812208248709570,9895997175603665294
index-formal,index,isolated-lookup,0,8,miss,64,32,salted-mix64,rust-hash-map,usable-entries,56,2,65536,2097152,3289000,7296812208248709570,9895997175603665294
index-formal,index,isolated-lookup,0,8,miss,64,32,salted-mix64,whitefoot-hash-map,physical-slots,64,3,65536,2097152,7332000,14423111289845556242,12618764708749879515
index-formal,index,isolated-lookup,0,8,miss,64,32,salted-mix64,rust-hash-map,usable-entries,56,3,65536,2097152,3289000,14423111289845556242,12618764708749879515
index-formal,index,isolated-lookup,0,8,miss,64,32,salted-mix64,cpp-unordered-map,chaining-buckets,64,3,65536,2097152,3341000,14423111289845556242,12618764708749879515
index-formal,index,isolated-lookup,0,8,miss,64,32,salted-mix64,rust-hash-map,usable-entries,56,4,65536,2097152,4188000,5230495931743818634,6682258775380899928
index-formal,index,isolated-lookup,0,8,miss,64,32,salted-mix64,cpp-unordered-map,chaining-buckets,64,4,65536,2097152,3269000,5230495931743818634,6682258775380899928
index-formal,index,isolated-lookup,0,8,miss,64,32,salted-mix64,whitefoot-hash-map,physical-slots,64,4,65536,2097152,5908000,5230495931743818634,6682258775380899928
index-formal,index,isolated-lookup,0,8,miss,64,32,salted-mix64,cpp-unordered-map,chaining-buckets,64,5,65536,2097152,3296000,4562025355725514772,15955402111364378682
index-formal,index,isolated-lookup,0,8,miss,64,32,salted-mix64,whitefoot-hash-map,physical-slots,64,5,65536,2097152,7566000,4562025355725514772,15955402111364378682
index-formal,index,isolated-lookup,0,8,miss,64,32,salted-mix64,rust-hash-map,usable-entries,56,5,65536,2097152,3295000,4562025355725514772,15955402111364378682
index-formal,index,isolated-lookup,0,8,miss,64,32,salted-mix64,whitefoot-hash-map,physical-slots,64,6,65536,2097152,5592000,6591037010649270577,17384135073489638916
index-formal,index,isolated-lookup,0,8,miss,64,32,salted-mix64,rust-hash-map,usable-entries,56,6,65536,2097152,4296000,6591037010649270577,17384135073489638916
index-formal,index,isolated-lookup,0,8,miss,64,32,salted-mix64,cpp-unordered-map,chaining-buckets,64,6,65536,2097152,3144000,6591037010649270577,17384135073489638916
index-formal,index,isolated-lookup,0,8,miss,64,32,salted-mix64,rust-hash-map,usable-entries,56,7,65536,2097152,3348000,11181113795741075825,14495855000218944738
index-formal,index,isolated-lookup,0,8,miss,64,32,salted-mix64,cpp-unordered-map,chaining-buckets,64,7,65536,2097152,3188000,11181113795741075825,14495855000218944738
index-formal,index,isolated-lookup,0,8,miss,64,32,salted-mix64,whitefoot-hash-map,physical-slots,64,7,65536,2097152,7164000,11181113795741075825,14495855000218944738
index-formal,index,isolated-lookup,0,8,miss,64,32,salted-mix64,cpp-unordered-map,chaining-buckets,64,8,65536,2097152,3209000,200723637349124037,3280734739808937497
index-formal,index,isolated-lookup,0,8,miss,64,32,salted-mix64,whitefoot-hash-map,physical-slots,64,8,65536,2097152,5956000,200723637349124037,3280734739808937497
index-formal,index,isolated-lookup,0,8,miss,64,32,salted-mix64,rust-hash-map,usable-entries,56,8,65536,2097152,4304000,200723637349124037,3280734739808937497
index-formal,index,isolated-lookup,0,8,hit,4096,2048,salted-mix64,whitefoot-hash-map,physical-slots,4096,0,1024,2097152,4813000,12256773017604771992,5491702704287014337
index-formal,index,isolated-lookup,0,8,hit,4096,2048,salted-mix64,rust-hash-map,usable-entries,3584,0,1024,2097152,4661000,12256773017604771992,5491702704287014337
index-formal,index,isolated-lookup,0,8,hit,4096,2048,salted-mix64,cpp-unordered-map,chaining-buckets,4096,0,1024,2097152,3606000,12256773017604771992,5491702704287014337
index-formal,index,isolated-lookup,0,8,hit,4096,2048,salted-mix64,rust-hash-map,usable-entries,3584,1,1024,2097152,4709000,8109805965890620335,2763695295485510119
index-formal,index,isolated-lookup,0,8,hit,4096,2048,salted-mix64,cpp-unordered-map,chaining-buckets,4096,1,1024,2097152,3534000,8109805965890620335,2763695295485510119
index-formal,index,isolated-lookup,0,8,hit,4096,2048,salted-mix64,whitefoot-hash-map,physical-slots,4096,1,1024,2097152,4950000,8109805965890620335,2763695295485510119
index-formal,index,isolated-lookup,0,8,hit,4096,2048,salted-mix64,cpp-unordered-map,chaining-buckets,4096,2,1024,2097152,3650000,6236540686233913562,169108885870040371
index-formal,index,isolated-lookup,0,8,hit,4096,2048,salted-mix64,whitefoot-hash-map,physical-slots,4096,2,1024,2097152,4707000,6236540686233913562,169108885870040371
index-formal,index,isolated-lookup,0,8,hit,4096,2048,salted-mix64,rust-hash-map,usable-entries,3584,2,1024,2097152,4593000,6236540686233913562,169108885870040371
index-formal,index,isolated-lookup,0,8,hit,4096,2048,salted-mix64,whitefoot-hash-map,physical-slots,4096,3,1024,2097152,4822000,4130214178744726911,13533504526737804194
index-formal,index,isolated-lookup,0,8,hit,4096,2048,salted-mix64,rust-hash-map,usable-entries,3584,3,1024,2097152,4672000,4130214178744726911,13533504526737804194
index-formal,index,isolated-lookup,0,8,hit,4096,2048,salted-mix64,cpp-unordered-map,chaining-buckets,4096,3,1024,2097152,3470000,4130214178744726911,13533504526737804194
index-formal,index,isolated-lookup,0,8,hit,4096,2048,salted-mix64,rust-hash-map,usable-entries,3584,4,1024,2097152,4572000,18037281245260807620,14383430485961478032
index-formal,index,isolated-lookup,0,8,hit,4096,2048,salted-mix64,cpp-unordered-map,chaining-buckets,4096,4,1024,2097152,3582000,18037281245260807620,14383430485961478032
index-formal,index,isolated-lookup,0,8,hit,4096,2048,salted-mix64,whitefoot-hash-map,physical-slots,4096,4,1024,2097152,4681000,18037281245260807620,14383430485961478032
index-formal,index,isolated-lookup,0,8,hit,4096,2048,salted-mix64,cpp-unordered-map,chaining-buckets,4096,5,1024,2097152,3469000,15561356245120038934,16172748985559573147
index-formal,index,isolated-lookup,0,8,hit,4096,2048,salted-mix64,whitefoot-hash-map,physical-slots,4096,5,1024,2097152,4834000,15561356245120038934,16172748985559573147
index-formal,index,isolated-lookup,0,8,hit,4096,2048,salted-mix64,rust-hash-map,usable-entries,3584,5,1024,2097152,4637000,15561356245120038934,16172748985559573147
index-formal,index,isolated-lookup,0,8,hit,4096,2048,salted-mix64,whitefoot-hash-map,physical-slots,4096,6,1024,2097152,4769000,1884708600979695867,11623346431533299128
index-formal,index,isolated-lookup,0,8,hit,4096,2048,salted-mix64,rust-hash-map,usable-entries,3584,6,1024,2097152,4552000,1884708600979695867,11623346431533299128
index-formal,index,isolated-lookup,0,8,hit,4096,2048,salted-mix64,cpp-unordered-map,chaining-buckets,4096,6,1024,2097152,3581000,1884708600979695867,11623346431533299128
index-formal,index,isolated-lookup,0,8,hit,4096,2048,salted-mix64,rust-hash-map,usable-entries,3584,7,1024,2097152,4655000,15555180481091510704,12840744521595376045
index-formal,index,isolated-lookup,0,8,hit,4096,2048,salted-mix64,cpp-unordered-map,chaining-buckets,4096,7,1024,2097152,3527000,15555180481091510704,12840744521595376045
index-formal,index,isolated-lookup,0,8,hit,4096,2048,salted-mix64,whitefoot-hash-map,physical-slots,4096,7,1024,2097152,4817000,15555180481091510704,12840744521595376045
index-formal,index,isolated-lookup,0,8,hit,4096,2048,salted-mix64,cpp-unordered-map,chaining-buckets,4096,8,1024,2097152,3577000,2735230302163515563,13999068279916446456
index-formal,index,isolated-lookup,0,8,hit,4096,2048,salted-mix64,whitefoot-hash-map,physical-slots,4096,8,1024,2097152,4732000,2735230302163515563,13999068279916446456
index-formal,index,isolated-lookup,0,8,hit,4096,2048,salted-mix64,rust-hash-map,usable-entries,3584,8,1024,2097152,4609000,2735230302163515563,13999068279916446456
index-formal,index,isolated-lookup,0,8,miss,4096,2048,salted-mix64,whitefoot-hash-map,physical-slots,4096,0,1024,2097152,6604000,15132253838967462115,5491702704287014337
index-formal,index,isolated-lookup,0,8,miss,4096,2048,salted-mix64,rust-hash-map,usable-entries,3584,0,1024,2097152,4539000,15132253838967462115,5491702704287014337
index-formal,index,isolated-lookup,0,8,miss,4096,2048,salted-mix64,cpp-unordered-map,chaining-buckets,4096,0,1024,2097152,3055000,15132253838967462115,5491702704287014337
index-formal,index,isolated-lookup,0,8,miss,4096,2048,salted-mix64,rust-hash-map,usable-entries,3584,1,1024,2097152,4480000,2681066283742362172,2763695295485510119
index-formal,index,isolated-lookup,0,8,miss,4096,2048,salted-mix64,cpp-unordered-map,chaining-buckets,4096,1,1024,2097152,3028000,2681066283742362172,2763695295485510119
index-formal,index,isolated-lookup,0,8,miss,4096,2048,salted-mix64,whitefoot-hash-map,physical-slots,4096,1,1024,2097152,6664000,2681066283742362172,2763695295485510119
index-formal,index,isolated-lookup,0,8,miss,4096,2048,salted-mix64,cpp-unordered-map,chaining-buckets,4096,2,1024,2097152,3042000,7296812208248709570,169108885870040371
index-formal,index,isolated-lookup,0,8,miss,4096,2048,salted-mix64,whitefoot-hash-map,physical-slots,4096,2,1024,2097152,11159000,7296812208248709570,169108885870040371
index-formal,index,isolated-lookup,0,8,miss,4096,2048,salted-mix64,rust-hash-map,usable-entries,3584,2,1024,2097152,4576000,7296812208248709570,169108885870040371
index-formal,index,isolated-lookup,0,8,miss,4096,2048,salted-mix64,whitefoot-hash-map,physical-slots,4096,3,1024,2097152,6304000,14423111289845556242,13533504526737804194
index-formal,index,isolated-lookup,0,8,miss,4096,2048,salted-mix64,rust-hash-map,usable-entries,3584,3,1024,2097152,4481000,14423111289845556242,13533504526737804194
index-formal,index,isolated-lookup,0,8,miss,4096,2048,salted-mix64,cpp-unordered-map,chaining-buckets,4096,3,1024,2097152,3096000,14423111289845556242,13533504526737804194
index-formal,index,isolated-lookup,0,8,miss,4096,2048,salted-mix64,rust-hash-map,usable-entries,3584,4,1024,2097152,4523000,5230495931743818634,14383430485961478032
index-formal,index,isolated-lookup,0,8,miss,4096,2048,salted-mix64,cpp-unordered-map,chaining-buckets,4096,4,1024,2097152,3024000,5230495931743818634,14383430485961478032
index-formal,index,isolated-lookup,0,8,miss,4096,2048,salted-mix64,whitefoot-hash-map,physical-slots,4096,4,1024,2097152,6710000,5230495931743818634,14383430485961478032
index-formal,index,isolated-lookup,0,8,miss,4096,2048,salted-mix64,cpp-unordered-map,chaining-buckets,4096,5,1024,2097152,3155000,4562025355725514772,16172748985559573147
index-formal,index,isolated-lookup,0,8,miss,4096,2048,salted-mix64,whitefoot-hash-map,physical-slots,4096,5,1024,2097152,6446000,4562025355725514772,16172748985559573147
index-formal,index,isolated-lookup,0,8,miss,4096,2048,salted-mix64,rust-hash-map,usable-entries,3584,5,1024,2097152,4455000,4562025355725514772,16172748985559573147
index-formal,index,isolated-lookup,0,8,miss,4096,2048,salted-mix64,whitefoot-hash-map,physical-slots,4096,6,1024,2097152,6646000,6591037010649270577,11623346431533299128
index-formal,index,isolated-lookup,0,8,miss,4096,2048,salted-mix64,rust-hash-map,usable-entries,3584,6,1024,2097152,4488000,6591037010649270577,11623346431533299128
index-formal,index,isolated-lookup,0,8,miss,4096,2048,salted-mix64,cpp-unordered-map,chaining-buckets,4096,6,1024,2097152,3055000,6591037010649270577,11623346431533299128
index-formal,index,isolated-lookup,0,8,miss,4096,2048,salted-mix64,rust-hash-map,usable-entries,3584,7,1024,2097152,4458000,11181113795741075825,12840744521595376045
index-formal,index,isolated-lookup,0,8,miss,4096,2048,salted-mix64,cpp-unordered-map,chaining-buckets,4096,7,1024,2097152,3048000,11181113795741075825,12840744521595376045
index-formal,index,isolated-lookup,0,8,miss,4096,2048,salted-mix64,whitefoot-hash-map,physical-slots,4096,7,1024,2097152,6322000,11181113795741075825,12840744521595376045
index-formal,index,isolated-lookup,0,8,miss,4096,2048,salted-mix64,cpp-unordered-map,chaining-buckets,4096,8,1024,2097152,3040000,200723637349124037,13999068279916446456
index-formal,index,isolated-lookup,0,8,miss,4096,2048,salted-mix64,whitefoot-hash-map,physical-slots,4096,8,1024,2097152,6697000,200723637349124037,13999068279916446456
index-formal,index,isolated-lookup,0,8,miss,4096,2048,salted-mix64,rust-hash-map,usable-entries,3584,8,1024,2097152,4653000,200723637349124037,13999068279916446456
index-formal,index,isolated-lookup,0,256,hit,64,32,salted-mix64,whitefoot-hash-map,physical-slots,64,0,65536,2097152,4227000,4239522231411693208,18266774267156818832
index-formal,index,isolated-lookup,0,256,hit,64,32,salted-mix64,rust-hash-map,usable-entries,56,0,65536,2097152,4826000,4239522231411693208,18266774267156818832
index-formal,index,isolated-lookup,0,256,hit,64,32,salted-mix64,cpp-unordered-map,chaining-buckets,64,0,65536,2097152,3351000,4239522231411693208,18266774267156818832
index-formal,index,isolated-lookup,0,256,hit,64,32,salted-mix64,rust-hash-map,usable-entries,56,1,65536,2097152,5789000,2926486032717465826,17629528883973804059
index-formal,index,isolated-lookup,0,256,hit,64,32,salted-mix64,cpp-unordered-map,chaining-buckets,64,1,65536,2097152,3348000,2926486032717465826,17629528883973804059
index-formal,index,isolated-lookup,0,256,hit,64,32,salted-mix64,whitefoot-hash-map,physical-slots,64,1,65536,2097152,4408000,2926486032717465826,17629528883973804059
index-formal,index,isolated-lookup,0,256,hit,64,32,salted-mix64,cpp-unordered-map,chaining-buckets,64,2,65536,2097152,3310000,1950109411527586354,10588808568664885272
index-formal,index,isolated-lookup,0,256,hit,64,32,salted-mix64,whitefoot-hash-map,physical-slots,64,2,65536,2097152,4231000,1950109411527586354,10588808568664885272
index-formal,index,isolated-lookup,0,256,hit,64,32,salted-mix64,rust-hash-map,usable-entries,56,2,65536,2097152,4796000,1950109411527586354,10588808568664885272
index-formal,index,isolated-lookup,0,256,hit,64,32,salted-mix64,whitefoot-hash-map,physical-slots,64,3,65536,2097152,4434000,4729026886209191417,9643622543523366911
index-formal,index,isolated-lookup,0,256,hit,64,32,salted-mix64,rust-hash-map,usable-entries,56,3,65536,2097152,4803000,4729026886209191417,9643622543523366911
index-formal,index,isolated-lookup,0,256,hit,64,32,salted-mix64,cpp-unordered-map,chaining-buckets,64,3,65536,2097152,3347000,4729026886209191417,9643622543523366911
index-formal,index,isolated-lookup,0,256,hit,64,32,salted-mix64,rust-hash-map,usable-entries,56,4,65536,2097152,5055000,7789383083385681379,7997935681297465229
index-formal,index,isolated-lookup,0,256,hit,64,32,salted-mix64,cpp-unordered-map,chaining-buckets,64,4,65536,2097152,3497000,7789383083385681379,7997935681297465229
index-formal,index,isolated-lookup,0,256,hit,64,32,salted-mix64,whitefoot-hash-map,physical-slots,64,4,65536,2097152,4276000,7789383083385681379,7997935681297465229
index-formal,index,isolated-lookup,0,256,hit,64,32,salted-mix64,cpp-unordered-map,chaining-buckets,64,5,65536,2097152,3536000,14912296476274059179,12589978323246251962
index-formal,index,isolated-lookup,0,256,hit,64,32,salted-mix64,whitefoot-hash-map,physical-slots,64,5,65536,2097152,4578000,14912296476274059179,12589978323246251962
index-formal,index,isolated-lookup,0,256,hit,64,32,salted-mix64,rust-hash-map,usable-entries,56,5,65536,2097152,5035000,14912296476274059179,12589978323246251962
index-formal,index,isolated-lookup,0,256,hit,64,32,salted-mix64,whitefoot-hash-map,physical-slots,64,6,65536,2097152,4455000,3102224960182046416,1695167606993225687
index-formal,index,isolated-lookup,0,256,hit,64,32,salted-mix64,rust-hash-map,usable-entries,56,6,65536,2097152,5028000,3102224960182046416,1695167606993225687
index-formal,index,isolated-lookup,0,256,hit,64,32,salted-mix64,cpp-unordered-map,chaining-buckets,64,6,65536,2097152,3462000,3102224960182046416,1695167606993225687
index-formal,index,isolated-lookup,0,256,hit,64,32,salted-mix64,rust-hash-map,usable-entries,56,7,65536,2097152,5840000,5994810811218061247,16222476275378838822
index-formal,index,isolated-lookup,0,256,hit,64,32,salted-mix64,cpp-unordered-map,chaining-buckets,64,7,65536,2097152,3351000,5994810811218061247,16222476275378838822
index-formal,index,isolated-lookup,0,256,hit,64,32,salted-mix64,whitefoot-hash-map,physical-slots,64,7,65536,2097152,4434000,5994810811218061247,16222476275378838822
index-formal,index,isolated-lookup,0,256,hit,64,32,salted-mix64,cpp-unordered-map,chaining-buckets,64,8,65536,2097152,3324000,9874546471375032397,14881868431885356544
index-formal,index,isolated-lookup,0,256,hit,64,32,salted-mix64,whitefoot-hash-map,physical-slots,64,8,65536,2097152,4235000,9874546471375032397,14881868431885356544
index-formal,index,isolated-lookup,0,256,hit,64,32,salted-mix64,rust-hash-map,usable-entries,56,8,65536,2097152,4805000,9874546471375032397,14881868431885356544
index-formal,index,isolated-lookup,0,256,miss,64,32,salted-mix64,whitefoot-hash-map,physical-slots,64,0,65536,2097152,5753000,15132253838967462115,18266774267156818832
index-formal,index,isolated-lookup,0,256,miss,64,32,salted-mix64,rust-hash-map,usable-entries,56,0,65536,2097152,3305000,15132253838967462115,18266774267156818832
index-formal,index,isolated-lookup,0,256,miss,64,32,salted-mix64,cpp-unordered-map,chaining-buckets,64,0,65536,2097152,3326000,15132253838967462115,18266774267156818832
index-formal,index,isolated-lookup,0,256,miss,64,32,salted-mix64,rust-hash-map,usable-entries,56,1,65536,2097152,3295000,2681066283742362172,17629528883973804059
index-formal,index,isolated-lookup,0,256,miss,64,32,salted-mix64,cpp-unordered-map,chaining-buckets,64,1,65536,2097152,3318000,2681066283742362172,17629528883973804059
index-formal,index,isolated-lookup,0,256,miss,64,32,salted-mix64,whitefoot-hash-map,physical-slots,64,1,65536,2097152,7319000,2681066283742362172,17629528883973804059
index-formal,index,isolated-lookup,0,256,miss,64,32,salted-mix64,cpp-unordered-map,chaining-buckets,64,2,65536,2097152,3215000,7296812208248709570,10588808568664885272
index-formal,index,isolated-lookup,0,256,miss,64,32,salted-mix64,whitefoot-hash-map,physical-slots,64,2,65536,2097152,5835000,7296812208248709570,10588808568664885272
index-formal,index,isolated-lookup,0,256,miss,64,32,salted-mix64,rust-hash-map,usable-entries,56,2,65536,2097152,3285000,7296812208248709570,10588808568664885272
index-formal,index,isolated-lookup,0,256,miss,64,32,salted-mix64,whitefoot-hash-map,physical-slots,64,3,65536,2097152,7279000,14423111289845556242,9643622543523366911
index-formal,index,isolated-lookup,0,256,miss,64,32,salted-mix64,rust-hash-map,usable-entries,56,3,65536,2097152,3292000,14423111289845556242,9643622543523366911
index-formal,index,isolated-lookup,0,256,miss,64,32,salted-mix64,cpp-unordered-map,chaining-buckets,64,3,65536,2097152,3336000,14423111289845556242,9643622543523366911
index-formal,index,isolated-lookup,0,256,miss,64,32,salted-mix64,rust-hash-map,usable-entries,56,4,65536,2097152,4287000,5230495931743818634,7997935681297465229
index-formal,index,isolated-lookup,0,256,miss,64,32,salted-mix64,cpp-unordered-map,chaining-buckets,64,4,65536,2097152,3253000,5230495931743818634,7997935681297465229
index-formal,index,isolated-lookup,0,256,miss,64,32,salted-mix64,whitefoot-hash-map,physical-slots,64,4,65536,2097152,5951000,5230495931743818634,7997935681297465229
index-formal,index,isolated-lookup,0,256,miss,64,32,salted-mix64,cpp-unordered-map,chaining-buckets,64,5,65536,2097152,3272000,4562025355725514772,12589978323246251962
index-formal,index,isolated-lookup,0,256,miss,64,32,salted-mix64,whitefoot-hash-map,physical-slots,64,5,65536,2097152,7569000,4562025355725514772,12589978323246251962
index-formal,index,isolated-lookup,0,256,miss,64,32,salted-mix64,rust-hash-map,usable-entries,56,5,65536,2097152,3303000,4562025355725514772,12589978323246251962
index-formal,index,isolated-lookup,0,256,miss,64,32,salted-mix64,whitefoot-hash-map,physical-slots,64,6,65536,2097152,5582000,6591037010649270577,1695167606993225687
index-formal,index,isolated-lookup,0,256,miss,64,32,salted-mix64,rust-hash-map,usable-entries,56,6,65536,2097152,4303000,6591037010649270577,1695167606993225687
index-formal,index,isolated-lookup,0,256,miss,64,32,salted-mix64,cpp-unordered-map,chaining-buckets,64,6,65536,2097152,3177000,6591037010649270577,1695167606993225687
index-formal,index,isolated-lookup,0,256,miss,64,32,salted-mix64,rust-hash-map,usable-entries,56,7,65536,2097152,3288000,11181113795741075825,16222476275378838822
index-formal,index,isolated-lookup,0,256,miss,64,32,salted-mix64,cpp-unordered-map,chaining-buckets,64,7,65536,2097152,3175000,11181113795741075825,16222476275378838822
index-formal,index,isolated-lookup,0,256,miss,64,32,salted-mix64,whitefoot-hash-map,physical-slots,64,7,65536,2097152,7150000,11181113795741075825,16222476275378838822
index-formal,index,isolated-lookup,0,256,miss,64,32,salted-mix64,cpp-unordered-map,chaining-buckets,64,8,65536,2097152,3175000,200723637349124037,14881868431885356544
index-formal,index,isolated-lookup,0,256,miss,64,32,salted-mix64,whitefoot-hash-map,physical-slots,64,8,65536,2097152,5861000,200723637349124037,14881868431885356544
index-formal,index,isolated-lookup,0,256,miss,64,32,salted-mix64,rust-hash-map,usable-entries,56,8,65536,2097152,4306000,200723637349124037,14881868431885356544
index-formal,index,isolated-lookup,0,256,hit,4096,2048,salted-mix64,whitefoot-hash-map,physical-slots,4096,0,1024,2097152,5197000,12256773017604771992,4275004589874247251
index-formal,index,isolated-lookup,0,256,hit,4096,2048,salted-mix64,rust-hash-map,usable-entries,3584,0,1024,2097152,5147000,12256773017604771992,4275004589874247251
index-formal,index,isolated-lookup,0,256,hit,4096,2048,salted-mix64,cpp-unordered-map,chaining-buckets,4096,0,1024,2097152,4207000,12256773017604771992,4275004589874247251
index-formal,index,isolated-lookup,0,256,hit,4096,2048,salted-mix64,rust-hash-map,usable-entries,3584,1,1024,2097152,5208000,8109805965890620335,4831549970320777124
index-formal,index,isolated-lookup,0,256,hit,4096,2048,salted-mix64,cpp-unordered-map,chaining-buckets,4096,1,1024,2097152,4042000,8109805965890620335,4831549970320777124
index-formal,index,isolated-lookup,0,256,hit,4096,2048,salted-mix64,whitefoot-hash-map,physical-slots,4096,1,1024,2097152,5133000,8109805965890620335,4831549970320777124
index-formal,index,isolated-lookup,0,256,hit,4096,2048,salted-mix64,cpp-unordered-map,chaining-buckets,4096,2,1024,2097152,4212000,6236540686233913562,11962292712906248130
index-formal,index,isolated-lookup,0,256,hit,4096,2048,salted-mix64,whitefoot-hash-map,physical-slots,4096,2,1024,2097152,5232000,6236540686233913562,11962292712906248130
index-formal,index,isolated-lookup,0,256,hit,4096,2048,salted-mix64,rust-hash-map,usable-entries,3584,2,1024,2097152,5196000,6236540686233913562,11962292712906248130
index-formal,index,isolated-lookup,0,256,hit,4096,2048,salted-mix64,whitefoot-hash-map,physical-slots,4096,3,1024,2097152,5180000,4130214178744726911,15797047148602259028
index-formal,index,isolated-lookup,0,256,hit,4096,2048,salted-mix64,rust-hash-map,usable-entries,3584,3,1024,2097152,5189000,4130214178744726911,15797047148602259028
index-formal,index,isolated-lookup,0,256,hit,4096,2048,salted-mix64,cpp-unordered-map,chaining-buckets,4096,3,1024,2097152,4217000,4130214178744726911,15797047148602259028
index-formal,index,isolated-lookup,0,256,hit,4096,2048,salted-mix64,rust-hash-map,usable-entries,3584,4,1024,2097152,5150000,18037281245260807620,10852831350306165609
index-formal,index,isolated-lookup,0,256,hit,4096,2048,salted-mix64,cpp-unordered-map,chaining-buckets,4096,4,1024,2097152,4486000,18037281245260807620,10852831350306165609
index-formal,index,isolated-lookup,0,256,hit,4096,2048,salted-mix64,whitefoot-hash-map,physical-slots,4096,4,1024,2097152,5241000,18037281245260807620,10852831350306165609
index-formal,index,isolated-lookup,0,256,hit,4096,2048,salted-mix64,cpp-unordered-map,chaining-buckets,4096,5,1024,2097152,4431000,15561356245120038934,8476091993579837262
index-formal,index,isolated-lookup,0,256,hit,4096,2048,salted-mix64,whitefoot-hash-map,physical-slots,4096,5,1024,2097152,5206000,15561356245120038934,8476091993579837262
index-formal,index,isolated-lookup,0,256,hit,4096,2048,salted-mix64,rust-hash-map,usable-entries,3584,5,1024,2097152,5200000,15561356245120038934,8476091993579837262
index-formal,index,isolated-lookup,0,256,hit,4096,2048,salted-mix64,whitefoot-hash-map,physical-slots,4096,6,1024,2097152,5277000,1884708600979695867,14152714158125688331
index-formal,index,isolated-lookup,0,256,hit,4096,2048,salted-mix64,rust-hash-map,usable-entries,3584,6,1024,2097152,5133000,1884708600979695867,14152714158125688331
index-formal,index,isolated-lookup,0,256,hit,4096,2048,salted-mix64,cpp-unordered-map,chaining-buckets,4096,6,1024,2097152,4131000,1884708600979695867,14152714158125688331
index-formal,index,isolated-lookup,0,256,hit,4096,2048,salted-mix64,rust-hash-map,usable-entries,3584,7,1024,2097152,5157000,15555180481091510704,16200907735189960835
index-formal,index,isolated-lookup,0,256,hit,4096,2048,salted-mix64,cpp-unordered-map,chaining-buckets,4096,7,1024,2097152,4242000,15555180481091510704,16200907735189960835
index-formal,index,isolated-lookup,0,256,hit,4096,2048,salted-mix64,whitefoot-hash-map,physical-slots,4096,7,1024,2097152,5396000,15555180481091510704,16200907735189960835
index-formal,index,isolated-lookup,0,256,hit,4096,2048,salted-mix64,cpp-unordered-map,chaining-buckets,4096,8,1024,2097152,4428000,2735230302163515563,3013337170561999196
index-formal,index,isolated-lookup,0,256,hit,4096,2048,salted-mix64,whitefoot-hash-map,physical-slots,4096,8,1024,2097152,5438000,2735230302163515563,3013337170561999196
index-formal,index,isolated-lookup,0,256,hit,4096,2048,salted-mix64,rust-hash-map,usable-entries,3584,8,1024,2097152,5120000,2735230302163515563,3013337170561999196
index-formal,index,isolated-lookup,0,256,miss,4096,2048,salted-mix64,whitefoot-hash-map,physical-slots,4096,0,1024,2097152,7103000,15132253838967462115,4275004589874247251
index-formal,index,isolated-lookup,0,256,miss,4096,2048,salted-mix64,rust-hash-map,usable-entries,3584,0,1024,2097152,4587000,15132253838967462115,4275004589874247251
index-formal,index,isolated-lookup,0,256,miss,4096,2048,salted-mix64,cpp-unordered-map,chaining-buckets,4096,0,1024,2097152,3670000,15132253838967462115,4275004589874247251
index-formal,index,isolated-lookup,0,256,miss,4096,2048,salted-mix64,rust-hash-map,usable-entries,3584,1,1024,2097152,4583000,2681066283742362172,4831549970320777124
index-formal,index,isolated-lookup,0,256,miss,4096,2048,salted-mix64,cpp-unordered-map,chaining-buckets,4096,1,1024,2097152,3621000,2681066283742362172,4831549970320777124
index-formal,index,isolated-lookup,0,256,miss,4096,2048,salted-mix64,whitefoot-hash-map,physical-slots,4096,1,1024,2097152,7454000,2681066283742362172,4831549970320777124
index-formal,index,isolated-lookup,0,256,miss,4096,2048,salted-mix64,cpp-unordered-map,chaining-buckets,4096,2,1024,2097152,3778000,7296812208248709570,11962292712906248130
index-formal,index,isolated-lookup,0,256,miss,4096,2048,salted-mix64,whitefoot-hash-map,physical-slots,4096,2,1024,2097152,7706000,7296812208248709570,11962292712906248130
index-formal,index,isolated-lookup,0,256,miss,4096,2048,salted-mix64,rust-hash-map,usable-entries,3584,2,1024,2097152,4502000,7296812208248709570,11962292712906248130
index-formal,index,isolated-lookup,0,256,miss,4096,2048,salted-mix64,whitefoot-hash-map,physical-slots,4096,3,1024,2097152,6774000,14423111289845556242,15797047148602259028
index-formal,index,isolated-lookup,0,256,miss,4096,2048,salted-mix64,rust-hash-map,usable-entries,3584,3,1024,2097152,4429000,14423111289845556242,15797047148602259028
index-formal,index,isolated-lookup,0,256,miss,4096,2048,salted-mix64,cpp-unordered-map,chaining-buckets,4096,3,1024,2097152,3652000,14423111289845556242,15797047148602259028
index-formal,index,isolated-lookup,0,256,miss,4096,2048,salted-mix64,rust-hash-map,usable-entries,3584,4,1024,2097152,4552000,5230495931743818634,10852831350306165609
index-formal,index,isolated-lookup,0,256,miss,4096,2048,salted-mix64,cpp-unordered-map,chaining-buckets,4096,4,1024,2097152,3698000,5230495931743818634,10852831350306165609
index-formal,index,isolated-lookup,0,256,miss,4096,2048,salted-mix64,whitefoot-hash-map,physical-slots,4096,4,1024,2097152,7430000,5230495931743818634,10852831350306165609
index-formal,index,isolated-lookup,0,256,miss,4096,2048,salted-mix64,cpp-unordered-map,chaining-buckets,4096,5,1024,2097152,3644000,4562025355725514772,8476091993579837262
index-formal,index,isolated-lookup,0,256,miss,4096,2048,salted-mix64,whitefoot-hash-map,physical-slots,4096,5,1024,2097152,7096000,4562025355725514772,8476091993579837262
index-formal,index,isolated-lookup,0,256,miss,4096,2048,salted-mix64,rust-hash-map,usable-entries,3584,5,1024,2097152,4490000,4562025355725514772,8476091993579837262
index-formal,index,isolated-lookup,0,256,miss,4096,2048,salted-mix64,whitefoot-hash-map,physical-slots,4096,6,1024,2097152,7067000,6591037010649270577,14152714158125688331
index-formal,index,isolated-lookup,0,256,miss,4096,2048,salted-mix64,rust-hash-map,usable-entries,3584,6,1024,2097152,4543000,6591037010649270577,14152714158125688331
index-formal,index,isolated-lookup,0,256,miss,4096,2048,salted-mix64,cpp-unordered-map,chaining-buckets,4096,6,1024,2097152,4339000,6591037010649270577,14152714158125688331
index-formal,index,isolated-lookup,0,256,miss,4096,2048,salted-mix64,rust-hash-map,usable-entries,3584,7,1024,2097152,4518000,11181113795741075825,16200907735189960835
index-formal,index,isolated-lookup,0,256,miss,4096,2048,salted-mix64,cpp-unordered-map,chaining-buckets,4096,7,1024,2097152,3632000,11181113795741075825,16200907735189960835
index-formal,index,isolated-lookup,0,256,miss,4096,2048,salted-mix64,whitefoot-hash-map,physical-slots,4096,7,1024,2097152,7321000,11181113795741075825,16200907735189960835
index-formal,index,isolated-lookup,0,256,miss,4096,2048,salted-mix64,cpp-unordered-map,chaining-buckets,4096,8,1024,2097152,3701000,200723637349124037,3013337170561999196
index-formal,index,isolated-lookup,0,256,miss,4096,2048,salted-mix64,whitefoot-hash-map,physical-slots,4096,8,1024,2097152,7157000,200723637349124037,3013337170561999196
index-formal,index,isolated-lookup,0,256,miss,4096,2048,salted-mix64,rust-hash-map,usable-entries,3584,8,1024,2097152,4608000,200723637349124037,3013337170561999196
index-formal,index,isolated-lookup,1,8,hit,4096,2048,salted-mix64,cpp-unordered-map,chaining-buckets,4096,0,1024,2097152,3663000,12256773017604771992,5491702704287014337
index-formal,index,isolated-lookup,1,8,hit,4096,2048,salted-mix64,rust-hash-map,usable-entries,3584,0,1024,2097152,4619000,12256773017604771992,5491702704287014337
index-formal,index,isolated-lookup,1,8,hit,4096,2048,salted-mix64,whitefoot-hash-map,physical-slots,4096,0,1024,2097152,4820000,12256773017604771992,5491702704287014337
index-formal,index,isolated-lookup,1,8,hit,4096,2048,salted-mix64,rust-hash-map,usable-entries,3584,1,1024,2097152,4895000,8109805965890620335,2763695295485510119
index-formal,index,isolated-lookup,1,8,hit,4096,2048,salted-mix64,whitefoot-hash-map,physical-slots,4096,1,1024,2097152,5266000,8109805965890620335,2763695295485510119
index-formal,index,isolated-lookup,1,8,hit,4096,2048,salted-mix64,cpp-unordered-map,chaining-buckets,4096,1,1024,2097152,3657000,8109805965890620335,2763695295485510119
index-formal,index,isolated-lookup,1,8,hit,4096,2048,salted-mix64,whitefoot-hash-map,physical-slots,4096,2,1024,2097152,4700000,6236540686233913562,169108885870040371
index-formal,index,isolated-lookup,1,8,hit,4096,2048,salted-mix64,cpp-unordered-map,chaining-buckets,4096,2,1024,2097152,3575000,6236540686233913562,169108885870040371
index-formal,index,isolated-lookup,1,8,hit,4096,2048,salted-mix64,rust-hash-map,usable-entries,3584,2,1024,2097152,4782000,6236540686233913562,169108885870040371
index-formal,index,isolated-lookup,1,8,hit,4096,2048,salted-mix64,cpp-unordered-map,chaining-buckets,4096,3,1024,2097152,3715000,4130214178744726911,13533504526737804194
index-formal,index,isolated-lookup,1,8,hit,4096,2048,salted-mix64,rust-hash-map,usable-entries,3584,3,1024,2097152,4819000,4130214178744726911,13533504526737804194
index-formal,index,isolated-lookup,1,8,hit,4096,2048,salted-mix64,whitefoot-hash-map,physical-slots,4096,3,1024,2097152,4903000,4130214178744726911,13533504526737804194
index-formal,index,isolated-lookup,1,8,hit,4096,2048,salted-mix64,rust-hash-map,usable-entries,3584,4,1024,2097152,4583000,18037281245260807620,14383430485961478032
index-formal,index,isolated-lookup,1,8,hit,4096,2048,salted-mix64,whitefoot-hash-map,physical-slots,4096,4,1024,2097152,4750000,18037281245260807620,14383430485961478032
index-formal,index,isolated-lookup,1,8,hit,4096,2048,salted-mix64,cpp-unordered-map,chaining-buckets,4096,4,1024,2097152,3590000,18037281245260807620,14383430485961478032
index-formal,index,isolated-lookup,1,8,hit,4096,2048,salted-mix64,whitefoot-hash-map,physical-slots,4096,5,1024,2097152,4802000,15561356245120038934,16172748985559573147
index-formal,index,isolated-lookup,1,8,hit,4096,2048,salted-mix64,cpp-unordered-map,chaining-buckets,4096,5,1024,2097152,3790000,15561356245120038934,16172748985559573147
index-formal,index,isolated-lookup,1,8,hit,4096,2048,salted-mix64,rust-hash-map,usable-entries,3584,5,1024,2097152,4635000,15561356245120038934,16172748985559573147
index-formal,index,isolated-lookup,1,8,hit,4096,2048,salted-mix64,cpp-unordered-map,chaining-buckets,4096,6,1024,2097152,3659000,1884708600979695867,11623346431533299128
index-formal,index,isolated-lookup,1,8,hit,4096,2048,salted-mix64,rust-hash-map,usable-entries,3584,6,1024,2097152,4575000,1884708600979695867,11623346431533299128
index-formal,index,isolated-lookup,1,8,hit,4096,2048,salted-mix64,whitefoot-hash-map,physical-slots,4096,6,1024,2097152,4685000,1884708600979695867,11623346431533299128
index-formal,index,isolated-lookup,1,8,hit,4096,2048,salted-mix64,rust-hash-map,usable-entries,3584,7,1024,2097152,4629000,15555180481091510704,12840744521595376045
index-formal,index,isolated-lookup,1,8,hit,4096,2048,salted-mix64,whitefoot-hash-map,physical-slots,4096,7,1024,2097152,4823000,15555180481091510704,12840744521595376045
index-formal,index,isolated-lookup,1,8,hit,4096,2048,salted-mix64,cpp-unordered-map,chaining-buckets,4096,7,1024,2097152,3518000,15555180481091510704,12840744521595376045
index-formal,index,isolated-lookup,1,8,hit,4096,2048,salted-mix64,whitefoot-hash-map,physical-slots,4096,8,1024,2097152,4659000,2735230302163515563,13999068279916446456
index-formal,index,isolated-lookup,1,8,hit,4096,2048,salted-mix64,cpp-unordered-map,chaining-buckets,4096,8,1024,2097152,3594000,2735230302163515563,13999068279916446456
index-formal,index,isolated-lookup,1,8,hit,4096,2048,salted-mix64,rust-hash-map,usable-entries,3584,8,1024,2097152,4724000,2735230302163515563,13999068279916446456
index-formal,index,isolated-lookup,1,8,miss,4096,2048,salted-mix64,cpp-unordered-map,chaining-buckets,4096,0,1024,2097152,3128000,15132253838967462115,5491702704287014337
index-formal,index,isolated-lookup,1,8,miss,4096,2048,salted-mix64,rust-hash-map,usable-entries,3584,0,1024,2097152,4547000,15132253838967462115,5491702704287014337
index-formal,index,isolated-lookup,1,8,miss,4096,2048,salted-mix64,whitefoot-hash-map,physical-slots,4096,0,1024,2097152,6643000,15132253838967462115,5491702704287014337
index-formal,index,isolated-lookup,1,8,miss,4096,2048,salted-mix64,rust-hash-map,usable-entries,3584,1,1024,2097152,4446000,2681066283742362172,2763695295485510119
index-formal,index,isolated-lookup,1,8,miss,4096,2048,salted-mix64,whitefoot-hash-map,physical-slots,4096,1,1024,2097152,6981000,2681066283742362172,2763695295485510119
index-formal,index,isolated-lookup,1,8,miss,4096,2048,salted-mix64,cpp-unordered-map,chaining-buckets,4096,1,1024,2097152,3028000,2681066283742362172,2763695295485510119
index-formal,index,isolated-lookup,1,8,miss,4096,2048,salted-mix64,whitefoot-hash-map,physical-slots,4096,2,1024,2097152,9362000,7296812208248709570,169108885870040371
index-formal,index,isolated-lookup,1,8,miss,4096,2048,salted-mix64,cpp-unordered-map,chaining-buckets,4096,2,1024,2097152,3086000,7296812208248709570,169108885870040371
index-formal,index,isolated-lookup,1,8,miss,4096,2048,salted-mix64,rust-hash-map,usable-entries,3584,2,1024,2097152,4596000,7296812208248709570,169108885870040371
index-formal,index,isolated-lookup,1,8,miss,4096,2048,salted-mix64,cpp-unordered-map,chaining-buckets,4096,3,1024,2097152,3047000,14423111289845556242,13533504526737804194
index-formal,index,isolated-lookup,1,8,miss,4096,2048,salted-mix64,rust-hash-map,usable-entries,3584,3,1024,2097152,4431000,14423111289845556242,13533504526737804194
index-formal,index,isolated-lookup,1,8,miss,4096,2048,salted-mix64,whitefoot-hash-map,physical-slots,4096,3,1024,2097152,6309000,14423111289845556242,13533504526737804194
index-formal,index,isolated-lookup,1,8,miss,4096,2048,salted-mix64,rust-hash-map,usable-entries,3584,4,1024,2097152,4529000,5230495931743818634,14383430485961478032
index-formal,index,isolated-lookup,1,8,miss,4096,2048,salted-mix64,whitefoot-hash-map,physical-slots,4096,4,1024,2097152,6682000,5230495931743818634,14383430485961478032
index-formal,index,isolated-lookup,1,8,miss,4096,2048,salted-mix64,cpp-unordered-map,chaining-buckets,4096,4,1024,2097152,3040000,5230495931743818634,14383430485961478032
index-formal,index,isolated-lookup,1,8,miss,4096,2048,salted-mix64,whitefoot-hash-map,physical-slots,4096,5,1024,2097152,6985000,4562025355725514772,16172748985559573147
index-formal,index,isolated-lookup,1,8,miss,4096,2048,salted-mix64,cpp-unordered-map,chaining-buckets,4096,5,1024,2097152,3025000,4562025355725514772,16172748985559573147
index-formal,index,isolated-lookup,1,8,miss,4096,2048,salted-mix64,rust-hash-map,usable-entries,3584,5,1024,2097152,4414000,4562025355725514772,16172748985559573147
index-formal,index,isolated-lookup,1,8,miss,4096,2048,salted-mix64,cpp-unordered-map,chaining-buckets,4096,6,1024,2097152,3029000,6591037010649270577,11623346431533299128
index-formal,index,isolated-lookup,1,8,miss,4096,2048,salted-mix64,rust-hash-map,usable-entries,3584,6,1024,2097152,4542000,6591037010649270577,11623346431533299128
index-formal,index,isolated-lookup,1,8,miss,4096,2048,salted-mix64,whitefoot-hash-map,physical-slots,4096,6,1024,2097152,6635000,6591037010649270577,11623346431533299128
index-formal,index,isolated-lookup,1,8,miss,4096,2048,salted-mix64,rust-hash-map,usable-entries,3584,7,1024,2097152,4479000,11181113795741075825,12840744521595376045
index-formal,index,isolated-lookup,1,8,miss,4096,2048,salted-mix64,whitefoot-hash-map,physical-slots,4096,7,1024,2097152,6380000,11181113795741075825,12840744521595376045
index-formal,index,isolated-lookup,1,8,miss,4096,2048,salted-mix64,cpp-unordered-map,chaining-buckets,4096,7,1024,2097152,3060000,11181113795741075825,12840744521595376045
index-formal,index,isolated-lookup,1,8,miss,4096,2048,salted-mix64,whitefoot-hash-map,physical-slots,4096,8,1024,2097152,11554000,200723637349124037,13999068279916446456
index-formal,index,isolated-lookup,1,8,miss,4096,2048,salted-mix64,cpp-unordered-map,chaining-buckets,4096,8,1024,2097152,3052000,200723637349124037,13999068279916446456
index-formal,index,isolated-lookup,1,8,miss,4096,2048,salted-mix64,rust-hash-map,usable-entries,3584,8,1024,2097152,4564000,200723637349124037,13999068279916446456
index-formal,index,isolated-lookup,1,8,hit,64,32,salted-mix64,cpp-unordered-map,chaining-buckets,64,0,65536,2097152,3314000,4239522231411693208,6569140190154816122
index-formal,index,isolated-lookup,1,8,hit,64,32,salted-mix64,rust-hash-map,usable-entries,56,0,65536,2097152,4472000,4239522231411693208,6569140190154816122
index-formal,index,isolated-lookup,1,8,hit,64,32,salted-mix64,whitefoot-hash-map,physical-slots,64,0,65536,2097152,4228000,4239522231411693208,6569140190154816122
index-formal,index,isolated-lookup,1,8,hit,64,32,salted-mix64,rust-hash-map,usable-entries,56,1,65536,2097152,5415000,2926486032717465826,18135573329091736190
index-formal,index,isolated-lookup,1,8,hit,64,32,salted-mix64,whitefoot-hash-map,physical-slots,64,1,65536,2097152,4419000,2926486032717465826,18135573329091736190
index-formal,index,isolated-lookup,1,8,hit,64,32,salted-mix64,cpp-unordered-map,chaining-buckets,64,1,65536,2097152,3338000,2926486032717465826,18135573329091736190
index-formal,index,isolated-lookup,1,8,hit,64,32,salted-mix64,whitefoot-hash-map,physical-slots,64,2,65536,2097152,4256000,1950109411527586354,9895997175603665294
index-formal,index,isolated-lookup,1,8,hit,64,32,salted-mix64,cpp-unordered-map,chaining-buckets,64,2,65536,2097152,3313000,1950109411527586354,9895997175603665294
index-formal,index,isolated-lookup,1,8,hit,64,32,salted-mix64,rust-hash-map,usable-entries,56,2,65536,2097152,4504000,1950109411527586354,9895997175603665294
index-formal,index,isolated-lookup,1,8,hit,64,32,salted-mix64,cpp-unordered-map,chaining-buckets,64,3,65536,2097152,3337000,4729026886209191417,12618764708749879515
index-formal,index,isolated-lookup,1,8,hit,64,32,salted-mix64,rust-hash-map,usable-entries,56,3,65536,2097152,4427000,4729026886209191417,12618764708749879515
index-formal,index,isolated-lookup,1,8,hit,64,32,salted-mix64,whitefoot-hash-map,physical-slots,64,3,65536,2097152,4448000,4729026886209191417,12618764708749879515
index-formal,index,isolated-lookup,1,8,hit,64,32,salted-mix64,rust-hash-map,usable-entries,56,4,65536,2097152,4453000,7789383083385681379,6682258775380899928
index-formal,index,isolated-lookup,1,8,hit,64,32,salted-mix64,whitefoot-hash-map,physical-slots,64,4,65536,2097152,4261000,7789383083385681379,6682258775380899928
index-formal,index,isolated-lookup,1,8,hit,64,32,salted-mix64,cpp-unordered-map,chaining-buckets,64,4,65536,2097152,3343000,7789383083385681379,6682258775380899928
index-formal,index,isolated-lookup,1,8,hit,64,32,salted-mix64,whitefoot-hash-map,physical-slots,64,5,65536,2097152,4465000,14912296476274059179,15955402111364378682
index-formal,index,isolated-lookup,1,8,hit,64,32,salted-mix64,cpp-unordered-map,chaining-buckets,64,5,65536,2097152,3377000,14912296476274059179,15955402111364378682
index-formal,index,isolated-lookup,1,8,hit,64,32,salted-mix64,rust-hash-map,usable-entries,56,5,65536,2097152,4407000,14912296476274059179,15955402111364378682
index-formal,index,isolated-lookup,1,8,hit,64,32,salted-mix64,cpp-unordered-map,chaining-buckets,64,6,65536,2097152,3335000,3102224960182046416,17384135073489638916
index-formal,index,isolated-lookup,1,8,hit,64,32,salted-mix64,rust-hash-map,usable-entries,56,6,65536,2097152,4478000,3102224960182046416,17384135073489638916
index-formal,index,isolated-lookup,1,8,hit,64,32,salted-mix64,whitefoot-hash-map,physical-slots,64,6,65536,2097152,4269000,3102224960182046416,17384135073489638916
index-formal,index,isolated-lookup,1,8,hit,64,32,salted-mix64,rust-hash-map,usable-entries,56,7,65536,2097152,5521000,5994810811218061247,14495855000218944738
index-formal,index,isolated-lookup,1,8,hit,64,32,salted-mix64,whitefoot-hash-map,physical-slots,64,7,65536,2097152,4476000,5994810811218061247,14495855000218944738
index-formal,index,isolated-lookup,1,8,hit,64,32,salted-mix64,cpp-unordered-map,chaining-buckets,64,7,65536,2097152,3479000,5994810811218061247,14495855000218944738
index-formal,index,isolated-lookup,1,8,hit,64,32,salted-mix64,whitefoot-hash-map,physical-slots,64,8,65536,2097152,4242000,9874546471375032397,3280734739808937497
index-formal,index,isolated-lookup,1,8,hit,64,32,salted-mix64,cpp-unordered-map,chaining-buckets,64,8,65536,2097152,3459000,9874546471375032397,3280734739808937497
index-formal,index,isolated-lookup,1,8,hit,64,32,salted-mix64,rust-hash-map,usable-entries,56,8,65536,2097152,4490000,9874546471375032397,3280734739808937497
index-formal,index,isolated-lookup,1,8,miss,64,32,salted-mix64,cpp-unordered-map,chaining-buckets,64,0,65536,2097152,3318000,15132253838967462115,6569140190154816122
index-formal,index,isolated-lookup,1,8,miss,64,32,salted-mix64,rust-hash-map,usable-entries,56,0,65536,2097152,3274000,15132253838967462115,6569140190154816122
index-formal,index,isolated-lookup,1,8,miss,64,32,salted-mix64,whitefoot-hash-map,physical-slots,64,0,65536,2097152,5773000,15132253838967462115,6569140190154816122
index-formal,index,isolated-lookup,1,8,miss,64,32,salted-mix64,rust-hash-map,usable-entries,56,1,65536,2097152,3297000,2681066283742362172,18135573329091736190
index-formal,index,isolated-lookup,1,8,miss,64,32,salted-mix64,whitefoot-hash-map,physical-slots,64,1,65536,2097152,7344000,2681066283742362172,18135573329091736190
index-formal,index,isolated-lookup,1,8,miss,64,32,salted-mix64,cpp-unordered-map,chaining-buckets,64,1,65536,2097152,3322000,2681066283742362172,18135573329091736190
index-formal,index,isolated-lookup,1,8,miss,64,32,salted-mix64,whitefoot-hash-map,physical-slots,64,2,65536,2097152,5848000,7296812208248709570,9895997175603665294
index-formal,index,isolated-lookup,1,8,miss,64,32,salted-mix64,cpp-unordered-map,chaining-buckets,64,2,65536,2097152,3214000,7296812208248709570,9895997175603665294
index-formal,index,isolated-lookup,1,8,miss,64,32,salted-mix64,rust-hash-map,usable-entries,56,2,65536,2097152,3266000,7296812208248709570,9895997175603665294
index-formal,index,isolated-lookup,1,8,miss,64,32,salted-mix64,cpp-unordered-map,chaining-buckets,64,3,65536,2097152,3342000,14423111289845556242,12618764708749879515
index-formal,index,isolated-lookup,1,8,miss,64,32,salted-mix64,rust-hash-map,usable-entries,56,3,65536,2097152,3298000,14423111289845556242,12618764708749879515
index-formal,index,isolated-lookup,1,8,miss,64,32,salted-mix64,whitefoot-hash-map,physical-slots,64,3,65536,2097152,7321000,14423111289845556242,12618764708749879515
index-formal,index,isolated-lookup,1,8,miss,64,32,salted-mix64,rust-hash-map,usable-entries,56,4,65536,2097152,4180000,5230495931743818634,6682258775380899928
index-formal,index,isolated-lookup,1,8,miss,64,32,salted-mix64,whitefoot-hash-map,physical-slots,64,4,65536,2097152,5932000,5230495931743818634,6682258775380899928
index-formal,index,isolated-lookup,1,8,miss,64,32,salted-mix64,cpp-unordered-map,chaining-buckets,64,4,65536,2097152,3246000,5230495931743818634,6682258775380899928
index-formal,index,isolated-lookup,1,8,miss,64,32,salted-mix64,whitefoot-hash-map,physical-slots,64,5,65536,2097152,7558000,4562025355725514772,15955402111364378682
index-formal,index,isolated-lookup,1,8,miss,64,32,salted-mix64,cpp-unordered-map,chaining-buckets,64,5,65536,2097152,3296000,4562025355725514772,15955402111364378682
index-formal,index,isolated-lookup,1,8,miss,64,32,salted-mix64,rust-hash-map,usable-entries,56,5,65536,2097152,3342000,4562025355725514772,15955402111364378682
index-formal,index,isolated-lookup,1,8,miss,64,32,salted-mix64,cpp-unordered-map,chaining-buckets,64,6,65536,2097152,3285000,6591037010649270577,17384135073489638916
index-formal,index,isolated-lookup,1,8,miss,64,32,salted-mix64,rust-hash-map,usable-entries,56,6,65536,2097152,4273000,6591037010649270577,17384135073489638916
index-formal,index,isolated-lookup,1,8,miss,64,32,salted-mix64,whitefoot-hash-map,physical-slots,64,6,65536,2097152,5617000,6591037010649270577,17384135073489638916
index-formal,index,isolated-lookup,1,8,miss,64,32,salted-mix64,rust-hash-map,usable-entries,56,7,65536,2097152,3312000,11181113795741075825,14495855000218944738
index-formal,index,isolated-lookup,1,8,miss,64,32,salted-mix64,whitefoot-hash-map,physical-slots,64,7,65536,2097152,7151000,11181113795741075825,14495855000218944738
index-formal,index,isolated-lookup,1,8,miss,64,32,salted-mix64,cpp-unordered-map,chaining-buckets,64,7,65536,2097152,3255000,11181113795741075825,14495855000218944738
index-formal,index,isolated-lookup,1,8,miss,64,32,salted-mix64,whitefoot-hash-map,physical-slots,64,8,65536,2097152,5871000,200723637349124037,3280734739808937497
index-formal,index,isolated-lookup,1,8,miss,64,32,salted-mix64,cpp-unordered-map,chaining-buckets,64,8,65536,2097152,3194000,200723637349124037,3280734739808937497
index-formal,index,isolated-lookup,1,8,miss,64,32,salted-mix64,rust-hash-map,usable-entries,56,8,65536,2097152,4232000,200723637349124037,3280734739808937497
index-formal,index,isolated-lookup,1,256,hit,4096,2048,salted-mix64,cpp-unordered-map,chaining-buckets,4096,0,1024,2097152,4160000,12256773017604771992,4275004589874247251
index-formal,index,isolated-lookup,1,256,hit,4096,2048,salted-mix64,rust-hash-map,usable-entries,3584,0,1024,2097152,5212000,12256773017604771992,4275004589874247251
index-formal,index,isolated-lookup,1,256,hit,4096,2048,salted-mix64,whitefoot-hash-map,physical-slots,4096,0,1024,2097152,5121000,12256773017604771992,4275004589874247251
index-formal,index,isolated-lookup,1,256,hit,4096,2048,salted-mix64,rust-hash-map,usable-entries,3584,1,1024,2097152,5183000,8109805965890620335,4831549970320777124
index-formal,index,isolated-lookup,1,256,hit,4096,2048,salted-mix64,whitefoot-hash-map,physical-slots,4096,1,1024,2097152,5168000,8109805965890620335,4831549970320777124
index-formal,index,isolated-lookup,1,256,hit,4096,2048,salted-mix64,cpp-unordered-map,chaining-buckets,4096,1,1024,2097152,4078000,8109805965890620335,4831549970320777124
index-formal,index,isolated-lookup,1,256,hit,4096,2048,salted-mix64,whitefoot-hash-map,physical-slots,4096,2,1024,2097152,5081000,6236540686233913562,11962292712906248130
index-formal,index,isolated-lookup,1,256,hit,4096,2048,salted-mix64,cpp-unordered-map,chaining-buckets,4096,2,1024,2097152,4122000,6236540686233913562,11962292712906248130
index-formal,index,isolated-lookup,1,256,hit,4096,2048,salted-mix64,rust-hash-map,usable-entries,3584,2,1024,2097152,5153000,6236540686233913562,11962292712906248130
index-formal,index,isolated-lookup,1,256,hit,4096,2048,salted-mix64,cpp-unordered-map,chaining-buckets,4096,3,1024,2097152,4482000,4130214178744726911,15797047148602259028
index-formal,index,isolated-lookup,1,256,hit,4096,2048,salted-mix64,rust-hash-map,usable-entries,3584,3,1024,2097152,5195000,4130214178744726911,15797047148602259028
index-formal,index,isolated-lookup,1,256,hit,4096,2048,salted-mix64,whitefoot-hash-map,physical-slots,4096,3,1024,2097152,5126000,4130214178744726911,15797047148602259028
index-formal,index,isolated-lookup,1,256,hit,4096,2048,salted-mix64,rust-hash-map,usable-entries,3584,4,1024,2097152,5171000,18037281245260807620,10852831350306165609
index-formal,index,isolated-lookup,1,256,hit,4096,2048,salted-mix64,whitefoot-hash-map,physical-slots,4096,4,1024,2097152,5127000,18037281245260807620,10852831350306165609
index-formal,index,isolated-lookup,1,256,hit,4096,2048,salted-mix64,cpp-unordered-map,chaining-buckets,4096,4,1024,2097152,4167000,18037281245260807620,10852831350306165609
index-formal,index,isolated-lookup,1,256,hit,4096,2048,salted-mix64,whitefoot-hash-map,physical-slots,4096,5,1024,2097152,5159000,15561356245120038934,8476091993579837262
index-formal,index,isolated-lookup,1,256,hit,4096,2048,salted-mix64,cpp-unordered-map,chaining-buckets,4096,5,1024,2097152,4136000,15561356245120038934,8476091993579837262
index-formal,index,isolated-lookup,1,256,hit,4096,2048,salted-mix64,rust-hash-map,usable-entries,3584,5,1024,2097152,5235000,15561356245120038934,8476091993579837262
index-formal,index,isolated-lookup,1,256,hit,4096,2048,salted-mix64,cpp-unordered-map,chaining-buckets,4096,6,1024,2097152,4173000,1884708600979695867,14152714158125688331
index-formal,index,isolated-lookup,1,256,hit,4096,2048,salted-mix64,rust-hash-map,usable-entries,3584,6,1024,2097152,5095000,1884708600979695867,14152714158125688331
index-formal,index,isolated-lookup,1,256,hit,4096,2048,salted-mix64,whitefoot-hash-map,physical-slots,4096,6,1024,2097152,5096000,1884708600979695867,14152714158125688331
index-formal,index,isolated-lookup,1,256,hit,4096,2048,salted-mix64,rust-hash-map,usable-entries,3584,7,1024,2097152,5167000,15555180481091510704,16200907735189960835
index-formal,index,isolated-lookup,1,256,hit,4096,2048,salted-mix64,whitefoot-hash-map,physical-slots,4096,7,1024,2097152,5227000,15555180481091510704,16200907735189960835
index-formal,index,isolated-lookup,1,256,hit,4096,2048,salted-mix64,cpp-unordered-map,chaining-buckets,4096,7,1024,2097152,4075000,15555180481091510704,16200907735189960835
index-formal,index,isolated-lookup,1,256,hit,4096,2048,salted-mix64,whitefoot-hash-map,physical-slots,4096,8,1024,2097152,5173000,2735230302163515563,3013337170561999196
index-formal,index,isolated-lookup,1,256,hit,4096,2048,salted-mix64,cpp-unordered-map,chaining-buckets,4096,8,1024,2097152,4141000,2735230302163515563,3013337170561999196
index-formal,index,isolated-lookup,1,256,hit,4096,2048,salted-mix64,rust-hash-map,usable-entries,3584,8,1024,2097152,5127000,2735230302163515563,3013337170561999196
index-formal,index,isolated-lookup,1,256,miss,4096,2048,salted-mix64,cpp-unordered-map,chaining-buckets,4096,0,1024,2097152,3735000,15132253838967462115,4275004589874247251
index-formal,index,isolated-lookup,1,256,miss,4096,2048,salted-mix64,rust-hash-map,usable-entries,3584,0,1024,2097152,4689000,15132253838967462115,4275004589874247251
index-formal,index,isolated-lookup,1,256,miss,4096,2048,salted-mix64,whitefoot-hash-map,physical-slots,4096,0,1024,2097152,7329000,15132253838967462115,4275004589874247251
index-formal,index,isolated-lookup,1,256,miss,4096,2048,salted-mix64,rust-hash-map,usable-entries,3584,1,1024,2097152,4812000,2681066283742362172,4831549970320777124
index-formal,index,isolated-lookup,1,256,miss,4096,2048,salted-mix64,whitefoot-hash-map,physical-slots,4096,1,1024,2097152,7281000,2681066283742362172,4831549970320777124
index-formal,index,isolated-lookup,1,256,miss,4096,2048,salted-mix64,cpp-unordered-map,chaining-buckets,4096,1,1024,2097152,3706000,2681066283742362172,4831549970320777124
index-formal,index,isolated-lookup,1,256,miss,4096,2048,salted-mix64,whitefoot-hash-map,physical-slots,4096,2,1024,2097152,8449000,7296812208248709570,11962292712906248130
index-formal,index,isolated-lookup,1,256,miss,4096,2048,salted-mix64,cpp-unordered-map,chaining-buckets,4096,2,1024,2097152,3715000,7296812208248709570,11962292712906248130
index-formal,index,isolated-lookup,1,256,miss,4096,2048,salted-mix64,rust-hash-map,usable-entries,3584,2,1024,2097152,4548000,7296812208248709570,11962292712906248130
index-formal,index,isolated-lookup,1,256,miss,4096,2048,salted-mix64,cpp-unordered-map,chaining-buckets,4096,3,1024,2097152,3644000,14423111289845556242,15797047148602259028
index-formal,index,isolated-lookup,1,256,miss,4096,2048,salted-mix64,rust-hash-map,usable-entries,3584,3,1024,2097152,4425000,14423111289845556242,15797047148602259028
index-formal,index,isolated-lookup,1,256,miss,4096,2048,salted-mix64,whitefoot-hash-map,physical-slots,4096,3,1024,2097152,6733000,14423111289845556242,15797047148602259028
index-formal,index,isolated-lookup,1,256,miss,4096,2048,salted-mix64,rust-hash-map,usable-entries,3584,4,1024,2097152,4531000,5230495931743818634,10852831350306165609
index-formal,index,isolated-lookup,1,256,miss,4096,2048,salted-mix64,whitefoot-hash-map,physical-slots,4096,4,1024,2097152,7043000,5230495931743818634,10852831350306165609
index-formal,index,isolated-lookup,1,256,miss,4096,2048,salted-mix64,cpp-unordered-map,chaining-buckets,4096,4,1024,2097152,3766000,5230495931743818634,10852831350306165609
index-formal,index,isolated-lookup,1,256,miss,4096,2048,salted-mix64,whitefoot-hash-map,physical-slots,4096,5,1024,2097152,7010000,4562025355725514772,8476091993579837262
index-formal,index,isolated-lookup,1,256,miss,4096,2048,salted-mix64,cpp-unordered-map,chaining-buckets,4096,5,1024,2097152,3677000,4562025355725514772,8476091993579837262
index-formal,index,isolated-lookup,1,256,miss,4096,2048,salted-mix64,rust-hash-map,usable-entries,3584,5,1024,2097152,4438000,4562025355725514772,8476091993579837262
index-formal,index,isolated-lookup,1,256,miss,4096,2048,salted-mix64,cpp-unordered-map,chaining-buckets,4096,6,1024,2097152,3716000,6591037010649270577,14152714158125688331
index-formal,index,isolated-lookup,1,256,miss,4096,2048,salted-mix64,rust-hash-map,usable-entries,3584,6,1024,2097152,4537000,6591037010649270577,14152714158125688331
index-formal,index,isolated-lookup,1,256,miss,4096,2048,salted-mix64,whitefoot-hash-map,physical-slots,4096,6,1024,2097152,7110000,6591037010649270577,14152714158125688331
index-formal,index,isolated-lookup,1,256,miss,4096,2048,salted-mix64,rust-hash-map,usable-entries,3584,7,1024,2097152,4588000,11181113795741075825,16200907735189960835
index-formal,index,isolated-lookup,1,256,miss,4096,2048,salted-mix64,whitefoot-hash-map,physical-slots,4096,7,1024,2097152,6811000,11181113795741075825,16200907735189960835
index-formal,index,isolated-lookup,1,256,miss,4096,2048,salted-mix64,cpp-unordered-map,chaining-buckets,4096,7,1024,2097152,3669000,11181113795741075825,16200907735189960835
index-formal,index,isolated-lookup,1,256,miss,4096,2048,salted-mix64,whitefoot-hash-map,physical-slots,4096,8,1024,2097152,7408000,200723637349124037,3013337170561999196
index-formal,index,isolated-lookup,1,256,miss,4096,2048,salted-mix64,cpp-unordered-map,chaining-buckets,4096,8,1024,2097152,3776000,200723637349124037,3013337170561999196
index-formal,index,isolated-lookup,1,256,miss,4096,2048,salted-mix64,rust-hash-map,usable-entries,3584,8,1024,2097152,4605000,200723637349124037,3013337170561999196
index-formal,index,isolated-lookup,1,256,hit,64,32,salted-mix64,cpp-unordered-map,chaining-buckets,64,0,65536,2097152,3401000,4239522231411693208,18266774267156818832
index-formal,index,isolated-lookup,1,256,hit,64,32,salted-mix64,rust-hash-map,usable-entries,56,0,65536,2097152,4959000,4239522231411693208,18266774267156818832
index-formal,index,isolated-lookup,1,256,hit,64,32,salted-mix64,whitefoot-hash-map,physical-slots,64,0,65536,2097152,4368000,4239522231411693208,18266774267156818832
index-formal,index,isolated-lookup,1,256,hit,64,32,salted-mix64,rust-hash-map,usable-entries,56,1,65536,2097152,5895000,2926486032717465826,17629528883973804059
index-formal,index,isolated-lookup,1,256,hit,64,32,salted-mix64,whitefoot-hash-map,physical-slots,64,1,65536,2097152,4434000,2926486032717465826,17629528883973804059
index-formal,index,isolated-lookup,1,256,hit,64,32,salted-mix64,cpp-unordered-map,chaining-buckets,64,1,65536,2097152,3340000,2926486032717465826,17629528883973804059
index-formal,index,isolated-lookup,1,256,hit,64,32,salted-mix64,whitefoot-hash-map,physical-slots,64,2,65536,2097152,4237000,1950109411527586354,10588808568664885272
index-formal,index,isolated-lookup,1,256,hit,64,32,salted-mix64,cpp-unordered-map,chaining-buckets,64,2,65536,2097152,3306000,1950109411527586354,10588808568664885272
index-formal,index,isolated-lookup,1,256,hit,64,32,salted-mix64,rust-hash-map,usable-entries,56,2,65536,2097152,4821000,1950109411527586354,10588808568664885272
index-formal,index,isolated-lookup,1,256,hit,64,32,salted-mix64,cpp-unordered-map,chaining-buckets,64,3,65536,2097152,3365000,4729026886209191417,9643622543523366911
index-formal,index,isolated-lookup,1,256,hit,64,32,salted-mix64,rust-hash-map,usable-entries,56,3,65536,2097152,4804000,4729026886209191417,9643622543523366911
index-formal,index,isolated-lookup,1,256,hit,64,32,salted-mix64,whitefoot-hash-map,physical-slots,64,3,65536,2097152,4449000,4729026886209191417,9643622543523366911
index-formal,index,isolated-lookup,1,256,hit,64,32,salted-mix64,rust-hash-map,usable-entries,56,4,65536,2097152,4805000,7789383083385681379,7997935681297465229
index-formal,index,isolated-lookup,1,256,hit,64,32,salted-mix64,whitefoot-hash-map,physical-slots,64,4,65536,2097152,4253000,7789383083385681379,7997935681297465229
index-formal,index,isolated-lookup,1,256,hit,64,32,salted-mix64,cpp-unordered-map,chaining-buckets,64,4,65536,2097152,3341000,7789383083385681379,7997935681297465229
index-formal,index,isolated-lookup,1,256,hit,64,32,salted-mix64,whitefoot-hash-map,physical-slots,64,5,65536,2097152,4446000,14912296476274059179,12589978323246251962
index-formal,index,isolated-lookup,1,256,hit,64,32,salted-mix64,cpp-unordered-map,chaining-buckets,64,5,65536,2097152,3349000,14912296476274059179,12589978323246251962
index-formal,index,isolated-lookup,1,256,hit,64,32,salted-mix64,rust-hash-map,usable-entries,56,5,65536,2097152,4799000,14912296476274059179,12589978323246251962
index-formal,index,isolated-lookup,1,256,hit,64,32,salted-mix64,cpp-unordered-map,chaining-buckets,64,6,65536,2097152,3325000,3102224960182046416,1695167606993225687
index-formal,index,isolated-lookup,1,256,hit,64,32,salted-mix64,rust-hash-map,usable-entries,56,6,65536,2097152,4802000,3102224960182046416,1695167606993225687
index-formal,index,isolated-lookup,1,256,hit,64,32,salted-mix64,whitefoot-hash-map,physical-slots,64,6,65536,2097152,4253000,3102224960182046416,1695167606993225687
index-formal,index,isolated-lookup,1,256,hit,64,32,salted-mix64,rust-hash-map,usable-entries,56,7,65536,2097152,5961000,5994810811218061247,16222476275378838822
index-formal,index,isolated-lookup,1,256,hit,64,32,salted-mix64,whitefoot-hash-map,physical-slots,64,7,65536,2097152,4678000,5994810811218061247,16222476275378838822
index-formal,index,isolated-lookup,1,256,hit,64,32,salted-mix64,cpp-unordered-map,chaining-buckets,64,7,65536,2097152,3347000,5994810811218061247,16222476275378838822
index-formal,index,isolated-lookup,1,256,hit,64,32,salted-mix64,whitefoot-hash-map,physical-slots,64,8,65536,2097152,4236000,9874546471375032397,14881868431885356544
index-formal,index,isolated-lookup,1,256,hit,64,32,salted-mix64,cpp-unordered-map,chaining-buckets,64,8,65536,2097152,3333000,9874546471375032397,14881868431885356544
index-formal,index,isolated-lookup,1,256,hit,64,32,salted-mix64,rust-hash-map,usable-entries,56,8,65536,2097152,4803000,9874546471375032397,14881868431885356544
index-formal,index,isolated-lookup,1,256,miss,64,32,salted-mix64,cpp-unordered-map,chaining-buckets,64,0,65536,2097152,3319000,15132253838967462115,18266774267156818832
index-formal,index,isolated-lookup,1,256,miss,64,32,salted-mix64,rust-hash-map,usable-entries,56,0,65536,2097152,3270000,15132253838967462115,18266774267156818832
index-formal,index,isolated-lookup,1,256,miss,64,32,salted-mix64,whitefoot-hash-map,physical-slots,64,0,65536,2097152,5839000,15132253838967462115,18266774267156818832
index-formal,index,isolated-lookup,1,256,miss,64,32,salted-mix64,rust-hash-map,usable-entries,56,1,65536,2097152,3278000,2681066283742362172,17629528883973804059
index-formal,index,isolated-lookup,1,256,miss,64,32,salted-mix64,whitefoot-hash-map,physical-slots,64,1,65536,2097152,7330000,2681066283742362172,17629528883973804059
index-formal,index,isolated-lookup,1,256,miss,64,32,salted-mix64,cpp-unordered-map,chaining-buckets,64,1,65536,2097152,3310000,2681066283742362172,17629528883973804059
index-formal,index,isolated-lookup,1,256,miss,64,32,salted-mix64,whitefoot-hash-map,physical-slots,64,2,65536,2097152,5874000,7296812208248709570,10588808568664885272
index-formal,index,isolated-lookup,1,256,miss,64,32,salted-mix64,cpp-unordered-map,chaining-buckets,64,2,65536,2097152,3221000,7296812208248709570,10588808568664885272
index-formal,index,isolated-lookup,1,256,miss,64,32,salted-mix64,rust-hash-map,usable-entries,56,2,65536,2097152,3302000,7296812208248709570,10588808568664885272
index-formal,index,isolated-lookup,1,256,miss,64,32,salted-mix64,cpp-unordered-map,chaining-buckets,64,3,65536,2097152,3340000,14423111289845556242,9643622543523366911
index-formal,index,isolated-lookup,1,256,miss,64,32,salted-mix64,rust-hash-map,usable-entries,56,3,65536,2097152,3317000,14423111289845556242,9643622543523366911
index-formal,index,isolated-lookup,1,256,miss,64,32,salted-mix64,whitefoot-hash-map,physical-slots,64,3,65536,2097152,7322000,14423111289845556242,9643622543523366911
index-formal,index,isolated-lookup,1,256,miss,64,32,salted-mix64,rust-hash-map,usable-entries,56,4,65536,2097152,4230000,5230495931743818634,7997935681297465229
index-formal,index,isolated-lookup,1,256,miss,64,32,salted-mix64,whitefoot-hash-map,physical-slots,64,4,65536,2097152,5928000,5230495931743818634,7997935681297465229
index-formal,index,isolated-lookup,1,256,miss,64,32,salted-mix64,cpp-unordered-map,chaining-buckets,64,4,65536,2097152,3273000,5230495931743818634,7997935681297465229
index-formal,index,isolated-lookup,1,256,miss,64,32,salted-mix64,whitefoot-hash-map,physical-slots,64,5,65536,2097152,7538000,4562025355725514772,12589978323246251962
index-formal,index,isolated-lookup,1,256,miss,64,32,salted-mix64,cpp-unordered-map,chaining-buckets,64,5,65536,2097152,3290000,4562025355725514772,12589978323246251962
index-formal,index,isolated-lookup,1,256,miss,64,32,salted-mix64,rust-hash-map,usable-entries,56,5,65536,2097152,3285000,4562025355725514772,12589978323246251962
index-formal,index,isolated-lookup,1,256,miss,64,32,salted-mix64,cpp-unordered-map,chaining-buckets,64,6,65536,2097152,3155000,6591037010649270577,1695167606993225687
index-formal,index,isolated-lookup,1,256,miss,64,32,salted-mix64,rust-hash-map,usable-entries,56,6,65536,2097152,4231000,6591037010649270577,1695167606993225687
index-formal,index,isolated-lookup,1,256,miss,64,32,salted-mix64,whitefoot-hash-map,physical-slots,64,6,65536,2097152,5574000,6591037010649270577,1695167606993225687
index-formal,index,isolated-lookup,1,256,miss,64,32,salted-mix64,rust-hash-map,usable-entries,56,7,65536,2097152,3585000,11181113795741075825,16222476275378838822
index-formal,index,isolated-lookup,1,256,miss,64,32,salted-mix64,whitefoot-hash-map,physical-slots,64,7,65536,2097152,7255000,11181113795741075825,16222476275378838822
index-formal,index,isolated-lookup,1,256,miss,64,32,salted-mix64,cpp-unordered-map,chaining-buckets,64,7,65536,2097152,3187000,11181113795741075825,16222476275378838822
index-formal,index,isolated-lookup,1,256,miss,64,32,salted-mix64,whitefoot-hash-map,physical-slots,64,8,65536,2097152,5930000,200723637349124037,14881868431885356544
index-formal,index,isolated-lookup,1,256,miss,64,32,salted-mix64,cpp-unordered-map,chaining-buckets,64,8,65536,2097152,3230000,200723637349124037,14881868431885356544
index-formal,index,isolated-lookup,1,256,miss,64,32,salted-mix64,rust-hash-map,usable-entries,56,8,65536,2097152,4300000,200723637349124037,14881868431885356544
mask-paired,index,isolated-lookup,0,8,hit,64,32,salted-mix64,whitefoot-hash-map,physical-slots,64,0,65536,2097152,4221000,4239522231411693208,6569140190154816122
mask-paired,index,isolated-lookup,0,8,hit,64,32,salted-mix64,rust-hash-map,usable-entries,56,0,65536,2097152,4549000,4239522231411693208,6569140190154816122
mask-paired,index,isolated-lookup,0,8,hit,64,32,salted-mix64,cpp-unordered-map,chaining-buckets,64,0,65536,2097152,3321000,4239522231411693208,6569140190154816122
mask-paired,index,isolated-lookup,0,8,hit,64,32,salted-mix64,rust-hash-map,usable-entries,56,1,65536,2097152,5559000,2926486032717465826,18135573329091736190
mask-paired,index,isolated-lookup,0,8,hit,64,32,salted-mix64,cpp-unordered-map,chaining-buckets,64,1,65536,2097152,3372000,2926486032717465826,18135573329091736190
mask-paired,index,isolated-lookup,0,8,hit,64,32,salted-mix64,whitefoot-hash-map,physical-slots,64,1,65536,2097152,4446000,2926486032717465826,18135573329091736190
mask-paired,index,isolated-lookup,0,8,hit,64,32,salted-mix64,cpp-unordered-map,chaining-buckets,64,2,65536,2097152,3323000,1950109411527586354,9895997175603665294
mask-paired,index,isolated-lookup,0,8,hit,64,32,salted-mix64,whitefoot-hash-map,physical-slots,64,2,65536,2097152,4366000,1950109411527586354,9895997175603665294
mask-paired,index,isolated-lookup,0,8,hit,64,32,salted-mix64,rust-hash-map,usable-entries,56,2,65536,2097152,4486000,1950109411527586354,9895997175603665294
mask-paired,index,isolated-lookup,0,8,hit,64,32,salted-mix64,whitefoot-hash-map,physical-slots,64,3,65536,2097152,4433000,4729026886209191417,12618764708749879515
mask-paired,index,isolated-lookup,0,8,hit,64,32,salted-mix64,rust-hash-map,usable-entries,56,3,65536,2097152,4410000,4729026886209191417,12618764708749879515
mask-paired,index,isolated-lookup,0,8,hit,64,32,salted-mix64,cpp-unordered-map,chaining-buckets,64,3,65536,2097152,3343000,4729026886209191417,12618764708749879515
mask-paired,index,isolated-lookup,0,8,hit,64,32,salted-mix64,rust-hash-map,usable-entries,56,4,65536,2097152,4503000,7789383083385681379,6682258775380899928
mask-paired,index,isolated-lookup,0,8,hit,64,32,salted-mix64,cpp-unordered-map,chaining-buckets,64,4,65536,2097152,3305000,7789383083385681379,6682258775380899928
mask-paired,index,isolated-lookup,0,8,hit,64,32,salted-mix64,whitefoot-hash-map,physical-slots,64,4,65536,2097152,4235000,7789383083385681379,6682258775380899928
mask-paired,index,isolated-lookup,0,8,hit,64,32,salted-mix64,cpp-unordered-map,chaining-buckets,64,5,65536,2097152,3349000,14912296476274059179,15955402111364378682
mask-paired,index,isolated-lookup,0,8,hit,64,32,salted-mix64,whitefoot-hash-map,physical-slots,64,5,65536,2097152,4446000,14912296476274059179,15955402111364378682
mask-paired,index,isolated-lookup,0,8,hit,64,32,salted-mix64,rust-hash-map,usable-entries,56,5,65536,2097152,4403000,14912296476274059179,15955402111364378682
mask-paired,index,isolated-lookup,0,8,hit,64,32,salted-mix64,whitefoot-hash-map,physical-slots,64,6,65536,2097152,4239000,3102224960182046416,17384135073489638916
mask-paired,index,isolated-lookup,0,8,hit,64,32,salted-mix64,rust-hash-map,usable-entries,56,6,65536,2097152,4473000,3102224960182046416,17384135073489638916
mask-paired,index,isolated-lookup,0,8,hit,64,32,salted-mix64,cpp-unordered-map,chaining-buckets,64,6,65536,2097152,3322000,3102224960182046416,17384135073489638916
mask-paired,index,isolated-lookup,0,8,hit,64,32,salted-mix64,rust-hash-map,usable-entries,56,7,65536,2097152,5482000,5994810811218061247,14495855000218944738
mask-paired,index,isolated-lookup,0,8,hit,64,32,salted-mix64,cpp-unordered-map,chaining-buckets,64,7,65536,2097152,3373000,5994810811218061247,14495855000218944738
mask-paired,index,isolated-lookup,0,8,hit,64,32,salted-mix64,whitefoot-hash-map,physical-slots,64,7,65536,2097152,4463000,5994810811218061247,14495855000218944738
mask-paired,index,isolated-lookup,0,8,hit,64,32,salted-mix64,cpp-unordered-map,chaining-buckets,64,8,65536,2097152,3306000,9874546471375032397,3280734739808937497
mask-paired,index,isolated-lookup,0,8,hit,64,32,salted-mix64,whitefoot-hash-map,physical-slots,64,8,65536,2097152,4237000,9874546471375032397,3280734739808937497
mask-paired,index,isolated-lookup,0,8,hit,64,32,salted-mix64,rust-hash-map,usable-entries,56,8,65536,2097152,4476000,9874546471375032397,3280734739808937497
mask-paired,index,isolated-lookup,0,8,miss,64,32,salted-mix64,whitefoot-hash-map,physical-slots,64,0,65536,2097152,5994000,15132253838967462115,6569140190154816122
mask-paired,index,isolated-lookup,0,8,miss,64,32,salted-mix64,rust-hash-map,usable-entries,56,0,65536,2097152,3363000,15132253838967462115,6569140190154816122
mask-paired,index,isolated-lookup,0,8,miss,64,32,salted-mix64,cpp-unordered-map,chaining-buckets,64,0,65536,2097152,3512000,15132253838967462115,6569140190154816122
mask-paired,index,isolated-lookup,0,8,miss,64,32,salted-mix64,rust-hash-map,usable-entries,56,1,65536,2097152,3488000,2681066283742362172,18135573329091736190
mask-paired,index,isolated-lookup,0,8,miss,64,32,salted-mix64,cpp-unordered-map,chaining-buckets,64,1,65536,2097152,3498000,2681066283742362172,18135573329091736190
mask-paired,index,isolated-lookup,0,8,miss,64,32,salted-mix64,whitefoot-hash-map,physical-slots,64,1,65536,2097152,7392000,2681066283742362172,18135573329091736190
mask-paired,index,isolated-lookup,0,8,miss,64,32,salted-mix64,cpp-unordered-map,chaining-buckets,64,2,65536,2097152,3257000,7296812208248709570,9895997175603665294
mask-paired,index,isolated-lookup,0,8,miss,64,32,salted-mix64,whitefoot-hash-map,physical-slots,64,2,65536,2097152,6062000,7296812208248709570,9895997175603665294
mask-paired,index,isolated-lookup,0,8,miss,64,32,salted-mix64,rust-hash-map,usable-entries,56,2,65536,2097152,3536000,7296812208248709570,9895997175603665294
mask-paired,index,isolated-lookup,0,8,miss,64,32,salted-mix64,whitefoot-hash-map,physical-slots,64,3,65536,2097152,7463000,14423111289845556242,12618764708749879515
mask-paired,index,isolated-lookup,0,8,miss,64,32,salted-mix64,rust-hash-map,usable-entries,56,3,65536,2097152,3290000,14423111289845556242,12618764708749879515
mask-paired,index,isolated-lookup,0,8,miss,64,32,salted-mix64,cpp-unordered-map,chaining-buckets,64,3,65536,2097152,3333000,14423111289845556242,12618764708749879515
mask-paired,index,isolated-lookup,0,8,miss,64,32,salted-mix64,rust-hash-map,usable-entries,56,4,65536,2097152,4174000,5230495931743818634,6682258775380899928
mask-paired,index,isolated-lookup,0,8,miss,64,32,salted-mix64,cpp-unordered-map,chaining-buckets,64,4,65536,2097152,3269000,5230495931743818634,6682258775380899928
mask-paired,index,isolated-lookup,0,8,miss,64,32,salted-mix64,whitefoot-hash-map,physical-slots,64,4,65536,2097152,6125000,5230495931743818634,6682258775380899928
mask-paired,index,isolated-lookup,0,8,miss,64,32,salted-mix64,cpp-unordered-map,chaining-buckets,64,5,65536,2097152,3277000,4562025355725514772,15955402111364378682
mask-paired,index,isolated-lookup,0,8,miss,64,32,salted-mix64,whitefoot-hash-map,physical-slots,64,5,65536,2097152,7654000,4562025355725514772,15955402111364378682
mask-paired,index,isolated-lookup,0,8,miss,64,32,salted-mix64,rust-hash-map,usable-entries,56,5,65536,2097152,3301000,4562025355725514772,15955402111364378682
mask-paired,index,isolated-lookup,0,8,miss,64,32,salted-mix64,whitefoot-hash-map,physical-slots,64,6,65536,2097152,5609000,6591037010649270577,17384135073489638916
mask-paired,index,isolated-lookup,0,8,miss,64,32,salted-mix64,rust-hash-map,usable-entries,56,6,65536,2097152,4264000,6591037010649270577,17384135073489638916
mask-paired,index,isolated-lookup,0,8,miss,64,32,salted-mix64,cpp-unordered-map,chaining-buckets,64,6,65536,2097152,3136000,6591037010649270577,17384135073489638916
mask-paired,index,isolated-lookup,0,8,miss,64,32,salted-mix64,rust-hash-map,usable-entries,56,7,65536,2097152,3293000,11181113795741075825,14495855000218944738
mask-paired,index,isolated-lookup,0,8,miss,64,32,salted-mix64,cpp-unordered-map,chaining-buckets,64,7,65536,2097152,3205000,11181113795741075825,14495855000218944738
mask-paired,index,isolated-lookup,0,8,miss,64,32,salted-mix64,whitefoot-hash-map,physical-slots,64,7,65536,2097152,7153000,11181113795741075825,14495855000218944738
mask-paired,index,isolated-lookup,0,8,miss,64,32,salted-mix64,cpp-unordered-map,chaining-buckets,64,8,65536,2097152,3176000,200723637349124037,3280734739808937497
mask-paired,index,isolated-lookup,0,8,miss,64,32,salted-mix64,whitefoot-hash-map,physical-slots,64,8,65536,2097152,5871000,200723637349124037,3280734739808937497
mask-paired,index,isolated-lookup,0,8,miss,64,32,salted-mix64,rust-hash-map,usable-entries,56,8,65536,2097152,4378000,200723637349124037,3280734739808937497
mask-paired,index,isolated-lookup,0,8,hit,4096,2048,salted-mix64,whitefoot-hash-map,physical-slots,4096,0,1024,2097152,4740000,12256773017604771992,5491702704287014337
mask-paired,index,isolated-lookup,0,8,hit,4096,2048,salted-mix64,rust-hash-map,usable-entries,3584,0,1024,2097152,4595000,12256773017604771992,5491702704287014337
mask-paired,index,isolated-lookup,0,8,hit,4096,2048,salted-mix64,cpp-unordered-map,chaining-buckets,4096,0,1024,2097152,3548000,12256773017604771992,5491702704287014337
mask-paired,index,isolated-lookup,0,8,hit,4096,2048,salted-mix64,rust-hash-map,usable-entries,3584,1,1024,2097152,4674000,8109805965890620335,2763695295485510119
mask-paired,index,isolated-lookup,0,8,hit,4096,2048,salted-mix64,cpp-unordered-map,chaining-buckets,4096,1,1024,2097152,3491000,8109805965890620335,2763695295485510119
mask-paired,index,isolated-lookup,0,8,hit,4096,2048,salted-mix64,whitefoot-hash-map,physical-slots,4096,1,1024,2097152,4811000,8109805965890620335,2763695295485510119
mask-paired,index,isolated-lookup,0,8,hit,4096,2048,salted-mix64,cpp-unordered-map,chaining-buckets,4096,2,1024,2097152,3678000,6236540686233913562,169108885870040371
mask-paired,index,isolated-lookup,0,8,hit,4096,2048,salted-mix64,whitefoot-hash-map,physical-slots,4096,2,1024,2097152,4749000,6236540686233913562,169108885870040371
mask-paired,index,isolated-lookup,0,8,hit,4096,2048,salted-mix64,rust-hash-map,usable-entries,3584,2,1024,2097152,4581000,6236540686233913562,169108885870040371
mask-paired,index,isolated-lookup,0,8,hit,4096,2048,salted-mix64,whitefoot-hash-map,physical-slots,4096,3,1024,2097152,4806000,4130214178744726911,13533504526737804194
mask-paired,index,isolated-lookup,0,8,hit,4096,2048,salted-mix64,rust-hash-map,usable-entries,3584,3,1024,2097152,4666000,4130214178744726911,13533504526737804194
mask-paired,index,isolated-lookup,0,8,hit,4096,2048,salted-mix64,cpp-unordered-map,chaining-buckets,4096,3,1024,2097152,3539000,4130214178744726911,13533504526737804194
mask-paired,index,isolated-lookup,0,8,hit,4096,2048,salted-mix64,rust-hash-map,usable-entries,3584,4,1024,2097152,4564000,18037281245260807620,14383430485961478032
mask-paired,index,isolated-lookup,0,8,hit,4096,2048,salted-mix64,cpp-unordered-map,chaining-buckets,4096,4,1024,2097152,3535000,18037281245260807620,14383430485961478032
mask-paired,index,isolated-lookup,0,8,hit,4096,2048,salted-mix64,whitefoot-hash-map,physical-slots,4096,4,1024,2097152,4827000,18037281245260807620,14383430485961478032
mask-paired,index,isolated-lookup,0,8,hit,4096,2048,salted-mix64,cpp-unordered-map,chaining-buckets,4096,5,1024,2097152,3736000,15561356245120038934,16172748985559573147
mask-paired,index,isolated-lookup,0,8,hit,4096,2048,salted-mix64,whitefoot-hash-map,physical-slots,4096,5,1024,2097152,4767000,15561356245120038934,16172748985559573147
mask-paired,index,isolated-lookup,0,8,hit,4096,2048,salted-mix64,rust-hash-map,usable-entries,3584,5,1024,2097152,4687000,15561356245120038934,16172748985559573147
mask-paired,index,isolated-lookup,0,8,hit,4096,2048,salted-mix64,whitefoot-hash-map,physical-slots,4096,6,1024,2097152,4705000,1884708600979695867,11623346431533299128
mask-paired,index,isolated-lookup,0,8,hit,4096,2048,salted-mix64,rust-hash-map,usable-entries,3584,6,1024,2097152,4564000,1884708600979695867,11623346431533299128
mask-paired,index,isolated-lookup,0,8,hit,4096,2048,salted-mix64,cpp-unordered-map,chaining-buckets,4096,6,1024,2097152,3445000,1884708600979695867,11623346431533299128
mask-paired,index,isolated-lookup,0,8,hit,4096,2048,salted-mix64,rust-hash-map,usable-entries,3584,7,1024,2097152,4664000,15555180481091510704,12840744521595376045
mask-paired,index,isolated-lookup,0,8,hit,4096,2048,salted-mix64,cpp-unordered-map,chaining-buckets,4096,7,1024,2097152,3532000,15555180481091510704,12840744521595376045
mask-paired,index,isolated-lookup,0,8,hit,4096,2048,salted-mix64,whitefoot-hash-map,physical-slots,4096,7,1024,2097152,4934000,15555180481091510704,12840744521595376045
mask-paired,index,isolated-lookup,0,8,hit,4096,2048,salted-mix64,cpp-unordered-map,chaining-buckets,4096,8,1024,2097152,3618000,2735230302163515563,13999068279916446456
mask-paired,index,isolated-lookup,0,8,hit,4096,2048,salted-mix64,whitefoot-hash-map,physical-slots,4096,8,1024,2097152,4737000,2735230302163515563,13999068279916446456
mask-paired,index,isolated-lookup,0,8,hit,4096,2048,salted-mix64,rust-hash-map,usable-entries,3584,8,1024,2097152,4600000,2735230302163515563,13999068279916446456
mask-paired,index,isolated-lookup,0,8,miss,4096,2048,salted-mix64,whitefoot-hash-map,physical-slots,4096,0,1024,2097152,6630000,15132253838967462115,5491702704287014337
mask-paired,index,isolated-lookup,0,8,miss,4096,2048,salted-mix64,rust-hash-map,usable-entries,3584,0,1024,2097152,4535000,15132253838967462115,5491702704287014337
mask-paired,index,isolated-lookup,0,8,miss,4096,2048,salted-mix64,cpp-unordered-map,chaining-buckets,4096,0,1024,2097152,3115000,15132253838967462115,5491702704287014337
mask-paired,index,isolated-lookup,0,8,miss,4096,2048,salted-mix64,rust-hash-map,usable-entries,3584,1,1024,2097152,4637000,2681066283742362172,2763695295485510119
mask-paired,index,isolated-lookup,0,8,miss,4096,2048,salted-mix64,cpp-unordered-map,chaining-buckets,4096,1,1024,2097152,3129000,2681066283742362172,2763695295485510119
mask-paired,index,isolated-lookup,0,8,miss,4096,2048,salted-mix64,whitefoot-hash-map,physical-slots,4096,1,1024,2097152,7087000,2681066283742362172,2763695295485510119
mask-paired,index,isolated-lookup,0,8,miss,4096,2048,salted-mix64,cpp-unordered-map,chaining-buckets,4096,2,1024,2097152,3035000,7296812208248709570,169108885870040371
mask-paired,index,isolated-lookup,0,8,miss,4096,2048,salted-mix64,whitefoot-hash-map,physical-slots,4096,2,1024,2097152,7204000,7296812208248709570,169108885870040371
mask-paired,index,isolated-lookup,0,8,miss,4096,2048,salted-mix64,rust-hash-map,usable-entries,3584,2,1024,2097152,4584000,7296812208248709570,169108885870040371
mask-paired,index,isolated-lookup,0,8,miss,4096,2048,salted-mix64,whitefoot-hash-map,physical-slots,4096,3,1024,2097152,6286000,14423111289845556242,13533504526737804194
mask-paired,index,isolated-lookup,0,8,miss,4096,2048,salted-mix64,rust-hash-map,usable-entries,3584,3,1024,2097152,4450000,14423111289845556242,13533504526737804194
mask-paired,index,isolated-lookup,0,8,miss,4096,2048,salted-mix64,cpp-unordered-map,chaining-buckets,4096,3,1024,2097152,3096000,14423111289845556242,13533504526737804194
mask-paired,index,isolated-lookup,0,8,miss,4096,2048,salted-mix64,rust-hash-map,usable-entries,3584,4,1024,2097152,4570000,5230495931743818634,14383430485961478032
mask-paired,index,isolated-lookup,0,8,miss,4096,2048,salted-mix64,cpp-unordered-map,chaining-buckets,4096,4,1024,2097152,3025000,5230495931743818634,14383430485961478032
mask-paired,index,isolated-lookup,0,8,miss,4096,2048,salted-mix64,whitefoot-hash-map,physical-slots,4096,4,1024,2097152,7224000,5230495931743818634,14383430485961478032
mask-paired,index,isolated-lookup,0,8,miss,4096,2048,salted-mix64,cpp-unordered-map,chaining-buckets,4096,5,1024,2097152,3017000,4562025355725514772,16172748985559573147
mask-paired,index,isolated-lookup,0,8,miss,4096,2048,salted-mix64,whitefoot-hash-map,physical-slots,4096,5,1024,2097152,7818000,4562025355725514772,16172748985559573147
mask-paired,index,isolated-lookup,0,8,miss,4096,2048,salted-mix64,rust-hash-map,usable-entries,3584,5,1024,2097152,4671000,4562025355725514772,16172748985559573147
mask-paired,index,isolated-lookup,0,8,miss,4096,2048,salted-mix64,whitefoot-hash-map,physical-slots,4096,6,1024,2097152,7156000,6591037010649270577,11623346431533299128
mask-paired,index,isolated-lookup,0,8,miss,4096,2048,salted-mix64,rust-hash-map,usable-entries,3584,6,1024,2097152,4535000,6591037010649270577,11623346431533299128
mask-paired,index,isolated-lookup,0,8,miss,4096,2048,salted-mix64,cpp-unordered-map,chaining-buckets,4096,6,1024,2097152,3180000,6591037010649270577,11623346431533299128
mask-paired,index,isolated-lookup,0,8,miss,4096,2048,salted-mix64,rust-hash-map,usable-entries,3584,7,1024,2097152,4575000,11181113795741075825,12840744521595376045
mask-paired,index,isolated-lookup,0,8,miss,4096,2048,salted-mix64,cpp-unordered-map,chaining-buckets,4096,7,1024,2097152,3170000,11181113795741075825,12840744521595376045
mask-paired,index,isolated-lookup,0,8,miss,4096,2048,salted-mix64,whitefoot-hash-map,physical-slots,4096,7,1024,2097152,6580000,11181113795741075825,12840744521595376045
mask-paired,index,isolated-lookup,0,8,miss,4096,2048,salted-mix64,cpp-unordered-map,chaining-buckets,4096,8,1024,2097152,3184000,200723637349124037,13999068279916446456
mask-paired,index,isolated-lookup,0,8,miss,4096,2048,salted-mix64,whitefoot-hash-map,physical-slots,4096,8,1024,2097152,6920000,200723637349124037,13999068279916446456
mask-paired,index,isolated-lookup,0,8,miss,4096,2048,salted-mix64,rust-hash-map,usable-entries,3584,8,1024,2097152,4759000,200723637349124037,13999068279916446456
mask-paired,index,isolated-lookup,0,256,hit,64,32,salted-mix64,whitefoot-hash-map,physical-slots,64,0,65536,2097152,4227000,4239522231411693208,18266774267156818832
mask-paired,index,isolated-lookup,0,256,hit,64,32,salted-mix64,rust-hash-map,usable-entries,56,0,65536,2097152,4835000,4239522231411693208,18266774267156818832
mask-paired,index,isolated-lookup,0,256,hit,64,32,salted-mix64,cpp-unordered-map,chaining-buckets,64,0,65536,2097152,3304000,4239522231411693208,18266774267156818832
mask-paired,index,isolated-lookup,0,256,hit,64,32,salted-mix64,rust-hash-map,usable-entries,56,1,65536,2097152,6025000,2926486032717465826,17629528883973804059
mask-paired,index,isolated-lookup,0,256,hit,64,32,salted-mix64,cpp-unordered-map,chaining-buckets,64,1,65536,2097152,3449000,2926486032717465826,17629528883973804059
mask-paired,index,isolated-lookup,0,256,hit,64,32,salted-mix64,whitefoot-hash-map,physical-slots,64,1,65536,2097152,4539000,2926486032717465826,17629528883973804059
mask-paired,index,isolated-lookup,0,256,hit,64,32,salted-mix64,cpp-unordered-map,chaining-buckets,64,2,65536,2097152,3418000,1950109411527586354,10588808568664885272
mask-paired,index,isolated-lookup,0,256,hit,64,32,salted-mix64,whitefoot-hash-map,physical-slots,64,2,65536,2097152,4241000,1950109411527586354,10588808568664885272
mask-paired,index,isolated-lookup,0,256,hit,64,32,salted-mix64,rust-hash-map,usable-entries,56,2,65536,2097152,4801000,1950109411527586354,10588808568664885272
mask-paired,index,isolated-lookup,0,256,hit,64,32,salted-mix64,whitefoot-hash-map,physical-slots,64,3,65536,2097152,4501000,4729026886209191417,9643622543523366911
mask-paired,index,isolated-lookup,0,256,hit,64,32,salted-mix64,rust-hash-map,usable-entries,56,3,65536,2097152,4914000,4729026886209191417,9643622543523366911
mask-paired,index,isolated-lookup,0,256,hit,64,32,salted-mix64,cpp-unordered-map,chaining-buckets,64,3,65536,2097152,3384000,4729026886209191417,9643622543523366911
mask-paired,index,isolated-lookup,0,256,hit,64,32,salted-mix64,rust-hash-map,usable-entries,56,4,65536,2097152,4810000,7789383083385681379,7997935681297465229
mask-paired,index,isolated-lookup,0,256,hit,64,32,salted-mix64,cpp-unordered-map,chaining-buckets,64,4,65536,2097152,3306000,7789383083385681379,7997935681297465229
mask-paired,index,isolated-lookup,0,256,hit,64,32,salted-mix64,whitefoot-hash-map,physical-slots,64,4,65536,2097152,4242000,7789383083385681379,7997935681297465229
mask-paired,index,isolated-lookup,0,256,hit,64,32,salted-mix64,cpp-unordered-map,chaining-buckets,64,5,65536,2097152,3354000,14912296476274059179,12589978323246251962
mask-paired,index,isolated-lookup,0,256,hit,64,32,salted-mix64,whitefoot-hash-map,physical-slots,64,5,65536,2097152,4471000,14912296476274059179,12589978323246251962
mask-paired,index,isolated-lookup,0,256,hit,64,32,salted-mix64,rust-hash-map,usable-entries,56,5,65536,2097152,4852000,14912296476274059179,12589978323246251962
mask-paired,index,isolated-lookup,0,256,hit,64,32,salted-mix64,whitefoot-hash-map,physical-slots,64,6,65536,2097152,4264000,3102224960182046416,1695167606993225687
mask-paired,index,isolated-lookup,0,256,hit,64,32,salted-mix64,rust-hash-map,usable-entries,56,6,65536,2097152,4820000,3102224960182046416,1695167606993225687
mask-paired,index,isolated-lookup,0,256,hit,64,32,salted-mix64,cpp-unordered-map,chaining-buckets,64,6,65536,2097152,3324000,3102224960182046416,1695167606993225687
mask-paired,index,isolated-lookup,0,256,hit,64,32,salted-mix64,rust-hash-map,usable-entries,56,7,65536,2097152,5977000,5994810811218061247,16222476275378838822
mask-paired,index,isolated-lookup,0,256,hit,64,32,salted-mix64,cpp-unordered-map,chaining-buckets,64,7,65536,2097152,3539000,5994810811218061247,16222476275378838822
mask-paired,index,isolated-lookup,0,256,hit,64,32,salted-mix64,whitefoot-hash-map,physical-slots,64,7,65536,2097152,4679000,5994810811218061247,16222476275378838822
mask-paired,index,isolated-lookup,0,256,hit,64,32,salted-mix64,cpp-unordered-map,chaining-buckets,64,8,65536,2097152,3331000,9874546471375032397,14881868431885356544
mask-paired,index,isolated-lookup,0,256,hit,64,32,salted-mix64,whitefoot-hash-map,physical-slots,64,8,65536,2097152,4266000,9874546471375032397,14881868431885356544
mask-paired,index,isolated-lookup,0,256,hit,64,32,salted-mix64,rust-hash-map,usable-entries,56,8,65536,2097152,4831000,9874546471375032397,14881868431885356544
mask-paired,index,isolated-lookup,0,256,miss,64,32,salted-mix64,whitefoot-hash-map,physical-slots,64,0,65536,2097152,5755000,15132253838967462115,18266774267156818832
mask-paired,index,isolated-lookup,0,256,miss,64,32,salted-mix64,rust-hash-map,usable-entries,56,0,65536,2097152,3302000,15132253838967462115,18266774267156818832
mask-paired,index,isolated-lookup,0,256,miss,64,32,salted-mix64,cpp-unordered-map,chaining-buckets,64,0,65536,2097152,3311000,15132253838967462115,18266774267156818832
mask-paired,index,isolated-lookup,0,256,miss,64,32,salted-mix64,rust-hash-map,usable-entries,56,1,65536,2097152,3292000,2681066283742362172,17629528883973804059
mask-paired,index,isolated-lookup,0,256,miss,64,32,salted-mix64,cpp-unordered-map,chaining-buckets,64,1,65536,2097152,3329000,2681066283742362172,17629528883973804059
mask-paired,index,isolated-lookup,0,256,miss,64,32,salted-mix64,whitefoot-hash-map,physical-slots,64,1,65536,2097152,7313000,2681066283742362172,17629528883973804059
mask-paired,index,isolated-lookup,0,256,miss,64,32,salted-mix64,cpp-unordered-map,chaining-buckets,64,2,65536,2097152,3200000,7296812208248709570,10588808568664885272
mask-paired,index,isolated-lookup,0,256,miss,64,32,salted-mix64,whitefoot-hash-map,physical-slots,64,2,65536,2097152,5866000,7296812208248709570,10588808568664885272
mask-paired,index,isolated-lookup,0,256,miss,64,32,salted-mix64,rust-hash-map,usable-entries,56,2,65536,2097152,3292000,7296812208248709570,10588808568664885272
mask-paired,index,isolated-lookup,0,256,miss,64,32,salted-mix64,whitefoot-hash-map,physical-slots,64,3,65536,2097152,7275000,14423111289845556242,9643622543523366911
mask-paired,index,isolated-lookup,0,256,miss,64,32,salted-mix64,rust-hash-map,usable-entries,56,3,65536,2097152,3292000,14423111289845556242,9643622543523366911
mask-paired,index,isolated-lookup,0,256,miss,64,32,salted-mix64,cpp-unordered-map,chaining-buckets,64,3,65536,2097152,3335000,14423111289845556242,9643622543523366911
mask-paired,index,isolated-lookup,0,256,miss,64,32,salted-mix64,rust-hash-map,usable-entries,56,4,65536,2097152,4231000,5230495931743818634,7997935681297465229
mask-paired,index,isolated-lookup,0,256,miss,64,32,salted-mix64,cpp-unordered-map,chaining-buckets,64,4,65536,2097152,3303000,5230495931743818634,7997935681297465229
mask-paired,index,isolated-lookup,0,256,miss,64,32,salted-mix64,whitefoot-hash-map,physical-slots,64,4,65536,2097152,5951000,5230495931743818634,7997935681297465229
mask-paired,index,isolated-lookup,0,256,miss,64,32,salted-mix64,cpp-unordered-map,chaining-buckets,64,5,65536,2097152,3398000,4562025355725514772,12589978323246251962
mask-paired,index,isolated-lookup,0,256,miss,64,32,salted-mix64,whitefoot-hash-map,physical-slots,64,5,65536,2097152,7661000,4562025355725514772,12589978323246251962
mask-paired,index,isolated-lookup,0,256,miss,64,32,salted-mix64,rust-hash-map,usable-entries,56,5,65536,2097152,3321000,4562025355725514772,12589978323246251962
mask-paired,index,isolated-lookup,0,256,miss,64,32,salted-mix64,whitefoot-hash-map,physical-slots,64,6,65536,2097152,5593000,6591037010649270577,1695167606993225687
mask-paired,index,isolated-lookup,0,256,miss,64,32,salted-mix64,rust-hash-map,usable-entries,56,6,65536,2097152,4275000,6591037010649270577,1695167606993225687
mask-paired,index,isolated-lookup,0,256,miss,64,32,salted-mix64,cpp-unordered-map,chaining-buckets,64,6,65536,2097152,3184000,6591037010649270577,1695167606993225687
mask-paired,index,isolated-lookup,0,256,miss,64,32,salted-mix64,rust-hash-map,usable-entries,56,7,65536,2097152,3284000,11181113795741075825,16222476275378838822
mask-paired,index,isolated-lookup,0,256,miss,64,32,salted-mix64,cpp-unordered-map,chaining-buckets,64,7,65536,2097152,3191000,11181113795741075825,16222476275378838822
mask-paired,index,isolated-lookup,0,256,miss,64,32,salted-mix64,whitefoot-hash-map,physical-slots,64,7,65536,2097152,7149000,11181113795741075825,16222476275378838822
mask-paired,index,isolated-lookup,0,256,miss,64,32,salted-mix64,cpp-unordered-map,chaining-buckets,64,8,65536,2097152,3171000,200723637349124037,14881868431885356544
mask-paired,index,isolated-lookup,0,256,miss,64,32,salted-mix64,whitefoot-hash-map,physical-slots,64,8,65536,2097152,5908000,200723637349124037,14881868431885356544
mask-paired,index,isolated-lookup,0,256,miss,64,32,salted-mix64,rust-hash-map,usable-entries,56,8,65536,2097152,4307000,200723637349124037,14881868431885356544
mask-paired,index,isolated-lookup,0,256,hit,4096,2048,salted-mix64,whitefoot-hash-map,physical-slots,4096,0,1024,2097152,5375000,12256773017604771992,4275004589874247251
mask-paired,index,isolated-lookup,0,256,hit,4096,2048,salted-mix64,rust-hash-map,usable-entries,3584,0,1024,2097152,5168000,12256773017604771992,4275004589874247251
mask-paired,index,isolated-lookup,0,256,hit,4096,2048,salted-mix64,cpp-unordered-map,chaining-buckets,4096,0,1024,2097152,4201000,12256773017604771992,4275004589874247251
mask-paired,index,isolated-lookup,0,256,hit,4096,2048,salted-mix64,rust-hash-map,usable-entries,3584,1,1024,2097152,5211000,8109805965890620335,4831549970320777124
mask-paired,index,isolated-lookup,0,256,hit,4096,2048,salted-mix64,cpp-unordered-map,chaining-buckets,4096,1,1024,2097152,4030000,8109805965890620335,4831549970320777124
mask-paired,index,isolated-lookup,0,256,hit,4096,2048,salted-mix64,whitefoot-hash-map,physical-slots,4096,1,1024,2097152,5266000,8109805965890620335,4831549970320777124
mask-paired,index,isolated-lookup,0,256,hit,4096,2048,salted-mix64,cpp-unordered-map,chaining-buckets,4096,2,1024,2097152,4035000,6236540686233913562,11962292712906248130
mask-paired,index,isolated-lookup,0,256,hit,4096,2048,salted-mix64,whitefoot-hash-map,physical-slots,4096,2,1024,2097152,5431000,6236540686233913562,11962292712906248130
mask-paired,index,isolated-lookup,0,256,hit,4096,2048,salted-mix64,rust-hash-map,usable-entries,3584,2,1024,2097152,5373000,6236540686233913562,11962292712906248130
mask-paired,index,isolated-lookup,0,256,hit,4096,2048,salted-mix64,whitefoot-hash-map,physical-slots,4096,3,1024,2097152,5210000,4130214178744726911,15797047148602259028
mask-paired,index,isolated-lookup,0,256,hit,4096,2048,salted-mix64,rust-hash-map,usable-entries,3584,3,1024,2097152,5196000,4130214178744726911,15797047148602259028
mask-paired,index,isolated-lookup,0,256,hit,4096,2048,salted-mix64,cpp-unordered-map,chaining-buckets,4096,3,1024,2097152,4059000,4130214178744726911,15797047148602259028
mask-paired,index,isolated-lookup,0,256,hit,4096,2048,salted-mix64,rust-hash-map,usable-entries,3584,4,1024,2097152,5114000,18037281245260807620,10852831350306165609
mask-paired,index,isolated-lookup,0,256,hit,4096,2048,salted-mix64,cpp-unordered-map,chaining-buckets,4096,4,1024,2097152,4309000,18037281245260807620,10852831350306165609
mask-paired,index,isolated-lookup,0,256,hit,4096,2048,salted-mix64,whitefoot-hash-map,physical-slots,4096,4,1024,2097152,5093000,18037281245260807620,10852831350306165609
mask-paired,index,isolated-lookup,0,256,hit,4096,2048,salted-mix64,cpp-unordered-map,chaining-buckets,4096,5,1024,2097152,4211000,15561356245120038934,8476091993579837262
mask-paired,index,isolated-lookup,0,256,hit,4096,2048,salted-mix64,whitefoot-hash-map,physical-slots,4096,5,1024,2097152,5231000,15561356245120038934,8476091993579837262
mask-paired,index,isolated-lookup,0,256,hit,4096,2048,salted-mix64,rust-hash-map,usable-entries,3584,5,1024,2097152,5180000,15561356245120038934,8476091993579837262
mask-paired,index,isolated-lookup,0,256,hit,4096,2048,salted-mix64,whitefoot-hash-map,physical-slots,4096,6,1024,2097152,5253000,1884708600979695867,14152714158125688331
mask-paired,index,isolated-lookup,0,256,hit,4096,2048,salted-mix64,rust-hash-map,usable-entries,3584,6,1024,2097152,5111000,1884708600979695867,14152714158125688331
mask-paired,index,isolated-lookup,0,256,hit,4096,2048,salted-mix64,cpp-unordered-map,chaining-buckets,4096,6,1024,2097152,4086000,1884708600979695867,14152714158125688331
mask-paired,index,isolated-lookup,0,256,hit,4096,2048,salted-mix64,rust-hash-map,usable-entries,3584,7,1024,2097152,5153000,15555180481091510704,16200907735189960835
mask-paired,index,isolated-lookup,0,256,hit,4096,2048,salted-mix64,cpp-unordered-map,chaining-buckets,4096,7,1024,2097152,4163000,15555180481091510704,16200907735189960835
mask-paired,index,isolated-lookup,0,256,hit,4096,2048,salted-mix64,whitefoot-hash-map,physical-slots,4096,7,1024,2097152,5198000,15555180481091510704,16200907735189960835
mask-paired,index,isolated-lookup,0,256,hit,4096,2048,salted-mix64,cpp-unordered-map,chaining-buckets,4096,8,1024,2097152,4383000,2735230302163515563,3013337170561999196
mask-paired,index,isolated-lookup,0,256,hit,4096,2048,salted-mix64,whitefoot-hash-map,physical-slots,4096,8,1024,2097152,5096000,2735230302163515563,3013337170561999196
mask-paired,index,isolated-lookup,0,256,hit,4096,2048,salted-mix64,rust-hash-map,usable-entries,3584,8,1024,2097152,5126000,2735230302163515563,3013337170561999196
mask-paired,index,isolated-lookup,0,256,miss,4096,2048,salted-mix64,whitefoot-hash-map,physical-slots,4096,0,1024,2097152,7654000,15132253838967462115,4275004589874247251
mask-paired,index,isolated-lookup,0,256,miss,4096,2048,salted-mix64,rust-hash-map,usable-entries,3584,0,1024,2097152,4609000,15132253838967462115,4275004589874247251
mask-paired,index,isolated-lookup,0,256,miss,4096,2048,salted-mix64,cpp-unordered-map,chaining-buckets,4096,0,1024,2097152,3689000,15132253838967462115,4275004589874247251
mask-paired,index,isolated-lookup,0,256,miss,4096,2048,salted-mix64,rust-hash-map,usable-entries,3584,1,1024,2097152,4554000,2681066283742362172,4831549970320777124
mask-paired,index,isolated-lookup,0,256,miss,4096,2048,salted-mix64,cpp-unordered-map,chaining-buckets,4096,1,1024,2097152,3621000,2681066283742362172,4831549970320777124
mask-paired,index,isolated-lookup,0,256,miss,4096,2048,salted-mix64,whitefoot-hash-map,physical-slots,4096,1,1024,2097152,7134000,2681066283742362172,4831549970320777124
mask-paired,index,isolated-lookup,0,256,miss,4096,2048,salted-mix64,cpp-unordered-map,chaining-buckets,4096,2,1024,2097152,3714000,7296812208248709570,11962292712906248130
mask-paired,index,isolated-lookup,0,256,miss,4096,2048,salted-mix64,whitefoot-hash-map,physical-slots,4096,2,1024,2097152,7209000,7296812208248709570,11962292712906248130
mask-paired,index,isolated-lookup,0,256,miss,4096,2048,salted-mix64,rust-hash-map,usable-entries,3584,2,1024,2097152,4497000,7296812208248709570,11962292712906248130
mask-paired,index,isolated-lookup,0,256,miss,4096,2048,salted-mix64,whitefoot-hash-map,physical-slots,4096,3,1024,2097152,6728000,14423111289845556242,15797047148602259028
mask-paired,index,isolated-lookup,0,256,miss,4096,2048,salted-mix64,rust-hash-map,usable-entries,3584,3,1024,2097152,4448000,14423111289845556242,15797047148602259028
mask-paired,index,isolated-lookup,0,256,miss,4096,2048,salted-mix64,cpp-unordered-map,chaining-buckets,4096,3,1024,2097152,3651000,14423111289845556242,15797047148602259028
mask-paired,index,isolated-lookup,0,256,miss,4096,2048,salted-mix64,rust-hash-map,usable-entries,3584,4,1024,2097152,4543000,5230495931743818634,10852831350306165609
mask-paired,index,isolated-lookup,0,256,miss,4096,2048,salted-mix64,cpp-unordered-map,chaining-buckets,4096,4,1024,2097152,3662000,5230495931743818634,10852831350306165609
mask-paired,index,isolated-lookup,0,256,miss,4096,2048,salted-mix64,whitefoot-hash-map,physical-slots,4096,4,1024,2097152,7064000,5230495931743818634,10852831350306165609
mask-paired,index,isolated-lookup,0,256,miss,4096,2048,salted-mix64,cpp-unordered-map,chaining-buckets,4096,5,1024,2097152,3750000,4562025355725514772,8476091993579837262
mask-paired,index,isolated-lookup,0,256,miss,4096,2048,salted-mix64,whitefoot-hash-map,physical-slots,4096,5,1024,2097152,6749000,4562025355725514772,8476091993579837262
mask-paired,index,isolated-lookup,0,256,miss,4096,2048,salted-mix64,rust-hash-map,usable-entries,3584,5,1024,2097152,4460000,4562025355725514772,8476091993579837262
mask-paired,index,isolated-lookup,0,256,miss,4096,2048,salted-mix64,whitefoot-hash-map,physical-slots,4096,6,1024,2097152,7029000,6591037010649270577,14152714158125688331
mask-paired,index,isolated-lookup,0,256,miss,4096,2048,salted-mix64,rust-hash-map,usable-entries,3584,6,1024,2097152,4528000,6591037010649270577,14152714158125688331
mask-paired,index,isolated-lookup,0,256,miss,4096,2048,salted-mix64,cpp-unordered-map,chaining-buckets,4096,6,1024,2097152,3658000,6591037010649270577,14152714158125688331
mask-paired,index,isolated-lookup,0,256,miss,4096,2048,salted-mix64,rust-hash-map,usable-entries,3584,7,1024,2097152,4503000,11181113795741075825,16200907735189960835
mask-paired,index,isolated-lookup,0,256,miss,4096,2048,salted-mix64,cpp-unordered-map,chaining-buckets,4096,7,1024,2097152,3608000,11181113795741075825,16200907735189960835
mask-paired,index,isolated-lookup,0,256,miss,4096,2048,salted-mix64,whitefoot-hash-map,physical-slots,4096,7,1024,2097152,7177000,11181113795741075825,16200907735189960835
mask-paired,index,isolated-lookup,0,256,miss,4096,2048,salted-mix64,cpp-unordered-map,chaining-buckets,4096,8,1024,2097152,3669000,200723637349124037,3013337170561999196
mask-paired,index,isolated-lookup,0,256,miss,4096,2048,salted-mix64,whitefoot-hash-map,physical-slots,4096,8,1024,2097152,7592000,200723637349124037,3013337170561999196
mask-paired,index,isolated-lookup,0,256,miss,4096,2048,salted-mix64,rust-hash-map,usable-entries,3584,8,1024,2097152,4611000,200723637349124037,3013337170561999196
mask-paired,index,isolated-lookup,1,8,hit,4096,2048,salted-mix64,cpp-unordered-map,chaining-buckets,4096,0,1024,2097152,3630000,12256773017604771992,5491702704287014337
mask-paired,index,isolated-lookup,1,8,hit,4096,2048,salted-mix64,rust-hash-map,usable-entries,3584,0,1024,2097152,4650000,12256773017604771992,5491702704287014337
mask-paired,index,isolated-lookup,1,8,hit,4096,2048,salted-mix64,whitefoot-hash-map,physical-slots,4096,0,1024,2097152,4794000,12256773017604771992,5491702704287014337
mask-paired,index,isolated-lookup,1,8,hit,4096,2048,salted-mix64,rust-hash-map,usable-entries,3584,1,1024,2097152,4653000,8109805965890620335,2763695295485510119
mask-paired,index,isolated-lookup,1,8,hit,4096,2048,salted-mix64,whitefoot-hash-map,physical-slots,4096,1,1024,2097152,4804000,8109805965890620335,2763695295485510119
mask-paired,index,isolated-lookup,1,8,hit,4096,2048,salted-mix64,cpp-unordered-map,chaining-buckets,4096,1,1024,2097152,3748000,8109805965890620335,2763695295485510119
mask-paired,index,isolated-lookup,1,8,hit,4096,2048,salted-mix64,whitefoot-hash-map,physical-slots,4096,2,1024,2097152,4744000,6236540686233913562,169108885870040371
mask-paired,index,isolated-lookup,1,8,hit,4096,2048,salted-mix64,cpp-unordered-map,chaining-buckets,4096,2,1024,2097152,3594000,6236540686233913562,169108885870040371
mask-paired,index,isolated-lookup,1,8,hit,4096,2048,salted-mix64,rust-hash-map,usable-entries,3584,2,1024,2097152,4602000,6236540686233913562,169108885870040371
mask-paired,index,isolated-lookup,1,8,hit,4096,2048,salted-mix64,cpp-unordered-map,chaining-buckets,4096,3,1024,2097152,3447000,4130214178744726911,13533504526737804194
mask-paired,index,isolated-lookup,1,8,hit,4096,2048,salted-mix64,rust-hash-map,usable-entries,3584,3,1024,2097152,4649000,4130214178744726911,13533504526737804194
mask-paired,index,isolated-lookup,1,8,hit,4096,2048,salted-mix64,whitefoot-hash-map,physical-slots,4096,3,1024,2097152,4788000,4130214178744726911,13533504526737804194
mask-paired,index,isolated-lookup,1,8,hit,4096,2048,salted-mix64,rust-hash-map,usable-entries,3584,4,1024,2097152,4609000,18037281245260807620,14383430485961478032
mask-paired,index,isolated-lookup,1,8,hit,4096,2048,salted-mix64,whitefoot-hash-map,physical-slots,4096,4,1024,2097152,4682000,18037281245260807620,14383430485961478032
mask-paired,index,isolated-lookup,1,8,hit,4096,2048,salted-mix64,cpp-unordered-map,chaining-buckets,4096,4,1024,2097152,3708000,18037281245260807620,14383430485961478032
mask-paired,index,isolated-lookup,1,8,hit,4096,2048,salted-mix64,whitefoot-hash-map,physical-slots,4096,5,1024,2097152,4866000,15561356245120038934,16172748985559573147
mask-paired,index,isolated-lookup,1,8,hit,4096,2048,salted-mix64,cpp-unordered-map,chaining-buckets,4096,5,1024,2097152,3636000,15561356245120038934,16172748985559573147
mask-paired,index,isolated-lookup,1,8,hit,4096,2048,salted-mix64,rust-hash-map,usable-entries,3584,5,1024,2097152,4659000,15561356245120038934,16172748985559573147
mask-paired,index,isolated-lookup,1,8,hit,4096,2048,salted-mix64,cpp-unordered-map,chaining-buckets,4096,6,1024,2097152,3524000,1884708600979695867,11623346431533299128
mask-paired,index,isolated-lookup,1,8,hit,4096,2048,salted-mix64,rust-hash-map,usable-entries,3584,6,1024,2097152,4563000,1884708600979695867,11623346431533299128
mask-paired,index,isolated-lookup,1,8,hit,4096,2048,salted-mix64,whitefoot-hash-map,physical-slots,4096,6,1024,2097152,4773000,1884708600979695867,11623346431533299128
mask-paired,index,isolated-lookup,1,8,hit,4096,2048,salted-mix64,rust-hash-map,usable-entries,3584,7,1024,2097152,4627000,15555180481091510704,12840744521595376045
mask-paired,index,isolated-lookup,1,8,hit,4096,2048,salted-mix64,whitefoot-hash-map,physical-slots,4096,7,1024,2097152,4812000,15555180481091510704,12840744521595376045
mask-paired,index,isolated-lookup,1,8,hit,4096,2048,salted-mix64,cpp-unordered-map,chaining-buckets,4096,7,1024,2097152,3445000,15555180481091510704,12840744521595376045
mask-paired,index,isolated-lookup,1,8,hit,4096,2048,salted-mix64,whitefoot-hash-map,physical-slots,4096,8,1024,2097152,4810000,2735230302163515563,13999068279916446456
mask-paired,index,isolated-lookup,1,8,hit,4096,2048,salted-mix64,cpp-unordered-map,chaining-buckets,4096,8,1024,2097152,3704000,2735230302163515563,13999068279916446456
mask-paired,index,isolated-lookup,1,8,hit,4096,2048,salted-mix64,rust-hash-map,usable-entries,3584,8,1024,2097152,4611000,2735230302163515563,13999068279916446456
mask-paired,index,isolated-lookup,1,8,miss,4096,2048,salted-mix64,cpp-unordered-map,chaining-buckets,4096,0,1024,2097152,3152000,15132253838967462115,5491702704287014337
mask-paired,index,isolated-lookup,1,8,miss,4096,2048,salted-mix64,rust-hash-map,usable-entries,3584,0,1024,2097152,4607000,15132253838967462115,5491702704287014337
mask-paired,index,isolated-lookup,1,8,miss,4096,2048,salted-mix64,whitefoot-hash-map,physical-slots,4096,0,1024,2097152,6709000,15132253838967462115,5491702704287014337
mask-paired,index,isolated-lookup,1,8,miss,4096,2048,salted-mix64,rust-hash-map,usable-entries,3584,1,1024,2097152,4539000,2681066283742362172,2763695295485510119
mask-paired,index,isolated-lookup,1,8,miss,4096,2048,salted-mix64,whitefoot-hash-map,physical-slots,4096,1,1024,2097152,6296000,2681066283742362172,2763695295485510119
mask-paired,index,isolated-lookup,1,8,miss,4096,2048,salted-mix64,cpp-unordered-map,chaining-buckets,4096,1,1024,2097152,3073000,2681066283742362172,2763695295485510119
mask-paired,index,isolated-lookup,1,8,miss,4096,2048,salted-mix64,whitefoot-hash-map,physical-slots,4096,2,1024,2097152,6624000,7296812208248709570,169108885870040371
mask-paired,index,isolated-lookup,1,8,miss,4096,2048,salted-mix64,cpp-unordered-map,chaining-buckets,4096,2,1024,2097152,3070000,7296812208248709570,169108885870040371
mask-paired,index,isolated-lookup,1,8,miss,4096,2048,salted-mix64,rust-hash-map,usable-entries,3584,2,1024,2097152,4557000,7296812208248709570,169108885870040371
mask-paired,index,isolated-lookup,1,8,miss,4096,2048,salted-mix64,cpp-unordered-map,chaining-buckets,4096,3,1024,2097152,3034000,14423111289845556242,13533504526737804194
mask-paired,index,isolated-lookup,1,8,miss,4096,2048,salted-mix64,rust-hash-map,usable-entries,3584,3,1024,2097152,4432000,14423111289845556242,13533504526737804194
mask-paired,index,isolated-lookup,1,8,miss,4096,2048,salted-mix64,whitefoot-hash-map,physical-slots,4096,3,1024,2097152,6303000,14423111289845556242,13533504526737804194
mask-paired,index,isolated-lookup,1,8,miss,4096,2048,salted-mix64,rust-hash-map,usable-entries,3584,4,1024,2097152,4547000,5230495931743818634,14383430485961478032
mask-paired,index,isolated-lookup,1,8,miss,4096,2048,salted-mix64,whitefoot-hash-map,physical-slots,4096,4,1024,2097152,10316000,5230495931743818634,14383430485961478032
mask-paired,index,isolated-lookup,1,8,miss,4096,2048,salted-mix64,cpp-unordered-map,chaining-buckets,4096,4,1024,2097152,3172000,5230495931743818634,14383430485961478032
mask-paired,index,isolated-lookup,1,8,miss,4096,2048,salted-mix64,whitefoot-hash-map,physical-slots,4096,5,1024,2097152,6463000,4562025355725514772,16172748985559573147
mask-paired,index,isolated-lookup,1,8,miss,4096,2048,salted-mix64,cpp-unordered-map,chaining-buckets,4096,5,1024,2097152,3118000,4562025355725514772,16172748985559573147
mask-paired,index,isolated-lookup,1,8,miss,4096,2048,salted-mix64,rust-hash-map,usable-entries,3584,5,1024,2097152,4427000,4562025355725514772,16172748985559573147
mask-paired,index,isolated-lookup,1,8,miss,4096,2048,salted-mix64,cpp-unordered-map,chaining-buckets,4096,6,1024,2097152,3050000,6591037010649270577,11623346431533299128
mask-paired,index,isolated-lookup,1,8,miss,4096,2048,salted-mix64,rust-hash-map,usable-entries,3584,6,1024,2097152,4535000,6591037010649270577,11623346431533299128
mask-paired,index,isolated-lookup,1,8,miss,4096,2048,salted-mix64,whitefoot-hash-map,physical-slots,4096,6,1024,2097152,6705000,6591037010649270577,11623346431533299128
mask-paired,index,isolated-lookup,1,8,miss,4096,2048,salted-mix64,rust-hash-map,usable-entries,3584,7,1024,2097152,4457000,11181113795741075825,12840744521595376045
mask-paired,index,isolated-lookup,1,8,miss,4096,2048,salted-mix64,whitefoot-hash-map,physical-slots,4096,7,1024,2097152,6307000,11181113795741075825,12840744521595376045
mask-paired,index,isolated-lookup,1,8,miss,4096,2048,salted-mix64,cpp-unordered-map,chaining-buckets,4096,7,1024,2097152,3013000,11181113795741075825,12840744521595376045
mask-paired,index,isolated-lookup,1,8,miss,4096,2048,salted-mix64,whitefoot-hash-map,physical-slots,4096,8,1024,2097152,10309000,200723637349124037,13999068279916446456
mask-paired,index,isolated-lookup,1,8,miss,4096,2048,salted-mix64,cpp-unordered-map,chaining-buckets,4096,8,1024,2097152,3034000,200723637349124037,13999068279916446456
mask-paired,index,isolated-lookup,1,8,miss,4096,2048,salted-mix64,rust-hash-map,usable-entries,3584,8,1024,2097152,4764000,200723637349124037,13999068279916446456
mask-paired,index,isolated-lookup,1,8,hit,64,32,salted-mix64,cpp-unordered-map,chaining-buckets,64,0,65536,2097152,3419000,4239522231411693208,6569140190154816122
mask-paired,index,isolated-lookup,1,8,hit,64,32,salted-mix64,rust-hash-map,usable-entries,56,0,65536,2097152,4633000,4239522231411693208,6569140190154816122
mask-paired,index,isolated-lookup,1,8,hit,64,32,salted-mix64,whitefoot-hash-map,physical-slots,64,0,65536,2097152,4511000,4239522231411693208,6569140190154816122
mask-paired,index,isolated-lookup,1,8,hit,64,32,salted-mix64,rust-hash-map,usable-entries,56,1,65536,2097152,6039000,2926486032717465826,18135573329091736190
mask-paired,index,isolated-lookup,1,8,hit,64,32,salted-mix64,whitefoot-hash-map,physical-slots,64,1,65536,2097152,4586000,2926486032717465826,18135573329091736190
mask-paired,index,isolated-lookup,1,8,hit,64,32,salted-mix64,cpp-unordered-map,chaining-buckets,64,1,65536,2097152,3493000,2926486032717465826,18135573329091736190
mask-paired,index,isolated-lookup,1,8,hit,64,32,salted-mix64,whitefoot-hash-map,physical-slots,64,2,65536,2097152,4553000,1950109411527586354,9895997175603665294
mask-paired,index,isolated-lookup,1,8,hit,64,32,salted-mix64,cpp-unordered-map,chaining-buckets,64,2,65536,2097152,3493000,1950109411527586354,9895997175603665294
mask-paired,index,isolated-lookup,1,8,hit,64,32,salted-mix64,rust-hash-map,usable-entries,56,2,65536,2097152,4514000,1950109411527586354,9895997175603665294
mask-paired,index,isolated-lookup,1,8,hit,64,32,salted-mix64,cpp-unordered-map,chaining-buckets,64,3,65536,2097152,3532000,4729026886209191417,12618764708749879515
mask-paired,index,isolated-lookup,1,8,hit,64,32,salted-mix64,rust-hash-map,usable-entries,56,3,65536,2097152,4617000,4729026886209191417,12618764708749879515
mask-paired,index,isolated-lookup,1,8,hit,64,32,salted-mix64,whitefoot-hash-map,physical-slots,64,3,65536,2097152,4719000,4729026886209191417,12618764708749879515
mask-paired,index,isolated-lookup,1,8,hit,64,32,salted-mix64,rust-hash-map,usable-entries,56,4,65536,2097152,4472000,7789383083385681379,6682258775380899928
mask-paired,index,isolated-lookup,1,8,hit,64,32,salted-mix64,whitefoot-hash-map,physical-slots,64,4,65536,2097152,4475000,7789383083385681379,6682258775380899928
mask-paired,index,isolated-lookup,1,8,hit,64,32,salted-mix64,cpp-unordered-map,chaining-buckets,64,4,65536,2097152,3428000,7789383083385681379,6682258775380899928
mask-paired,index,isolated-lookup,1,8,hit,64,32,salted-mix64,whitefoot-hash-map,physical-slots,64,5,65536,2097152,4656000,14912296476274059179,15955402111364378682
mask-paired,index,isolated-lookup,1,8,hit,64,32,salted-mix64,cpp-unordered-map,chaining-buckets,64,5,65536,2097152,3369000,14912296476274059179,15955402111364378682
mask-paired,index,isolated-lookup,1,8,hit,64,32,salted-mix64,rust-hash-map,usable-entries,56,5,65536,2097152,4510000,14912296476274059179,15955402111364378682
mask-paired,index,isolated-lookup,1,8,hit,64,32,salted-mix64,cpp-unordered-map,chaining-buckets,64,6,65536,2097152,3372000,3102224960182046416,17384135073489638916
mask-paired,index,isolated-lookup,1,8,hit,64,32,salted-mix64,rust-hash-map,usable-entries,56,6,65536,2097152,4498000,3102224960182046416,17384135073489638916
mask-paired,index,isolated-lookup,1,8,hit,64,32,salted-mix64,whitefoot-hash-map,physical-slots,64,6,65536,2097152,4268000,3102224960182046416,17384135073489638916
mask-paired,index,isolated-lookup,1,8,hit,64,32,salted-mix64,rust-hash-map,usable-entries,56,7,65536,2097152,5464000,5994810811218061247,14495855000218944738
mask-paired,index,isolated-lookup,1,8,hit,64,32,salted-mix64,whitefoot-hash-map,physical-slots,64,7,65536,2097152,4421000,5994810811218061247,14495855000218944738
mask-paired,index,isolated-lookup,1,8,hit,64,32,salted-mix64,cpp-unordered-map,chaining-buckets,64,7,65536,2097152,3352000,5994810811218061247,14495855000218944738
mask-paired,index,isolated-lookup,1,8,hit,64,32,salted-mix64,whitefoot-hash-map,physical-slots,64,8,65536,2097152,4244000,9874546471375032397,3280734739808937497
mask-paired,index,isolated-lookup,1,8,hit,64,32,salted-mix64,cpp-unordered-map,chaining-buckets,64,8,65536,2097152,3308000,9874546471375032397,3280734739808937497
mask-paired,index,isolated-lookup,1,8,hit,64,32,salted-mix64,rust-hash-map,usable-entries,56,8,65536,2097152,4454000,9874546471375032397,3280734739808937497
mask-paired,index,isolated-lookup,1,8,miss,64,32,salted-mix64,cpp-unordered-map,chaining-buckets,64,0,65536,2097152,3415000,15132253838967462115,6569140190154816122
mask-paired,index,isolated-lookup,1,8,miss,64,32,salted-mix64,rust-hash-map,usable-entries,56,0,65536,2097152,3363000,15132253838967462115,6569140190154816122
mask-paired,index,isolated-lookup,1,8,miss,64,32,salted-mix64,whitefoot-hash-map,physical-slots,64,0,65536,2097152,6311000,15132253838967462115,6569140190154816122
mask-paired,index,isolated-lookup,1,8,miss,64,32,salted-mix64,rust-hash-map,usable-entries,56,1,65536,2097152,7428000,2681066283742362172,18135573329091736190
mask-paired,index,isolated-lookup,1,8,miss,64,32,salted-mix64,whitefoot-hash-map,physical-slots,64,1,65536,2097152,7706000,2681066283742362172,18135573329091736190
mask-paired,index,isolated-lookup,1,8,miss,64,32,salted-mix64,cpp-unordered-map,chaining-buckets,64,1,65536,2097152,3453000,2681066283742362172,18135573329091736190
mask-paired,index,isolated-lookup,1,8,miss,64,32,salted-mix64,whitefoot-hash-map,physical-slots,64,2,65536,2097152,6029000,7296812208248709570,9895997175603665294
mask-paired,index,isolated-lookup,1,8,miss,64,32,salted-mix64,cpp-unordered-map,chaining-buckets,64,2,65536,2097152,3338000,7296812208248709570,9895997175603665294
mask-paired,index,isolated-lookup,1,8,miss,64,32,salted-mix64,rust-hash-map,usable-entries,56,2,65536,2097152,3390000,7296812208248709570,9895997175603665294
mask-paired,index,isolated-lookup,1,8,miss,64,32,salted-mix64,cpp-unordered-map,chaining-buckets,64,3,65536,2097152,3450000,14423111289845556242,12618764708749879515
mask-paired,index,isolated-lookup,1,8,miss,64,32,salted-mix64,rust-hash-map,usable-entries,56,3,65536,2097152,3455000,14423111289845556242,12618764708749879515
mask-paired,index,isolated-lookup,1,8,miss,64,32,salted-mix64,whitefoot-hash-map,physical-slots,64,3,65536,2097152,7288000,14423111289845556242,12618764708749879515
mask-paired,index,isolated-lookup,1,8,miss,64,32,salted-mix64,rust-hash-map,usable-entries,56,4,65536,2097152,4208000,5230495931743818634,6682258775380899928
mask-paired,index,isolated-lookup,1,8,miss,64,32,salted-mix64,whitefoot-hash-map,physical-slots,64,4,65536,2097152,5932000,5230495931743818634,6682258775380899928
mask-paired,index,isolated-lookup,1,8,miss,64,32,salted-mix64,cpp-unordered-map,chaining-buckets,64,4,65536,2097152,3261000,5230495931743818634,6682258775380899928
mask-paired,index,isolated-lookup,1,8,miss,64,32,salted-mix64,whitefoot-hash-map,physical-slots,64,5,65536,2097152,7562000,4562025355725514772,15955402111364378682
mask-paired,index,isolated-lookup,1,8,miss,64,32,salted-mix64,cpp-unordered-map,chaining-buckets,64,5,65536,2097152,3294000,4562025355725514772,15955402111364378682
mask-paired,index,isolated-lookup,1,8,miss,64,32,salted-mix64,rust-hash-map,usable-entries,56,5,65536,2097152,3294000,4562025355725514772,15955402111364378682
mask-paired,index,isolated-lookup,1,8,miss,64,32,salted-mix64,cpp-unordered-map,chaining-buckets,64,6,65536,2097152,3149000,6591037010649270577,17384135073489638916
mask-paired,index,isolated-lookup,1,8,miss,64,32,salted-mix64,rust-hash-map,usable-entries,56,6,65536,2097152,4250000,6591037010649270577,17384135073489638916
mask-paired,index,isolated-lookup,1,8,miss,64,32,salted-mix64,whitefoot-hash-map,physical-slots,64,6,65536,2097152,5626000,6591037010649270577,17384135073489638916
mask-paired,index,isolated-lookup,1,8,miss,64,32,salted-mix64,rust-hash-map,usable-entries,56,7,65536,2097152,3292000,11181113795741075825,14495855000218944738
mask-paired,index,isolated-lookup,1,8,miss,64,32,salted-mix64,whitefoot-hash-map,physical-slots,64,7,65536,2097152,7187000,11181113795741075825,14495855000218944738
mask-paired,index,isolated-lookup,1,8,miss,64,32,salted-mix64,cpp-unordered-map,chaining-buckets,64,7,65536,2097152,3177000,11181113795741075825,14495855000218944738
mask-paired,index,isolated-lookup,1,8,miss,64,32,salted-mix64,whitefoot-hash-map,physical-slots,64,8,65536,2097152,5885000,200723637349124037,3280734739808937497
mask-paired,index,isolated-lookup,1,8,miss,64,32,salted-mix64,cpp-unordered-map,chaining-buckets,64,8,65536,2097152,3181000,200723637349124037,3280734739808937497
mask-paired,index,isolated-lookup,1,8,miss,64,32,salted-mix64,rust-hash-map,usable-entries,56,8,65536,2097152,4221000,200723637349124037,3280734739808937497
mask-paired,index,isolated-lookup,1,256,hit,4096,2048,salted-mix64,cpp-unordered-map,chaining-buckets,4096,0,1024,2097152,4414000,12256773017604771992,4275004589874247251
mask-paired,index,isolated-lookup,1,256,hit,4096,2048,salted-mix64,rust-hash-map,usable-entries,3584,0,1024,2097152,5336000,12256773017604771992,4275004589874247251
mask-paired,index,isolated-lookup,1,256,hit,4096,2048,salted-mix64,whitefoot-hash-map,physical-slots,4096,0,1024,2097152,5162000,12256773017604771992,4275004589874247251
mask-paired,index,isolated-lookup,1,256,hit,4096,2048,salted-mix64,rust-hash-map,usable-entries,3584,1,1024,2097152,5196000,8109805965890620335,4831549970320777124
mask-paired,index,isolated-lookup,1,256,hit,4096,2048,salted-mix64,whitefoot-hash-map,physical-slots,4096,1,1024,2097152,5222000,8109805965890620335,4831549970320777124
mask-paired,index,isolated-lookup,1,256,hit,4096,2048,salted-mix64,cpp-unordered-map,chaining-buckets,4096,1,1024,2097152,4311000,8109805965890620335,4831549970320777124
mask-paired,index,isolated-lookup,1,256,hit,4096,2048,salted-mix64,whitefoot-hash-map,physical-slots,4096,2,1024,2097152,5083000,6236540686233913562,11962292712906248130
mask-paired,index,isolated-lookup,1,256,hit,4096,2048,salted-mix64,cpp-unordered-map,chaining-buckets,4096,2,1024,2097152,4163000,6236540686233913562,11962292712906248130
mask-paired,index,isolated-lookup,1,256,hit,4096,2048,salted-mix64,rust-hash-map,usable-entries,3584,2,1024,2097152,5166000,6236540686233913562,11962292712906248130
mask-paired,index,isolated-lookup,1,256,hit,4096,2048,salted-mix64,cpp-unordered-map,chaining-buckets,4096,3,1024,2097152,4491000,4130214178744726911,15797047148602259028
mask-paired,index,isolated-lookup,1,256,hit,4096,2048,salted-mix64,rust-hash-map,usable-entries,3584,3,1024,2097152,5213000,4130214178744726911,15797047148602259028
mask-paired,index,isolated-lookup,1,256,hit,4096,2048,salted-mix64,whitefoot-hash-map,physical-slots,4096,3,1024,2097152,5137000,4130214178744726911,15797047148602259028
mask-paired,index,isolated-lookup,1,256,hit,4096,2048,salted-mix64,rust-hash-map,usable-entries,3584,4,1024,2097152,5150000,18037281245260807620,10852831350306165609
mask-paired,index,isolated-lookup,1,256,hit,4096,2048,salted-mix64,whitefoot-hash-map,physical-slots,4096,4,1024,2097152,5234000,18037281245260807620,10852831350306165609
mask-paired,index,isolated-lookup,1,256,hit,4096,2048,salted-mix64,cpp-unordered-map,chaining-buckets,4096,4,1024,2097152,4282000,18037281245260807620,10852831350306165609
mask-paired,index,isolated-lookup,1,256,hit,4096,2048,salted-mix64,whitefoot-hash-map,physical-slots,4096,5,1024,2097152,5309000,15561356245120038934,8476091993579837262
mask-paired,index,isolated-lookup,1,256,hit,4096,2048,salted-mix64,cpp-unordered-map,chaining-buckets,4096,5,1024,2097152,4126000,15561356245120038934,8476091993579837262
mask-paired,index,isolated-lookup,1,256,hit,4096,2048,salted-mix64,rust-hash-map,usable-entries,3584,5,1024,2097152,5171000,15561356245120038934,8476091993579837262
mask-paired,index,isolated-lookup,1,256,hit,4096,2048,salted-mix64,cpp-unordered-map,chaining-buckets,4096,6,1024,2097152,4202000,1884708600979695867,14152714158125688331
mask-paired,index,isolated-lookup,1,256,hit,4096,2048,salted-mix64,rust-hash-map,usable-entries,3584,6,1024,2097152,5109000,1884708600979695867,14152714158125688331
mask-paired,index,isolated-lookup,1,256,hit,4096,2048,salted-mix64,whitefoot-hash-map,physical-slots,4096,6,1024,2097152,5328000,1884708600979695867,14152714158125688331
mask-paired,index,isolated-lookup,1,256,hit,4096,2048,salted-mix64,rust-hash-map,usable-entries,3584,7,1024,2097152,5170000,15555180481091510704,16200907735189960835
mask-paired,index,isolated-lookup,1,256,hit,4096,2048,salted-mix64,whitefoot-hash-map,physical-slots,4096,7,1024,2097152,5148000,15555180481091510704,16200907735189960835
mask-paired,index,isolated-lookup,1,256,hit,4096,2048,salted-mix64,cpp-unordered-map,chaining-buckets,4096,7,1024,2097152,4082000,15555180481091510704,16200907735189960835
mask-paired,index,isolated-lookup,1,256,hit,4096,2048,salted-mix64,whitefoot-hash-map,physical-slots,4096,8,1024,2097152,5233000,2735230302163515563,3013337170561999196
mask-paired,index,isolated-lookup,1,256,hit,4096,2048,salted-mix64,cpp-unordered-map,chaining-buckets,4096,8,1024,2097152,4171000,2735230302163515563,3013337170561999196
mask-paired,index,isolated-lookup,1,256,hit,4096,2048,salted-mix64,rust-hash-map,usable-entries,3584,8,1024,2097152,5113000,2735230302163515563,3013337170561999196
mask-paired,index,isolated-lookup,1,256,miss,4096,2048,salted-mix64,cpp-unordered-map,chaining-buckets,4096,0,1024,2097152,3680000,15132253838967462115,4275004589874247251
mask-paired,index,isolated-lookup,1,256,miss,4096,2048,salted-mix64,rust-hash-map,usable-entries,3584,0,1024,2097152,4563000,15132253838967462115,4275004589874247251
mask-paired,index,isolated-lookup,1,256,miss,4096,2048,salted-mix64,whitefoot-hash-map,physical-slots,4096,0,1024,2097152,7061000,15132253838967462115,4275004589874247251
mask-paired,index,isolated-lookup,1,256,miss,4096,2048,salted-mix64,rust-hash-map,usable-entries,3584,1,1024,2097152,4530000,2681066283742362172,4831549970320777124
mask-paired,index,isolated-lookup,1,256,miss,4096,2048,salted-mix64,whitefoot-hash-map,physical-slots,4096,1,1024,2097152,6719000,2681066283742362172,4831549970320777124
mask-paired,index,isolated-lookup,1,256,miss,4096,2048,salted-mix64,cpp-unordered-map,chaining-buckets,4096,1,1024,2097152,3765000,2681066283742362172,4831549970320777124
mask-paired,index,isolated-lookup,1,256,miss,4096,2048,salted-mix64,whitefoot-hash-map,physical-slots,4096,2,1024,2097152,7676000,7296812208248709570,11962292712906248130
mask-paired,index,isolated-lookup,1,256,miss,4096,2048,salted-mix64,cpp-unordered-map,chaining-buckets,4096,2,1024,2097152,3733000,7296812208248709570,11962292712906248130
mask-paired,index,isolated-lookup,1,256,miss,4096,2048,salted-mix64,rust-hash-map,usable-entries,3584,2,1024,2097152,4527000,7296812208248709570,11962292712906248130
mask-paired,index,isolated-lookup,1,256,miss,4096,2048,salted-mix64,cpp-unordered-map,chaining-buckets,4096,3,1024,2097152,3696000,14423111289845556242,15797047148602259028
mask-paired,index,isolated-lookup,1,256,miss,4096,2048,salted-mix64,rust-hash-map,usable-entries,3584,3,1024,2097152,4430000,14423111289845556242,15797047148602259028
mask-paired,index,isolated-lookup,1,256,miss,4096,2048,salted-mix64,whitefoot-hash-map,physical-slots,4096,3,1024,2097152,6728000,14423111289845556242,15797047148602259028
mask-paired,index,isolated-lookup,1,256,miss,4096,2048,salted-mix64,rust-hash-map,usable-entries,3584,4,1024,2097152,4544000,5230495931743818634,10852831350306165609
mask-paired,index,isolated-lookup,1,256,miss,4096,2048,salted-mix64,whitefoot-hash-map,physical-slots,4096,4,1024,2097152,7270000,5230495931743818634,10852831350306165609
mask-paired,index,isolated-lookup,1,256,miss,4096,2048,salted-mix64,cpp-unordered-map,chaining-buckets,4096,4,1024,2097152,3709000,5230495931743818634,10852831350306165609
mask-paired,index,isolated-lookup,1,256,miss,4096,2048,salted-mix64,whitefoot-hash-map,physical-slots,4096,5,1024,2097152,6837000,4562025355725514772,8476091993579837262
mask-paired,index,isolated-lookup,1,256,miss,4096,2048,salted-mix64,cpp-unordered-map,chaining-buckets,4096,5,1024,2097152,3637000,4562025355725514772,8476091993579837262
mask-paired,index,isolated-lookup,1,256,miss,4096,2048,salted-mix64,rust-hash-map,usable-entries,3584,5,1024,2097152,4439000,4562025355725514772,8476091993579837262
mask-paired,index,isolated-lookup,1,256,miss,4096,2048,salted-mix64,cpp-unordered-map,chaining-buckets,4096,6,1024,2097152,3676000,6591037010649270577,14152714158125688331
mask-paired,index,isolated-lookup,1,256,miss,4096,2048,salted-mix64,rust-hash-map,usable-entries,3584,6,1024,2097152,4550000,6591037010649270577,14152714158125688331
mask-paired,index,isolated-lookup,1,256,miss,4096,2048,salted-mix64,whitefoot-hash-map,physical-slots,4096,6,1024,2097152,7125000,6591037010649270577,14152714158125688331
mask-paired,index,isolated-lookup,1,256,miss,4096,2048,salted-mix64,rust-hash-map,usable-entries,3584,7,1024,2097152,4521000,11181113795741075825,16200907735189960835
mask-paired,index,isolated-lookup,1,256,miss,4096,2048,salted-mix64,whitefoot-hash-map,physical-slots,4096,7,1024,2097152,6718000,11181113795741075825,16200907735189960835
mask-paired,index,isolated-lookup,1,256,miss,4096,2048,salted-mix64,cpp-unordered-map,chaining-buckets,4096,7,1024,2097152,3650000,11181113795741075825,16200907735189960835
mask-paired,index,isolated-lookup,1,256,miss,4096,2048,salted-mix64,whitefoot-hash-map,physical-slots,4096,8,1024,2097152,7409000,200723637349124037,3013337170561999196
mask-paired,index,isolated-lookup,1,256,miss,4096,2048,salted-mix64,cpp-unordered-map,chaining-buckets,4096,8,1024,2097152,3668000,200723637349124037,3013337170561999196
mask-paired,index,isolated-lookup,1,256,miss,4096,2048,salted-mix64,rust-hash-map,usable-entries,3584,8,1024,2097152,4582000,200723637349124037,3013337170561999196
mask-paired,index,isolated-lookup,1,256,hit,64,32,salted-mix64,cpp-unordered-map,chaining-buckets,64,0,65536,2097152,3307000,4239522231411693208,18266774267156818832
mask-paired,index,isolated-lookup,1,256,hit,64,32,salted-mix64,rust-hash-map,usable-entries,56,0,65536,2097152,4812000,4239522231411693208,18266774267156818832
mask-paired,index,isolated-lookup,1,256,hit,64,32,salted-mix64,whitefoot-hash-map,physical-slots,64,0,65536,2097152,4220000,4239522231411693208,18266774267156818832
mask-paired,index,isolated-lookup,1,256,hit,64,32,salted-mix64,rust-hash-map,usable-entries,56,1,65536,2097152,5954000,2926486032717465826,17629528883973804059
mask-paired,index,isolated-lookup,1,256,hit,64,32,salted-mix64,whitefoot-hash-map,physical-slots,64,1,65536,2097152,4429000,2926486032717465826,17629528883973804059
mask-paired,index,isolated-lookup,1,256,hit,64,32,salted-mix64,cpp-unordered-map,chaining-buckets,64,1,65536,2097152,3342000,2926486032717465826,17629528883973804059
mask-paired,index,isolated-lookup,1,256,hit,64,32,salted-mix64,whitefoot-hash-map,physical-slots,64,2,65536,2097152,4240000,1950109411527586354,10588808568664885272
mask-paired,index,isolated-lookup,1,256,hit,64,32,salted-mix64,cpp-unordered-map,chaining-buckets,64,2,65536,2097152,3300000,1950109411527586354,10588808568664885272
mask-paired,index,isolated-lookup,1,256,hit,64,32,salted-mix64,rust-hash-map,usable-entries,56,2,65536,2097152,4798000,1950109411527586354,10588808568664885272
mask-paired,index,isolated-lookup,1,256,hit,64,32,salted-mix64,cpp-unordered-map,chaining-buckets,64,3,65536,2097152,3366000,4729026886209191417,9643622543523366911
mask-paired,index,isolated-lookup,1,256,hit,64,32,salted-mix64,rust-hash-map,usable-entries,56,3,65536,2097152,4782000,4729026886209191417,9643622543523366911
mask-paired,index,isolated-lookup,1,256,hit,64,32,salted-mix64,whitefoot-hash-map,physical-slots,64,3,65536,2097152,4431000,4729026886209191417,9643622543523366911
mask-paired,index,isolated-lookup,1,256,hit,64,32,salted-mix64,rust-hash-map,usable-entries,56,4,65536,2097152,4799000,7789383083385681379,7997935681297465229
mask-paired,index,isolated-lookup,1,256,hit,64,32,salted-mix64,whitefoot-hash-map,physical-slots,64,4,65536,2097152,4241000,7789383083385681379,7997935681297465229
mask-paired,index,isolated-lookup,1,256,hit,64,32,salted-mix64,cpp-unordered-map,chaining-buckets,64,4,65536,2097152,3327000,7789383083385681379,7997935681297465229
mask-paired,index,isolated-lookup,1,256,hit,64,32,salted-mix64,whitefoot-hash-map,physical-slots,64,5,65536,2097152,4514000,14912296476274059179,12589978323246251962
mask-paired,index,isolated-lookup,1,256,hit,64,32,salted-mix64,cpp-unordered-map,chaining-buckets,64,5,65536,2097152,3344000,14912296476274059179,12589978323246251962
mask-paired,index,isolated-lookup,1,256,hit,64,32,salted-mix64,rust-hash-map,usable-entries,56,5,65536,2097152,4807000,14912296476274059179,12589978323246251962
mask-paired,index,isolated-lookup,1,256,hit,64,32,salted-mix64,cpp-unordered-map,chaining-buckets,64,6,65536,2097152,3333000,3102224960182046416,1695167606993225687
mask-paired,index,isolated-lookup,1,256,hit,64,32,salted-mix64,rust-hash-map,usable-entries,56,6,65536,2097152,4799000,3102224960182046416,1695167606993225687
mask-paired,index,isolated-lookup,1,256,hit,64,32,salted-mix64,whitefoot-hash-map,physical-slots,64,6,65536,2097152,4233000,3102224960182046416,1695167606993225687
mask-paired,index,isolated-lookup,1,256,hit,64,32,salted-mix64,rust-hash-map,usable-entries,56,7,65536,2097152,5913000,5994810811218061247,16222476275378838822
mask-paired,index,isolated-lookup,1,256,hit,64,32,salted-mix64,whitefoot-hash-map,physical-slots,64,7,65536,2097152,4459000,5994810811218061247,16222476275378838822
mask-paired,index,isolated-lookup,1,256,hit,64,32,salted-mix64,cpp-unordered-map,chaining-buckets,64,7,65536,2097152,3346000,5994810811218061247,16222476275378838822
mask-paired,index,isolated-lookup,1,256,hit,64,32,salted-mix64,whitefoot-hash-map,physical-slots,64,8,65536,2097152,4236000,9874546471375032397,14881868431885356544
mask-paired,index,isolated-lookup,1,256,hit,64,32,salted-mix64,cpp-unordered-map,chaining-buckets,64,8,65536,2097152,3320000,9874546471375032397,14881868431885356544
mask-paired,index,isolated-lookup,1,256,hit,64,32,salted-mix64,rust-hash-map,usable-entries,56,8,65536,2097152,4790000,9874546471375032397,14881868431885356544
mask-paired,index,isolated-lookup,1,256,miss,64,32,salted-mix64,cpp-unordered-map,chaining-buckets,64,0,65536,2097152,3550000,15132253838967462115,18266774267156818832
mask-paired,index,isolated-lookup,1,256,miss,64,32,salted-mix64,rust-hash-map,usable-entries,56,0,65536,2097152,3509000,15132253838967462115,18266774267156818832
mask-paired,index,isolated-lookup,1,256,miss,64,32,salted-mix64,whitefoot-hash-map,physical-slots,64,0,65536,2097152,6021000,15132253838967462115,18266774267156818832
mask-paired,index,isolated-lookup,1,256,miss,64,32,salted-mix64,rust-hash-map,usable-entries,56,1,65536,2097152,3467000,2681066283742362172,17629528883973804059
mask-paired,index,isolated-lookup,1,256,miss,64,32,salted-mix64,whitefoot-hash-map,physical-slots,64,1,65536,2097152,7641000,2681066283742362172,17629528883973804059
mask-paired,index,isolated-lookup,1,256,miss,64,32,salted-mix64,cpp-unordered-map,chaining-buckets,64,1,65536,2097152,3453000,2681066283742362172,17629528883973804059
mask-paired,index,isolated-lookup,1,256,miss,64,32,salted-mix64,whitefoot-hash-map,physical-slots,64,2,65536,2097152,6020000,7296812208248709570,10588808568664885272
mask-paired,index,isolated-lookup,1,256,miss,64,32,salted-mix64,cpp-unordered-map,chaining-buckets,64,2,65536,2097152,3229000,7296812208248709570,10588808568664885272
mask-paired,index,isolated-lookup,1,256,miss,64,32,salted-mix64,rust-hash-map,usable-entries,56,2,65536,2097152,3389000,7296812208248709570,10588808568664885272
mask-paired,index,isolated-lookup,1,256,miss,64,32,salted-mix64,cpp-unordered-map,chaining-buckets,64,3,65536,2097152,3340000,14423111289845556242,9643622543523366911
mask-paired,index,isolated-lookup,1,256,miss,64,32,salted-mix64,rust-hash-map,usable-entries,56,3,65536,2097152,3320000,14423111289845556242,9643622543523366911
mask-paired,index,isolated-lookup,1,256,miss,64,32,salted-mix64,whitefoot-hash-map,physical-slots,64,3,65536,2097152,7297000,14423111289845556242,9643622543523366911
mask-paired,index,isolated-lookup,1,256,miss,64,32,salted-mix64,rust-hash-map,usable-entries,56,4,65536,2097152,4227000,5230495931743818634,7997935681297465229
mask-paired,index,isolated-lookup,1,256,miss,64,32,salted-mix64,whitefoot-hash-map,physical-slots,64,4,65536,2097152,5928000,5230495931743818634,7997935681297465229
mask-paired,index,isolated-lookup,1,256,miss,64,32,salted-mix64,cpp-unordered-map,chaining-buckets,64,4,65536,2097152,3382000,5230495931743818634,7997935681297465229
mask-paired,index,isolated-lookup,1,256,miss,64,32,salted-mix64,whitefoot-hash-map,physical-slots,64,5,65536,2097152,7853000,4562025355725514772,12589978323246251962
mask-paired,index,isolated-lookup,1,256,miss,64,32,salted-mix64,cpp-unordered-map,chaining-buckets,64,5,65536,2097152,3400000,4562025355725514772,12589978323246251962
mask-paired,index,isolated-lookup,1,256,miss,64,32,salted-mix64,rust-hash-map,usable-entries,56,5,65536,2097152,3445000,4562025355725514772,12589978323246251962
mask-paired,index,isolated-lookup,1,256,miss,64,32,salted-mix64,cpp-unordered-map,chaining-buckets,64,6,65536,2097152,3259000,6591037010649270577,1695167606993225687
mask-paired,index,isolated-lookup,1,256,miss,64,32,salted-mix64,rust-hash-map,usable-entries,56,6,65536,2097152,4477000,6591037010649270577,1695167606993225687
mask-paired,index,isolated-lookup,1,256,miss,64,32,salted-mix64,whitefoot-hash-map,physical-slots,64,6,65536,2097152,5803000,6591037010649270577,1695167606993225687
mask-paired,index,isolated-lookup,1,256,miss,64,32,salted-mix64,rust-hash-map,usable-entries,56,7,65536,2097152,3404000,11181113795741075825,16222476275378838822
mask-paired,index,isolated-lookup,1,256,miss,64,32,salted-mix64,whitefoot-hash-map,physical-slots,64,7,65536,2097152,7389000,11181113795741075825,16222476275378838822
mask-paired,index,isolated-lookup,1,256,miss,64,32,salted-mix64,cpp-unordered-map,chaining-buckets,64,7,65536,2097152,3270000,11181113795741075825,16222476275378838822
mask-paired,index,isolated-lookup,1,256,miss,64,32,salted-mix64,whitefoot-hash-map,physical-slots,64,8,65536,2097152,6099000,200723637349124037,14881868431885356544
mask-paired,index,isolated-lookup,1,256,miss,64,32,salted-mix64,cpp-unordered-map,chaining-buckets,64,8,65536,2097152,3180000,200723637349124037,14881868431885356544
mask-paired,index,isolated-lookup,1,256,miss,64,32,salted-mix64,rust-hash-map,usable-entries,56,8,65536,2097152,4284000,200723637349124037,14881868431885356544
mask-paired,mask,isolated-lookup,0,8,hit,64,32,salted-mix64,whitefoot-hash-map,physical-slots,64,0,65536,2097152,3788000,4239522231411693208,6569140190154816122
mask-paired,mask,isolated-lookup,0,8,hit,64,32,salted-mix64,rust-hash-map,usable-entries,56,0,65536,2097152,4466000,4239522231411693208,6569140190154816122
mask-paired,mask,isolated-lookup,0,8,hit,64,32,salted-mix64,cpp-unordered-map,chaining-buckets,64,0,65536,2097152,3319000,4239522231411693208,6569140190154816122
mask-paired,mask,isolated-lookup,0,8,hit,64,32,salted-mix64,rust-hash-map,usable-entries,56,1,65536,2097152,5377000,2926486032717465826,18135573329091736190
mask-paired,mask,isolated-lookup,0,8,hit,64,32,salted-mix64,cpp-unordered-map,chaining-buckets,64,1,65536,2097152,3341000,2926486032717465826,18135573329091736190
mask-paired,mask,isolated-lookup,0,8,hit,64,32,salted-mix64,whitefoot-hash-map,physical-slots,64,1,65536,2097152,3951000,2926486032717465826,18135573329091736190
mask-paired,mask,isolated-lookup,0,8,hit,64,32,salted-mix64,cpp-unordered-map,chaining-buckets,64,2,65536,2097152,3319000,1950109411527586354,9895997175603665294
mask-paired,mask,isolated-lookup,0,8,hit,64,32,salted-mix64,whitefoot-hash-map,physical-slots,64,2,65536,2097152,3863000,1950109411527586354,9895997175603665294
mask-paired,mask,isolated-lookup,0,8,hit,64,32,salted-mix64,rust-hash-map,usable-entries,56,2,65536,2097152,4471000,1950109411527586354,9895997175603665294
mask-paired,mask,isolated-lookup,0,8,hit,64,32,salted-mix64,whitefoot-hash-map,physical-slots,64,3,65536,2097152,3977000,4729026886209191417,12618764708749879515
mask-paired,mask,isolated-lookup,0,8,hit,64,32,salted-mix64,rust-hash-map,usable-entries,56,3,65536,2097152,4399000,4729026886209191417,12618764708749879515
mask-paired,mask,isolated-lookup,0,8,hit,64,32,salted-mix64,cpp-unordered-map,chaining-buckets,64,3,65536,2097152,3347000,4729026886209191417,12618764708749879515
mask-paired,mask,isolated-lookup,0,8,hit,64,32,salted-mix64,rust-hash-map,usable-entries,56,4,65536,2097152,4551000,7789383083385681379,6682258775380899928
mask-paired,mask,isolated-lookup,0,8,hit,64,32,salted-mix64,cpp-unordered-map,chaining-buckets,64,4,65536,2097152,3343000,7789383083385681379,6682258775380899928
mask-paired,mask,isolated-lookup,0,8,hit,64,32,salted-mix64,whitefoot-hash-map,physical-slots,64,4,65536,2097152,3806000,7789383083385681379,6682258775380899928
mask-paired,mask,isolated-lookup,0,8,hit,64,32,salted-mix64,cpp-unordered-map,chaining-buckets,64,5,65536,2097152,3364000,14912296476274059179,15955402111364378682
mask-paired,mask,isolated-lookup,0,8,hit,64,32,salted-mix64,whitefoot-hash-map,physical-slots,64,5,65536,2097152,3996000,14912296476274059179,15955402111364378682
mask-paired,mask,isolated-lookup,0,8,hit,64,32,salted-mix64,rust-hash-map,usable-entries,56,5,65536,2097152,4421000,14912296476274059179,15955402111364378682
mask-paired,mask,isolated-lookup,0,8,hit,64,32,salted-mix64,whitefoot-hash-map,physical-slots,64,6,65536,2097152,3797000,3102224960182046416,17384135073489638916
mask-paired,mask,isolated-lookup,0,8,hit,64,32,salted-mix64,rust-hash-map,usable-entries,56,6,65536,2097152,4514000,3102224960182046416,17384135073489638916
mask-paired,mask,isolated-lookup,0,8,hit,64,32,salted-mix64,cpp-unordered-map,chaining-buckets,64,6,65536,2097152,3307000,3102224960182046416,17384135073489638916
mask-paired,mask,isolated-lookup,0,8,hit,64,32,salted-mix64,rust-hash-map,usable-entries,56,7,65536,2097152,5461000,5994810811218061247,14495855000218944738
mask-paired,mask,isolated-lookup,0,8,hit,64,32,salted-mix64,cpp-unordered-map,chaining-buckets,64,7,65536,2097152,3351000,5994810811218061247,14495855000218944738
mask-paired,mask,isolated-lookup,0,8,hit,64,32,salted-mix64,whitefoot-hash-map,physical-slots,64,7,65536,2097152,3995000,5994810811218061247,14495855000218944738
mask-paired,mask,isolated-lookup,0,8,hit,64,32,salted-mix64,cpp-unordered-map,chaining-buckets,64,8,65536,2097152,3297000,9874546471375032397,3280734739808937497
mask-paired,mask,isolated-lookup,0,8,hit,64,32,salted-mix64,whitefoot-hash-map,physical-slots,64,8,65536,2097152,3808000,9874546471375032397,3280734739808937497
mask-paired,mask,isolated-lookup,0,8,hit,64,32,salted-mix64,rust-hash-map,usable-entries,56,8,65536,2097152,4479000,9874546471375032397,3280734739808937497
mask-paired,mask,isolated-lookup,0,8,miss,64,32,salted-mix64,whitefoot-hash-map,physical-slots,64,0,65536,2097152,5198000,15132253838967462115,6569140190154816122
mask-paired,mask,isolated-lookup,0,8,miss,64,32,salted-mix64,rust-hash-map,usable-entries,56,0,65536,2097152,3427000,15132253838967462115,6569140190154816122
mask-paired,mask,isolated-lookup,0,8,miss,64,32,salted-mix64,cpp-unordered-map,chaining-buckets,64,0,65536,2097152,3337000,15132253838967462115,6569140190154816122
mask-paired,mask,isolated-lookup,0,8,miss,64,32,salted-mix64,rust-hash-map,usable-entries,56,1,65536,2097152,3363000,2681066283742362172,18135573329091736190
mask-paired,mask,isolated-lookup,0,8,miss,64,32,salted-mix64,cpp-unordered-map,chaining-buckets,64,1,65536,2097152,3340000,2681066283742362172,18135573329091736190
mask-paired,mask,isolated-lookup,0,8,miss,64,32,salted-mix64,whitefoot-hash-map,physical-slots,64,1,65536,2097152,6543000,2681066283742362172,18135573329091736190
mask-paired,mask,isolated-lookup,0,8,miss,64,32,salted-mix64,cpp-unordered-map,chaining-buckets,64,2,65536,2097152,3199000,7296812208248709570,9895997175603665294
mask-paired,mask,isolated-lookup,0,8,miss,64,32,salted-mix64,whitefoot-hash-map,physical-slots,64,2,65536,2097152,5264000,7296812208248709570,9895997175603665294
mask-paired,mask,isolated-lookup,0,8,miss,64,32,salted-mix64,rust-hash-map,usable-entries,56,2,65536,2097152,3256000,7296812208248709570,9895997175603665294
mask-paired,mask,isolated-lookup,0,8,miss,64,32,salted-mix64,whitefoot-hash-map,physical-slots,64,3,65536,2097152,6537000,14423111289845556242,12618764708749879515
mask-paired,mask,isolated-lookup,0,8,miss,64,32,salted-mix64,rust-hash-map,usable-entries,56,3,65536,2097152,3310000,14423111289845556242,12618764708749879515
mask-paired,mask,isolated-lookup,0,8,miss,64,32,salted-mix64,cpp-unordered-map,chaining-buckets,64,3,65536,2097152,3369000,14423111289845556242,12618764708749879515
mask-paired,mask,isolated-lookup,0,8,miss,64,32,salted-mix64,rust-hash-map,usable-entries,56,4,65536,2097152,4242000,5230495931743818634,6682258775380899928
mask-paired,mask,isolated-lookup,0,8,miss,64,32,salted-mix64,cpp-unordered-map,chaining-buckets,64,4,65536,2097152,3315000,5230495931743818634,6682258775380899928
mask-paired,mask,isolated-lookup,0,8,miss,64,32,salted-mix64,whitefoot-hash-map,physical-slots,64,4,65536,2097152,5517000,5230495931743818634,6682258775380899928
mask-paired,mask,isolated-lookup,0,8,miss,64,32,salted-mix64,cpp-unordered-map,chaining-buckets,64,5,65536,2097152,3373000,4562025355725514772,15955402111364378682
mask-paired,mask,isolated-lookup,0,8,miss,64,32,salted-mix64,whitefoot-hash-map,physical-slots,64,5,65536,2097152,6950000,4562025355725514772,15955402111364378682
mask-paired,mask,isolated-lookup,0,8,miss,64,32,salted-mix64,rust-hash-map,usable-entries,56,5,65536,2097152,3454000,4562025355725514772,15955402111364378682
mask-paired,mask,isolated-lookup,0,8,miss,64,32,salted-mix64,whitefoot-hash-map,physical-slots,64,6,65536,2097152,5118000,6591037010649270577,17384135073489638916
mask-paired,mask,isolated-lookup,0,8,miss,64,32,salted-mix64,rust-hash-map,usable-entries,56,6,65536,2097152,4320000,6591037010649270577,17384135073489638916
mask-paired,mask,isolated-lookup,0,8,miss,64,32,salted-mix64,cpp-unordered-map,chaining-buckets,64,6,65536,2097152,3145000,6591037010649270577,17384135073489638916
mask-paired,mask,isolated-lookup,0,8,miss,64,32,salted-mix64,rust-hash-map,usable-entries,56,7,65536,2097152,3296000,11181113795741075825,14495855000218944738
mask-paired,mask,isolated-lookup,0,8,miss,64,32,salted-mix64,cpp-unordered-map,chaining-buckets,64,7,65536,2097152,3190000,11181113795741075825,14495855000218944738
mask-paired,mask,isolated-lookup,0,8,miss,64,32,salted-mix64,whitefoot-hash-map,physical-slots,64,7,65536,2097152,6494000,11181113795741075825,14495855000218944738
mask-paired,mask,isolated-lookup,0,8,miss,64,32,salted-mix64,cpp-unordered-map,chaining-buckets,64,8,65536,2097152,3181000,200723637349124037,3280734739808937497
mask-paired,mask,isolated-lookup,0,8,miss,64,32,salted-mix64,whitefoot-hash-map,physical-slots,64,8,65536,2097152,5342000,200723637349124037,3280734739808937497
mask-paired,mask,isolated-lookup,0,8,miss,64,32,salted-mix64,rust-hash-map,usable-entries,56,8,65536,2097152,4228000,200723637349124037,3280734739808937497
mask-paired,mask,isolated-lookup,0,8,hit,4096,2048,salted-mix64,whitefoot-hash-map,physical-slots,4096,0,1024,2097152,4915000,12256773017604771992,5491702704287014337
mask-paired,mask,isolated-lookup,0,8,hit,4096,2048,salted-mix64,rust-hash-map,usable-entries,3584,0,1024,2097152,4593000,12256773017604771992,5491702704287014337
mask-paired,mask,isolated-lookup,0,8,hit,4096,2048,salted-mix64,cpp-unordered-map,chaining-buckets,4096,0,1024,2097152,3606000,12256773017604771992,5491702704287014337
mask-paired,mask,isolated-lookup,0,8,hit,4096,2048,salted-mix64,rust-hash-map,usable-entries,3584,1,1024,2097152,4692000,8109805965890620335,2763695295485510119
mask-paired,mask,isolated-lookup,0,8,hit,4096,2048,salted-mix64,cpp-unordered-map,chaining-buckets,4096,1,1024,2097152,3620000,8109805965890620335,2763695295485510119
mask-paired,mask,isolated-lookup,0,8,hit,4096,2048,salted-mix64,whitefoot-hash-map,physical-slots,4096,1,1024,2097152,4543000,8109805965890620335,2763695295485510119
mask-paired,mask,isolated-lookup,0,8,hit,4096,2048,salted-mix64,cpp-unordered-map,chaining-buckets,4096,2,1024,2097152,3579000,6236540686233913562,169108885870040371
mask-paired,mask,isolated-lookup,0,8,hit,4096,2048,salted-mix64,whitefoot-hash-map,physical-slots,4096,2,1024,2097152,4869000,6236540686233913562,169108885870040371
mask-paired,mask,isolated-lookup,0,8,hit,4096,2048,salted-mix64,rust-hash-map,usable-entries,3584,2,1024,2097152,4601000,6236540686233913562,169108885870040371
mask-paired,mask,isolated-lookup,0,8,hit,4096,2048,salted-mix64,whitefoot-hash-map,physical-slots,4096,3,1024,2097152,4718000,4130214178744726911,13533504526737804194
mask-paired,mask,isolated-lookup,0,8,hit,4096,2048,salted-mix64,rust-hash-map,usable-entries,3584,3,1024,2097152,4633000,4130214178744726911,13533504526737804194
mask-paired,mask,isolated-lookup,0,8,hit,4096,2048,salted-mix64,cpp-unordered-map,chaining-buckets,4096,3,1024,2097152,3521000,4130214178744726911,13533504526737804194
mask-paired,mask,isolated-lookup,0,8,hit,4096,2048,salted-mix64,rust-hash-map,usable-entries,3584,4,1024,2097152,4577000,18037281245260807620,14383430485961478032
mask-paired,mask,isolated-lookup,0,8,hit,4096,2048,salted-mix64,cpp-unordered-map,chaining-buckets,4096,4,1024,2097152,3520000,18037281245260807620,14383430485961478032
mask-paired,mask,isolated-lookup,0,8,hit,4096,2048,salted-mix64,whitefoot-hash-map,physical-slots,4096,4,1024,2097152,4907000,18037281245260807620,14383430485961478032
mask-paired,mask,isolated-lookup,0,8,hit,4096,2048,salted-mix64,cpp-unordered-map,chaining-buckets,4096,5,1024,2097152,3741000,15561356245120038934,16172748985559573147
mask-paired,mask,isolated-lookup,0,8,hit,4096,2048,salted-mix64,whitefoot-hash-map,physical-slots,4096,5,1024,2097152,5648000,15561356245120038934,16172748985559573147
mask-paired,mask,isolated-lookup,0,8,hit,4096,2048,salted-mix64,rust-hash-map,usable-entries,3584,5,1024,2097152,4634000,15561356245120038934,16172748985559573147
mask-paired,mask,isolated-lookup,0,8,hit,4096,2048,salted-mix64,whitefoot-hash-map,physical-slots,4096,6,1024,2097152,4700000,1884708600979695867,11623346431533299128
mask-paired,mask,isolated-lookup,0,8,hit,4096,2048,salted-mix64,rust-hash-map,usable-entries,3584,6,1024,2097152,4932000,1884708600979695867,11623346431533299128
mask-paired,mask,isolated-lookup,0,8,hit,4096,2048,salted-mix64,cpp-unordered-map,chaining-buckets,4096,6,1024,2097152,3591000,1884708600979695867,11623346431533299128
mask-paired,mask,isolated-lookup,0,8,hit,4096,2048,salted-mix64,rust-hash-map,usable-entries,3584,7,1024,2097152,4986000,15555180481091510704,12840744521595376045
mask-paired,mask,isolated-lookup,0,8,hit,4096,2048,salted-mix64,cpp-unordered-map,chaining-buckets,4096,7,1024,2097152,3627000,15555180481091510704,12840744521595376045
mask-paired,mask,isolated-lookup,0,8,hit,4096,2048,salted-mix64,whitefoot-hash-map,physical-slots,4096,7,1024,2097152,4506000,15555180481091510704,12840744521595376045
mask-paired,mask,isolated-lookup,0,8,hit,4096,2048,salted-mix64,cpp-unordered-map,chaining-buckets,4096,8,1024,2097152,3657000,2735230302163515563,13999068279916446456
mask-paired,mask,isolated-lookup,0,8,hit,4096,2048,salted-mix64,whitefoot-hash-map,physical-slots,4096,8,1024,2097152,4629000,2735230302163515563,13999068279916446456
mask-paired,mask,isolated-lookup,0,8,hit,4096,2048,salted-mix64,rust-hash-map,usable-entries,3584,8,1024,2097152,4617000,2735230302163515563,13999068279916446456
mask-paired,mask,isolated-lookup,0,8,miss,4096,2048,salted-mix64,whitefoot-hash-map,physical-slots,4096,0,1024,2097152,9783000,15132253838967462115,5491702704287014337
mask-paired,mask,isolated-lookup,0,8,miss,4096,2048,salted-mix64,rust-hash-map,usable-entries,3584,0,1024,2097152,4564000,15132253838967462115,5491702704287014337
mask-paired,mask,isolated-lookup,0,8,miss,4096,2048,salted-mix64,cpp-unordered-map,chaining-buckets,4096,0,1024,2097152,3072000,15132253838967462115,5491702704287014337
mask-paired,mask,isolated-lookup,0,8,miss,4096,2048,salted-mix64,rust-hash-map,usable-entries,3584,1,1024,2097152,4446000,2681066283742362172,2763695295485510119
mask-paired,mask,isolated-lookup,0,8,miss,4096,2048,salted-mix64,cpp-unordered-map,chaining-buckets,4096,1,1024,2097152,3051000,2681066283742362172,2763695295485510119
mask-paired,mask,isolated-lookup,0,8,miss,4096,2048,salted-mix64,whitefoot-hash-map,physical-slots,4096,1,1024,2097152,8699000,2681066283742362172,2763695295485510119
mask-paired,mask,isolated-lookup,0,8,miss,4096,2048,salted-mix64,cpp-unordered-map,chaining-buckets,4096,2,1024,2097152,3098000,7296812208248709570,169108885870040371
mask-paired,mask,isolated-lookup,0,8,miss,4096,2048,salted-mix64,whitefoot-hash-map,physical-slots,4096,2,1024,2097152,8198000,7296812208248709570,169108885870040371
mask-paired,mask,isolated-lookup,0,8,miss,4096,2048,salted-mix64,rust-hash-map,usable-entries,3584,2,1024,2097152,4585000,7296812208248709570,169108885870040371
mask-paired,mask,isolated-lookup,0,8,miss,4096,2048,salted-mix64,whitefoot-hash-map,physical-slots,4096,3,1024,2097152,5839000,14423111289845556242,13533504526737804194
mask-paired,mask,isolated-lookup,0,8,miss,4096,2048,salted-mix64,rust-hash-map,usable-entries,3584,3,1024,2097152,4431000,14423111289845556242,13533504526737804194
mask-paired,mask,isolated-lookup,0,8,miss,4096,2048,salted-mix64,cpp-unordered-map,chaining-buckets,4096,3,1024,2097152,3042000,14423111289845556242,13533504526737804194
mask-paired,mask,isolated-lookup,0,8,miss,4096,2048,salted-mix64,rust-hash-map,usable-entries,3584,4,1024,2097152,4500000,5230495931743818634,14383430485961478032
mask-paired,mask,isolated-lookup,0,8,miss,4096,2048,salted-mix64,cpp-unordered-map,chaining-buckets,4096,4,1024,2097152,3041000,5230495931743818634,14383430485961478032
mask-paired,mask,isolated-lookup,0,8,miss,4096,2048,salted-mix64,whitefoot-hash-map,physical-slots,4096,4,1024,2097152,11124000,5230495931743818634,14383430485961478032
mask-paired,mask,isolated-lookup,0,8,miss,4096,2048,salted-mix64,cpp-unordered-map,chaining-buckets,4096,5,1024,2097152,3034000,4562025355725514772,16172748985559573147
mask-paired,mask,isolated-lookup,0,8,miss,4096,2048,salted-mix64,whitefoot-hash-map,physical-slots,4096,5,1024,2097152,5884000,4562025355725514772,16172748985559573147
mask-paired,mask,isolated-lookup,0,8,miss,4096,2048,salted-mix64,rust-hash-map,usable-entries,3584,5,1024,2097152,4440000,4562025355725514772,16172748985559573147
mask-paired,mask,isolated-lookup,0,8,miss,4096,2048,salted-mix64,whitefoot-hash-map,physical-slots,4096,6,1024,2097152,6217000,6591037010649270577,11623346431533299128
mask-paired,mask,isolated-lookup,0,8,miss,4096,2048,salted-mix64,rust-hash-map,usable-entries,3584,6,1024,2097152,4489000,6591037010649270577,11623346431533299128
mask-paired,mask,isolated-lookup,0,8,miss,4096,2048,salted-mix64,cpp-unordered-map,chaining-buckets,4096,6,1024,2097152,3037000,6591037010649270577,11623346431533299128
mask-paired,mask,isolated-lookup,0,8,miss,4096,2048,salted-mix64,rust-hash-map,usable-entries,3584,7,1024,2097152,4464000,11181113795741075825,12840744521595376045
mask-paired,mask,isolated-lookup,0,8,miss,4096,2048,salted-mix64,cpp-unordered-map,chaining-buckets,4096,7,1024,2097152,3035000,11181113795741075825,12840744521595376045
mask-paired,mask,isolated-lookup,0,8,miss,4096,2048,salted-mix64,whitefoot-hash-map,physical-slots,4096,7,1024,2097152,14382000,11181113795741075825,12840744521595376045
mask-paired,mask,isolated-lookup,0,8,miss,4096,2048,salted-mix64,cpp-unordered-map,chaining-buckets,4096,8,1024,2097152,3070000,200723637349124037,13999068279916446456
mask-paired,mask,isolated-lookup,0,8,miss,4096,2048,salted-mix64,whitefoot-hash-map,physical-slots,4096,8,1024,2097152,8066000,200723637349124037,13999068279916446456
mask-paired,mask,isolated-lookup,0,8,miss,4096,2048,salted-mix64,rust-hash-map,usable-entries,3584,8,1024,2097152,4572000,200723637349124037,13999068279916446456
mask-paired,mask,isolated-lookup,0,256,hit,64,32,salted-mix64,whitefoot-hash-map,physical-slots,64,0,65536,2097152,3822000,4239522231411693208,18266774267156818832
mask-paired,mask,isolated-lookup,0,256,hit,64,32,salted-mix64,rust-hash-map,usable-entries,56,0,65536,2097152,4832000,4239522231411693208,18266774267156818832
mask-paired,mask,isolated-lookup,0,256,hit,64,32,salted-mix64,cpp-unordered-map,chaining-buckets,64,0,65536,2097152,3307000,4239522231411693208,18266774267156818832
mask-paired,mask,isolated-lookup,0,256,hit,64,32,salted-mix64,rust-hash-map,usable-entries,56,1,65536,2097152,5753000,2926486032717465826,17629528883973804059
mask-paired,mask,isolated-lookup,0,256,hit,64,32,salted-mix64,cpp-unordered-map,chaining-buckets,64,1,65536,2097152,3343000,2926486032717465826,17629528883973804059
mask-paired,mask,isolated-lookup,0,256,hit,64,32,salted-mix64,whitefoot-hash-map,physical-slots,64,1,65536,2097152,3976000,2926486032717465826,17629528883973804059
mask-paired,mask,isolated-lookup,0,256,hit,64,32,salted-mix64,cpp-unordered-map,chaining-buckets,64,2,65536,2097152,3304000,1950109411527586354,10588808568664885272
mask-paired,mask,isolated-lookup,0,256,hit,64,32,salted-mix64,whitefoot-hash-map,physical-slots,64,2,65536,2097152,3823000,1950109411527586354,10588808568664885272
mask-paired,mask,isolated-lookup,0,256,hit,64,32,salted-mix64,rust-hash-map,usable-entries,56,2,65536,2097152,4805000,1950109411527586354,10588808568664885272
mask-paired,mask,isolated-lookup,0,256,hit,64,32,salted-mix64,whitefoot-hash-map,physical-slots,64,3,65536,2097152,3990000,4729026886209191417,9643622543523366911
mask-paired,mask,isolated-lookup,0,256,hit,64,32,salted-mix64,rust-hash-map,usable-entries,56,3,65536,2097152,4808000,4729026886209191417,9643622543523366911
mask-paired,mask,isolated-lookup,0,256,hit,64,32,salted-mix64,cpp-unordered-map,chaining-buckets,64,3,65536,2097152,3402000,4729026886209191417,9643622543523366911
mask-paired,mask,isolated-lookup,0,256,hit,64,32,salted-mix64,rust-hash-map,usable-entries,56,4,65536,2097152,4817000,7789383083385681379,7997935681297465229
mask-paired,mask,isolated-lookup,0,256,hit,64,32,salted-mix64,cpp-unordered-map,chaining-buckets,64,4,65536,2097152,3307000,7789383083385681379,7997935681297465229
mask-paired,mask,isolated-lookup,0,256,hit,64,32,salted-mix64,whitefoot-hash-map,physical-slots,64,4,65536,2097152,3973000,7789383083385681379,7997935681297465229
mask-paired,mask,isolated-lookup,0,256,hit,64,32,salted-mix64,cpp-unordered-map,chaining-buckets,64,5,65536,2097152,3455000,14912296476274059179,12589978323246251962
mask-paired,mask,isolated-lookup,0,256,hit,64,32,salted-mix64,whitefoot-hash-map,physical-slots,64,5,65536,2097152,4094000,14912296476274059179,12589978323246251962
mask-paired,mask,isolated-lookup,0,256,hit,64,32,salted-mix64,rust-hash-map,usable-entries,56,5,65536,2097152,4829000,14912296476274059179,12589978323246251962
mask-paired,mask,isolated-lookup,0,256,hit,64,32,salted-mix64,whitefoot-hash-map,physical-slots,64,6,65536,2097152,3819000,3102224960182046416,1695167606993225687
mask-paired,mask,isolated-lookup,0,256,hit,64,32,salted-mix64,rust-hash-map,usable-entries,56,6,65536,2097152,4800000,3102224960182046416,1695167606993225687
mask-paired,mask,isolated-lookup,0,256,hit,64,32,salted-mix64,cpp-unordered-map,chaining-buckets,64,6,65536,2097152,3509000,3102224960182046416,1695167606993225687
mask-paired,mask,isolated-lookup,0,256,hit,64,32,salted-mix64,rust-hash-map,usable-entries,56,7,65536,2097152,5990000,5994810811218061247,16222476275378838822
mask-paired,mask,isolated-lookup,0,256,hit,64,32,salted-mix64,cpp-unordered-map,chaining-buckets,64,7,65536,2097152,3473000,5994810811218061247,16222476275378838822
mask-paired,mask,isolated-lookup,0,256,hit,64,32,salted-mix64,whitefoot-hash-map,physical-slots,64,7,65536,2097152,3995000,5994810811218061247,16222476275378838822
mask-paired,mask,isolated-lookup,0,256,hit,64,32,salted-mix64,cpp-unordered-map,chaining-buckets,64,8,65536,2097152,3382000,9874546471375032397,14881868431885356544
mask-paired,mask,isolated-lookup,0,256,hit,64,32,salted-mix64,whitefoot-hash-map,physical-slots,64,8,65536,2097152,3921000,9874546471375032397,14881868431885356544
mask-paired,mask,isolated-lookup,0,256,hit,64,32,salted-mix64,rust-hash-map,usable-entries,56,8,65536,2097152,4790000,9874546471375032397,14881868431885356544
mask-paired,mask,isolated-lookup,0,256,miss,64,32,salted-mix64,whitefoot-hash-map,physical-slots,64,0,65536,2097152,5193000,15132253838967462115,18266774267156818832
mask-paired,mask,isolated-lookup,0,256,miss,64,32,salted-mix64,rust-hash-map,usable-entries,56,0,65536,2097152,3308000,15132253838967462115,18266774267156818832
mask-paired,mask,isolated-lookup,0,256,miss,64,32,salted-mix64,cpp-unordered-map,chaining-buckets,64,0,65536,2097152,3321000,15132253838967462115,18266774267156818832
mask-paired,mask,isolated-lookup,0,256,miss,64,32,salted-mix64,rust-hash-map,usable-entries,56,1,65536,2097152,3298000,2681066283742362172,17629528883973804059
mask-paired,mask,isolated-lookup,0,256,miss,64,32,salted-mix64,cpp-unordered-map,chaining-buckets,64,1,65536,2097152,3322000,2681066283742362172,17629528883973804059
mask-paired,mask,isolated-lookup,0,256,miss,64,32,salted-mix64,whitefoot-hash-map,physical-slots,64,1,65536,2097152,6516000,2681066283742362172,17629528883973804059
mask-paired,mask,isolated-lookup,0,256,miss,64,32,salted-mix64,cpp-unordered-map,chaining-buckets,64,2,65536,2097152,3189000,7296812208248709570,10588808568664885272
mask-paired,mask,isolated-lookup,0,256,miss,64,32,salted-mix64,whitefoot-hash-map,physical-slots,64,2,65536,2097152,5252000,7296812208248709570,10588808568664885272
mask-paired,mask,isolated-lookup,0,256,miss,64,32,salted-mix64,rust-hash-map,usable-entries,56,2,65536,2097152,3274000,7296812208248709570,10588808568664885272
mask-paired,mask,isolated-lookup,0,256,miss,64,32,salted-mix64,whitefoot-hash-map,physical-slots,64,3,65536,2097152,6541000,14423111289845556242,9643622543523366911
mask-paired,mask,isolated-lookup,0,256,miss,64,32,salted-mix64,rust-hash-map,usable-entries,56,3,65536,2097152,3297000,14423111289845556242,9643622543523366911
mask-paired,mask,isolated-lookup,0,256,miss,64,32,salted-mix64,cpp-unordered-map,chaining-buckets,64,3,65536,2097152,3338000,14423111289845556242,9643622543523366911
mask-paired,mask,isolated-lookup,0,256,miss,64,32,salted-mix64,rust-hash-map,usable-entries,56,4,65536,2097152,4233000,5230495931743818634,7997935681297465229
mask-paired,mask,isolated-lookup,0,256,miss,64,32,salted-mix64,cpp-unordered-map,chaining-buckets,64,4,65536,2097152,3250000,5230495931743818634,7997935681297465229
mask-paired,mask,isolated-lookup,0,256,miss,64,32,salted-mix64,whitefoot-hash-map,physical-slots,64,4,65536,2097152,5345000,5230495931743818634,7997935681297465229
mask-paired,mask,isolated-lookup,0,256,miss,64,32,salted-mix64,cpp-unordered-map,chaining-buckets,64,5,65536,2097152,3278000,4562025355725514772,12589978323246251962
mask-paired,mask,isolated-lookup,0,256,miss,64,32,salted-mix64,whitefoot-hash-map,physical-slots,64,5,65536,2097152,6730000,4562025355725514772,12589978323246251962
mask-paired,mask,isolated-lookup,0,256,miss,64,32,salted-mix64,rust-hash-map,usable-entries,56,5,65536,2097152,3293000,4562025355725514772,12589978323246251962
mask-paired,mask,isolated-lookup,0,256,miss,64,32,salted-mix64,whitefoot-hash-map,physical-slots,64,6,65536,2097152,5080000,6591037010649270577,1695167606993225687
mask-paired,mask,isolated-lookup,0,256,miss,64,32,salted-mix64,rust-hash-map,usable-entries,56,6,65536,2097152,4309000,6591037010649270577,1695167606993225687
mask-paired,mask,isolated-lookup,0,256,miss,64,32,salted-mix64,cpp-unordered-map,chaining-buckets,64,6,65536,2097152,3191000,6591037010649270577,1695167606993225687
mask-paired,mask,isolated-lookup,0,256,miss,64,32,salted-mix64,rust-hash-map,usable-entries,56,7,65536,2097152,3335000,11181113795741075825,16222476275378838822
mask-paired,mask,isolated-lookup,0,256,miss,64,32,salted-mix64,cpp-unordered-map,chaining-buckets,64,7,65536,2097152,3230000,11181113795741075825,16222476275378838822
mask-paired,mask,isolated-lookup,0,256,miss,64,32,salted-mix64,whitefoot-hash-map,physical-slots,64,7,65536,2097152,6408000,11181113795741075825,16222476275378838822
mask-paired,mask,isolated-lookup,0,256,miss,64,32,salted-mix64,cpp-unordered-map,chaining-buckets,64,8,65536,2097152,3168000,200723637349124037,14881868431885356544
mask-paired,mask,isolated-lookup,0,256,miss,64,32,salted-mix64,whitefoot-hash-map,physical-slots,64,8,65536,2097152,5310000,200723637349124037,14881868431885356544
mask-paired,mask,isolated-lookup,0,256,miss,64,32,salted-mix64,rust-hash-map,usable-entries,56,8,65536,2097152,4267000,200723637349124037,14881868431885356544
mask-paired,mask,isolated-lookup,0,256,hit,4096,2048,salted-mix64,whitefoot-hash-map,physical-slots,4096,0,1024,2097152,5042000,12256773017604771992,4275004589874247251
mask-paired,mask,isolated-lookup,0,256,hit,4096,2048,salted-mix64,rust-hash-map,usable-entries,3584,0,1024,2097152,5169000,12256773017604771992,4275004589874247251
mask-paired,mask,isolated-lookup,0,256,hit,4096,2048,salted-mix64,cpp-unordered-map,chaining-buckets,4096,0,1024,2097152,4156000,12256773017604771992,4275004589874247251
mask-paired,mask,isolated-lookup,0,256,hit,4096,2048,salted-mix64,rust-hash-map,usable-entries,3584,1,1024,2097152,5223000,8109805965890620335,4831549970320777124
mask-paired,mask,isolated-lookup,0,256,hit,4096,2048,salted-mix64,cpp-unordered-map,chaining-buckets,4096,1,1024,2097152,4442000,8109805965890620335,4831549970320777124
mask-paired,mask,isolated-lookup,0,256,hit,4096,2048,salted-mix64,whitefoot-hash-map,physical-slots,4096,1,1024,2097152,5274000,8109805965890620335,4831549970320777124
mask-paired,mask,isolated-lookup,0,256,hit,4096,2048,salted-mix64,cpp-unordered-map,chaining-buckets,4096,2,1024,2097152,4111000,6236540686233913562,11962292712906248130
mask-paired,mask,isolated-lookup,0,256,hit,4096,2048,salted-mix64,whitefoot-hash-map,physical-slots,4096,2,1024,2097152,5302000,6236540686233913562,11962292712906248130
mask-paired,mask,isolated-lookup,0,256,hit,4096,2048,salted-mix64,rust-hash-map,usable-entries,3584,2,1024,2097152,5196000,6236540686233913562,11962292712906248130
mask-paired,mask,isolated-lookup,0,256,hit,4096,2048,salted-mix64,whitefoot-hash-map,physical-slots,4096,3,1024,2097152,5605000,4130214178744726911,15797047148602259028
mask-paired,mask,isolated-lookup,0,256,hit,4096,2048,salted-mix64,rust-hash-map,usable-entries,3584,3,1024,2097152,5217000,4130214178744726911,15797047148602259028
mask-paired,mask,isolated-lookup,0,256,hit,4096,2048,salted-mix64,cpp-unordered-map,chaining-buckets,4096,3,1024,2097152,4153000,4130214178744726911,15797047148602259028
mask-paired,mask,isolated-lookup,0,256,hit,4096,2048,salted-mix64,rust-hash-map,usable-entries,3584,4,1024,2097152,5118000,18037281245260807620,10852831350306165609
mask-paired,mask,isolated-lookup,0,256,hit,4096,2048,salted-mix64,cpp-unordered-map,chaining-buckets,4096,4,1024,2097152,4122000,18037281245260807620,10852831350306165609
mask-paired,mask,isolated-lookup,0,256,hit,4096,2048,salted-mix64,whitefoot-hash-map,physical-slots,4096,4,1024,2097152,5221000,18037281245260807620,10852831350306165609
mask-paired,mask,isolated-lookup,0,256,hit,4096,2048,salted-mix64,cpp-unordered-map,chaining-buckets,4096,5,1024,2097152,4150000,15561356245120038934,8476091993579837262
mask-paired,mask,isolated-lookup,0,256,hit,4096,2048,salted-mix64,whitefoot-hash-map,physical-slots,4096,5,1024,2097152,5055000,15561356245120038934,8476091993579837262
mask-paired,mask,isolated-lookup,0,256,hit,4096,2048,salted-mix64,rust-hash-map,usable-entries,3584,5,1024,2097152,5181000,15561356245120038934,8476091993579837262
mask-paired,mask,isolated-lookup,0,256,hit,4096,2048,salted-mix64,whitefoot-hash-map,physical-slots,4096,6,1024,2097152,5228000,1884708600979695867,14152714158125688331
mask-paired,mask,isolated-lookup,0,256,hit,4096,2048,salted-mix64,rust-hash-map,usable-entries,3584,6,1024,2097152,5128000,1884708600979695867,14152714158125688331
mask-paired,mask,isolated-lookup,0,256,hit,4096,2048,salted-mix64,cpp-unordered-map,chaining-buckets,4096,6,1024,2097152,4343000,1884708600979695867,14152714158125688331
mask-paired,mask,isolated-lookup,0,256,hit,4096,2048,salted-mix64,rust-hash-map,usable-entries,3584,7,1024,2097152,5313000,15555180481091510704,16200907735189960835
mask-paired,mask,isolated-lookup,0,256,hit,4096,2048,salted-mix64,cpp-unordered-map,chaining-buckets,4096,7,1024,2097152,4507000,15555180481091510704,16200907735189960835
mask-paired,mask,isolated-lookup,0,256,hit,4096,2048,salted-mix64,whitefoot-hash-map,physical-slots,4096,7,1024,2097152,5176000,15555180481091510704,16200907735189960835
mask-paired,mask,isolated-lookup,0,256,hit,4096,2048,salted-mix64,cpp-unordered-map,chaining-buckets,4096,8,1024,2097152,4186000,2735230302163515563,3013337170561999196
mask-paired,mask,isolated-lookup,0,256,hit,4096,2048,salted-mix64,whitefoot-hash-map,physical-slots,4096,8,1024,2097152,4971000,2735230302163515563,3013337170561999196
mask-paired,mask,isolated-lookup,0,256,hit,4096,2048,salted-mix64,rust-hash-map,usable-entries,3584,8,1024,2097152,5159000,2735230302163515563,3013337170561999196
mask-paired,mask,isolated-lookup,0,256,miss,4096,2048,salted-mix64,whitefoot-hash-map,physical-slots,4096,0,1024,2097152,6927000,15132253838967462115,4275004589874247251
mask-paired,mask,isolated-lookup,0,256,miss,4096,2048,salted-mix64,rust-hash-map,usable-entries,3584,0,1024,2097152,4568000,15132253838967462115,4275004589874247251
mask-paired,mask,isolated-lookup,0,256,miss,4096,2048,salted-mix64,cpp-unordered-map,chaining-buckets,4096,0,1024,2097152,3666000,15132253838967462115,4275004589874247251
mask-paired,mask,isolated-lookup,0,256,miss,4096,2048,salted-mix64,rust-hash-map,usable-entries,3584,1,1024,2097152,4517000,2681066283742362172,4831549970320777124
mask-paired,mask,isolated-lookup,0,256,miss,4096,2048,salted-mix64,cpp-unordered-map,chaining-buckets,4096,1,1024,2097152,3616000,2681066283742362172,4831549970320777124
mask-paired,mask,isolated-lookup,0,256,miss,4096,2048,salted-mix64,whitefoot-hash-map,physical-slots,4096,1,1024,2097152,6495000,2681066283742362172,4831549970320777124
mask-paired,mask,isolated-lookup,0,256,miss,4096,2048,salted-mix64,cpp-unordered-map,chaining-buckets,4096,2,1024,2097152,3674000,7296812208248709570,11962292712906248130
mask-paired,mask,isolated-lookup,0,256,miss,4096,2048,salted-mix64,whitefoot-hash-map,physical-slots,4096,2,1024,2097152,16525000,7296812208248709570,11962292712906248130
mask-paired,mask,isolated-lookup,0,256,miss,4096,2048,salted-mix64,rust-hash-map,usable-entries,3584,2,1024,2097152,4522000,7296812208248709570,11962292712906248130
mask-paired,mask,isolated-lookup,0,256,miss,4096,2048,salted-mix64,whitefoot-hash-map,physical-slots,4096,3,1024,2097152,6263000,14423111289845556242,15797047148602259028
mask-paired,mask,isolated-lookup,0,256,miss,4096,2048,salted-mix64,rust-hash-map,usable-entries,3584,3,1024,2097152,4673000,14423111289845556242,15797047148602259028
mask-paired,mask,isolated-lookup,0,256,miss,4096,2048,salted-mix64,cpp-unordered-map,chaining-buckets,4096,3,1024,2097152,3871000,14423111289845556242,15797047148602259028
mask-paired,mask,isolated-lookup,0,256,miss,4096,2048,salted-mix64,rust-hash-map,usable-entries,3584,4,1024,2097152,4889000,5230495931743818634,10852831350306165609
mask-paired,mask,isolated-lookup,0,256,miss,4096,2048,salted-mix64,cpp-unordered-map,chaining-buckets,4096,4,1024,2097152,3832000,5230495931743818634,10852831350306165609
mask-paired,mask,isolated-lookup,0,256,miss,4096,2048,salted-mix64,whitefoot-hash-map,physical-slots,4096,4,1024,2097152,6667000,5230495931743818634,10852831350306165609
mask-paired,mask,isolated-lookup,0,256,miss,4096,2048,salted-mix64,cpp-unordered-map,chaining-buckets,4096,5,1024,2097152,3828000,4562025355725514772,8476091993579837262
mask-paired,mask,isolated-lookup,0,256,miss,4096,2048,salted-mix64,whitefoot-hash-map,physical-slots,4096,5,1024,2097152,7560000,4562025355725514772,8476091993579837262
mask-paired,mask,isolated-lookup,0,256,miss,4096,2048,salted-mix64,rust-hash-map,usable-entries,3584,5,1024,2097152,4600000,4562025355725514772,8476091993579837262
mask-paired,mask,isolated-lookup,0,256,miss,4096,2048,salted-mix64,whitefoot-hash-map,physical-slots,4096,6,1024,2097152,6760000,6591037010649270577,14152714158125688331
mask-paired,mask,isolated-lookup,0,256,miss,4096,2048,salted-mix64,rust-hash-map,usable-entries,3584,6,1024,2097152,4491000,6591037010649270577,14152714158125688331
mask-paired,mask,isolated-lookup,0,256,miss,4096,2048,salted-mix64,cpp-unordered-map,chaining-buckets,4096,6,1024,2097152,3715000,6591037010649270577,14152714158125688331
mask-paired,mask,isolated-lookup,0,256,miss,4096,2048,salted-mix64,rust-hash-map,usable-entries,3584,7,1024,2097152,4535000,11181113795741075825,16200907735189960835
mask-paired,mask,isolated-lookup,0,256,miss,4096,2048,salted-mix64,cpp-unordered-map,chaining-buckets,4096,7,1024,2097152,3619000,11181113795741075825,16200907735189960835
mask-paired,mask,isolated-lookup,0,256,miss,4096,2048,salted-mix64,whitefoot-hash-map,physical-slots,4096,7,1024,2097152,6203000,11181113795741075825,16200907735189960835
mask-paired,mask,isolated-lookup,0,256,miss,4096,2048,salted-mix64,cpp-unordered-map,chaining-buckets,4096,8,1024,2097152,3646000,200723637349124037,3013337170561999196
mask-paired,mask,isolated-lookup,0,256,miss,4096,2048,salted-mix64,whitefoot-hash-map,physical-slots,4096,8,1024,2097152,6516000,200723637349124037,3013337170561999196
mask-paired,mask,isolated-lookup,0,256,miss,4096,2048,salted-mix64,rust-hash-map,usable-entries,3584,8,1024,2097152,4558000,200723637349124037,3013337170561999196
mask-paired,mask,isolated-lookup,1,8,hit,4096,2048,salted-mix64,cpp-unordered-map,chaining-buckets,4096,0,1024,2097152,3713000,12256773017604771992,5491702704287014337
mask-paired,mask,isolated-lookup,1,8,hit,4096,2048,salted-mix64,rust-hash-map,usable-entries,3584,0,1024,2097152,4613000,12256773017604771992,5491702704287014337
mask-paired,mask,isolated-lookup,1,8,hit,4096,2048,salted-mix64,whitefoot-hash-map,physical-slots,4096,0,1024,2097152,4856000,12256773017604771992,5491702704287014337
mask-paired,mask,isolated-lookup,1,8,hit,4096,2048,salted-mix64,rust-hash-map,usable-entries,3584,1,1024,2097152,4663000,8109805965890620335,2763695295485510119
mask-paired,mask,isolated-lookup,1,8,hit,4096,2048,salted-mix64,whitefoot-hash-map,physical-slots,4096,1,1024,2097152,4997000,8109805965890620335,2763695295485510119
mask-paired,mask,isolated-lookup,1,8,hit,4096,2048,salted-mix64,cpp-unordered-map,chaining-buckets,4096,1,1024,2097152,3502000,8109805965890620335,2763695295485510119
mask-paired,mask,isolated-lookup,1,8,hit,4096,2048,salted-mix64,whitefoot-hash-map,physical-slots,4096,2,1024,2097152,4923000,6236540686233913562,169108885870040371
mask-paired,mask,isolated-lookup,1,8,hit,4096,2048,salted-mix64,cpp-unordered-map,chaining-buckets,4096,2,1024,2097152,3439000,6236540686233913562,169108885870040371
mask-paired,mask,isolated-lookup,1,8,hit,4096,2048,salted-mix64,rust-hash-map,usable-entries,3584,2,1024,2097152,4621000,6236540686233913562,169108885870040371
mask-paired,mask,isolated-lookup,1,8,hit,4096,2048,salted-mix64,cpp-unordered-map,chaining-buckets,4096,3,1024,2097152,3634000,4130214178744726911,13533504526737804194
mask-paired,mask,isolated-lookup,1,8,hit,4096,2048,salted-mix64,rust-hash-map,usable-entries,3584,3,1024,2097152,4753000,4130214178744726911,13533504526737804194
mask-paired,mask,isolated-lookup,1,8,hit,4096,2048,salted-mix64,whitefoot-hash-map,physical-slots,4096,3,1024,2097152,5063000,4130214178744726911,13533504526737804194
mask-paired,mask,isolated-lookup,1,8,hit,4096,2048,salted-mix64,rust-hash-map,usable-entries,3584,4,1024,2097152,4714000,18037281245260807620,14383430485961478032
mask-paired,mask,isolated-lookup,1,8,hit,4096,2048,salted-mix64,whitefoot-hash-map,physical-slots,4096,4,1024,2097152,5099000,18037281245260807620,14383430485961478032
mask-paired,mask,isolated-lookup,1,8,hit,4096,2048,salted-mix64,cpp-unordered-map,chaining-buckets,4096,4,1024,2097152,3475000,18037281245260807620,14383430485961478032
mask-paired,mask,isolated-lookup,1,8,hit,4096,2048,salted-mix64,whitefoot-hash-map,physical-slots,4096,5,1024,2097152,4674000,15561356245120038934,16172748985559573147
mask-paired,mask,isolated-lookup,1,8,hit,4096,2048,salted-mix64,cpp-unordered-map,chaining-buckets,4096,5,1024,2097152,3560000,15561356245120038934,16172748985559573147
mask-paired,mask,isolated-lookup,1,8,hit,4096,2048,salted-mix64,rust-hash-map,usable-entries,3584,5,1024,2097152,4642000,15561356245120038934,16172748985559573147
mask-paired,mask,isolated-lookup,1,8,hit,4096,2048,salted-mix64,cpp-unordered-map,chaining-buckets,4096,6,1024,2097152,3641000,1884708600979695867,11623346431533299128
mask-paired,mask,isolated-lookup,1,8,hit,4096,2048,salted-mix64,rust-hash-map,usable-entries,3584,6,1024,2097152,4621000,1884708600979695867,11623346431533299128
mask-paired,mask,isolated-lookup,1,8,hit,4096,2048,salted-mix64,whitefoot-hash-map,physical-slots,4096,6,1024,2097152,4867000,1884708600979695867,11623346431533299128
mask-paired,mask,isolated-lookup,1,8,hit,4096,2048,salted-mix64,rust-hash-map,usable-entries,3584,7,1024,2097152,4665000,15555180481091510704,12840744521595376045
mask-paired,mask,isolated-lookup,1,8,hit,4096,2048,salted-mix64,whitefoot-hash-map,physical-slots,4096,7,1024,2097152,4733000,15555180481091510704,12840744521595376045
mask-paired,mask,isolated-lookup,1,8,hit,4096,2048,salted-mix64,cpp-unordered-map,chaining-buckets,4096,7,1024,2097152,3521000,15555180481091510704,12840744521595376045
mask-paired,mask,isolated-lookup,1,8,hit,4096,2048,salted-mix64,whitefoot-hash-map,physical-slots,4096,8,1024,2097152,5339000,2735230302163515563,13999068279916446456
mask-paired,mask,isolated-lookup,1,8,hit,4096,2048,salted-mix64,cpp-unordered-map,chaining-buckets,4096,8,1024,2097152,3636000,2735230302163515563,13999068279916446456
mask-paired,mask,isolated-lookup,1,8,hit,4096,2048,salted-mix64,rust-hash-map,usable-entries,3584,8,1024,2097152,4572000,2735230302163515563,13999068279916446456
mask-paired,mask,isolated-lookup,1,8,miss,4096,2048,salted-mix64,cpp-unordered-map,chaining-buckets,4096,0,1024,2097152,3089000,15132253838967462115,5491702704287014337
mask-paired,mask,isolated-lookup,1,8,miss,4096,2048,salted-mix64,rust-hash-map,usable-entries,3584,0,1024,2097152,4529000,15132253838967462115,5491702704287014337
mask-paired,mask,isolated-lookup,1,8,miss,4096,2048,salted-mix64,whitefoot-hash-map,physical-slots,4096,0,1024,2097152,6088000,15132253838967462115,5491702704287014337
mask-paired,mask,isolated-lookup,1,8,miss,4096,2048,salted-mix64,rust-hash-map,usable-entries,3584,1,1024,2097152,4464000,2681066283742362172,2763695295485510119
mask-paired,mask,isolated-lookup,1,8,miss,4096,2048,salted-mix64,whitefoot-hash-map,physical-slots,4096,1,1024,2097152,5814000,2681066283742362172,2763695295485510119
mask-paired,mask,isolated-lookup,1,8,miss,4096,2048,salted-mix64,cpp-unordered-map,chaining-buckets,4096,1,1024,2097152,3082000,2681066283742362172,2763695295485510119
mask-paired,mask,isolated-lookup,1,8,miss,4096,2048,salted-mix64,whitefoot-hash-map,physical-slots,4096,2,1024,2097152,8772000,7296812208248709570,169108885870040371
mask-paired,mask,isolated-lookup,1,8,miss,4096,2048,salted-mix64,cpp-unordered-map,chaining-buckets,4096,2,1024,2097152,3026000,7296812208248709570,169108885870040371
mask-paired,mask,isolated-lookup,1,8,miss,4096,2048,salted-mix64,rust-hash-map,usable-entries,3584,2,1024,2097152,4565000,7296812208248709570,169108885870040371
mask-paired,mask,isolated-lookup,1,8,miss,4096,2048,salted-mix64,cpp-unordered-map,chaining-buckets,4096,3,1024,2097152,3030000,14423111289845556242,13533504526737804194
mask-paired,mask,isolated-lookup,1,8,miss,4096,2048,salted-mix64,rust-hash-map,usable-entries,3584,3,1024,2097152,4448000,14423111289845556242,13533504526737804194
mask-paired,mask,isolated-lookup,1,8,miss,4096,2048,salted-mix64,whitefoot-hash-map,physical-slots,4096,3,1024,2097152,5726000,14423111289845556242,13533504526737804194
mask-paired,mask,isolated-lookup,1,8,miss,4096,2048,salted-mix64,rust-hash-map,usable-entries,3584,4,1024,2097152,4505000,5230495931743818634,14383430485961478032
mask-paired,mask,isolated-lookup,1,8,miss,4096,2048,salted-mix64,whitefoot-hash-map,physical-slots,4096,4,1024,2097152,6279000,5230495931743818634,14383430485961478032
mask-paired,mask,isolated-lookup,1,8,miss,4096,2048,salted-mix64,cpp-unordered-map,chaining-buckets,4096,4,1024,2097152,3099000,5230495931743818634,14383430485961478032
mask-paired,mask,isolated-lookup,1,8,miss,4096,2048,salted-mix64,whitefoot-hash-map,physical-slots,4096,5,1024,2097152,7429000,4562025355725514772,16172748985559573147
mask-paired,mask,isolated-lookup,1,8,miss,4096,2048,salted-mix64,cpp-unordered-map,chaining-buckets,4096,5,1024,2097152,3052000,4562025355725514772,16172748985559573147
mask-paired,mask,isolated-lookup,1,8,miss,4096,2048,salted-mix64,rust-hash-map,usable-entries,3584,5,1024,2097152,4419000,4562025355725514772,16172748985559573147
mask-paired,mask,isolated-lookup,1,8,miss,4096,2048,salted-mix64,cpp-unordered-map,chaining-buckets,4096,6,1024,2097152,3093000,6591037010649270577,11623346431533299128
mask-paired,mask,isolated-lookup,1,8,miss,4096,2048,salted-mix64,rust-hash-map,usable-entries,3584,6,1024,2097152,4510000,6591037010649270577,11623346431533299128
mask-paired,mask,isolated-lookup,1,8,miss,4096,2048,salted-mix64,whitefoot-hash-map,physical-slots,4096,6,1024,2097152,6145000,6591037010649270577,11623346431533299128
mask-paired,mask,isolated-lookup,1,8,miss,4096,2048,salted-mix64,rust-hash-map,usable-entries,3584,7,1024,2097152,4469000,11181113795741075825,12840744521595376045
mask-paired,mask,isolated-lookup,1,8,miss,4096,2048,salted-mix64,whitefoot-hash-map,physical-slots,4096,7,1024,2097152,5815000,11181113795741075825,12840744521595376045
mask-paired,mask,isolated-lookup,1,8,miss,4096,2048,salted-mix64,cpp-unordered-map,chaining-buckets,4096,7,1024,2097152,3139000,11181113795741075825,12840744521595376045
mask-paired,mask,isolated-lookup,1,8,miss,4096,2048,salted-mix64,whitefoot-hash-map,physical-slots,4096,8,1024,2097152,8047000,200723637349124037,13999068279916446456
mask-paired,mask,isolated-lookup,1,8,miss,4096,2048,salted-mix64,cpp-unordered-map,chaining-buckets,4096,8,1024,2097152,3084000,200723637349124037,13999068279916446456
mask-paired,mask,isolated-lookup,1,8,miss,4096,2048,salted-mix64,rust-hash-map,usable-entries,3584,8,1024,2097152,4552000,200723637349124037,13999068279916446456
mask-paired,mask,isolated-lookup,1,8,hit,64,32,salted-mix64,cpp-unordered-map,chaining-buckets,64,0,65536,2097152,3331000,4239522231411693208,6569140190154816122
mask-paired,mask,isolated-lookup,1,8,hit,64,32,salted-mix64,rust-hash-map,usable-entries,56,0,65536,2097152,4472000,4239522231411693208,6569140190154816122
mask-paired,mask,isolated-lookup,1,8,hit,64,32,salted-mix64,whitefoot-hash-map,physical-slots,64,0,65536,2097152,3786000,4239522231411693208,6569140190154816122
mask-paired,mask,isolated-lookup,1,8,hit,64,32,salted-mix64,rust-hash-map,usable-entries,56,1,65536,2097152,5447000,2926486032717465826,18135573329091736190
mask-paired,mask,isolated-lookup,1,8,hit,64,32,salted-mix64,whitefoot-hash-map,physical-slots,64,1,65536,2097152,3956000,2926486032717465826,18135573329091736190
mask-paired,mask,isolated-lookup,1,8,hit,64,32,salted-mix64,cpp-unordered-map,chaining-buckets,64,1,65536,2097152,3350000,2926486032717465826,18135573329091736190
mask-paired,mask,isolated-lookup,1,8,hit,64,32,salted-mix64,whitefoot-hash-map,physical-slots,64,2,65536,2097152,3823000,1950109411527586354,9895997175603665294
mask-paired,mask,isolated-lookup,1,8,hit,64,32,salted-mix64,cpp-unordered-map,chaining-buckets,64,2,65536,2097152,3305000,1950109411527586354,9895997175603665294
mask-paired,mask,isolated-lookup,1,8,hit,64,32,salted-mix64,rust-hash-map,usable-entries,56,2,65536,2097152,4468000,1950109411527586354,9895997175603665294
mask-paired,mask,isolated-lookup,1,8,hit,64,32,salted-mix64,cpp-unordered-map,chaining-buckets,64,3,65536,2097152,3343000,4729026886209191417,12618764708749879515
mask-paired,mask,isolated-lookup,1,8,hit,64,32,salted-mix64,rust-hash-map,usable-entries,56,3,65536,2097152,4435000,4729026886209191417,12618764708749879515
mask-paired,mask,isolated-lookup,1,8,hit,64,32,salted-mix64,whitefoot-hash-map,physical-slots,64,3,65536,2097152,3965000,4729026886209191417,12618764708749879515
mask-paired,mask,isolated-lookup,1,8,hit,64,32,salted-mix64,rust-hash-map,usable-entries,56,4,65536,2097152,4494000,7789383083385681379,6682258775380899928
mask-paired,mask,isolated-lookup,1,8,hit,64,32,salted-mix64,whitefoot-hash-map,physical-slots,64,4,65536,2097152,3789000,7789383083385681379,6682258775380899928
mask-paired,mask,isolated-lookup,1,8,hit,64,32,salted-mix64,cpp-unordered-map,chaining-buckets,64,4,65536,2097152,3316000,7789383083385681379,6682258775380899928
mask-paired,mask,isolated-lookup,1,8,hit,64,32,salted-mix64,whitefoot-hash-map,physical-slots,64,5,65536,2097152,3991000,14912296476274059179,15955402111364378682
mask-paired,mask,isolated-lookup,1,8,hit,64,32,salted-mix64,cpp-unordered-map,chaining-buckets,64,5,65536,2097152,3345000,14912296476274059179,15955402111364378682
mask-paired,mask,isolated-lookup,1,8,hit,64,32,salted-mix64,rust-hash-map,usable-entries,56,5,65536,2097152,4407000,14912296476274059179,15955402111364378682
mask-paired,mask,isolated-lookup,1,8,hit,64,32,salted-mix64,cpp-unordered-map,chaining-buckets,64,6,65536,2097152,3298000,3102224960182046416,17384135073489638916
mask-paired,mask,isolated-lookup,1,8,hit,64,32,salted-mix64,rust-hash-map,usable-entries,56,6,65536,2097152,4464000,3102224960182046416,17384135073489638916
mask-paired,mask,isolated-lookup,1,8,hit,64,32,salted-mix64,whitefoot-hash-map,physical-slots,64,6,65536,2097152,3817000,3102224960182046416,17384135073489638916
mask-paired,mask,isolated-lookup,1,8,hit,64,32,salted-mix64,rust-hash-map,usable-entries,56,7,65536,2097152,5521000,5994810811218061247,14495855000218944738
mask-paired,mask,isolated-lookup,1,8,hit,64,32,salted-mix64,whitefoot-hash-map,physical-slots,64,7,65536,2097152,3969000,5994810811218061247,14495855000218944738
mask-paired,mask,isolated-lookup,1,8,hit,64,32,salted-mix64,cpp-unordered-map,chaining-buckets,64,7,65536,2097152,3370000,5994810811218061247,14495855000218944738
mask-paired,mask,isolated-lookup,1,8,hit,64,32,salted-mix64,whitefoot-hash-map,physical-slots,64,8,65536,2097152,3794000,9874546471375032397,3280734739808937497
mask-paired,mask,isolated-lookup,1,8,hit,64,32,salted-mix64,cpp-unordered-map,chaining-buckets,64,8,65536,2097152,3304000,9874546471375032397,3280734739808937497
mask-paired,mask,isolated-lookup,1,8,hit,64,32,salted-mix64,rust-hash-map,usable-entries,56,8,65536,2097152,4481000,9874546471375032397,3280734739808937497
mask-paired,mask,isolated-lookup,1,8,miss,64,32,salted-mix64,cpp-unordered-map,chaining-buckets,64,0,65536,2097152,3317000,15132253838967462115,6569140190154816122
mask-paired,mask,isolated-lookup,1,8,miss,64,32,salted-mix64,rust-hash-map,usable-entries,56,0,65536,2097152,3267000,15132253838967462115,6569140190154816122
mask-paired,mask,isolated-lookup,1,8,miss,64,32,salted-mix64,whitefoot-hash-map,physical-slots,64,0,65536,2097152,5174000,15132253838967462115,6569140190154816122
mask-paired,mask,isolated-lookup,1,8,miss,64,32,salted-mix64,rust-hash-map,usable-entries,56,1,65536,2097152,3320000,2681066283742362172,18135573329091736190
mask-paired,mask,isolated-lookup,1,8,miss,64,32,salted-mix64,whitefoot-hash-map,physical-slots,64,1,65536,2097152,6550000,2681066283742362172,18135573329091736190
mask-paired,mask,isolated-lookup,1,8,miss,64,32,salted-mix64,cpp-unordered-map,chaining-buckets,64,1,65536,2097152,3326000,2681066283742362172,18135573329091736190
mask-paired,mask,isolated-lookup,1,8,miss,64,32,salted-mix64,whitefoot-hash-map,physical-slots,64,2,65536,2097152,5264000,7296812208248709570,9895997175603665294
mask-paired,mask,isolated-lookup,1,8,miss,64,32,salted-mix64,cpp-unordered-map,chaining-buckets,64,2,65536,2097152,3201000,7296812208248709570,9895997175603665294
mask-paired,mask,isolated-lookup,1,8,miss,64,32,salted-mix64,rust-hash-map,usable-entries,56,2,65536,2097152,3252000,7296812208248709570,9895997175603665294
mask-paired,mask,isolated-lookup,1,8,miss,64,32,salted-mix64,cpp-unordered-map,chaining-buckets,64,3,65536,2097152,3341000,14423111289845556242,12618764708749879515
mask-paired,mask,isolated-lookup,1,8,miss,64,32,salted-mix64,rust-hash-map,usable-entries,56,3,65536,2097152,3308000,14423111289845556242,12618764708749879515
mask-paired,mask,isolated-lookup,1,8,miss,64,32,salted-mix64,whitefoot-hash-map,physical-slots,64,3,65536,2097152,6540000,14423111289845556242,12618764708749879515
mask-paired,mask,isolated-lookup,1,8,miss,64,32,salted-mix64,rust-hash-map,usable-entries,56,4,65536,2097152,4223000,5230495931743818634,6682258775380899928
mask-paired,mask,isolated-lookup,1,8,miss,64,32,salted-mix64,whitefoot-hash-map,physical-slots,64,4,65536,2097152,5458000,5230495931743818634,6682258775380899928
mask-paired,mask,isolated-lookup,1,8,miss,64,32,salted-mix64,cpp-unordered-map,chaining-buckets,64,4,65536,2097152,3463000,5230495931743818634,6682258775380899928
mask-paired,mask,isolated-lookup,1,8,miss,64,32,salted-mix64,whitefoot-hash-map,physical-slots,64,5,65536,2097152,6806000,4562025355725514772,15955402111364378682
mask-paired,mask,isolated-lookup,1,8,miss,64,32,salted-mix64,cpp-unordered-map,chaining-buckets,64,5,65536,2097152,3288000,4562025355725514772,15955402111364378682
mask-paired,mask,isolated-lookup,1,8,miss,64,32,salted-mix64,rust-hash-map,usable-entries,56,5,65536,2097152,3305000,4562025355725514772,15955402111364378682
mask-paired,mask,isolated-lookup,1,8,miss,64,32,salted-mix64,cpp-unordered-map,chaining-buckets,64,6,65536,2097152,3167000,6591037010649270577,17384135073489638916
mask-paired,mask,isolated-lookup,1,8,miss,64,32,salted-mix64,rust-hash-map,usable-entries,56,6,65536,2097152,4261000,6591037010649270577,17384135073489638916
mask-paired,mask,isolated-lookup,1,8,miss,64,32,salted-mix64,whitefoot-hash-map,physical-slots,64,6,65536,2097152,5119000,6591037010649270577,17384135073489638916
mask-paired,mask,isolated-lookup,1,8,miss,64,32,salted-mix64,rust-hash-map,usable-entries,56,7,65536,2097152,3291000,11181113795741075825,14495855000218944738
mask-paired,mask,isolated-lookup,1,8,miss,64,32,salted-mix64,whitefoot-hash-map,physical-slots,64,7,65536,2097152,6574000,11181113795741075825,14495855000218944738
mask-paired,mask,isolated-lookup,1,8,miss,64,32,salted-mix64,cpp-unordered-map,chaining-buckets,64,7,65536,2097152,3210000,11181113795741075825,14495855000218944738
mask-paired,mask,isolated-lookup,1,8,miss,64,32,salted-mix64,whitefoot-hash-map,physical-slots,64,8,65536,2097152,5592000,200723637349124037,3280734739808937497
mask-paired,mask,isolated-lookup,1,8,miss,64,32,salted-mix64,cpp-unordered-map,chaining-buckets,64,8,65536,2097152,3448000,200723637349124037,3280734739808937497
mask-paired,mask,isolated-lookup,1,8,miss,64,32,salted-mix64,rust-hash-map,usable-entries,56,8,65536,2097152,4401000,200723637349124037,3280734739808937497
mask-paired,mask,isolated-lookup,1,256,hit,4096,2048,salted-mix64,cpp-unordered-map,chaining-buckets,4096,0,1024,2097152,4348000,12256773017604771992,4275004589874247251
mask-paired,mask,isolated-lookup,1,256,hit,4096,2048,salted-mix64,rust-hash-map,usable-entries,3584,0,1024,2097152,5185000,12256773017604771992,4275004589874247251
mask-paired,mask,isolated-lookup,1,256,hit,4096,2048,salted-mix64,whitefoot-hash-map,physical-slots,4096,0,1024,2097152,5141000,12256773017604771992,4275004589874247251
mask-paired,mask,isolated-lookup,1,256,hit,4096,2048,salted-mix64,rust-hash-map,usable-entries,3584,1,1024,2097152,5174000,8109805965890620335,4831549970320777124
mask-paired,mask,isolated-lookup,1,256,hit,4096,2048,salted-mix64,whitefoot-hash-map,physical-slots,4096,1,1024,2097152,5865000,8109805965890620335,4831549970320777124
mask-paired,mask,isolated-lookup,1,256,hit,4096,2048,salted-mix64,cpp-unordered-map,chaining-buckets,4096,1,1024,2097152,4268000,8109805965890620335,4831549970320777124
mask-paired,mask,isolated-lookup,1,256,hit,4096,2048,salted-mix64,whitefoot-hash-map,physical-slots,4096,2,1024,2097152,5170000,6236540686233913562,11962292712906248130
mask-paired,mask,isolated-lookup,1,256,hit,4096,2048,salted-mix64,cpp-unordered-map,chaining-buckets,4096,2,1024,2097152,4133000,6236540686233913562,11962292712906248130
mask-paired,mask,isolated-lookup,1,256,hit,4096,2048,salted-mix64,rust-hash-map,usable-entries,3584,2,1024,2097152,5320000,6236540686233913562,11962292712906248130
mask-paired,mask,isolated-lookup,1,256,hit,4096,2048,salted-mix64,cpp-unordered-map,chaining-buckets,4096,3,1024,2097152,4191000,4130214178744726911,15797047148602259028
mask-paired,mask,isolated-lookup,1,256,hit,4096,2048,salted-mix64,rust-hash-map,usable-entries,3584,3,1024,2097152,5256000,4130214178744726911,15797047148602259028
mask-paired,mask,isolated-lookup,1,256,hit,4096,2048,salted-mix64,whitefoot-hash-map,physical-slots,4096,3,1024,2097152,5252000,4130214178744726911,15797047148602259028
mask-paired,mask,isolated-lookup,1,256,hit,4096,2048,salted-mix64,rust-hash-map,usable-entries,3584,4,1024,2097152,5148000,18037281245260807620,10852831350306165609
mask-paired,mask,isolated-lookup,1,256,hit,4096,2048,salted-mix64,whitefoot-hash-map,physical-slots,4096,4,1024,2097152,6011000,18037281245260807620,10852831350306165609
mask-paired,mask,isolated-lookup,1,256,hit,4096,2048,salted-mix64,cpp-unordered-map,chaining-buckets,4096,4,1024,2097152,4191000,18037281245260807620,10852831350306165609
mask-paired,mask,isolated-lookup,1,256,hit,4096,2048,salted-mix64,whitefoot-hash-map,physical-slots,4096,5,1024,2097152,5060000,15561356245120038934,8476091993579837262
mask-paired,mask,isolated-lookup,1,256,hit,4096,2048,salted-mix64,cpp-unordered-map,chaining-buckets,4096,5,1024,2097152,4243000,15561356245120038934,8476091993579837262
mask-paired,mask,isolated-lookup,1,256,hit,4096,2048,salted-mix64,rust-hash-map,usable-entries,3584,5,1024,2097152,5187000,15561356245120038934,8476091993579837262
mask-paired,mask,isolated-lookup,1,256,hit,4096,2048,salted-mix64,cpp-unordered-map,chaining-buckets,4096,6,1024,2097152,4120000,1884708600979695867,14152714158125688331
mask-paired,mask,isolated-lookup,1,256,hit,4096,2048,salted-mix64,rust-hash-map,usable-entries,3584,6,1024,2097152,5104000,1884708600979695867,14152714158125688331
mask-paired,mask,isolated-lookup,1,256,hit,4096,2048,salted-mix64,whitefoot-hash-map,physical-slots,4096,6,1024,2097152,5368000,1884708600979695867,14152714158125688331
mask-paired,mask,isolated-lookup,1,256,hit,4096,2048,salted-mix64,rust-hash-map,usable-entries,3584,7,1024,2097152,5170000,15555180481091510704,16200907735189960835
mask-paired,mask,isolated-lookup,1,256,hit,4096,2048,salted-mix64,whitefoot-hash-map,physical-slots,4096,7,1024,2097152,4883000,15555180481091510704,16200907735189960835
mask-paired,mask,isolated-lookup,1,256,hit,4096,2048,salted-mix64,cpp-unordered-map,chaining-buckets,4096,7,1024,2097152,4393000,15555180481091510704,16200907735189960835
mask-paired,mask,isolated-lookup,1,256,hit,4096,2048,salted-mix64,whitefoot-hash-map,physical-slots,4096,8,1024,2097152,5915000,2735230302163515563,3013337170561999196
mask-paired,mask,isolated-lookup,1,256,hit,4096,2048,salted-mix64,cpp-unordered-map,chaining-buckets,4096,8,1024,2097152,4210000,2735230302163515563,3013337170561999196
mask-paired,mask,isolated-lookup,1,256,hit,4096,2048,salted-mix64,rust-hash-map,usable-entries,3584,8,1024,2097152,5133000,2735230302163515563,3013337170561999196
mask-paired,mask,isolated-lookup,1,256,miss,4096,2048,salted-mix64,cpp-unordered-map,chaining-buckets,4096,0,1024,2097152,3686000,15132253838967462115,4275004589874247251
mask-paired,mask,isolated-lookup,1,256,miss,4096,2048,salted-mix64,rust-hash-map,usable-entries,3584,0,1024,2097152,4546000,15132253838967462115,4275004589874247251
mask-paired,mask,isolated-lookup,1,256,miss,4096,2048,salted-mix64,whitefoot-hash-map,physical-slots,4096,0,1024,2097152,8055000,15132253838967462115,4275004589874247251
mask-paired,mask,isolated-lookup,1,256,miss,4096,2048,salted-mix64,rust-hash-map,usable-entries,3584,1,1024,2097152,4500000,2681066283742362172,4831549970320777124
mask-paired,mask,isolated-lookup,1,256,miss,4096,2048,salted-mix64,whitefoot-hash-map,physical-slots,4096,1,1024,2097152,6716000,2681066283742362172,4831549970320777124
mask-paired,mask,isolated-lookup,1,256,miss,4096,2048,salted-mix64,cpp-unordered-map,chaining-buckets,4096,1,1024,2097152,3645000,2681066283742362172,4831549970320777124
mask-paired,mask,isolated-lookup,1,256,miss,4096,2048,salted-mix64,whitefoot-hash-map,physical-slots,4096,2,1024,2097152,16719000,7296812208248709570,11962292712906248130
mask-paired,mask,isolated-lookup,1,256,miss,4096,2048,salted-mix64,cpp-unordered-map,chaining-buckets,4096,2,1024,2097152,3663000,7296812208248709570,11962292712906248130
mask-paired,mask,isolated-lookup,1,256,miss,4096,2048,salted-mix64,rust-hash-map,usable-entries,3584,2,1024,2097152,4513000,7296812208248709570,11962292712906248130
mask-paired,mask,isolated-lookup,1,256,miss,4096,2048,salted-mix64,cpp-unordered-map,chaining-buckets,4096,3,1024,2097152,3623000,14423111289845556242,15797047148602259028
mask-paired,mask,isolated-lookup,1,256,miss,4096,2048,salted-mix64,rust-hash-map,usable-entries,3584,3,1024,2097152,4438000,14423111289845556242,15797047148602259028
mask-paired,mask,isolated-lookup,1,256,miss,4096,2048,salted-mix64,whitefoot-hash-map,physical-slots,4096,3,1024,2097152,6225000,14423111289845556242,15797047148602259028
mask-paired,mask,isolated-lookup,1,256,miss,4096,2048,salted-mix64,rust-hash-map,usable-entries,3584,4,1024,2097152,4531000,5230495931743818634,10852831350306165609
mask-paired,mask,isolated-lookup,1,256,miss,4096,2048,salted-mix64,whitefoot-hash-map,physical-slots,4096,4,1024,2097152,11692000,5230495931743818634,10852831350306165609
mask-paired,mask,isolated-lookup,1,256,miss,4096,2048,salted-mix64,cpp-unordered-map,chaining-buckets,4096,4,1024,2097152,3656000,5230495931743818634,10852831350306165609
mask-paired,mask,isolated-lookup,1,256,miss,4096,2048,salted-mix64,whitefoot-hash-map,physical-slots,4096,5,1024,2097152,6183000,4562025355725514772,8476091993579837262
mask-paired,mask,isolated-lookup,1,256,miss,4096,2048,salted-mix64,cpp-unordered-map,chaining-buckets,4096,5,1024,2097152,3635000,4562025355725514772,8476091993579837262
mask-paired,mask,isolated-lookup,1,256,miss,4096,2048,salted-mix64,rust-hash-map,usable-entries,3584,5,1024,2097152,4636000,4562025355725514772,8476091993579837262
mask-paired,mask,isolated-lookup,1,256,miss,4096,2048,salted-mix64,cpp-unordered-map,chaining-buckets,4096,6,1024,2097152,3773000,6591037010649270577,14152714158125688331
mask-paired,mask,isolated-lookup,1,256,miss,4096,2048,salted-mix64,rust-hash-map,usable-entries,3584,6,1024,2097152,4617000,6591037010649270577,14152714158125688331
mask-paired,mask,isolated-lookup,1,256,miss,4096,2048,salted-mix64,whitefoot-hash-map,physical-slots,4096,6,1024,2097152,6959000,6591037010649270577,14152714158125688331
mask-paired,mask,isolated-lookup,1,256,miss,4096,2048,salted-mix64,rust-hash-map,usable-entries,3584,7,1024,2097152,4601000,11181113795741075825,16200907735189960835
mask-paired,mask,isolated-lookup,1,256,miss,4096,2048,salted-mix64,whitefoot-hash-map,physical-slots,4096,7,1024,2097152,6160000,11181113795741075825,16200907735189960835
mask-paired,mask,isolated-lookup,1,256,miss,4096,2048,salted-mix64,cpp-unordered-map,chaining-buckets,4096,7,1024,2097152,3728000,11181113795741075825,16200907735189960835
mask-paired,mask,isolated-lookup,1,256,miss,4096,2048,salted-mix64,whitefoot-hash-map,physical-slots,4096,8,1024,2097152,16204000,200723637349124037,3013337170561999196
mask-paired,mask,isolated-lookup,1,256,miss,4096,2048,salted-mix64,cpp-unordered-map,chaining-buckets,4096,8,1024,2097152,3767000,200723637349124037,3013337170561999196
mask-paired,mask,isolated-lookup,1,256,miss,4096,2048,salted-mix64,rust-hash-map,usable-entries,3584,8,1024,2097152,4590000,200723637349124037,3013337170561999196
mask-paired,mask,isolated-lookup,1,256,hit,64,32,salted-mix64,cpp-unordered-map,chaining-buckets,64,0,65536,2097152,3305000,4239522231411693208,18266774267156818832
mask-paired,mask,isolated-lookup,1,256,hit,64,32,salted-mix64,rust-hash-map,usable-entries,56,0,65536,2097152,4799000,4239522231411693208,18266774267156818832
mask-paired,mask,isolated-lookup,1,256,hit,64,32,salted-mix64,whitefoot-hash-map,physical-slots,64,0,65536,2097152,3802000,4239522231411693208,18266774267156818832
mask-paired,mask,isolated-lookup,1,256,hit,64,32,salted-mix64,rust-hash-map,usable-entries,56,1,65536,2097152,5926000,2926486032717465826,17629528883973804059
mask-paired,mask,isolated-lookup,1,256,hit,64,32,salted-mix64,whitefoot-hash-map,physical-slots,64,1,65536,2097152,3965000,2926486032717465826,17629528883973804059
mask-paired,mask,isolated-lookup,1,256,hit,64,32,salted-mix64,cpp-unordered-map,chaining-buckets,64,1,65536,2097152,3449000,2926486032717465826,17629528883973804059
mask-paired,mask,isolated-lookup,1,256,hit,64,32,salted-mix64,whitefoot-hash-map,physical-slots,64,2,65536,2097152,3827000,1950109411527586354,10588808568664885272
mask-paired,mask,isolated-lookup,1,256,hit,64,32,salted-mix64,cpp-unordered-map,chaining-buckets,64,2,65536,2097152,3324000,1950109411527586354,10588808568664885272
mask-paired,mask,isolated-lookup,1,256,hit,64,32,salted-mix64,rust-hash-map,usable-entries,56,2,65536,2097152,4813000,1950109411527586354,10588808568664885272
mask-paired,mask,isolated-lookup,1,256,hit,64,32,salted-mix64,cpp-unordered-map,chaining-buckets,64,3,65536,2097152,3354000,4729026886209191417,9643622543523366911
mask-paired,mask,isolated-lookup,1,256,hit,64,32,salted-mix64,rust-hash-map,usable-entries,56,3,65536,2097152,4815000,4729026886209191417,9643622543523366911
mask-paired,mask,isolated-lookup,1,256,hit,64,32,salted-mix64,whitefoot-hash-map,physical-slots,64,3,65536,2097152,3980000,4729026886209191417,9643622543523366911
mask-paired,mask,isolated-lookup,1,256,hit,64,32,salted-mix64,rust-hash-map,usable-entries,56,4,65536,2097152,4848000,7789383083385681379,7997935681297465229
mask-paired,mask,isolated-lookup,1,256,hit,64,32,salted-mix64,whitefoot-hash-map,physical-slots,64,4,65536,2097152,3807000,7789383083385681379,7997935681297465229
mask-paired,mask,isolated-lookup,1,256,hit,64,32,salted-mix64,cpp-unordered-map,chaining-buckets,64,4,65536,2097152,3306000,7789383083385681379,7997935681297465229
mask-paired,mask,isolated-lookup,1,256,hit,64,32,salted-mix64,whitefoot-hash-map,physical-slots,64,5,65536,2097152,4014000,14912296476274059179,12589978323246251962
mask-paired,mask,isolated-lookup,1,256,hit,64,32,salted-mix64,cpp-unordered-map,chaining-buckets,64,5,65536,2097152,3386000,14912296476274059179,12589978323246251962
mask-paired,mask,isolated-lookup,1,256,hit,64,32,salted-mix64,rust-hash-map,usable-entries,56,5,65536,2097152,4816000,14912296476274059179,12589978323246251962
mask-paired,mask,isolated-lookup,1,256,hit,64,32,salted-mix64,cpp-unordered-map,chaining-buckets,64,6,65536,2097152,3316000,3102224960182046416,1695167606993225687
mask-paired,mask,isolated-lookup,1,256,hit,64,32,salted-mix64,rust-hash-map,usable-entries,56,6,65536,2097152,4811000,3102224960182046416,1695167606993225687
mask-paired,mask,isolated-lookup,1,256,hit,64,32,salted-mix64,whitefoot-hash-map,physical-slots,64,6,65536,2097152,3807000,3102224960182046416,1695167606993225687
mask-paired,mask,isolated-lookup,1,256,hit,64,32,salted-mix64,rust-hash-map,usable-entries,56,7,65536,2097152,5749000,5994810811218061247,16222476275378838822
mask-paired,mask,isolated-lookup,1,256,hit,64,32,salted-mix64,whitefoot-hash-map,physical-slots,64,7,65536,2097152,3963000,5994810811218061247,16222476275378838822
mask-paired,mask,isolated-lookup,1,256,hit,64,32,salted-mix64,cpp-unordered-map,chaining-buckets,64,7,65536,2097152,3370000,5994810811218061247,16222476275378838822
mask-paired,mask,isolated-lookup,1,256,hit,64,32,salted-mix64,whitefoot-hash-map,physical-slots,64,8,65536,2097152,3791000,9874546471375032397,14881868431885356544
mask-paired,mask,isolated-lookup,1,256,hit,64,32,salted-mix64,cpp-unordered-map,chaining-buckets,64,8,65536,2097152,3300000,9874546471375032397,14881868431885356544
mask-paired,mask,isolated-lookup,1,256,hit,64,32,salted-mix64,rust-hash-map,usable-entries,56,8,65536,2097152,5010000,9874546471375032397,14881868431885356544
mask-paired,mask,isolated-lookup,1,256,miss,64,32,salted-mix64,cpp-unordered-map,chaining-buckets,64,0,65536,2097152,3328000,15132253838967462115,18266774267156818832
mask-paired,mask,isolated-lookup,1,256,miss,64,32,salted-mix64,rust-hash-map,usable-entries,56,0,65536,2097152,3300000,15132253838967462115,18266774267156818832
mask-paired,mask,isolated-lookup,1,256,miss,64,32,salted-mix64,whitefoot-hash-map,physical-slots,64,0,65536,2097152,5176000,15132253838967462115,18266774267156818832
mask-paired,mask,isolated-lookup,1,256,miss,64,32,salted-mix64,rust-hash-map,usable-entries,56,1,65536,2097152,3286000,2681066283742362172,17629528883973804059
mask-paired,mask,isolated-lookup,1,256,miss,64,32,salted-mix64,whitefoot-hash-map,physical-slots,64,1,65536,2097152,6523000,2681066283742362172,17629528883973804059
mask-paired,mask,isolated-lookup,1,256,miss,64,32,salted-mix64,cpp-unordered-map,chaining-buckets,64,1,65536,2097152,3317000,2681066283742362172,17629528883973804059
mask-paired,mask,isolated-lookup,1,256,miss,64,32,salted-mix64,whitefoot-hash-map,physical-slots,64,2,65536,2097152,5240000,7296812208248709570,10588808568664885272
mask-paired,mask,isolated-lookup,1,256,miss,64,32,salted-mix64,cpp-unordered-map,chaining-buckets,64,2,65536,2097152,3207000,7296812208248709570,10588808568664885272
mask-paired,mask,isolated-lookup,1,256,miss,64,32,salted-mix64,rust-hash-map,usable-entries,56,2,65536,2097152,3284000,7296812208248709570,10588808568664885272
mask-paired,mask,isolated-lookup,1,256,miss,64,32,salted-mix64,cpp-unordered-map,chaining-buckets,64,3,65536,2097152,3342000,14423111289845556242,9643622543523366911
mask-paired,mask,isolated-lookup,1,256,miss,64,32,salted-mix64,rust-hash-map,usable-entries,56,3,65536,2097152,3304000,14423111289845556242,9643622543523366911
mask-paired,mask,isolated-lookup,1,256,miss,64,32,salted-mix64,whitefoot-hash-map,physical-slots,64,3,65536,2097152,6546000,14423111289845556242,9643622543523366911
mask-paired,mask,isolated-lookup,1,256,miss,64,32,salted-mix64,rust-hash-map,usable-entries,56,4,65536,2097152,4213000,5230495931743818634,7997935681297465229
mask-paired,mask,isolated-lookup,1,256,miss,64,32,salted-mix64,whitefoot-hash-map,physical-slots,64,4,65536,2097152,5338000,5230495931743818634,7997935681297465229
mask-paired,mask,isolated-lookup,1,256,miss,64,32,salted-mix64,cpp-unordered-map,chaining-buckets,64,4,65536,2097152,3312000,5230495931743818634,7997935681297465229
mask-paired,mask,isolated-lookup,1,256,miss,64,32,salted-mix64,whitefoot-hash-map,physical-slots,64,5,65536,2097152,6736000,4562025355725514772,12589978323246251962
mask-paired,mask,isolated-lookup,1,256,miss,64,32,salted-mix64,cpp-unordered-map,chaining-buckets,64,5,65536,2097152,3292000,4562025355725514772,12589978323246251962
mask-paired,mask,isolated-lookup,1,256,miss,64,32,salted-mix64,rust-hash-map,usable-entries,56,5,65536,2097152,3300000,4562025355725514772,12589978323246251962
mask-paired,mask,isolated-lookup,1,256,miss,64,32,salted-mix64,cpp-unordered-map,chaining-buckets,64,6,65536,2097152,3147000,6591037010649270577,1695167606993225687
mask-paired,mask,isolated-lookup,1,256,miss,64,32,salted-mix64,rust-hash-map,usable-entries,56,6,65536,2097152,4222000,6591037010649270577,1695167606993225687
mask-paired,mask,isolated-lookup,1,256,miss,64,32,salted-mix64,whitefoot-hash-map,physical-slots,64,6,65536,2097152,5076000,6591037010649270577,1695167606993225687
mask-paired,mask,isolated-lookup,1,256,miss,64,32,salted-mix64,rust-hash-map,usable-entries,56,7,65536,2097152,3291000,11181113795741075825,16222476275378838822
mask-paired,mask,isolated-lookup,1,256,miss,64,32,salted-mix64,whitefoot-hash-map,physical-slots,64,7,65536,2097152,6408000,11181113795741075825,16222476275378838822
mask-paired,mask,isolated-lookup,1,256,miss,64,32,salted-mix64,cpp-unordered-map,chaining-buckets,64,7,65536,2097152,3174000,11181113795741075825,16222476275378838822
mask-paired,mask,isolated-lookup,1,256,miss,64,32,salted-mix64,whitefoot-hash-map,physical-slots,64,8,65536,2097152,5293000,200723637349124037,14881868431885356544
mask-paired,mask,isolated-lookup,1,256,miss,64,32,salted-mix64,cpp-unordered-map,chaining-buckets,64,8,65536,2097152,3179000,200723637349124037,14881868431885356544
mask-paired,mask,isolated-lookup,1,256,miss,64,32,salted-mix64,rust-hash-map,usable-entries,56,8,65536,2097152,4309000,200723637349124037,14881868431885356544
c-linear-attribution,index-plus-c,isolated-lookup,0,8,hit,64,32,salted-mix64,whitefoot-hash-map,physical-slots,64,0,65536,2097152,4327000,4239522231411693208,6569140190154816122
c-linear-attribution,index-plus-c,isolated-lookup,0,8,hit,64,32,salted-mix64,rust-hash-map,usable-entries,56,0,65536,2097152,4466000,4239522231411693208,6569140190154816122
c-linear-attribution,index-plus-c,isolated-lookup,0,8,hit,64,32,salted-mix64,cpp-unordered-map,chaining-buckets,64,0,65536,2097152,3366000,4239522231411693208,6569140190154816122
c-linear-attribution,index-plus-c,isolated-lookup,0,8,hit,64,32,salted-mix64,c-linear-probe-attribution,physical-slots,64,0,65536,2097152,3695000,4239522231411693208,6569140190154816122
c-linear-attribution,index-plus-c,isolated-lookup,0,8,hit,64,32,salted-mix64,rust-hash-map,usable-entries,56,1,65536,2097152,5688000,2926486032717465826,18135573329091736190
c-linear-attribution,index-plus-c,isolated-lookup,0,8,hit,64,32,salted-mix64,cpp-unordered-map,chaining-buckets,64,1,65536,2097152,3394000,2926486032717465826,18135573329091736190
c-linear-attribution,index-plus-c,isolated-lookup,0,8,hit,64,32,salted-mix64,c-linear-probe-attribution,physical-slots,64,1,65536,2097152,4014000,2926486032717465826,18135573329091736190
c-linear-attribution,index-plus-c,isolated-lookup,0,8,hit,64,32,salted-mix64,whitefoot-hash-map,physical-slots,64,1,65536,2097152,4511000,2926486032717465826,18135573329091736190
c-linear-attribution,index-plus-c,isolated-lookup,0,8,hit,64,32,salted-mix64,cpp-unordered-map,chaining-buckets,64,2,65536,2097152,3374000,1950109411527586354,9895997175603665294
c-linear-attribution,index-plus-c,isolated-lookup,0,8,hit,64,32,salted-mix64,c-linear-probe-attribution,physical-slots,64,2,65536,2097152,3712000,1950109411527586354,9895997175603665294
c-linear-attribution,index-plus-c,isolated-lookup,0,8,hit,64,32,salted-mix64,whitefoot-hash-map,physical-slots,64,2,65536,2097152,4286000,1950109411527586354,9895997175603665294
c-linear-attribution,index-plus-c,isolated-lookup,0,8,hit,64,32,salted-mix64,rust-hash-map,usable-entries,56,2,65536,2097152,4572000,1950109411527586354,9895997175603665294
c-linear-attribution,index-plus-c,isolated-lookup,0,8,hit,64,32,salted-mix64,c-linear-probe-attribution,physical-slots,64,3,65536,2097152,3766000,4729026886209191417,12618764708749879515
c-linear-attribution,index-plus-c,isolated-lookup,0,8,hit,64,32,salted-mix64,whitefoot-hash-map,physical-slots,64,3,65536,2097152,4562000,4729026886209191417,12618764708749879515
c-linear-attribution,index-plus-c,isolated-lookup,0,8,hit,64,32,salted-mix64,rust-hash-map,usable-entries,56,3,65536,2097152,4458000,4729026886209191417,12618764708749879515
c-linear-attribution,index-plus-c,isolated-lookup,0,8,hit,64,32,salted-mix64,cpp-unordered-map,chaining-buckets,64,3,65536,2097152,3471000,4729026886209191417,12618764708749879515
c-linear-attribution,index-plus-c,isolated-lookup,0,8,hit,64,32,salted-mix64,whitefoot-hash-map,physical-slots,64,4,65536,2097152,4304000,7789383083385681379,6682258775380899928
c-linear-attribution,index-plus-c,isolated-lookup,0,8,hit,64,32,salted-mix64,rust-hash-map,usable-entries,56,4,65536,2097152,4532000,7789383083385681379,6682258775380899928
c-linear-attribution,index-plus-c,isolated-lookup,0,8,hit,64,32,salted-mix64,cpp-unordered-map,chaining-buckets,64,4,65536,2097152,3322000,7789383083385681379,6682258775380899928
c-linear-attribution,index-plus-c,isolated-lookup,0,8,hit,64,32,salted-mix64,c-linear-probe-attribution,physical-slots,64,4,65536,2097152,3673000,7789383083385681379,6682258775380899928
c-linear-attribution,index-plus-c,isolated-lookup,0,8,hit,64,32,salted-mix64,rust-hash-map,usable-entries,56,5,65536,2097152,4463000,14912296476274059179,15955402111364378682
c-linear-attribution,index-plus-c,isolated-lookup,0,8,hit,64,32,salted-mix64,cpp-unordered-map,chaining-buckets,64,5,65536,2097152,3359000,14912296476274059179,15955402111364378682
c-linear-attribution,index-plus-c,isolated-lookup,0,8,hit,64,32,salted-mix64,c-linear-probe-attribution,physical-slots,64,5,65536,2097152,3784000,14912296476274059179,15955402111364378682
c-linear-attribution,index-plus-c,isolated-lookup,0,8,hit,64,32,salted-mix64,whitefoot-hash-map,physical-slots,64,5,65536,2097152,4479000,14912296476274059179,15955402111364378682
c-linear-attribution,index-plus-c,isolated-lookup,0,8,hit,64,32,salted-mix64,cpp-unordered-map,chaining-buckets,64,6,65536,2097152,3324000,3102224960182046416,17384135073489638916
c-linear-attribution,index-plus-c,isolated-lookup,0,8,hit,64,32,salted-mix64,c-linear-probe-attribution,physical-slots,64,6,65536,2097152,3657000,3102224960182046416,17384135073489638916
c-linear-attribution,index-plus-c,isolated-lookup,0,8,hit,64,32,salted-mix64,whitefoot-hash-map,physical-slots,64,6,65536,2097152,4249000,3102224960182046416,17384135073489638916
c-linear-attribution,index-plus-c,isolated-lookup,0,8,hit,64,32,salted-mix64,rust-hash-map,usable-entries,56,6,65536,2097152,4451000,3102224960182046416,17384135073489638916
c-linear-attribution,index-plus-c,isolated-lookup,0,8,hit,64,32,salted-mix64,c-linear-probe-attribution,physical-slots,64,7,65536,2097152,3885000,5994810811218061247,14495855000218944738
c-linear-attribution,index-plus-c,isolated-lookup,0,8,hit,64,32,salted-mix64,whitefoot-hash-map,physical-slots,64,7,65536,2097152,4448000,5994810811218061247,14495855000218944738
c-linear-attribution,index-plus-c,isolated-lookup,0,8,hit,64,32,salted-mix64,rust-hash-map,usable-entries,56,7,65536,2097152,5505000,5994810811218061247,14495855000218944738
c-linear-attribution,index-plus-c,isolated-lookup,0,8,hit,64,32,salted-mix64,cpp-unordered-map,chaining-buckets,64,7,65536,2097152,3367000,5994810811218061247,14495855000218944738
c-linear-attribution,index-plus-c,isolated-lookup,0,8,hit,64,32,salted-mix64,whitefoot-hash-map,physical-slots,64,8,65536,2097152,4561000,9874546471375032397,3280734739808937497
c-linear-attribution,index-plus-c,isolated-lookup,0,8,hit,64,32,salted-mix64,rust-hash-map,usable-entries,56,8,65536,2097152,4644000,9874546471375032397,3280734739808937497
c-linear-attribution,index-plus-c,isolated-lookup,0,8,hit,64,32,salted-mix64,cpp-unordered-map,chaining-buckets,64,8,65536,2097152,3347000,9874546471375032397,3280734739808937497
c-linear-attribution,index-plus-c,isolated-lookup,0,8,hit,64,32,salted-mix64,c-linear-probe-attribution,physical-slots,64,8,65536,2097152,3823000,9874546471375032397,3280734739808937497
c-linear-attribution,index-plus-c,isolated-lookup,0,8,miss,64,32,salted-mix64,whitefoot-hash-map,physical-slots,64,0,65536,2097152,5779000,15132253838967462115,6569140190154816122
c-linear-attribution,index-plus-c,isolated-lookup,0,8,miss,64,32,salted-mix64,rust-hash-map,usable-entries,56,0,65536,2097152,3277000,15132253838967462115,6569140190154816122
c-linear-attribution,index-plus-c,isolated-lookup,0,8,miss,64,32,salted-mix64,cpp-unordered-map,chaining-buckets,64,0,65536,2097152,3333000,15132253838967462115,6569140190154816122
c-linear-attribution,index-plus-c,isolated-lookup,0,8,miss,64,32,salted-mix64,c-linear-probe-attribution,physical-slots,64,0,65536,2097152,4693000,15132253838967462115,6569140190154816122
c-linear-attribution,index-plus-c,isolated-lookup,0,8,miss,64,32,salted-mix64,rust-hash-map,usable-entries,56,1,65536,2097152,3314000,2681066283742362172,18135573329091736190
c-linear-attribution,index-plus-c,isolated-lookup,0,8,miss,64,32,salted-mix64,cpp-unordered-map,chaining-buckets,64,1,65536,2097152,3328000,2681066283742362172,18135573329091736190
c-linear-attribution,index-plus-c,isolated-lookup,0,8,miss,64,32,salted-mix64,c-linear-probe-attribution,physical-slots,64,1,65536,2097152,5872000,2681066283742362172,18135573329091736190
c-linear-attribution,index-plus-c,isolated-lookup,0,8,miss,64,32,salted-mix64,whitefoot-hash-map,physical-slots,64,1,65536,2097152,7524000,2681066283742362172,18135573329091736190
c-linear-attribution,index-plus-c,isolated-lookup,0,8,miss,64,32,salted-mix64,cpp-unordered-map,chaining-buckets,64,2,65536,2097152,3193000,7296812208248709570,9895997175603665294
c-linear-attribution,index-plus-c,isolated-lookup,0,8,miss,64,32,salted-mix64,c-linear-probe-attribution,physical-slots,64,2,65536,2097152,4837000,7296812208248709570,9895997175603665294
c-linear-attribution,index-plus-c,isolated-lookup,0,8,miss,64,32,salted-mix64,whitefoot-hash-map,physical-slots,64,2,65536,2097152,5868000,7296812208248709570,9895997175603665294
c-linear-attribution,index-plus-c,isolated-lookup,0,8,miss,64,32,salted-mix64,rust-hash-map,usable-entries,56,2,65536,2097152,3288000,7296812208248709570,9895997175603665294
c-linear-attribution,index-plus-c,isolated-lookup,0,8,miss,64,32,salted-mix64,c-linear-probe-attribution,physical-slots,64,3,65536,2097152,5737000,14423111289845556242,12618764708749879515
c-linear-attribution,index-plus-c,isolated-lookup,0,8,miss,64,32,salted-mix64,whitefoot-hash-map,physical-slots,64,3,65536,2097152,7290000,14423111289845556242,12618764708749879515
c-linear-attribution,index-plus-c,isolated-lookup,0,8,miss,64,32,salted-mix64,rust-hash-map,usable-entries,56,3,65536,2097152,3309000,14423111289845556242,12618764708749879515
c-linear-attribution,index-plus-c,isolated-lookup,0,8,miss,64,32,salted-mix64,cpp-unordered-map,chaining-buckets,64,3,65536,2097152,3360000,14423111289845556242,12618764708749879515
c-linear-attribution,index-plus-c,isolated-lookup,0,8,miss,64,32,salted-mix64,whitefoot-hash-map,physical-slots,64,4,65536,2097152,5922000,5230495931743818634,6682258775380899928
c-linear-attribution,index-plus-c,isolated-lookup,0,8,miss,64,32,salted-mix64,rust-hash-map,usable-entries,56,4,65536,2097152,4282000,5230495931743818634,6682258775380899928
c-linear-attribution,index-plus-c,isolated-lookup,0,8,miss,64,32,salted-mix64,cpp-unordered-map,chaining-buckets,64,4,65536,2097152,3258000,5230495931743818634,6682258775380899928
c-linear-attribution,index-plus-c,isolated-lookup,0,8,miss,64,32,salted-mix64,c-linear-probe-attribution,physical-slots,64,4,65536,2097152,4756000,5230495931743818634,6682258775380899928
c-linear-attribution,index-plus-c,isolated-lookup,0,8,miss,64,32,salted-mix64,rust-hash-map,usable-entries,56,5,65536,2097152,3290000,4562025355725514772,15955402111364378682
c-linear-attribution,index-plus-c,isolated-lookup,0,8,miss,64,32,salted-mix64,cpp-unordered-map,chaining-buckets,64,5,65536,2097152,3294000,4562025355725514772,15955402111364378682
c-linear-attribution,index-plus-c,isolated-lookup,0,8,miss,64,32,salted-mix64,c-linear-probe-attribution,physical-slots,64,5,65536,2097152,5943000,4562025355725514772,15955402111364378682
c-linear-attribution,index-plus-c,isolated-lookup,0,8,miss,64,32,salted-mix64,whitefoot-hash-map,physical-slots,64,5,65536,2097152,7685000,4562025355725514772,15955402111364378682
c-linear-attribution,index-plus-c,isolated-lookup,0,8,miss,64,32,salted-mix64,cpp-unordered-map,chaining-buckets,64,6,65536,2097152,3148000,6591037010649270577,17384135073489638916
c-linear-attribution,index-plus-c,isolated-lookup,0,8,miss,64,32,salted-mix64,c-linear-probe-attribution,physical-slots,64,6,65536,2097152,4577000,6591037010649270577,17384135073489638916
c-linear-attribution,index-plus-c,isolated-lookup,0,8,miss,64,32,salted-mix64,whitefoot-hash-map,physical-slots,64,6,65536,2097152,5603000,6591037010649270577,17384135073489638916
c-linear-attribution,index-plus-c,isolated-lookup,0,8,miss,64,32,salted-mix64,rust-hash-map,usable-entries,56,6,65536,2097152,4262000,6591037010649270577,17384135073489638916
c-linear-attribution,index-plus-c,isolated-lookup,0,8,miss,64,32,salted-mix64,c-linear-probe-attribution,physical-slots,64,7,65536,2097152,5650000,11181113795741075825,14495855000218944738
c-linear-attribution,index-plus-c,isolated-lookup,0,8,miss,64,32,salted-mix64,whitefoot-hash-map,physical-slots,64,7,65536,2097152,7212000,11181113795741075825,14495855000218944738
c-linear-attribution,index-plus-c,isolated-lookup,0,8,miss,64,32,salted-mix64,rust-hash-map,usable-entries,56,7,65536,2097152,3431000,11181113795741075825,14495855000218944738
c-linear-attribution,index-plus-c,isolated-lookup,0,8,miss,64,32,salted-mix64,cpp-unordered-map,chaining-buckets,64,7,65536,2097152,3177000,11181113795741075825,14495855000218944738
c-linear-attribution,index-plus-c,isolated-lookup,0,8,miss,64,32,salted-mix64,whitefoot-hash-map,physical-slots,64,8,65536,2097152,5891000,200723637349124037,3280734739808937497
c-linear-attribution,index-plus-c,isolated-lookup,0,8,miss,64,32,salted-mix64,rust-hash-map,usable-entries,56,8,65536,2097152,4231000,200723637349124037,3280734739808937497
c-linear-attribution,index-plus-c,isolated-lookup,0,8,miss,64,32,salted-mix64,cpp-unordered-map,chaining-buckets,64,8,65536,2097152,3175000,200723637349124037,3280734739808937497
c-linear-attribution,index-plus-c,isolated-lookup,0,8,miss,64,32,salted-mix64,c-linear-probe-attribution,physical-slots,64,8,65536,2097152,4784000,200723637349124037,3280734739808937497
c-linear-attribution,index-plus-c,isolated-lookup,0,8,hit,4096,2048,salted-mix64,whitefoot-hash-map,physical-slots,4096,0,1024,2097152,4736000,12256773017604771992,5491702704287014337
c-linear-attribution,index-plus-c,isolated-lookup,0,8,hit,4096,2048,salted-mix64,rust-hash-map,usable-entries,3584,0,1024,2097152,4691000,12256773017604771992,5491702704287014337
c-linear-attribution,index-plus-c,isolated-lookup,0,8,hit,4096,2048,salted-mix64,cpp-unordered-map,chaining-buckets,4096,0,1024,2097152,3375000,12256773017604771992,5491702704287014337
c-linear-attribution,index-plus-c,isolated-lookup,0,8,hit,4096,2048,salted-mix64,c-linear-probe-attribution,physical-slots,4096,0,1024,2097152,6121000,12256773017604771992,5491702704287014337
c-linear-attribution,index-plus-c,isolated-lookup,0,8,hit,4096,2048,salted-mix64,rust-hash-map,usable-entries,3584,1,1024,2097152,4655000,8109805965890620335,2763695295485510119
c-linear-attribution,index-plus-c,isolated-lookup,0,8,hit,4096,2048,salted-mix64,cpp-unordered-map,chaining-buckets,4096,1,1024,2097152,3375000,8109805965890620335,2763695295485510119
c-linear-attribution,index-plus-c,isolated-lookup,0,8,hit,4096,2048,salted-mix64,c-linear-probe-attribution,physical-slots,4096,1,1024,2097152,5793000,8109805965890620335,2763695295485510119
c-linear-attribution,index-plus-c,isolated-lookup,0,8,hit,4096,2048,salted-mix64,whitefoot-hash-map,physical-slots,4096,1,1024,2097152,4984000,8109805965890620335,2763695295485510119
c-linear-attribution,index-plus-c,isolated-lookup,0,8,hit,4096,2048,salted-mix64,cpp-unordered-map,chaining-buckets,4096,2,1024,2097152,3557000,6236540686233913562,169108885870040371
c-linear-attribution,index-plus-c,isolated-lookup,0,8,hit,4096,2048,salted-mix64,c-linear-probe-attribution,physical-slots,4096,2,1024,2097152,6130000,6236540686233913562,169108885870040371
c-linear-attribution,index-plus-c,isolated-lookup,0,8,hit,4096,2048,salted-mix64,whitefoot-hash-map,physical-slots,4096,2,1024,2097152,4751000,6236540686233913562,169108885870040371
c-linear-attribution,index-plus-c,isolated-lookup,0,8,hit,4096,2048,salted-mix64,rust-hash-map,usable-entries,3584,2,1024,2097152,4681000,6236540686233913562,169108885870040371
c-linear-attribution,index-plus-c,isolated-lookup,0,8,hit,4096,2048,salted-mix64,c-linear-probe-attribution,physical-slots,4096,3,1024,2097152,6275000,4130214178744726911,13533504526737804194
c-linear-attribution,index-plus-c,isolated-lookup,0,8,hit,4096,2048,salted-mix64,whitefoot-hash-map,physical-slots,4096,3,1024,2097152,4814000,4130214178744726911,13533504526737804194
c-linear-attribution,index-plus-c,isolated-lookup,0,8,hit,4096,2048,salted-mix64,rust-hash-map,usable-entries,3584,3,1024,2097152,4672000,4130214178744726911,13533504526737804194
c-linear-attribution,index-plus-c,isolated-lookup,0,8,hit,4096,2048,salted-mix64,cpp-unordered-map,chaining-buckets,4096,3,1024,2097152,3469000,4130214178744726911,13533504526737804194
c-linear-attribution,index-plus-c,isolated-lookup,0,8,hit,4096,2048,salted-mix64,whitefoot-hash-map,physical-slots,4096,4,1024,2097152,4810000,18037281245260807620,14383430485961478032
c-linear-attribution,index-plus-c,isolated-lookup,0,8,hit,4096,2048,salted-mix64,rust-hash-map,usable-entries,3584,4,1024,2097152,4621000,18037281245260807620,14383430485961478032
c-linear-attribution,index-plus-c,isolated-lookup,0,8,hit,4096,2048,salted-mix64,cpp-unordered-map,chaining-buckets,4096,4,1024,2097152,3311000,18037281245260807620,14383430485961478032
c-linear-attribution,index-plus-c,isolated-lookup,0,8,hit,4096,2048,salted-mix64,c-linear-probe-attribution,physical-slots,4096,4,1024,2097152,5530000,18037281245260807620,14383430485961478032
c-linear-attribution,index-plus-c,isolated-lookup,0,8,hit,4096,2048,salted-mix64,rust-hash-map,usable-entries,3584,5,1024,2097152,4684000,15561356245120038934,16172748985559573147
c-linear-attribution,index-plus-c,isolated-lookup,0,8,hit,4096,2048,salted-mix64,cpp-unordered-map,chaining-buckets,4096,5,1024,2097152,3407000,15561356245120038934,16172748985559573147
c-linear-attribution,index-plus-c,isolated-lookup,0,8,hit,4096,2048,salted-mix64,c-linear-probe-attribution,physical-slots,4096,5,1024,2097152,5390000,15561356245120038934,16172748985559573147
c-linear-attribution,index-plus-c,isolated-lookup,0,8,hit,4096,2048,salted-mix64,whitefoot-hash-map,physical-slots,4096,5,1024,2097152,4781000,15561356245120038934,16172748985559573147
c-linear-attribution,index-plus-c,isolated-lookup,0,8,hit,4096,2048,salted-mix64,cpp-unordered-map,chaining-buckets,4096,6,1024,2097152,3810000,1884708600979695867,11623346431533299128
c-linear-attribution,index-plus-c,isolated-lookup,0,8,hit,4096,2048,salted-mix64,c-linear-probe-attribution,physical-slots,4096,6,1024,2097152,5134000,1884708600979695867,11623346431533299128
c-linear-attribution,index-plus-c,isolated-lookup,0,8,hit,4096,2048,salted-mix64,whitefoot-hash-map,physical-slots,4096,6,1024,2097152,4720000,1884708600979695867,11623346431533299128
c-linear-attribution,index-plus-c,isolated-lookup,0,8,hit,4096,2048,salted-mix64,rust-hash-map,usable-entries,3584,6,1024,2097152,4722000,1884708600979695867,11623346431533299128
c-linear-attribution,index-plus-c,isolated-lookup,0,8,hit,4096,2048,salted-mix64,c-linear-probe-attribution,physical-slots,4096,7,1024,2097152,5958000,15555180481091510704,12840744521595376045
c-linear-attribution,index-plus-c,isolated-lookup,0,8,hit,4096,2048,salted-mix64,whitefoot-hash-map,physical-slots,4096,7,1024,2097152,4853000,15555180481091510704,12840744521595376045
c-linear-attribution,index-plus-c,isolated-lookup,0,8,hit,4096,2048,salted-mix64,rust-hash-map,usable-entries,3584,7,1024,2097152,4656000,15555180481091510704,12840744521595376045
c-linear-attribution,index-plus-c,isolated-lookup,0,8,hit,4096,2048,salted-mix64,cpp-unordered-map,chaining-buckets,4096,7,1024,2097152,3449000,15555180481091510704,12840744521595376045
c-linear-attribution,index-plus-c,isolated-lookup,0,8,hit,4096,2048,salted-mix64,whitefoot-hash-map,physical-slots,4096,8,1024,2097152,4810000,2735230302163515563,13999068279916446456
c-linear-attribution,index-plus-c,isolated-lookup,0,8,hit,4096,2048,salted-mix64,rust-hash-map,usable-entries,3584,8,1024,2097152,4600000,2735230302163515563,13999068279916446456
c-linear-attribution,index-plus-c,isolated-lookup,0,8,hit,4096,2048,salted-mix64,cpp-unordered-map,chaining-buckets,4096,8,1024,2097152,3373000,2735230302163515563,13999068279916446456
c-linear-attribution,index-plus-c,isolated-lookup,0,8,hit,4096,2048,salted-mix64,c-linear-probe-attribution,physical-slots,4096,8,1024,2097152,6308000,2735230302163515563,13999068279916446456
c-linear-attribution,index-plus-c,isolated-lookup,0,8,miss,4096,2048,salted-mix64,whitefoot-hash-map,physical-slots,4096,0,1024,2097152,6708000,15132253838967462115,5491702704287014337
c-linear-attribution,index-plus-c,isolated-lookup,0,8,miss,4096,2048,salted-mix64,rust-hash-map,usable-entries,3584,0,1024,2097152,4494000,15132253838967462115,5491702704287014337
c-linear-attribution,index-plus-c,isolated-lookup,0,8,miss,4096,2048,salted-mix64,cpp-unordered-map,chaining-buckets,4096,0,1024,2097152,3069000,15132253838967462115,5491702704287014337
c-linear-attribution,index-plus-c,isolated-lookup,0,8,miss,4096,2048,salted-mix64,c-linear-probe-attribution,physical-slots,4096,0,1024,2097152,5719000,15132253838967462115,5491702704287014337
c-linear-attribution,index-plus-c,isolated-lookup,0,8,miss,4096,2048,salted-mix64,rust-hash-map,usable-entries,3584,1,1024,2097152,4538000,2681066283742362172,2763695295485510119
c-linear-attribution,index-plus-c,isolated-lookup,0,8,miss,4096,2048,salted-mix64,cpp-unordered-map,chaining-buckets,4096,1,1024,2097152,3042000,2681066283742362172,2763695295485510119
c-linear-attribution,index-plus-c,isolated-lookup,0,8,miss,4096,2048,salted-mix64,c-linear-probe-attribution,physical-slots,4096,1,1024,2097152,5100000,2681066283742362172,2763695295485510119
c-linear-attribution,index-plus-c,isolated-lookup,0,8,miss,4096,2048,salted-mix64,whitefoot-hash-map,physical-slots,4096,1,1024,2097152,8545000,2681066283742362172,2763695295485510119
c-linear-attribution,index-plus-c,isolated-lookup,0,8,miss,4096,2048,salted-mix64,cpp-unordered-map,chaining-buckets,4096,2,1024,2097152,3061000,7296812208248709570,169108885870040371
c-linear-attribution,index-plus-c,isolated-lookup,0,8,miss,4096,2048,salted-mix64,c-linear-probe-attribution,physical-slots,4096,2,1024,2097152,5574000,7296812208248709570,169108885870040371
c-linear-attribution,index-plus-c,isolated-lookup,0,8,miss,4096,2048,salted-mix64,whitefoot-hash-map,physical-slots,4096,2,1024,2097152,6641000,7296812208248709570,169108885870040371
c-linear-attribution,index-plus-c,isolated-lookup,0,8,miss,4096,2048,salted-mix64,rust-hash-map,usable-entries,3584,2,1024,2097152,4536000,7296812208248709570,169108885870040371
c-linear-attribution,index-plus-c,isolated-lookup,0,8,miss,4096,2048,salted-mix64,c-linear-probe-attribution,physical-slots,4096,3,1024,2097152,5078000,14423111289845556242,13533504526737804194
c-linear-attribution,index-plus-c,isolated-lookup,0,8,miss,4096,2048,salted-mix64,whitefoot-hash-map,physical-slots,4096,3,1024,2097152,6349000,14423111289845556242,13533504526737804194
c-linear-attribution,index-plus-c,isolated-lookup,0,8,miss,4096,2048,salted-mix64,rust-hash-map,usable-entries,3584,3,1024,2097152,4474000,14423111289845556242,13533504526737804194
c-linear-attribution,index-plus-c,isolated-lookup,0,8,miss,4096,2048,salted-mix64,cpp-unordered-map,chaining-buckets,4096,3,1024,2097152,3041000,14423111289845556242,13533504526737804194
c-linear-attribution,index-plus-c,isolated-lookup,0,8,miss,4096,2048,salted-mix64,whitefoot-hash-map,physical-slots,4096,4,1024,2097152,6641000,5230495931743818634,14383430485961478032
c-linear-attribution,index-plus-c,isolated-lookup,0,8,miss,4096,2048,salted-mix64,rust-hash-map,usable-entries,3584,4,1024,2097152,4462000,5230495931743818634,14383430485961478032
c-linear-attribution,index-plus-c,isolated-lookup,0,8,miss,4096,2048,salted-mix64,cpp-unordered-map,chaining-buckets,4096,4,1024,2097152,3055000,5230495931743818634,14383430485961478032
c-linear-attribution,index-plus-c,isolated-lookup,0,8,miss,4096,2048,salted-mix64,c-linear-probe-attribution,physical-slots,4096,4,1024,2097152,5346000,5230495931743818634,14383430485961478032
c-linear-attribution,index-plus-c,isolated-lookup,0,8,miss,4096,2048,salted-mix64,rust-hash-map,usable-entries,3584,5,1024,2097152,4520000,4562025355725514772,16172748985559573147
c-linear-attribution,index-plus-c,isolated-lookup,0,8,miss,4096,2048,salted-mix64,cpp-unordered-map,chaining-buckets,4096,5,1024,2097152,3044000,4562025355725514772,16172748985559573147
c-linear-attribution,index-plus-c,isolated-lookup,0,8,miss,4096,2048,salted-mix64,c-linear-probe-attribution,physical-slots,4096,5,1024,2097152,5701000,4562025355725514772,16172748985559573147
c-linear-attribution,index-plus-c,isolated-lookup,0,8,miss,4096,2048,salted-mix64,whitefoot-hash-map,physical-slots,4096,5,1024,2097152,11450000,4562025355725514772,16172748985559573147
c-linear-attribution,index-plus-c,isolated-lookup,0,8,miss,4096,2048,salted-mix64,cpp-unordered-map,chaining-buckets,4096,6,1024,2097152,3103000,6591037010649270577,11623346431533299128
c-linear-attribution,index-plus-c,isolated-lookup,0,8,miss,4096,2048,salted-mix64,c-linear-probe-attribution,physical-slots,4096,6,1024,2097152,13946000,6591037010649270577,11623346431533299128
c-linear-attribution,index-plus-c,isolated-lookup,0,8,miss,4096,2048,salted-mix64,whitefoot-hash-map,physical-slots,4096,6,1024,2097152,10934000,6591037010649270577,11623346431533299128
c-linear-attribution,index-plus-c,isolated-lookup,0,8,miss,4096,2048,salted-mix64,rust-hash-map,usable-entries,3584,6,1024,2097152,4515000,6591037010649270577,11623346431533299128
c-linear-attribution,index-plus-c,isolated-lookup,0,8,miss,4096,2048,salted-mix64,c-linear-probe-attribution,physical-slots,4096,7,1024,2097152,5272000,11181113795741075825,12840744521595376045
c-linear-attribution,index-plus-c,isolated-lookup,0,8,miss,4096,2048,salted-mix64,whitefoot-hash-map,physical-slots,4096,7,1024,2097152,10637000,11181113795741075825,12840744521595376045
c-linear-attribution,index-plus-c,isolated-lookup,0,8,miss,4096,2048,salted-mix64,rust-hash-map,usable-entries,3584,7,1024,2097152,4466000,11181113795741075825,12840744521595376045
c-linear-attribution,index-plus-c,isolated-lookup,0,8,miss,4096,2048,salted-mix64,cpp-unordered-map,chaining-buckets,4096,7,1024,2097152,3028000,11181113795741075825,12840744521595376045
c-linear-attribution,index-plus-c,isolated-lookup,0,8,miss,4096,2048,salted-mix64,whitefoot-hash-map,physical-slots,4096,8,1024,2097152,6689000,200723637349124037,13999068279916446456
c-linear-attribution,index-plus-c,isolated-lookup,0,8,miss,4096,2048,salted-mix64,rust-hash-map,usable-entries,3584,8,1024,2097152,4613000,200723637349124037,13999068279916446456
c-linear-attribution,index-plus-c,isolated-lookup,0,8,miss,4096,2048,salted-mix64,cpp-unordered-map,chaining-buckets,4096,8,1024,2097152,3027000,200723637349124037,13999068279916446456
c-linear-attribution,index-plus-c,isolated-lookup,0,8,miss,4096,2048,salted-mix64,c-linear-probe-attribution,physical-slots,4096,8,1024,2097152,5535000,200723637349124037,13999068279916446456
c-linear-attribution,index-plus-c,isolated-lookup,0,256,hit,64,32,salted-mix64,whitefoot-hash-map,physical-slots,64,0,65536,2097152,4257000,4239522231411693208,18266774267156818832
c-linear-attribution,index-plus-c,isolated-lookup,0,256,hit,64,32,salted-mix64,rust-hash-map,usable-entries,56,0,65536,2097152,4836000,4239522231411693208,18266774267156818832
c-linear-attribution,index-plus-c,isolated-lookup,0,256,hit,64,32,salted-mix64,cpp-unordered-map,chaining-buckets,64,0,65536,2097152,3335000,4239522231411693208,18266774267156818832
c-linear-attribution,index-plus-c,isolated-lookup,0,256,hit,64,32,salted-mix64,c-linear-probe-attribution,physical-slots,64,0,65536,2097152,3684000,4239522231411693208,18266774267156818832
c-linear-attribution,index-plus-c,isolated-lookup,0,256,hit,64,32,salted-mix64,rust-hash-map,usable-entries,56,1,65536,2097152,5856000,2926486032717465826,17629528883973804059
c-linear-attribution,index-plus-c,isolated-lookup,0,256,hit,64,32,salted-mix64,cpp-unordered-map,chaining-buckets,64,1,65536,2097152,3365000,2926486032717465826,17629528883973804059
c-linear-attribution,index-plus-c,isolated-lookup,0,256,hit,64,32,salted-mix64,c-linear-probe-attribution,physical-slots,64,1,65536,2097152,3799000,2926486032717465826,17629528883973804059
c-linear-attribution,index-plus-c,isolated-lookup,0,256,hit,64,32,salted-mix64,whitefoot-hash-map,physical-slots,64,1,65536,2097152,4459000,2926486032717465826,17629528883973804059
c-linear-attribution,index-plus-c,isolated-lookup,0,256,hit,64,32,salted-mix64,cpp-unordered-map,chaining-buckets,64,2,65536,2097152,3339000,1950109411527586354,10588808568664885272
c-linear-attribution,index-plus-c,isolated-lookup,0,256,hit,64,32,salted-mix64,c-linear-probe-attribution,physical-slots,64,2,65536,2097152,3652000,1950109411527586354,10588808568664885272
c-linear-attribution,index-plus-c,isolated-lookup,0,256,hit,64,32,salted-mix64,whitefoot-hash-map,physical-slots,64,2,65536,2097152,4305000,1950109411527586354,10588808568664885272
c-linear-attribution,index-plus-c,isolated-lookup,0,256,hit,64,32,salted-mix64,rust-hash-map,usable-entries,56,2,65536,2097152,4834000,1950109411527586354,10588808568664885272
c-linear-attribution,index-plus-c,isolated-lookup,0,256,hit,64,32,salted-mix64,c-linear-probe-attribution,physical-slots,64,3,65536,2097152,4052000,4729026886209191417,9643622543523366911
c-linear-attribution,index-plus-c,isolated-lookup,0,256,hit,64,32,salted-mix64,whitefoot-hash-map,physical-slots,64,3,65536,2097152,4721000,4729026886209191417,9643622543523366911
c-linear-attribution,index-plus-c,isolated-lookup,0,256,hit,64,32,salted-mix64,rust-hash-map,usable-entries,56,3,65536,2097152,5141000,4729026886209191417,9643622543523366911
c-linear-attribution,index-plus-c,isolated-lookup,0,256,hit,64,32,salted-mix64,cpp-unordered-map,chaining-buckets,64,3,65536,2097152,3532000,4729026886209191417,9643622543523366911
c-linear-attribution,index-plus-c,isolated-lookup,0,256,hit,64,32,salted-mix64,whitefoot-hash-map,physical-slots,64,4,65536,2097152,4446000,7789383083385681379,7997935681297465229
c-linear-attribution,index-plus-c,isolated-lookup,0,256,hit,64,32,salted-mix64,rust-hash-map,usable-entries,56,4,65536,2097152,4873000,7789383083385681379,7997935681297465229
c-linear-attribution,index-plus-c,isolated-lookup,0,256,hit,64,32,salted-mix64,cpp-unordered-map,chaining-buckets,64,4,65536,2097152,3466000,7789383083385681379,7997935681297465229
c-linear-attribution,index-plus-c,isolated-lookup,0,256,hit,64,32,salted-mix64,c-linear-probe-attribution,physical-slots,64,4,65536,2097152,3778000,7789383083385681379,7997935681297465229
c-linear-attribution,index-plus-c,isolated-lookup,0,256,hit,64,32,salted-mix64,rust-hash-map,usable-entries,56,5,65536,2097152,5038000,14912296476274059179,12589978323246251962
c-linear-attribution,index-plus-c,isolated-lookup,0,256,hit,64,32,salted-mix64,cpp-unordered-map,chaining-buckets,64,5,65536,2097152,3495000,14912296476274059179,12589978323246251962
c-linear-attribution,index-plus-c,isolated-lookup,0,256,hit,64,32,salted-mix64,c-linear-probe-attribution,physical-slots,64,5,65536,2097152,3780000,14912296476274059179,12589978323246251962
c-linear-attribution,index-plus-c,isolated-lookup,0,256,hit,64,32,salted-mix64,whitefoot-hash-map,physical-slots,64,5,65536,2097152,4542000,14912296476274059179,12589978323246251962
c-linear-attribution,index-plus-c,isolated-lookup,0,256,hit,64,32,salted-mix64,cpp-unordered-map,chaining-buckets,64,6,65536,2097152,3328000,3102224960182046416,1695167606993225687
c-linear-attribution,index-plus-c,isolated-lookup,0,256,hit,64,32,salted-mix64,c-linear-probe-attribution,physical-slots,64,6,65536,2097152,3663000,3102224960182046416,1695167606993225687
c-linear-attribution,index-plus-c,isolated-lookup,0,256,hit,64,32,salted-mix64,whitefoot-hash-map,physical-slots,64,6,65536,2097152,4280000,3102224960182046416,1695167606993225687
c-linear-attribution,index-plus-c,isolated-lookup,0,256,hit,64,32,salted-mix64,rust-hash-map,usable-entries,56,6,65536,2097152,4810000,3102224960182046416,1695167606993225687
c-linear-attribution,index-plus-c,isolated-lookup,0,256,hit,64,32,salted-mix64,c-linear-probe-attribution,physical-slots,64,7,65536,2097152,3857000,5994810811218061247,16222476275378838822
c-linear-attribution,index-plus-c,isolated-lookup,0,256,hit,64,32,salted-mix64,whitefoot-hash-map,physical-slots,64,7,65536,2097152,4435000,5994810811218061247,16222476275378838822
c-linear-attribution,index-plus-c,isolated-lookup,0,256,hit,64,32,salted-mix64,rust-hash-map,usable-entries,56,7,65536,2097152,5846000,5994810811218061247,16222476275378838822
c-linear-attribution,index-plus-c,isolated-lookup,0,256,hit,64,32,salted-mix64,cpp-unordered-map,chaining-buckets,64,7,65536,2097152,3405000,5994810811218061247,16222476275378838822
c-linear-attribution,index-plus-c,isolated-lookup,0,256,hit,64,32,salted-mix64,whitefoot-hash-map,physical-slots,64,8,65536,2097152,4248000,9874546471375032397,14881868431885356544
c-linear-attribution,index-plus-c,isolated-lookup,0,256,hit,64,32,salted-mix64,rust-hash-map,usable-entries,56,8,65536,2097152,4797000,9874546471375032397,14881868431885356544
c-linear-attribution,index-plus-c,isolated-lookup,0,256,hit,64,32,salted-mix64,cpp-unordered-map,chaining-buckets,64,8,65536,2097152,3309000,9874546471375032397,14881868431885356544
c-linear-attribution,index-plus-c,isolated-lookup,0,256,hit,64,32,salted-mix64,c-linear-probe-attribution,physical-slots,64,8,65536,2097152,3643000,9874546471375032397,14881868431885356544
c-linear-attribution,index-plus-c,isolated-lookup,0,256,miss,64,32,salted-mix64,whitefoot-hash-map,physical-slots,64,0,65536,2097152,5859000,15132253838967462115,18266774267156818832
c-linear-attribution,index-plus-c,isolated-lookup,0,256,miss,64,32,salted-mix64,rust-hash-map,usable-entries,56,0,65536,2097152,3372000,15132253838967462115,18266774267156818832
c-linear-attribution,index-plus-c,isolated-lookup,0,256,miss,64,32,salted-mix64,cpp-unordered-map,chaining-buckets,64,0,65536,2097152,3453000,15132253838967462115,18266774267156818832
c-linear-attribution,index-plus-c,isolated-lookup,0,256,miss,64,32,salted-mix64,c-linear-probe-attribution,physical-slots,64,0,65536,2097152,4714000,15132253838967462115,18266774267156818832
c-linear-attribution,index-plus-c,isolated-lookup,0,256,miss,64,32,salted-mix64,rust-hash-map,usable-entries,56,1,65536,2097152,3380000,2681066283742362172,17629528883973804059
c-linear-attribution,index-plus-c,isolated-lookup,0,256,miss,64,32,salted-mix64,cpp-unordered-map,chaining-buckets,64,1,65536,2097152,3450000,2681066283742362172,17629528883973804059
c-linear-attribution,index-plus-c,isolated-lookup,0,256,miss,64,32,salted-mix64,c-linear-probe-attribution,physical-slots,64,1,65536,2097152,5894000,2681066283742362172,17629528883973804059
c-linear-attribution,index-plus-c,isolated-lookup,0,256,miss,64,32,salted-mix64,whitefoot-hash-map,physical-slots,64,1,65536,2097152,7410000,2681066283742362172,17629528883973804059
c-linear-attribution,index-plus-c,isolated-lookup,0,256,miss,64,32,salted-mix64,cpp-unordered-map,chaining-buckets,64,2,65536,2097152,3314000,7296812208248709570,10588808568664885272
c-linear-attribution,index-plus-c,isolated-lookup,0,256,miss,64,32,salted-mix64,c-linear-probe-attribution,physical-slots,64,2,65536,2097152,4888000,7296812208248709570,10588808568664885272
c-linear-attribution,index-plus-c,isolated-lookup,0,256,miss,64,32,salted-mix64,whitefoot-hash-map,physical-slots,64,2,65536,2097152,5964000,7296812208248709570,10588808568664885272
c-linear-attribution,index-plus-c,isolated-lookup,0,256,miss,64,32,salted-mix64,rust-hash-map,usable-entries,56,2,65536,2097152,3356000,7296812208248709570,10588808568664885272
c-linear-attribution,index-plus-c,isolated-lookup,0,256,miss,64,32,salted-mix64,c-linear-probe-attribution,physical-slots,64,3,65536,2097152,5746000,14423111289845556242,9643622543523366911
c-linear-attribution,index-plus-c,isolated-lookup,0,256,miss,64,32,salted-mix64,whitefoot-hash-map,physical-slots,64,3,65536,2097152,7456000,14423111289845556242,9643622543523366911
c-linear-attribution,index-plus-c,isolated-lookup,0,256,miss,64,32,salted-mix64,rust-hash-map,usable-entries,56,3,65536,2097152,3321000,14423111289845556242,9643622543523366911
c-linear-attribution,index-plus-c,isolated-lookup,0,256,miss,64,32,salted-mix64,cpp-unordered-map,chaining-buckets,64,3,65536,2097152,3369000,14423111289845556242,9643622543523366911
c-linear-attribution,index-plus-c,isolated-lookup,0,256,miss,64,32,salted-mix64,whitefoot-hash-map,physical-slots,64,4,65536,2097152,6084000,5230495931743818634,7997935681297465229
c-linear-attribution,index-plus-c,isolated-lookup,0,256,miss,64,32,salted-mix64,rust-hash-map,usable-entries,56,4,65536,2097152,4245000,5230495931743818634,7997935681297465229
c-linear-attribution,index-plus-c,isolated-lookup,0,256,miss,64,32,salted-mix64,cpp-unordered-map,chaining-buckets,64,4,65536,2097152,3268000,5230495931743818634,7997935681297465229
c-linear-attribution,index-plus-c,isolated-lookup,0,256,miss,64,32,salted-mix64,c-linear-probe-attribution,physical-slots,64,4,65536,2097152,4824000,5230495931743818634,7997935681297465229
c-linear-attribution,index-plus-c,isolated-lookup,0,256,miss,64,32,salted-mix64,rust-hash-map,usable-entries,56,5,65536,2097152,3311000,4562025355725514772,12589978323246251962
c-linear-attribution,index-plus-c,isolated-lookup,0,256,miss,64,32,salted-mix64,cpp-unordered-map,chaining-buckets,64,5,65536,2097152,3280000,4562025355725514772,12589978323246251962
c-linear-attribution,index-plus-c,isolated-lookup,0,256,miss,64,32,salted-mix64,c-linear-probe-attribution,physical-slots,64,5,65536,2097152,6031000,4562025355725514772,12589978323246251962
c-linear-attribution,index-plus-c,isolated-lookup,0,256,miss,64,32,salted-mix64,whitefoot-hash-map,physical-slots,64,5,65536,2097152,7564000,4562025355725514772,12589978323246251962
c-linear-attribution,index-plus-c,isolated-lookup,0,256,miss,64,32,salted-mix64,cpp-unordered-map,chaining-buckets,64,6,65536,2097152,3146000,6591037010649270577,1695167606993225687
c-linear-attribution,index-plus-c,isolated-lookup,0,256,miss,64,32,salted-mix64,c-linear-probe-attribution,physical-slots,64,6,65536,2097152,4690000,6591037010649270577,1695167606993225687
c-linear-attribution,index-plus-c,isolated-lookup,0,256,miss,64,32,salted-mix64,whitefoot-hash-map,physical-slots,64,6,65536,2097152,5598000,6591037010649270577,1695167606993225687
c-linear-attribution,index-plus-c,isolated-lookup,0,256,miss,64,32,salted-mix64,rust-hash-map,usable-entries,56,6,65536,2097152,4407000,6591037010649270577,1695167606993225687
c-linear-attribution,index-plus-c,isolated-lookup,0,256,miss,64,32,salted-mix64,c-linear-probe-attribution,physical-slots,64,7,65536,2097152,5652000,11181113795741075825,16222476275378838822
c-linear-attribution,index-plus-c,isolated-lookup,0,256,miss,64,32,salted-mix64,whitefoot-hash-map,physical-slots,64,7,65536,2097152,7191000,11181113795741075825,16222476275378838822
c-linear-attribution,index-plus-c,isolated-lookup,0,256,miss,64,32,salted-mix64,rust-hash-map,usable-entries,56,7,65536,2097152,3315000,11181113795741075825,16222476275378838822
c-linear-attribution,index-plus-c,isolated-lookup,0,256,miss,64,32,salted-mix64,cpp-unordered-map,chaining-buckets,64,7,65536,2097152,3287000,11181113795741075825,16222476275378838822
c-linear-attribution,index-plus-c,isolated-lookup,0,256,miss,64,32,salted-mix64,whitefoot-hash-map,physical-slots,64,8,65536,2097152,5888000,200723637349124037,14881868431885356544
c-linear-attribution,index-plus-c,isolated-lookup,0,256,miss,64,32,salted-mix64,rust-hash-map,usable-entries,56,8,65536,2097152,4323000,200723637349124037,14881868431885356544
c-linear-attribution,index-plus-c,isolated-lookup,0,256,miss,64,32,salted-mix64,cpp-unordered-map,chaining-buckets,64,8,65536,2097152,3180000,200723637349124037,14881868431885356544
c-linear-attribution,index-plus-c,isolated-lookup,0,256,miss,64,32,salted-mix64,c-linear-probe-attribution,physical-slots,64,8,65536,2097152,4701000,200723637349124037,14881868431885356544
c-linear-attribution,index-plus-c,isolated-lookup,0,256,hit,4096,2048,salted-mix64,whitefoot-hash-map,physical-slots,4096,0,1024,2097152,5234000,12256773017604771992,4275004589874247251
c-linear-attribution,index-plus-c,isolated-lookup,0,256,hit,4096,2048,salted-mix64,rust-hash-map,usable-entries,3584,0,1024,2097152,5276000,12256773017604771992,4275004589874247251
c-linear-attribution,index-plus-c,isolated-lookup,0,256,hit,4096,2048,salted-mix64,cpp-unordered-map,chaining-buckets,4096,0,1024,2097152,4980000,12256773017604771992,4275004589874247251
c-linear-attribution,index-plus-c,isolated-lookup,0,256,hit,4096,2048,salted-mix64,c-linear-probe-attribution,physical-slots,4096,0,1024,2097152,5609000,12256773017604771992,4275004589874247251
c-linear-attribution,index-plus-c,isolated-lookup,0,256,hit,4096,2048,salted-mix64,rust-hash-map,usable-entries,3584,1,1024,2097152,5163000,8109805965890620335,4831549970320777124
c-linear-attribution,index-plus-c,isolated-lookup,0,256,hit,4096,2048,salted-mix64,cpp-unordered-map,chaining-buckets,4096,1,1024,2097152,4677000,8109805965890620335,4831549970320777124
c-linear-attribution,index-plus-c,isolated-lookup,0,256,hit,4096,2048,salted-mix64,c-linear-probe-attribution,physical-slots,4096,1,1024,2097152,5544000,8109805965890620335,4831549970320777124
c-linear-attribution,index-plus-c,isolated-lookup,0,256,hit,4096,2048,salted-mix64,whitefoot-hash-map,physical-slots,4096,1,1024,2097152,5199000,8109805965890620335,4831549970320777124
c-linear-attribution,index-plus-c,isolated-lookup,0,256,hit,4096,2048,salted-mix64,cpp-unordered-map,chaining-buckets,4096,2,1024,2097152,4808000,6236540686233913562,11962292712906248130
c-linear-attribution,index-plus-c,isolated-lookup,0,256,hit,4096,2048,salted-mix64,c-linear-probe-attribution,physical-slots,4096,2,1024,2097152,6281000,6236540686233913562,11962292712906248130
c-linear-attribution,index-plus-c,isolated-lookup,0,256,hit,4096,2048,salted-mix64,whitefoot-hash-map,physical-slots,4096,2,1024,2097152,5358000,6236540686233913562,11962292712906248130
c-linear-attribution,index-plus-c,isolated-lookup,0,256,hit,4096,2048,salted-mix64,rust-hash-map,usable-entries,3584,2,1024,2097152,5235000,6236540686233913562,11962292712906248130
c-linear-attribution,index-plus-c,isolated-lookup,0,256,hit,4096,2048,salted-mix64,c-linear-probe-attribution,physical-slots,4096,3,1024,2097152,5291000,4130214178744726911,15797047148602259028
c-linear-attribution,index-plus-c,isolated-lookup,0,256,hit,4096,2048,salted-mix64,whitefoot-hash-map,physical-slots,4096,3,1024,2097152,5346000,4130214178744726911,15797047148602259028
c-linear-attribution,index-plus-c,isolated-lookup,0,256,hit,4096,2048,salted-mix64,rust-hash-map,usable-entries,3584,3,1024,2097152,5275000,4130214178744726911,15797047148602259028
c-linear-attribution,index-plus-c,isolated-lookup,0,256,hit,4096,2048,salted-mix64,cpp-unordered-map,chaining-buckets,4096,3,1024,2097152,4714000,4130214178744726911,15797047148602259028
c-linear-attribution,index-plus-c,isolated-lookup,0,256,hit,4096,2048,salted-mix64,whitefoot-hash-map,physical-slots,4096,4,1024,2097152,5204000,18037281245260807620,10852831350306165609
c-linear-attribution,index-plus-c,isolated-lookup,0,256,hit,4096,2048,salted-mix64,rust-hash-map,usable-entries,3584,4,1024,2097152,5334000,18037281245260807620,10852831350306165609
c-linear-attribution,index-plus-c,isolated-lookup,0,256,hit,4096,2048,salted-mix64,cpp-unordered-map,chaining-buckets,4096,4,1024,2097152,4556000,18037281245260807620,10852831350306165609
c-linear-attribution,index-plus-c,isolated-lookup,0,256,hit,4096,2048,salted-mix64,c-linear-probe-attribution,physical-slots,4096,4,1024,2097152,5520000,18037281245260807620,10852831350306165609
c-linear-attribution,index-plus-c,isolated-lookup,0,256,hit,4096,2048,salted-mix64,rust-hash-map,usable-entries,3584,5,1024,2097152,5181000,15561356245120038934,8476091993579837262
c-linear-attribution,index-plus-c,isolated-lookup,0,256,hit,4096,2048,salted-mix64,cpp-unordered-map,chaining-buckets,4096,5,1024,2097152,4809000,15561356245120038934,8476091993579837262
c-linear-attribution,index-plus-c,isolated-lookup,0,256,hit,4096,2048,salted-mix64,c-linear-probe-attribution,physical-slots,4096,5,1024,2097152,5592000,15561356245120038934,8476091993579837262
c-linear-attribution,index-plus-c,isolated-lookup,0,256,hit,4096,2048,salted-mix64,whitefoot-hash-map,physical-slots,4096,5,1024,2097152,5170000,15561356245120038934,8476091993579837262
c-linear-attribution,index-plus-c,isolated-lookup,0,256,hit,4096,2048,salted-mix64,cpp-unordered-map,chaining-buckets,4096,6,1024,2097152,4670000,1884708600979695867,14152714158125688331
c-linear-attribution,index-plus-c,isolated-lookup,0,256,hit,4096,2048,salted-mix64,c-linear-probe-attribution,physical-slots,4096,6,1024,2097152,6174000,1884708600979695867,14152714158125688331
c-linear-attribution,index-plus-c,isolated-lookup,0,256,hit,4096,2048,salted-mix64,whitefoot-hash-map,physical-slots,4096,6,1024,2097152,5397000,1884708600979695867,14152714158125688331
c-linear-attribution,index-plus-c,isolated-lookup,0,256,hit,4096,2048,salted-mix64,rust-hash-map,usable-entries,3584,6,1024,2097152,5106000,1884708600979695867,14152714158125688331
c-linear-attribution,index-plus-c,isolated-lookup,0,256,hit,4096,2048,salted-mix64,c-linear-probe-attribution,physical-slots,4096,7,1024,2097152,5401000,15555180481091510704,16200907735189960835
c-linear-attribution,index-plus-c,isolated-lookup,0,256,hit,4096,2048,salted-mix64,whitefoot-hash-map,physical-slots,4096,7,1024,2097152,5233000,15555180481091510704,16200907735189960835
c-linear-attribution,index-plus-c,isolated-lookup,0,256,hit,4096,2048,salted-mix64,rust-hash-map,usable-entries,3584,7,1024,2097152,5231000,15555180481091510704,16200907735189960835
c-linear-attribution,index-plus-c,isolated-lookup,0,256,hit,4096,2048,salted-mix64,cpp-unordered-map,chaining-buckets,4096,7,1024,2097152,4555000,15555180481091510704,16200907735189960835
c-linear-attribution,index-plus-c,isolated-lookup,0,256,hit,4096,2048,salted-mix64,whitefoot-hash-map,physical-slots,4096,8,1024,2097152,5190000,2735230302163515563,3013337170561999196
c-linear-attribution,index-plus-c,isolated-lookup,0,256,hit,4096,2048,salted-mix64,rust-hash-map,usable-entries,3584,8,1024,2097152,5124000,2735230302163515563,3013337170561999196
c-linear-attribution,index-plus-c,isolated-lookup,0,256,hit,4096,2048,salted-mix64,cpp-unordered-map,chaining-buckets,4096,8,1024,2097152,4846000,2735230302163515563,3013337170561999196
c-linear-attribution,index-plus-c,isolated-lookup,0,256,hit,4096,2048,salted-mix64,c-linear-probe-attribution,physical-slots,4096,8,1024,2097152,5264000,2735230302163515563,3013337170561999196
c-linear-attribution,index-plus-c,isolated-lookup,0,256,miss,4096,2048,salted-mix64,whitefoot-hash-map,physical-slots,4096,0,1024,2097152,7049000,15132253838967462115,4275004589874247251
c-linear-attribution,index-plus-c,isolated-lookup,0,256,miss,4096,2048,salted-mix64,rust-hash-map,usable-entries,3584,0,1024,2097152,4644000,15132253838967462115,4275004589874247251
c-linear-attribution,index-plus-c,isolated-lookup,0,256,miss,4096,2048,salted-mix64,cpp-unordered-map,chaining-buckets,4096,0,1024,2097152,3668000,15132253838967462115,4275004589874247251
c-linear-attribution,index-plus-c,isolated-lookup,0,256,miss,4096,2048,salted-mix64,c-linear-probe-attribution,physical-slots,4096,0,1024,2097152,5755000,15132253838967462115,4275004589874247251
c-linear-attribution,index-plus-c,isolated-lookup,0,256,miss,4096,2048,salted-mix64,rust-hash-map,usable-entries,3584,1,1024,2097152,4522000,2681066283742362172,4831549970320777124
c-linear-attribution,index-plus-c,isolated-lookup,0,256,miss,4096,2048,salted-mix64,cpp-unordered-map,chaining-buckets,4096,1,1024,2097152,3644000,2681066283742362172,4831549970320777124
c-linear-attribution,index-plus-c,isolated-lookup,0,256,miss,4096,2048,salted-mix64,c-linear-probe-attribution,physical-slots,4096,1,1024,2097152,5820000,2681066283742362172,4831549970320777124
c-linear-attribution,index-plus-c,isolated-lookup,0,256,miss,4096,2048,salted-mix64,whitefoot-hash-map,physical-slots,4096,1,1024,2097152,9880000,2681066283742362172,4831549970320777124
c-linear-attribution,index-plus-c,isolated-lookup,0,256,miss,4096,2048,salted-mix64,cpp-unordered-map,chaining-buckets,4096,2,1024,2097152,3715000,7296812208248709570,11962292712906248130
c-linear-attribution,index-plus-c,isolated-lookup,0,256,miss,4096,2048,salted-mix64,c-linear-probe-attribution,physical-slots,4096,2,1024,2097152,6178000,7296812208248709570,11962292712906248130
c-linear-attribution,index-plus-c,isolated-lookup,0,256,miss,4096,2048,salted-mix64,whitefoot-hash-map,physical-slots,4096,2,1024,2097152,7048000,7296812208248709570,11962292712906248130
c-linear-attribution,index-plus-c,isolated-lookup,0,256,miss,4096,2048,salted-mix64,rust-hash-map,usable-entries,3584,2,1024,2097152,4581000,7296812208248709570,11962292712906248130
c-linear-attribution,index-plus-c,isolated-lookup,0,256,miss,4096,2048,salted-mix64,c-linear-probe-attribution,physical-slots,4096,3,1024,2097152,12250000,14423111289845556242,15797047148602259028
c-linear-attribution,index-plus-c,isolated-lookup,0,256,miss,4096,2048,salted-mix64,whitefoot-hash-map,physical-slots,4096,3,1024,2097152,6796000,14423111289845556242,15797047148602259028
c-linear-attribution,index-plus-c,isolated-lookup,0,256,miss,4096,2048,salted-mix64,rust-hash-map,usable-entries,3584,3,1024,2097152,4412000,14423111289845556242,15797047148602259028
c-linear-attribution,index-plus-c,isolated-lookup,0,256,miss,4096,2048,salted-mix64,cpp-unordered-map,chaining-buckets,4096,3,1024,2097152,3644000,14423111289845556242,15797047148602259028
c-linear-attribution,index-plus-c,isolated-lookup,0,256,miss,4096,2048,salted-mix64,whitefoot-hash-map,physical-slots,4096,4,1024,2097152,7831000,5230495931743818634,10852831350306165609
c-linear-attribution,index-plus-c,isolated-lookup,0,256,miss,4096,2048,salted-mix64,rust-hash-map,usable-entries,3584,4,1024,2097152,4494000,5230495931743818634,10852831350306165609
c-linear-attribution,index-plus-c,isolated-lookup,0,256,miss,4096,2048,salted-mix64,cpp-unordered-map,chaining-buckets,4096,4,1024,2097152,3692000,5230495931743818634,10852831350306165609
c-linear-attribution,index-plus-c,isolated-lookup,0,256,miss,4096,2048,salted-mix64,c-linear-probe-attribution,physical-slots,4096,4,1024,2097152,6311000,5230495931743818634,10852831350306165609
c-linear-attribution,index-plus-c,isolated-lookup,0,256,miss,4096,2048,salted-mix64,rust-hash-map,usable-entries,3584,5,1024,2097152,4426000,4562025355725514772,8476091993579837262
c-linear-attribution,index-plus-c,isolated-lookup,0,256,miss,4096,2048,salted-mix64,cpp-unordered-map,chaining-buckets,4096,5,1024,2097152,3833000,4562025355725514772,8476091993579837262
c-linear-attribution,index-plus-c,isolated-lookup,0,256,miss,4096,2048,salted-mix64,c-linear-probe-attribution,physical-slots,4096,5,1024,2097152,5257000,4562025355725514772,8476091993579837262
c-linear-attribution,index-plus-c,isolated-lookup,0,256,miss,4096,2048,salted-mix64,whitefoot-hash-map,physical-slots,4096,5,1024,2097152,10530000,4562025355725514772,8476091993579837262
c-linear-attribution,index-plus-c,isolated-lookup,0,256,miss,4096,2048,salted-mix64,cpp-unordered-map,chaining-buckets,4096,6,1024,2097152,3782000,6591037010649270577,14152714158125688331
c-linear-attribution,index-plus-c,isolated-lookup,0,256,miss,4096,2048,salted-mix64,c-linear-probe-attribution,physical-slots,4096,6,1024,2097152,9268000,6591037010649270577,14152714158125688331
c-linear-attribution,index-plus-c,isolated-lookup,0,256,miss,4096,2048,salted-mix64,whitefoot-hash-map,physical-slots,4096,6,1024,2097152,7854000,6591037010649270577,14152714158125688331
c-linear-attribution,index-plus-c,isolated-lookup,0,256,miss,4096,2048,salted-mix64,rust-hash-map,usable-entries,3584,6,1024,2097152,4722000,6591037010649270577,14152714158125688331
c-linear-attribution,index-plus-c,isolated-lookup,0,256,miss,4096,2048,salted-mix64,c-linear-probe-attribution,physical-slots,4096,7,1024,2097152,5641000,11181113795741075825,16200907735189960835
c-linear-attribution,index-plus-c,isolated-lookup,0,256,miss,4096,2048,salted-mix64,whitefoot-hash-map,physical-slots,4096,7,1024,2097152,8280000,11181113795741075825,16200907735189960835
c-linear-attribution,index-plus-c,isolated-lookup,0,256,miss,4096,2048,salted-mix64,rust-hash-map,usable-entries,3584,7,1024,2097152,4953000,11181113795741075825,16200907735189960835
c-linear-attribution,index-plus-c,isolated-lookup,0,256,miss,4096,2048,salted-mix64,cpp-unordered-map,chaining-buckets,4096,7,1024,2097152,3891000,11181113795741075825,16200907735189960835
c-linear-attribution,index-plus-c,isolated-lookup,0,256,miss,4096,2048,salted-mix64,whitefoot-hash-map,physical-slots,4096,8,1024,2097152,7627000,200723637349124037,3013337170561999196
c-linear-attribution,index-plus-c,isolated-lookup,0,256,miss,4096,2048,salted-mix64,rust-hash-map,usable-entries,3584,8,1024,2097152,4868000,200723637349124037,3013337170561999196
c-linear-attribution,index-plus-c,isolated-lookup,0,256,miss,4096,2048,salted-mix64,cpp-unordered-map,chaining-buckets,4096,8,1024,2097152,3692000,200723637349124037,3013337170561999196
c-linear-attribution,index-plus-c,isolated-lookup,0,256,miss,4096,2048,salted-mix64,c-linear-probe-attribution,physical-slots,4096,8,1024,2097152,6127000,200723637349124037,3013337170561999196
c-linear-attribution,index-plus-c,isolated-lookup,1,8,hit,4096,2048,salted-mix64,c-linear-probe-attribution,physical-slots,4096,0,1024,2097152,6109000,12256773017604771992,5491702704287014337
c-linear-attribution,index-plus-c,isolated-lookup,1,8,hit,4096,2048,salted-mix64,cpp-unordered-map,chaining-buckets,4096,0,1024,2097152,3323000,12256773017604771992,5491702704287014337
c-linear-attribution,index-plus-c,isolated-lookup,1,8,hit,4096,2048,salted-mix64,rust-hash-map,usable-entries,3584,0,1024,2097152,4684000,12256773017604771992,5491702704287014337
c-linear-attribution,index-plus-c,isolated-lookup,1,8,hit,4096,2048,salted-mix64,whitefoot-hash-map,physical-slots,4096,0,1024,2097152,4727000,12256773017604771992,5491702704287014337
c-linear-attribution,index-plus-c,isolated-lookup,1,8,hit,4096,2048,salted-mix64,cpp-unordered-map,chaining-buckets,4096,1,1024,2097152,3450000,8109805965890620335,2763695295485510119
c-linear-attribution,index-plus-c,isolated-lookup,1,8,hit,4096,2048,salted-mix64,rust-hash-map,usable-entries,3584,1,1024,2097152,4660000,8109805965890620335,2763695295485510119
c-linear-attribution,index-plus-c,isolated-lookup,1,8,hit,4096,2048,salted-mix64,whitefoot-hash-map,physical-slots,4096,1,1024,2097152,4880000,8109805965890620335,2763695295485510119
c-linear-attribution,index-plus-c,isolated-lookup,1,8,hit,4096,2048,salted-mix64,c-linear-probe-attribution,physical-slots,4096,1,1024,2097152,5780000,8109805965890620335,2763695295485510119
c-linear-attribution,index-plus-c,isolated-lookup,1,8,hit,4096,2048,salted-mix64,rust-hash-map,usable-entries,3584,2,1024,2097152,4681000,6236540686233913562,169108885870040371
c-linear-attribution,index-plus-c,isolated-lookup,1,8,hit,4096,2048,salted-mix64,whitefoot-hash-map,physical-slots,4096,2,1024,2097152,4687000,6236540686233913562,169108885870040371
c-linear-attribution,index-plus-c,isolated-lookup,1,8,hit,4096,2048,salted-mix64,c-linear-probe-attribution,physical-slots,4096,2,1024,2097152,5668000,6236540686233913562,169108885870040371
c-linear-attribution,index-plus-c,isolated-lookup,1,8,hit,4096,2048,salted-mix64,cpp-unordered-map,chaining-buckets,4096,2,1024,2097152,3452000,6236540686233913562,169108885870040371
c-linear-attribution,index-plus-c,isolated-lookup,1,8,hit,4096,2048,salted-mix64,whitefoot-hash-map,physical-slots,4096,3,1024,2097152,4869000,4130214178744726911,13533504526737804194
c-linear-attribution,index-plus-c,isolated-lookup,1,8,hit,4096,2048,salted-mix64,c-linear-probe-attribution,physical-slots,4096,3,1024,2097152,6392000,4130214178744726911,13533504526737804194
c-linear-attribution,index-plus-c,isolated-lookup,1,8,hit,4096,2048,salted-mix64,cpp-unordered-map,chaining-buckets,4096,3,1024,2097152,3444000,4130214178744726911,13533504526737804194
c-linear-attribution,index-plus-c,isolated-lookup,1,8,hit,4096,2048,salted-mix64,rust-hash-map,usable-entries,3584,3,1024,2097152,4692000,4130214178744726911,13533504526737804194
c-linear-attribution,index-plus-c,isolated-lookup,1,8,hit,4096,2048,salted-mix64,c-linear-probe-attribution,physical-slots,4096,4,1024,2097152,5591000,18037281245260807620,14383430485961478032
c-linear-attribution,index-plus-c,isolated-lookup,1,8,hit,4096,2048,salted-mix64,cpp-unordered-map,chaining-buckets,4096,4,1024,2097152,3597000,18037281245260807620,14383430485961478032
c-linear-attribution,index-plus-c,isolated-lookup,1,8,hit,4096,2048,salted-mix64,rust-hash-map,usable-entries,3584,4,1024,2097152,4607000,18037281245260807620,14383430485961478032
c-linear-attribution,index-plus-c,isolated-lookup,1,8,hit,4096,2048,salted-mix64,whitefoot-hash-map,physical-slots,4096,4,1024,2097152,4712000,18037281245260807620,14383430485961478032
c-linear-attribution,index-plus-c,isolated-lookup,1,8,hit,4096,2048,salted-mix64,cpp-unordered-map,chaining-buckets,4096,5,1024,2097152,3552000,15561356245120038934,16172748985559573147
c-linear-attribution,index-plus-c,isolated-lookup,1,8,hit,4096,2048,salted-mix64,rust-hash-map,usable-entries,3584,5,1024,2097152,4917000,15561356245120038934,16172748985559573147
c-linear-attribution,index-plus-c,isolated-lookup,1,8,hit,4096,2048,salted-mix64,whitefoot-hash-map,physical-slots,4096,5,1024,2097152,5005000,15561356245120038934,16172748985559573147
c-linear-attribution,index-plus-c,isolated-lookup,1,8,hit,4096,2048,salted-mix64,c-linear-probe-attribution,physical-slots,4096,5,1024,2097152,5819000,15561356245120038934,16172748985559573147
c-linear-attribution,index-plus-c,isolated-lookup,1,8,hit,4096,2048,salted-mix64,rust-hash-map,usable-entries,3584,6,1024,2097152,4895000,1884708600979695867,11623346431533299128
c-linear-attribution,index-plus-c,isolated-lookup,1,8,hit,4096,2048,salted-mix64,whitefoot-hash-map,physical-slots,4096,6,1024,2097152,4982000,1884708600979695867,11623346431533299128
c-linear-attribution,index-plus-c,isolated-lookup,1,8,hit,4096,2048,salted-mix64,c-linear-probe-attribution,physical-slots,4096,6,1024,2097152,5870000,1884708600979695867,11623346431533299128
c-linear-attribution,index-plus-c,isolated-lookup,1,8,hit,4096,2048,salted-mix64,cpp-unordered-map,chaining-buckets,4096,6,1024,2097152,3639000,1884708600979695867,11623346431533299128
c-linear-attribution,index-plus-c,isolated-lookup,1,8,hit,4096,2048,salted-mix64,whitefoot-hash-map,physical-slots,4096,7,1024,2097152,5468000,15555180481091510704,12840744521595376045
c-linear-attribution,index-plus-c,isolated-lookup,1,8,hit,4096,2048,salted-mix64,c-linear-probe-attribution,physical-slots,4096,7,1024,2097152,5493000,15555180481091510704,12840744521595376045
c-linear-attribution,index-plus-c,isolated-lookup,1,8,hit,4096,2048,salted-mix64,cpp-unordered-map,chaining-buckets,4096,7,1024,2097152,3402000,15555180481091510704,12840744521595376045
c-linear-attribution,index-plus-c,isolated-lookup,1,8,hit,4096,2048,salted-mix64,rust-hash-map,usable-entries,3584,7,1024,2097152,4659000,15555180481091510704,12840744521595376045
c-linear-attribution,index-plus-c,isolated-lookup,1,8,hit,4096,2048,salted-mix64,c-linear-probe-attribution,physical-slots,4096,8,1024,2097152,5941000,2735230302163515563,13999068279916446456
c-linear-attribution,index-plus-c,isolated-lookup,1,8,hit,4096,2048,salted-mix64,cpp-unordered-map,chaining-buckets,4096,8,1024,2097152,3400000,2735230302163515563,13999068279916446456
c-linear-attribution,index-plus-c,isolated-lookup,1,8,hit,4096,2048,salted-mix64,rust-hash-map,usable-entries,3584,8,1024,2097152,4610000,2735230302163515563,13999068279916446456
c-linear-attribution,index-plus-c,isolated-lookup,1,8,hit,4096,2048,salted-mix64,whitefoot-hash-map,physical-slots,4096,8,1024,2097152,4685000,2735230302163515563,13999068279916446456
c-linear-attribution,index-plus-c,isolated-lookup,1,8,miss,4096,2048,salted-mix64,c-linear-probe-attribution,physical-slots,4096,0,1024,2097152,8268000,15132253838967462115,5491702704287014337
c-linear-attribution,index-plus-c,isolated-lookup,1,8,miss,4096,2048,salted-mix64,cpp-unordered-map,chaining-buckets,4096,0,1024,2097152,3056000,15132253838967462115,5491702704287014337
c-linear-attribution,index-plus-c,isolated-lookup,1,8,miss,4096,2048,salted-mix64,rust-hash-map,usable-entries,3584,0,1024,2097152,4705000,15132253838967462115,5491702704287014337
c-linear-attribution,index-plus-c,isolated-lookup,1,8,miss,4096,2048,salted-mix64,whitefoot-hash-map,physical-slots,4096,0,1024,2097152,7908000,15132253838967462115,5491702704287014337
c-linear-attribution,index-plus-c,isolated-lookup,1,8,miss,4096,2048,salted-mix64,cpp-unordered-map,chaining-buckets,4096,1,1024,2097152,3049000,2681066283742362172,2763695295485510119
c-linear-attribution,index-plus-c,isolated-lookup,1,8,miss,4096,2048,salted-mix64,rust-hash-map,usable-entries,3584,1,1024,2097152,4513000,2681066283742362172,2763695295485510119
c-linear-attribution,index-plus-c,isolated-lookup,1,8,miss,4096,2048,salted-mix64,whitefoot-hash-map,physical-slots,4096,1,1024,2097152,6626000,2681066283742362172,2763695295485510119
c-linear-attribution,index-plus-c,isolated-lookup,1,8,miss,4096,2048,salted-mix64,c-linear-probe-attribution,physical-slots,4096,1,1024,2097152,6006000,2681066283742362172,2763695295485510119
c-linear-attribution,index-plus-c,isolated-lookup,1,8,miss,4096,2048,salted-mix64,rust-hash-map,usable-entries,3584,2,1024,2097152,4891000,7296812208248709570,169108885870040371
c-linear-attribution,index-plus-c,isolated-lookup,1,8,miss,4096,2048,salted-mix64,whitefoot-hash-map,physical-slots,4096,2,1024,2097152,7396000,7296812208248709570,169108885870040371
c-linear-attribution,index-plus-c,isolated-lookup,1,8,miss,4096,2048,salted-mix64,c-linear-probe-attribution,physical-slots,4096,2,1024,2097152,5676000,7296812208248709570,169108885870040371
c-linear-attribution,index-plus-c,isolated-lookup,1,8,miss,4096,2048,salted-mix64,cpp-unordered-map,chaining-buckets,4096,2,1024,2097152,3182000,7296812208248709570,169108885870040371
c-linear-attribution,index-plus-c,isolated-lookup,1,8,miss,4096,2048,salted-mix64,whitefoot-hash-map,physical-slots,4096,3,1024,2097152,7201000,14423111289845556242,13533504526737804194
c-linear-attribution,index-plus-c,isolated-lookup,1,8,miss,4096,2048,salted-mix64,c-linear-probe-attribution,physical-slots,4096,3,1024,2097152,5204000,14423111289845556242,13533504526737804194
c-linear-attribution,index-plus-c,isolated-lookup,1,8,miss,4096,2048,salted-mix64,cpp-unordered-map,chaining-buckets,4096,3,1024,2097152,3257000,14423111289845556242,13533504526737804194
c-linear-attribution,index-plus-c,isolated-lookup,1,8,miss,4096,2048,salted-mix64,rust-hash-map,usable-entries,3584,3,1024,2097152,4610000,14423111289845556242,13533504526737804194
c-linear-attribution,index-plus-c,isolated-lookup,1,8,miss,4096,2048,salted-mix64,c-linear-probe-attribution,physical-slots,4096,4,1024,2097152,5601000,5230495931743818634,14383430485961478032
c-linear-attribution,index-plus-c,isolated-lookup,1,8,miss,4096,2048,salted-mix64,cpp-unordered-map,chaining-buckets,4096,4,1024,2097152,3212000,5230495931743818634,14383430485961478032
c-linear-attribution,index-plus-c,isolated-lookup,1,8,miss,4096,2048,salted-mix64,rust-hash-map,usable-entries,3584,4,1024,2097152,4493000,5230495931743818634,14383430485961478032
c-linear-attribution,index-plus-c,isolated-lookup,1,8,miss,4096,2048,salted-mix64,whitefoot-hash-map,physical-slots,4096,4,1024,2097152,6702000,5230495931743818634,14383430485961478032
c-linear-attribution,index-plus-c,isolated-lookup,1,8,miss,4096,2048,salted-mix64,cpp-unordered-map,chaining-buckets,4096,5,1024,2097152,3175000,4562025355725514772,16172748985559573147
c-linear-attribution,index-plus-c,isolated-lookup,1,8,miss,4096,2048,salted-mix64,rust-hash-map,usable-entries,3584,5,1024,2097152,4398000,4562025355725514772,16172748985559573147
c-linear-attribution,index-plus-c,isolated-lookup,1,8,miss,4096,2048,salted-mix64,whitefoot-hash-map,physical-slots,4096,5,1024,2097152,6324000,4562025355725514772,16172748985559573147
c-linear-attribution,index-plus-c,isolated-lookup,1,8,miss,4096,2048,salted-mix64,c-linear-probe-attribution,physical-slots,4096,5,1024,2097152,10117000,4562025355725514772,16172748985559573147
c-linear-attribution,index-plus-c,isolated-lookup,1,8,miss,4096,2048,salted-mix64,rust-hash-map,usable-entries,3584,6,1024,2097152,4610000,6591037010649270577,11623346431533299128
c-linear-attribution,index-plus-c,isolated-lookup,1,8,miss,4096,2048,salted-mix64,whitefoot-hash-map,physical-slots,4096,6,1024,2097152,6751000,6591037010649270577,11623346431533299128
c-linear-attribution,index-plus-c,isolated-lookup,1,8,miss,4096,2048,salted-mix64,c-linear-probe-attribution,physical-slots,4096,6,1024,2097152,5370000,6591037010649270577,11623346431533299128
c-linear-attribution,index-plus-c,isolated-lookup,1,8,miss,4096,2048,salted-mix64,cpp-unordered-map,chaining-buckets,4096,6,1024,2097152,3191000,6591037010649270577,11623346431533299128
c-linear-attribution,index-plus-c,isolated-lookup,1,8,miss,4096,2048,salted-mix64,whitefoot-hash-map,physical-slots,4096,7,1024,2097152,6361000,11181113795741075825,12840744521595376045
c-linear-attribution,index-plus-c,isolated-lookup,1,8,miss,4096,2048,salted-mix64,c-linear-probe-attribution,physical-slots,4096,7,1024,2097152,5164000,11181113795741075825,12840744521595376045
c-linear-attribution,index-plus-c,isolated-lookup,1,8,miss,4096,2048,salted-mix64,cpp-unordered-map,chaining-buckets,4096,7,1024,2097152,3076000,11181113795741075825,12840744521595376045
c-linear-attribution,index-plus-c,isolated-lookup,1,8,miss,4096,2048,salted-mix64,rust-hash-map,usable-entries,3584,7,1024,2097152,4488000,11181113795741075825,12840744521595376045
c-linear-attribution,index-plus-c,isolated-lookup,1,8,miss,4096,2048,salted-mix64,c-linear-probe-attribution,physical-slots,4096,8,1024,2097152,5532000,200723637349124037,13999068279916446456
c-linear-attribution,index-plus-c,isolated-lookup,1,8,miss,4096,2048,salted-mix64,cpp-unordered-map,chaining-buckets,4096,8,1024,2097152,3034000,200723637349124037,13999068279916446456
c-linear-attribution,index-plus-c,isolated-lookup,1,8,miss,4096,2048,salted-mix64,rust-hash-map,usable-entries,3584,8,1024,2097152,4539000,200723637349124037,13999068279916446456
c-linear-attribution,index-plus-c,isolated-lookup,1,8,miss,4096,2048,salted-mix64,whitefoot-hash-map,physical-slots,4096,8,1024,2097152,6670000,200723637349124037,13999068279916446456
c-linear-attribution,index-plus-c,isolated-lookup,1,8,hit,64,32,salted-mix64,c-linear-probe-attribution,physical-slots,64,0,65536,2097152,3631000,4239522231411693208,6569140190154816122
c-linear-attribution,index-plus-c,isolated-lookup,1,8,hit,64,32,salted-mix64,cpp-unordered-map,chaining-buckets,64,0,65536,2097152,3323000,4239522231411693208,6569140190154816122
c-linear-attribution,index-plus-c,isolated-lookup,1,8,hit,64,32,salted-mix64,rust-hash-map,usable-entries,56,0,65536,2097152,4468000,4239522231411693208,6569140190154816122
c-linear-attribution,index-plus-c,isolated-lookup,1,8,hit,64,32,salted-mix64,whitefoot-hash-map,physical-slots,64,0,65536,2097152,4279000,4239522231411693208,6569140190154816122
c-linear-attribution,index-plus-c,isolated-lookup,1,8,hit,64,32,salted-mix64,cpp-unordered-map,chaining-buckets,64,1,65536,2097152,3506000,2926486032717465826,18135573329091736190
c-linear-attribution,index-plus-c,isolated-lookup,1,8,hit,64,32,salted-mix64,rust-hash-map,usable-entries,56,1,65536,2097152,5758000,2926486032717465826,18135573329091736190
c-linear-attribution,index-plus-c,isolated-lookup,1,8,hit,64,32,salted-mix64,whitefoot-hash-map,physical-slots,64,1,65536,2097152,4583000,2926486032717465826,18135573329091736190
c-linear-attribution,index-plus-c,isolated-lookup,1,8,hit,64,32,salted-mix64,c-linear-probe-attribution,physical-slots,64,1,65536,2097152,3813000,2926486032717465826,18135573329091736190
c-linear-attribution,index-plus-c,isolated-lookup,1,8,hit,64,32,salted-mix64,rust-hash-map,usable-entries,56,2,65536,2097152,4688000,1950109411527586354,9895997175603665294
c-linear-attribution,index-plus-c,isolated-lookup,1,8,hit,64,32,salted-mix64,whitefoot-hash-map,physical-slots,64,2,65536,2097152,4467000,1950109411527586354,9895997175603665294
c-linear-attribution,index-plus-c,isolated-lookup,1,8,hit,64,32,salted-mix64,c-linear-probe-attribution,physical-slots,64,2,65536,2097152,3818000,1950109411527586354,9895997175603665294
c-linear-attribution,index-plus-c,isolated-lookup,1,8,hit,64,32,salted-mix64,cpp-unordered-map,chaining-buckets,64,2,65536,2097152,3477000,1950109411527586354,9895997175603665294
c-linear-attribution,index-plus-c,isolated-lookup,1,8,hit,64,32,salted-mix64,whitefoot-hash-map,physical-slots,64,3,65536,2097152,4675000,4729026886209191417,12618764708749879515
c-linear-attribution,index-plus-c,isolated-lookup,1,8,hit,64,32,salted-mix64,c-linear-probe-attribution,physical-slots,64,3,65536,2097152,3901000,4729026886209191417,12618764708749879515
c-linear-attribution,index-plus-c,isolated-lookup,1,8,hit,64,32,salted-mix64,cpp-unordered-map,chaining-buckets,64,3,65536,2097152,3347000,4729026886209191417,12618764708749879515
c-linear-attribution,index-plus-c,isolated-lookup,1,8,hit,64,32,salted-mix64,rust-hash-map,usable-entries,56,3,65536,2097152,4468000,4729026886209191417,12618764708749879515
c-linear-attribution,index-plus-c,isolated-lookup,1,8,hit,64,32,salted-mix64,c-linear-probe-attribution,physical-slots,64,4,65536,2097152,3656000,7789383083385681379,6682258775380899928
c-linear-attribution,index-plus-c,isolated-lookup,1,8,hit,64,32,salted-mix64,cpp-unordered-map,chaining-buckets,64,4,65536,2097152,3310000,7789383083385681379,6682258775380899928
c-linear-attribution,index-plus-c,isolated-lookup,1,8,hit,64,32,salted-mix64,rust-hash-map,usable-entries,56,4,65536,2097152,4470000,7789383083385681379,6682258775380899928
c-linear-attribution,index-plus-c,isolated-lookup,1,8,hit,64,32,salted-mix64,whitefoot-hash-map,physical-slots,64,4,65536,2097152,4305000,7789383083385681379,6682258775380899928
c-linear-attribution,index-plus-c,isolated-lookup,1,8,hit,64,32,salted-mix64,cpp-unordered-map,chaining-buckets,64,5,65536,2097152,3368000,14912296476274059179,15955402111364378682
c-linear-attribution,index-plus-c,isolated-lookup,1,8,hit,64,32,salted-mix64,rust-hash-map,usable-entries,56,5,65536,2097152,4422000,14912296476274059179,15955402111364378682
c-linear-attribution,index-plus-c,isolated-lookup,1,8,hit,64,32,salted-mix64,whitefoot-hash-map,physical-slots,64,5,65536,2097152,4589000,14912296476274059179,15955402111364378682
c-linear-attribution,index-plus-c,isolated-lookup,1,8,hit,64,32,salted-mix64,c-linear-probe-attribution,physical-slots,64,5,65536,2097152,3918000,14912296476274059179,15955402111364378682
c-linear-attribution,index-plus-c,isolated-lookup,1,8,hit,64,32,salted-mix64,rust-hash-map,usable-entries,56,6,65536,2097152,4607000,3102224960182046416,17384135073489638916
c-linear-attribution,index-plus-c,isolated-lookup,1,8,hit,64,32,salted-mix64,whitefoot-hash-map,physical-slots,64,6,65536,2097152,4258000,3102224960182046416,17384135073489638916
c-linear-attribution,index-plus-c,isolated-lookup,1,8,hit,64,32,salted-mix64,c-linear-probe-attribution,physical-slots,64,6,65536,2097152,3869000,3102224960182046416,17384135073489638916
c-linear-attribution,index-plus-c,isolated-lookup,1,8,hit,64,32,salted-mix64,cpp-unordered-map,chaining-buckets,64,6,65536,2097152,3510000,3102224960182046416,17384135073489638916
c-linear-attribution,index-plus-c,isolated-lookup,1,8,hit,64,32,salted-mix64,whitefoot-hash-map,physical-slots,64,7,65536,2097152,4578000,5994810811218061247,14495855000218944738
c-linear-attribution,index-plus-c,isolated-lookup,1,8,hit,64,32,salted-mix64,c-linear-probe-attribution,physical-slots,64,7,65536,2097152,3917000,5994810811218061247,14495855000218944738
c-linear-attribution,index-plus-c,isolated-lookup,1,8,hit,64,32,salted-mix64,cpp-unordered-map,chaining-buckets,64,7,65536,2097152,3447000,5994810811218061247,14495855000218944738
c-linear-attribution,index-plus-c,isolated-lookup,1,8,hit,64,32,salted-mix64,rust-hash-map,usable-entries,56,7,65536,2097152,5855000,5994810811218061247,14495855000218944738
c-linear-attribution,index-plus-c,isolated-lookup,1,8,hit,64,32,salted-mix64,c-linear-probe-attribution,physical-slots,64,8,65536,2097152,3827000,9874546471375032397,3280734739808937497
c-linear-attribution,index-plus-c,isolated-lookup,1,8,hit,64,32,salted-mix64,cpp-unordered-map,chaining-buckets,64,8,65536,2097152,3435000,9874546471375032397,3280734739808937497
c-linear-attribution,index-plus-c,isolated-lookup,1,8,hit,64,32,salted-mix64,rust-hash-map,usable-entries,56,8,65536,2097152,4574000,9874546471375032397,3280734739808937497
c-linear-attribution,index-plus-c,isolated-lookup,1,8,hit,64,32,salted-mix64,whitefoot-hash-map,physical-slots,64,8,65536,2097152,4288000,9874546471375032397,3280734739808937497
c-linear-attribution,index-plus-c,isolated-lookup,1,8,miss,64,32,salted-mix64,c-linear-probe-attribution,physical-slots,64,0,65536,2097152,4671000,15132253838967462115,6569140190154816122
c-linear-attribution,index-plus-c,isolated-lookup,1,8,miss,64,32,salted-mix64,cpp-unordered-map,chaining-buckets,64,0,65536,2097152,3330000,15132253838967462115,6569140190154816122
c-linear-attribution,index-plus-c,isolated-lookup,1,8,miss,64,32,salted-mix64,rust-hash-map,usable-entries,56,0,65536,2097152,3520000,15132253838967462115,6569140190154816122
c-linear-attribution,index-plus-c,isolated-lookup,1,8,miss,64,32,salted-mix64,whitefoot-hash-map,physical-slots,64,0,65536,2097152,5771000,15132253838967462115,6569140190154816122
c-linear-attribution,index-plus-c,isolated-lookup,1,8,miss,64,32,salted-mix64,cpp-unordered-map,chaining-buckets,64,1,65536,2097152,3420000,2681066283742362172,18135573329091736190
c-linear-attribution,index-plus-c,isolated-lookup,1,8,miss,64,32,salted-mix64,rust-hash-map,usable-entries,56,1,65536,2097152,3329000,2681066283742362172,18135573329091736190
c-linear-attribution,index-plus-c,isolated-lookup,1,8,miss,64,32,salted-mix64,whitefoot-hash-map,physical-slots,64,1,65536,2097152,7420000,2681066283742362172,18135573329091736190
c-linear-attribution,index-plus-c,isolated-lookup,1,8,miss,64,32,salted-mix64,c-linear-probe-attribution,physical-slots,64,1,65536,2097152,5767000,2681066283742362172,18135573329091736190
c-linear-attribution,index-plus-c,isolated-lookup,1,8,miss,64,32,salted-mix64,rust-hash-map,usable-entries,56,2,65536,2097152,3306000,7296812208248709570,9895997175603665294
c-linear-attribution,index-plus-c,isolated-lookup,1,8,miss,64,32,salted-mix64,whitefoot-hash-map,physical-slots,64,2,65536,2097152,5852000,7296812208248709570,9895997175603665294
c-linear-attribution,index-plus-c,isolated-lookup,1,8,miss,64,32,salted-mix64,c-linear-probe-attribution,physical-slots,64,2,65536,2097152,4763000,7296812208248709570,9895997175603665294
c-linear-attribution,index-plus-c,isolated-lookup,1,8,miss,64,32,salted-mix64,cpp-unordered-map,chaining-buckets,64,2,65536,2097152,3230000,7296812208248709570,9895997175603665294
c-linear-attribution,index-plus-c,isolated-lookup,1,8,miss,64,32,salted-mix64,whitefoot-hash-map,physical-slots,64,3,65536,2097152,7316000,14423111289845556242,12618764708749879515
c-linear-attribution,index-plus-c,isolated-lookup,1,8,miss,64,32,salted-mix64,c-linear-probe-attribution,physical-slots,64,3,65536,2097152,5744000,14423111289845556242,12618764708749879515
c-linear-attribution,index-plus-c,isolated-lookup,1,8,miss,64,32,salted-mix64,cpp-unordered-map,chaining-buckets,64,3,65536,2097152,3345000,14423111289845556242,12618764708749879515
c-linear-attribution,index-plus-c,isolated-lookup,1,8,miss,64,32,salted-mix64,rust-hash-map,usable-entries,56,3,65536,2097152,3306000,14423111289845556242,12618764708749879515
c-linear-attribution,index-plus-c,isolated-lookup,1,8,miss,64,32,salted-mix64,c-linear-probe-attribution,physical-slots,64,4,65536,2097152,4766000,5230495931743818634,6682258775380899928
c-linear-attribution,index-plus-c,isolated-lookup,1,8,miss,64,32,salted-mix64,cpp-unordered-map,chaining-buckets,64,4,65536,2097152,3292000,5230495931743818634,6682258775380899928
c-linear-attribution,index-plus-c,isolated-lookup,1,8,miss,64,32,salted-mix64,rust-hash-map,usable-entries,56,4,65536,2097152,4170000,5230495931743818634,6682258775380899928
c-linear-attribution,index-plus-c,isolated-lookup,1,8,miss,64,32,salted-mix64,whitefoot-hash-map,physical-slots,64,4,65536,2097152,6031000,5230495931743818634,6682258775380899928
c-linear-attribution,index-plus-c,isolated-lookup,1,8,miss,64,32,salted-mix64,cpp-unordered-map,chaining-buckets,64,5,65536,2097152,3333000,4562025355725514772,15955402111364378682
c-linear-attribution,index-plus-c,isolated-lookup,1,8,miss,64,32,salted-mix64,rust-hash-map,usable-entries,56,5,65536,2097152,3292000,4562025355725514772,15955402111364378682
c-linear-attribution,index-plus-c,isolated-lookup,1,8,miss,64,32,salted-mix64,whitefoot-hash-map,physical-slots,64,5,65536,2097152,7580000,4562025355725514772,15955402111364378682
c-linear-attribution,index-plus-c,isolated-lookup,1,8,miss,64,32,salted-mix64,c-linear-probe-attribution,physical-slots,64,5,65536,2097152,6034000,4562025355725514772,15955402111364378682
c-linear-attribution,index-plus-c,isolated-lookup,1,8,miss,64,32,salted-mix64,rust-hash-map,usable-entries,56,6,65536,2097152,4355000,6591037010649270577,17384135073489638916
c-linear-attribution,index-plus-c,isolated-lookup,1,8,miss,64,32,salted-mix64,whitefoot-hash-map,physical-slots,64,6,65536,2097152,5602000,6591037010649270577,17384135073489638916
c-linear-attribution,index-plus-c,isolated-lookup,1,8,miss,64,32,salted-mix64,c-linear-probe-attribution,physical-slots,64,6,65536,2097152,4651000,6591037010649270577,17384135073489638916
c-linear-attribution,index-plus-c,isolated-lookup,1,8,miss,64,32,salted-mix64,cpp-unordered-map,chaining-buckets,64,6,65536,2097152,3133000,6591037010649270577,17384135073489638916
c-linear-attribution,index-plus-c,isolated-lookup,1,8,miss,64,32,salted-mix64,whitefoot-hash-map,physical-slots,64,7,65536,2097152,7359000,11181113795741075825,14495855000218944738
c-linear-attribution,index-plus-c,isolated-lookup,1,8,miss,64,32,salted-mix64,c-linear-probe-attribution,physical-slots,64,7,65536,2097152,5682000,11181113795741075825,14495855000218944738
c-linear-attribution,index-plus-c,isolated-lookup,1,8,miss,64,32,salted-mix64,cpp-unordered-map,chaining-buckets,64,7,65536,2097152,3288000,11181113795741075825,14495855000218944738
c-linear-attribution,index-plus-c,isolated-lookup,1,8,miss,64,32,salted-mix64,rust-hash-map,usable-entries,56,7,65536,2097152,3353000,11181113795741075825,14495855000218944738
c-linear-attribution,index-plus-c,isolated-lookup,1,8,miss,64,32,salted-mix64,c-linear-probe-attribution,physical-slots,64,8,65536,2097152,4711000,200723637349124037,3280734739808937497
c-linear-attribution,index-plus-c,isolated-lookup,1,8,miss,64,32,salted-mix64,cpp-unordered-map,chaining-buckets,64,8,65536,2097152,3217000,200723637349124037,3280734739808937497
c-linear-attribution,index-plus-c,isolated-lookup,1,8,miss,64,32,salted-mix64,rust-hash-map,usable-entries,56,8,65536,2097152,4258000,200723637349124037,3280734739808937497
c-linear-attribution,index-plus-c,isolated-lookup,1,8,miss,64,32,salted-mix64,whitefoot-hash-map,physical-slots,64,8,65536,2097152,5967000,200723637349124037,3280734739808937497
c-linear-attribution,index-plus-c,isolated-lookup,1,256,hit,4096,2048,salted-mix64,c-linear-probe-attribution,physical-slots,4096,0,1024,2097152,6061000,12256773017604771992,4275004589874247251
c-linear-attribution,index-plus-c,isolated-lookup,1,256,hit,4096,2048,salted-mix64,cpp-unordered-map,chaining-buckets,4096,0,1024,2097152,4697000,12256773017604771992,4275004589874247251
c-linear-attribution,index-plus-c,isolated-lookup,1,256,hit,4096,2048,salted-mix64,rust-hash-map,usable-entries,3584,0,1024,2097152,5351000,12256773017604771992,4275004589874247251
c-linear-attribution,index-plus-c,isolated-lookup,1,256,hit,4096,2048,salted-mix64,whitefoot-hash-map,physical-slots,4096,0,1024,2097152,5141000,12256773017604771992,4275004589874247251
c-linear-attribution,index-plus-c,isolated-lookup,1,256,hit,4096,2048,salted-mix64,cpp-unordered-map,chaining-buckets,4096,1,1024,2097152,4667000,8109805965890620335,4831549970320777124
c-linear-attribution,index-plus-c,isolated-lookup,1,256,hit,4096,2048,salted-mix64,rust-hash-map,usable-entries,3584,1,1024,2097152,5300000,8109805965890620335,4831549970320777124
c-linear-attribution,index-plus-c,isolated-lookup,1,256,hit,4096,2048,salted-mix64,whitefoot-hash-map,physical-slots,4096,1,1024,2097152,5168000,8109805965890620335,4831549970320777124
c-linear-attribution,index-plus-c,isolated-lookup,1,256,hit,4096,2048,salted-mix64,c-linear-probe-attribution,physical-slots,4096,1,1024,2097152,6709000,8109805965890620335,4831549970320777124
c-linear-attribution,index-plus-c,isolated-lookup,1,256,hit,4096,2048,salted-mix64,rust-hash-map,usable-entries,3584,2,1024,2097152,5293000,6236540686233913562,11962292712906248130
c-linear-attribution,index-plus-c,isolated-lookup,1,256,hit,4096,2048,salted-mix64,whitefoot-hash-map,physical-slots,4096,2,1024,2097152,5202000,6236540686233913562,11962292712906248130
c-linear-attribution,index-plus-c,isolated-lookup,1,256,hit,4096,2048,salted-mix64,c-linear-probe-attribution,physical-slots,4096,2,1024,2097152,5998000,6236540686233913562,11962292712906248130
c-linear-attribution,index-plus-c,isolated-lookup,1,256,hit,4096,2048,salted-mix64,cpp-unordered-map,chaining-buckets,4096,2,1024,2097152,4720000,6236540686233913562,11962292712906248130
c-linear-attribution,index-plus-c,isolated-lookup,1,256,hit,4096,2048,salted-mix64,whitefoot-hash-map,physical-slots,4096,3,1024,2097152,5246000,4130214178744726911,15797047148602259028
c-linear-attribution,index-plus-c,isolated-lookup,1,256,hit,4096,2048,salted-mix64,c-linear-probe-attribution,physical-slots,4096,3,1024,2097152,5996000,4130214178744726911,15797047148602259028
c-linear-attribution,index-plus-c,isolated-lookup,1,256,hit,4096,2048,salted-mix64,cpp-unordered-map,chaining-buckets,4096,3,1024,2097152,4705000,4130214178744726911,15797047148602259028
c-linear-attribution,index-plus-c,isolated-lookup,1,256,hit,4096,2048,salted-mix64,rust-hash-map,usable-entries,3584,3,1024,2097152,5198000,4130214178744726911,15797047148602259028
c-linear-attribution,index-plus-c,isolated-lookup,1,256,hit,4096,2048,salted-mix64,c-linear-probe-attribution,physical-slots,4096,4,1024,2097152,5803000,18037281245260807620,10852831350306165609
c-linear-attribution,index-plus-c,isolated-lookup,1,256,hit,4096,2048,salted-mix64,cpp-unordered-map,chaining-buckets,4096,4,1024,2097152,4754000,18037281245260807620,10852831350306165609
c-linear-attribution,index-plus-c,isolated-lookup,1,256,hit,4096,2048,salted-mix64,rust-hash-map,usable-entries,3584,4,1024,2097152,5116000,18037281245260807620,10852831350306165609
c-linear-attribution,index-plus-c,isolated-lookup,1,256,hit,4096,2048,salted-mix64,whitefoot-hash-map,physical-slots,4096,4,1024,2097152,5064000,18037281245260807620,10852831350306165609
c-linear-attribution,index-plus-c,isolated-lookup,1,256,hit,4096,2048,salted-mix64,cpp-unordered-map,chaining-buckets,4096,5,1024,2097152,5052000,15561356245120038934,8476091993579837262
c-linear-attribution,index-plus-c,isolated-lookup,1,256,hit,4096,2048,salted-mix64,rust-hash-map,usable-entries,3584,5,1024,2097152,5231000,15561356245120038934,8476091993579837262
c-linear-attribution,index-plus-c,isolated-lookup,1,256,hit,4096,2048,salted-mix64,whitefoot-hash-map,physical-slots,4096,5,1024,2097152,5234000,15561356245120038934,8476091993579837262
c-linear-attribution,index-plus-c,isolated-lookup,1,256,hit,4096,2048,salted-mix64,c-linear-probe-attribution,physical-slots,4096,5,1024,2097152,6853000,15561356245120038934,8476091993579837262
c-linear-attribution,index-plus-c,isolated-lookup,1,256,hit,4096,2048,salted-mix64,rust-hash-map,usable-entries,3584,6,1024,2097152,5311000,1884708600979695867,14152714158125688331
c-linear-attribution,index-plus-c,isolated-lookup,1,256,hit,4096,2048,salted-mix64,whitefoot-hash-map,physical-slots,4096,6,1024,2097152,5211000,1884708600979695867,14152714158125688331
c-linear-attribution,index-plus-c,isolated-lookup,1,256,hit,4096,2048,salted-mix64,c-linear-probe-attribution,physical-slots,4096,6,1024,2097152,5487000,1884708600979695867,14152714158125688331
c-linear-attribution,index-plus-c,isolated-lookup,1,256,hit,4096,2048,salted-mix64,cpp-unordered-map,chaining-buckets,4096,6,1024,2097152,4728000,1884708600979695867,14152714158125688331
c-linear-attribution,index-plus-c,isolated-lookup,1,256,hit,4096,2048,salted-mix64,whitefoot-hash-map,physical-slots,4096,7,1024,2097152,5474000,15555180481091510704,16200907735189960835
c-linear-attribution,index-plus-c,isolated-lookup,1,256,hit,4096,2048,salted-mix64,c-linear-probe-attribution,physical-slots,4096,7,1024,2097152,6112000,15555180481091510704,16200907735189960835
c-linear-attribution,index-plus-c,isolated-lookup,1,256,hit,4096,2048,salted-mix64,cpp-unordered-map,chaining-buckets,4096,7,1024,2097152,4574000,15555180481091510704,16200907735189960835
c-linear-attribution,index-plus-c,isolated-lookup,1,256,hit,4096,2048,salted-mix64,rust-hash-map,usable-entries,3584,7,1024,2097152,5198000,15555180481091510704,16200907735189960835
c-linear-attribution,index-plus-c,isolated-lookup,1,256,hit,4096,2048,salted-mix64,c-linear-probe-attribution,physical-slots,4096,8,1024,2097152,5593000,2735230302163515563,3013337170561999196
c-linear-attribution,index-plus-c,isolated-lookup,1,256,hit,4096,2048,salted-mix64,cpp-unordered-map,chaining-buckets,4096,8,1024,2097152,4747000,2735230302163515563,3013337170561999196
c-linear-attribution,index-plus-c,isolated-lookup,1,256,hit,4096,2048,salted-mix64,rust-hash-map,usable-entries,3584,8,1024,2097152,5282000,2735230302163515563,3013337170561999196
c-linear-attribution,index-plus-c,isolated-lookup,1,256,hit,4096,2048,salted-mix64,whitefoot-hash-map,physical-slots,4096,8,1024,2097152,5466000,2735230302163515563,3013337170561999196
c-linear-attribution,index-plus-c,isolated-lookup,1,256,miss,4096,2048,salted-mix64,c-linear-probe-attribution,physical-slots,4096,0,1024,2097152,5834000,15132253838967462115,4275004589874247251
c-linear-attribution,index-plus-c,isolated-lookup,1,256,miss,4096,2048,salted-mix64,cpp-unordered-map,chaining-buckets,4096,0,1024,2097152,3982000,15132253838967462115,4275004589874247251
c-linear-attribution,index-plus-c,isolated-lookup,1,256,miss,4096,2048,salted-mix64,rust-hash-map,usable-entries,3584,0,1024,2097152,4571000,15132253838967462115,4275004589874247251
c-linear-attribution,index-plus-c,isolated-lookup,1,256,miss,4096,2048,salted-mix64,whitefoot-hash-map,physical-slots,4096,0,1024,2097152,10032000,15132253838967462115,4275004589874247251
c-linear-attribution,index-plus-c,isolated-lookup,1,256,miss,4096,2048,salted-mix64,cpp-unordered-map,chaining-buckets,4096,1,1024,2097152,3992000,2681066283742362172,4831549970320777124
c-linear-attribution,index-plus-c,isolated-lookup,1,256,miss,4096,2048,salted-mix64,rust-hash-map,usable-entries,3584,1,1024,2097152,20930000,2681066283742362172,4831549970320777124
c-linear-attribution,index-plus-c,isolated-lookup,1,256,miss,4096,2048,salted-mix64,whitefoot-hash-map,physical-slots,4096,1,1024,2097152,9036000,2681066283742362172,4831549970320777124
c-linear-attribution,index-plus-c,isolated-lookup,1,256,miss,4096,2048,salted-mix64,c-linear-probe-attribution,physical-slots,4096,1,1024,2097152,9077000,2681066283742362172,4831549970320777124
c-linear-attribution,index-plus-c,isolated-lookup,1,256,miss,4096,2048,salted-mix64,rust-hash-map,usable-entries,3584,2,1024,2097152,4629000,7296812208248709570,11962292712906248130
c-linear-attribution,index-plus-c,isolated-lookup,1,256,miss,4096,2048,salted-mix64,whitefoot-hash-map,physical-slots,4096,2,1024,2097152,8039000,7296812208248709570,11962292712906248130
c-linear-attribution,index-plus-c,isolated-lookup,1,256,miss,4096,2048,salted-mix64,c-linear-probe-attribution,physical-slots,4096,2,1024,2097152,9126000,7296812208248709570,11962292712906248130
c-linear-attribution,index-plus-c,isolated-lookup,1,256,miss,4096,2048,salted-mix64,cpp-unordered-map,chaining-buckets,4096,2,1024,2097152,3838000,7296812208248709570,11962292712906248130
c-linear-attribution,index-plus-c,isolated-lookup,1,256,miss,4096,2048,salted-mix64,whitefoot-hash-map,physical-slots,4096,3,1024,2097152,8603000,14423111289845556242,15797047148602259028
c-linear-attribution,index-plus-c,isolated-lookup,1,256,miss,4096,2048,salted-mix64,c-linear-probe-attribution,physical-slots,4096,3,1024,2097152,5714000,14423111289845556242,15797047148602259028
c-linear-attribution,index-plus-c,isolated-lookup,1,256,miss,4096,2048,salted-mix64,cpp-unordered-map,chaining-buckets,4096,3,1024,2097152,3761000,14423111289845556242,15797047148602259028
c-linear-attribution,index-plus-c,isolated-lookup,1,256,miss,4096,2048,salted-mix64,rust-hash-map,usable-entries,3584,3,1024,2097152,4494000,14423111289845556242,15797047148602259028
c-linear-attribution,index-plus-c,isolated-lookup,1,256,miss,4096,2048,salted-mix64,c-linear-probe-attribution,physical-slots,4096,4,1024,2097152,6555000,5230495931743818634,10852831350306165609
c-linear-attribution,index-plus-c,isolated-lookup,1,256,miss,4096,2048,salted-mix64,cpp-unordered-map,chaining-buckets,4096,4,1024,2097152,4003000,5230495931743818634,10852831350306165609
c-linear-attribution,index-plus-c,isolated-lookup,1,256,miss,4096,2048,salted-mix64,rust-hash-map,usable-entries,3584,4,1024,2097152,4530000,5230495931743818634,10852831350306165609
c-linear-attribution,index-plus-c,isolated-lookup,1,256,miss,4096,2048,salted-mix64,whitefoot-hash-map,physical-slots,4096,4,1024,2097152,9613000,5230495931743818634,10852831350306165609
c-linear-attribution,index-plus-c,isolated-lookup,1,256,miss,4096,2048,salted-mix64,cpp-unordered-map,chaining-buckets,4096,5,1024,2097152,3944000,4562025355725514772,8476091993579837262
c-linear-attribution,index-plus-c,isolated-lookup,1,256,miss,4096,2048,salted-mix64,rust-hash-map,usable-entries,3584,5,1024,2097152,4755000,4562025355725514772,8476091993579837262
c-linear-attribution,index-plus-c,isolated-lookup,1,256,miss,4096,2048,salted-mix64,whitefoot-hash-map,physical-slots,4096,5,1024,2097152,7398000,4562025355725514772,8476091993579837262
c-linear-attribution,index-plus-c,isolated-lookup,1,256,miss,4096,2048,salted-mix64,c-linear-probe-attribution,physical-slots,4096,5,1024,2097152,6243000,4562025355725514772,8476091993579837262
c-linear-attribution,index-plus-c,isolated-lookup,1,256,miss,4096,2048,salted-mix64,rust-hash-map,usable-entries,3584,6,1024,2097152,4739000,6591037010649270577,14152714158125688331
c-linear-attribution,index-plus-c,isolated-lookup,1,256,miss,4096,2048,salted-mix64,whitefoot-hash-map,physical-slots,4096,6,1024,2097152,7293000,6591037010649270577,14152714158125688331
c-linear-attribution,index-plus-c,isolated-lookup,1,256,miss,4096,2048,salted-mix64,c-linear-probe-attribution,physical-slots,4096,6,1024,2097152,6905000,6591037010649270577,14152714158125688331
c-linear-attribution,index-plus-c,isolated-lookup,1,256,miss,4096,2048,salted-mix64,cpp-unordered-map,chaining-buckets,4096,6,1024,2097152,4201000,6591037010649270577,14152714158125688331
c-linear-attribution,index-plus-c,isolated-lookup,1,256,miss,4096,2048,salted-mix64,whitefoot-hash-map,physical-slots,4096,7,1024,2097152,8950000,11181113795741075825,16200907735189960835
c-linear-attribution,index-plus-c,isolated-lookup,1,256,miss,4096,2048,salted-mix64,c-linear-probe-attribution,physical-slots,4096,7,1024,2097152,6855000,11181113795741075825,16200907735189960835
c-linear-attribution,index-plus-c,isolated-lookup,1,256,miss,4096,2048,salted-mix64,cpp-unordered-map,chaining-buckets,4096,7,1024,2097152,3748000,11181113795741075825,16200907735189960835
c-linear-attribution,index-plus-c,isolated-lookup,1,256,miss,4096,2048,salted-mix64,rust-hash-map,usable-entries,3584,7,1024,2097152,4593000,11181113795741075825,16200907735189960835
c-linear-attribution,index-plus-c,isolated-lookup,1,256,miss,4096,2048,salted-mix64,c-linear-probe-attribution,physical-slots,4096,8,1024,2097152,5650000,200723637349124037,3013337170561999196
c-linear-attribution,index-plus-c,isolated-lookup,1,256,miss,4096,2048,salted-mix64,cpp-unordered-map,chaining-buckets,4096,8,1024,2097152,3778000,200723637349124037,3013337170561999196
c-linear-attribution,index-plus-c,isolated-lookup,1,256,miss,4096,2048,salted-mix64,rust-hash-map,usable-entries,3584,8,1024,2097152,4728000,200723637349124037,3013337170561999196
c-linear-attribution,index-plus-c,isolated-lookup,1,256,miss,4096,2048,salted-mix64,whitefoot-hash-map,physical-slots,4096,8,1024,2097152,8808000,200723637349124037,3013337170561999196
c-linear-attribution,index-plus-c,isolated-lookup,1,256,hit,64,32,salted-mix64,c-linear-probe-attribution,physical-slots,64,0,65536,2097152,3730000,4239522231411693208,18266774267156818832
c-linear-attribution,index-plus-c,isolated-lookup,1,256,hit,64,32,salted-mix64,cpp-unordered-map,chaining-buckets,64,0,65536,2097152,3409000,4239522231411693208,18266774267156818832
c-linear-attribution,index-plus-c,isolated-lookup,1,256,hit,64,32,salted-mix64,rust-hash-map,usable-entries,56,0,65536,2097152,4826000,4239522231411693208,18266774267156818832
c-linear-attribution,index-plus-c,isolated-lookup,1,256,hit,64,32,salted-mix64,whitefoot-hash-map,physical-slots,64,0,65536,2097152,4394000,4239522231411693208,18266774267156818832
c-linear-attribution,index-plus-c,isolated-lookup,1,256,hit,64,32,salted-mix64,cpp-unordered-map,chaining-buckets,64,1,65536,2097152,3364000,2926486032717465826,17629528883973804059
c-linear-attribution,index-plus-c,isolated-lookup,1,256,hit,64,32,salted-mix64,rust-hash-map,usable-entries,56,1,65536,2097152,6026000,2926486032717465826,17629528883973804059
c-linear-attribution,index-plus-c,isolated-lookup,1,256,hit,64,32,salted-mix64,whitefoot-hash-map,physical-slots,64,1,65536,2097152,4518000,2926486032717465826,17629528883973804059
c-linear-attribution,index-plus-c,isolated-lookup,1,256,hit,64,32,salted-mix64,c-linear-probe-attribution,physical-slots,64,1,65536,2097152,3867000,2926486032717465826,17629528883973804059
c-linear-attribution,index-plus-c,isolated-lookup,1,256,hit,64,32,salted-mix64,rust-hash-map,usable-entries,56,2,65536,2097152,4966000,1950109411527586354,10588808568664885272
c-linear-attribution,index-plus-c,isolated-lookup,1,256,hit,64,32,salted-mix64,whitefoot-hash-map,physical-slots,64,2,65536,2097152,4376000,1950109411527586354,10588808568664885272
c-linear-attribution,index-plus-c,isolated-lookup,1,256,hit,64,32,salted-mix64,c-linear-probe-attribution,physical-slots,64,2,65536,2097152,3740000,1950109411527586354,10588808568664885272
c-linear-attribution,index-plus-c,isolated-lookup,1,256,hit,64,32,salted-mix64,cpp-unordered-map,chaining-buckets,64,2,65536,2097152,3503000,1950109411527586354,10588808568664885272
c-linear-attribution,index-plus-c,isolated-lookup,1,256,hit,64,32,salted-mix64,whitefoot-hash-map,physical-slots,64,3,65536,2097152,4441000,4729026886209191417,9643622543523366911
c-linear-attribution,index-plus-c,isolated-lookup,1,256,hit,64,32,salted-mix64,c-linear-probe-attribution,physical-slots,64,3,65536,2097152,3905000,4729026886209191417,9643622543523366911
c-linear-attribution,index-plus-c,isolated-lookup,1,256,hit,64,32,salted-mix64,cpp-unordered-map,chaining-buckets,64,3,65536,2097152,3372000,4729026886209191417,9643622543523366911
c-linear-attribution,index-plus-c,isolated-lookup,1,256,hit,64,32,salted-mix64,rust-hash-map,usable-entries,56,3,65536,2097152,4785000,4729026886209191417,9643622543523366911
c-linear-attribution,index-plus-c,isolated-lookup,1,256,hit,64,32,salted-mix64,c-linear-probe-attribution,physical-slots,64,4,65536,2097152,3665000,7789383083385681379,7997935681297465229
c-linear-attribution,index-plus-c,isolated-lookup,1,256,hit,64,32,salted-mix64,cpp-unordered-map,chaining-buckets,64,4,65536,2097152,3307000,7789383083385681379,7997935681297465229
c-linear-attribution,index-plus-c,isolated-lookup,1,256,hit,64,32,salted-mix64,rust-hash-map,usable-entries,56,4,65536,2097152,4830000,7789383083385681379,7997935681297465229
c-linear-attribution,index-plus-c,isolated-lookup,1,256,hit,64,32,salted-mix64,whitefoot-hash-map,physical-slots,64,4,65536,2097152,4256000,7789383083385681379,7997935681297465229
c-linear-attribution,index-plus-c,isolated-lookup,1,256,hit,64,32,salted-mix64,cpp-unordered-map,chaining-buckets,64,5,65536,2097152,3351000,14912296476274059179,12589978323246251962
c-linear-attribution,index-plus-c,isolated-lookup,1,256,hit,64,32,salted-mix64,rust-hash-map,usable-entries,56,5,65536,2097152,4804000,14912296476274059179,12589978323246251962
c-linear-attribution,index-plus-c,isolated-lookup,1,256,hit,64,32,salted-mix64,whitefoot-hash-map,physical-slots,64,5,65536,2097152,4459000,14912296476274059179,12589978323246251962
c-linear-attribution,index-plus-c,isolated-lookup,1,256,hit,64,32,salted-mix64,c-linear-probe-attribution,physical-slots,64,5,65536,2097152,3885000,14912296476274059179,12589978323246251962
c-linear-attribution,index-plus-c,isolated-lookup,1,256,hit,64,32,salted-mix64,rust-hash-map,usable-entries,56,6,65536,2097152,4824000,3102224960182046416,1695167606993225687
c-linear-attribution,index-plus-c,isolated-lookup,1,256,hit,64,32,salted-mix64,whitefoot-hash-map,physical-slots,64,6,65536,2097152,4242000,3102224960182046416,1695167606993225687
c-linear-attribution,index-plus-c,isolated-lookup,1,256,hit,64,32,salted-mix64,c-linear-probe-attribution,physical-slots,64,6,65536,2097152,3650000,3102224960182046416,1695167606993225687
c-linear-attribution,index-plus-c,isolated-lookup,1,256,hit,64,32,salted-mix64,cpp-unordered-map,chaining-buckets,64,6,65536,2097152,3319000,3102224960182046416,1695167606993225687
c-linear-attribution,index-plus-c,isolated-lookup,1,256,hit,64,32,salted-mix64,whitefoot-hash-map,physical-slots,64,7,65536,2097152,4431000,5994810811218061247,16222476275378838822
c-linear-attribution,index-plus-c,isolated-lookup,1,256,hit,64,32,salted-mix64,c-linear-probe-attribution,physical-slots,64,7,65536,2097152,3789000,5994810811218061247,16222476275378838822
c-linear-attribution,index-plus-c,isolated-lookup,1,256,hit,64,32,salted-mix64,cpp-unordered-map,chaining-buckets,64,7,65536,2097152,3386000,5994810811218061247,16222476275378838822
c-linear-attribution,index-plus-c,isolated-lookup,1,256,hit,64,32,salted-mix64,rust-hash-map,usable-entries,56,7,65536,2097152,5851000,5994810811218061247,16222476275378838822
c-linear-attribution,index-plus-c,isolated-lookup,1,256,hit,64,32,salted-mix64,c-linear-probe-attribution,physical-slots,64,8,65536,2097152,3656000,9874546471375032397,14881868431885356544
c-linear-attribution,index-plus-c,isolated-lookup,1,256,hit,64,32,salted-mix64,cpp-unordered-map,chaining-buckets,64,8,65536,2097152,3302000,9874546471375032397,14881868431885356544
c-linear-attribution,index-plus-c,isolated-lookup,1,256,hit,64,32,salted-mix64,rust-hash-map,usable-entries,56,8,65536,2097152,4852000,9874546471375032397,14881868431885356544
c-linear-attribution,index-plus-c,isolated-lookup,1,256,hit,64,32,salted-mix64,whitefoot-hash-map,physical-slots,64,8,65536,2097152,4285000,9874546471375032397,14881868431885356544
c-linear-attribution,index-plus-c,isolated-lookup,1,256,miss,64,32,salted-mix64,c-linear-probe-attribution,physical-slots,64,0,65536,2097152,4690000,15132253838967462115,18266774267156818832
c-linear-attribution,index-plus-c,isolated-lookup,1,256,miss,64,32,salted-mix64,cpp-unordered-map,chaining-buckets,64,0,65536,2097152,3323000,15132253838967462115,18266774267156818832
c-linear-attribution,index-plus-c,isolated-lookup,1,256,miss,64,32,salted-mix64,rust-hash-map,usable-entries,56,0,65536,2097152,3344000,15132253838967462115,18266774267156818832
c-linear-attribution,index-plus-c,isolated-lookup,1,256,miss,64,32,salted-mix64,whitefoot-hash-map,physical-slots,64,0,65536,2097152,5848000,15132253838967462115,18266774267156818832
c-linear-attribution,index-plus-c,isolated-lookup,1,256,miss,64,32,salted-mix64,cpp-unordered-map,chaining-buckets,64,1,65536,2097152,3333000,2681066283742362172,17629528883973804059
c-linear-attribution,index-plus-c,isolated-lookup,1,256,miss,64,32,salted-mix64,rust-hash-map,usable-entries,56,1,65536,2097152,3286000,2681066283742362172,17629528883973804059
c-linear-attribution,index-plus-c,isolated-lookup,1,256,miss,64,32,salted-mix64,whitefoot-hash-map,physical-slots,64,1,65536,2097152,7321000,2681066283742362172,17629528883973804059
c-linear-attribution,index-plus-c,isolated-lookup,1,256,miss,64,32,salted-mix64,c-linear-probe-attribution,physical-slots,64,1,65536,2097152,5840000,2681066283742362172,17629528883973804059
c-linear-attribution,index-plus-c,isolated-lookup,1,256,miss,64,32,salted-mix64,rust-hash-map,usable-entries,56,2,65536,2097152,3383000,7296812208248709570,10588808568664885272
c-linear-attribution,index-plus-c,isolated-lookup,1,256,miss,64,32,salted-mix64,whitefoot-hash-map,physical-slots,64,2,65536,2097152,5920000,7296812208248709570,10588808568664885272
c-linear-attribution,index-plus-c,isolated-lookup,1,256,miss,64,32,salted-mix64,c-linear-probe-attribution,physical-slots,64,2,65536,2097152,4733000,7296812208248709570,10588808568664885272
c-linear-attribution,index-plus-c,isolated-lookup,1,256,miss,64,32,salted-mix64,cpp-unordered-map,chaining-buckets,64,2,65536,2097152,3255000,7296812208248709570,10588808568664885272
c-linear-attribution,index-plus-c,isolated-lookup,1,256,miss,64,32,salted-mix64,whitefoot-hash-map,physical-slots,64,3,65536,2097152,7329000,14423111289845556242,9643622543523366911
c-linear-attribution,index-plus-c,isolated-lookup,1,256,miss,64,32,salted-mix64,c-linear-probe-attribution,physical-slots,64,3,65536,2097152,5718000,14423111289845556242,9643622543523366911
c-linear-attribution,index-plus-c,isolated-lookup,1,256,miss,64,32,salted-mix64,cpp-unordered-map,chaining-buckets,64,3,65536,2097152,3390000,14423111289845556242,9643622543523366911
c-linear-attribution,index-plus-c,isolated-lookup,1,256,miss,64,32,salted-mix64,rust-hash-map,usable-entries,56,3,65536,2097152,3300000,14423111289845556242,9643622543523366911
c-linear-attribution,index-plus-c,isolated-lookup,1,256,miss,64,32,salted-mix64,c-linear-probe-attribution,physical-slots,64,4,65536,2097152,4916000,5230495931743818634,7997935681297465229
c-linear-attribution,index-plus-c,isolated-lookup,1,256,miss,64,32,salted-mix64,cpp-unordered-map,chaining-buckets,64,4,65536,2097152,3292000,5230495931743818634,7997935681297465229
c-linear-attribution,index-plus-c,isolated-lookup,1,256,miss,64,32,salted-mix64,rust-hash-map,usable-entries,56,4,65536,2097152,4323000,5230495931743818634,7997935681297465229
c-linear-attribution,index-plus-c,isolated-lookup,1,256,miss,64,32,salted-mix64,whitefoot-hash-map,physical-slots,64,4,65536,2097152,5977000,5230495931743818634,7997935681297465229
c-linear-attribution,index-plus-c,isolated-lookup,1,256,miss,64,32,salted-mix64,cpp-unordered-map,chaining-buckets,64,5,65536,2097152,3626000,4562025355725514772,12589978323246251962
c-linear-attribution,index-plus-c,isolated-lookup,1,256,miss,64,32,salted-mix64,rust-hash-map,usable-entries,56,5,65536,2097152,3417000,4562025355725514772,12589978323246251962
c-linear-attribution,index-plus-c,isolated-lookup,1,256,miss,64,32,salted-mix64,whitefoot-hash-map,physical-slots,64,5,65536,2097152,7636000,4562025355725514772,12589978323246251962
c-linear-attribution,index-plus-c,isolated-lookup,1,256,miss,64,32,salted-mix64,c-linear-probe-attribution,physical-slots,64,5,65536,2097152,5977000,4562025355725514772,12589978323246251962
c-linear-attribution,index-plus-c,isolated-lookup,1,256,miss,64,32,salted-mix64,rust-hash-map,usable-entries,56,6,65536,2097152,4315000,6591037010649270577,1695167606993225687
c-linear-attribution,index-plus-c,isolated-lookup,1,256,miss,64,32,salted-mix64,whitefoot-hash-map,physical-slots,64,6,65536,2097152,5785000,6591037010649270577,1695167606993225687
c-linear-attribution,index-plus-c,isolated-lookup,1,256,miss,64,32,salted-mix64,c-linear-probe-attribution,physical-slots,64,6,65536,2097152,4549000,6591037010649270577,1695167606993225687
c-linear-attribution,index-plus-c,isolated-lookup,1,256,miss,64,32,salted-mix64,cpp-unordered-map,chaining-buckets,64,6,65536,2097152,3192000,6591037010649270577,1695167606993225687
c-linear-attribution,index-plus-c,isolated-lookup,1,256,miss,64,32,salted-mix64,whitefoot-hash-map,physical-slots,64,7,65536,2097152,7181000,11181113795741075825,16222476275378838822
c-linear-attribution,index-plus-c,isolated-lookup,1,256,miss,64,32,salted-mix64,c-linear-probe-attribution,physical-slots,64,7,65536,2097152,5631000,11181113795741075825,16222476275378838822
c-linear-attribution,index-plus-c,isolated-lookup,1,256,miss,64,32,salted-mix64,cpp-unordered-map,chaining-buckets,64,7,65536,2097152,3220000,11181113795741075825,16222476275378838822
c-linear-attribution,index-plus-c,isolated-lookup,1,256,miss,64,32,salted-mix64,rust-hash-map,usable-entries,56,7,65536,2097152,3305000,11181113795741075825,16222476275378838822
c-linear-attribution,index-plus-c,isolated-lookup,1,256,miss,64,32,salted-mix64,c-linear-probe-attribution,physical-slots,64,8,65536,2097152,4782000,200723637349124037,14881868431885356544
c-linear-attribution,index-plus-c,isolated-lookup,1,256,miss,64,32,salted-mix64,cpp-unordered-map,chaining-buckets,64,8,65536,2097152,3173000,200723637349124037,14881868431885356544
c-linear-attribution,index-plus-c,isolated-lookup,1,256,miss,64,32,salted-mix64,rust-hash-map,usable-entries,56,8,65536,2097152,4294000,200723637349124037,14881868431885356544
c-linear-attribution,index-plus-c,isolated-lookup,1,256,miss,64,32,salted-mix64,whitefoot-hash-map,physical-slots,64,8,65536,2097152,5943000,200723637349124037,14881868431885356544
