phase,arm,variant,capacity_kind,width,slots,population,capacity,operation,cohort,sample,seed,start_generation,rounds,operations,elapsed_ns,checksum,verify,cleanup
formal-isolated-mutation,baseline,whitefoot-flat,physical-slots,word8,64,32,64,replace,0,0,101,32768,32768,1048576,2745000,18096573721732818519,12077982526663781769,12749132361983993480
formal-isolated-mutation,baseline,whitefoot-chain,head-buckets,word8,64,32,64,replace,0,0,101,32768,32768,1048576,2328000,18096573721732818519,12077982526663781769,12749132361983993480
formal-isolated-mutation,baseline,rust-hash-map,usable-entries,word8,64,32,56,replace,0,0,101,32768,32768,1048576,2616000,18096573721732818519,12077982526663781769,12749132361983993480
formal-isolated-mutation,baseline,cpp-unordered-map,chaining-buckets,word8,64,32,64,replace,0,0,101,32768,32768,1048576,2855000,18096573721732818519,12077982526663781769,12749132361983993480
formal-isolated-mutation,baseline,whitefoot-chain,head-buckets,word8,64,32,64,replace,0,1,102,32768,32768,1048576,2489000,14470636289158971276,7995702684288656807,12244221203303174045
formal-isolated-mutation,baseline,rust-hash-map,usable-entries,word8,64,32,56,replace,0,1,102,32768,32768,1048576,2677000,14470636289158971276,7995702684288656807,12244221203303174045
formal-isolated-mutation,baseline,cpp-unordered-map,chaining-buckets,word8,64,32,64,replace,0,1,102,32768,32768,1048576,3087000,14470636289158971276,7995702684288656807,12244221203303174045
formal-isolated-mutation,baseline,whitefoot-flat,physical-slots,word8,64,32,64,replace,0,1,102,32768,32768,1048576,2903000,14470636289158971276,7995702684288656807,12244221203303174045
formal-isolated-mutation,baseline,rust-hash-map,usable-entries,word8,64,32,56,replace,0,2,103,32768,32768,1048576,2633000,9973176258566731091,11373434725935837862,15648614559169679663
formal-isolated-mutation,baseline,cpp-unordered-map,chaining-buckets,word8,64,32,64,replace,0,2,103,32768,32768,1048576,3455000,9973176258566731091,11373434725935837862,15648614559169679663
formal-isolated-mutation,baseline,whitefoot-flat,physical-slots,word8,64,32,64,replace,0,2,103,32768,32768,1048576,2801000,9973176258566731091,11373434725935837862,15648614559169679663
formal-isolated-mutation,baseline,whitefoot-chain,head-buckets,word8,64,32,64,replace,0,2,103,32768,32768,1048576,2490000,9973176258566731091,11373434725935837862,15648614559169679663
formal-isolated-mutation,baseline,cpp-unordered-map,chaining-buckets,word8,64,32,64,replace,0,3,104,32768,32768,1048576,2874000,16089982674628147203,9676260734854056746,2848619765991137053
formal-isolated-mutation,baseline,whitefoot-flat,physical-slots,word8,64,32,64,replace,0,3,104,32768,32768,1048576,2773000,16089982674628147203,9676260734854056746,2848619765991137053
formal-isolated-mutation,baseline,whitefoot-chain,head-buckets,word8,64,32,64,replace,0,3,104,32768,32768,1048576,2415000,16089982674628147203,9676260734854056746,2848619765991137053
formal-isolated-mutation,baseline,rust-hash-map,usable-entries,word8,64,32,56,replace,0,3,104,32768,32768,1048576,2693000,16089982674628147203,9676260734854056746,2848619765991137053
formal-isolated-mutation,baseline,whitefoot-flat,physical-slots,word8,64,32,64,replace,0,4,105,32768,32768,1048576,3335000,2556899712354080479,3308030074824571516,10059556291468621031
formal-isolated-mutation,baseline,whitefoot-chain,head-buckets,word8,64,32,64,replace,0,4,105,32768,32768,1048576,2354000,2556899712354080479,3308030074824571516,10059556291468621031
formal-isolated-mutation,baseline,rust-hash-map,usable-entries,word8,64,32,56,replace,0,4,105,32768,32768,1048576,2579000,2556899712354080479,3308030074824571516,10059556291468621031
formal-isolated-mutation,baseline,cpp-unordered-map,chaining-buckets,word8,64,32,64,replace,0,4,105,32768,32768,1048576,2820000,2556899712354080479,3308030074824571516,10059556291468621031
formal-isolated-mutation,baseline,whitefoot-chain,head-buckets,word8,64,32,64,replace,0,5,106,32768,32768,1048576,2398000,3405593398268564637,5209183629775218254,900397986388891109
formal-isolated-mutation,baseline,rust-hash-map,usable-entries,word8,64,32,56,replace,0,5,106,32768,32768,1048576,2644000,3405593398268564637,5209183629775218254,900397986388891109
formal-isolated-mutation,baseline,cpp-unordered-map,chaining-buckets,word8,64,32,64,replace,0,5,106,32768,32768,1048576,2960000,3405593398268564637,5209183629775218254,900397986388891109
formal-isolated-mutation,baseline,whitefoot-flat,physical-slots,word8,64,32,64,replace,0,5,106,32768,32768,1048576,2754000,3405593398268564637,5209183629775218254,900397986388891109
formal-isolated-mutation,baseline,rust-hash-map,usable-entries,word8,64,32,56,replace,0,6,107,32768,32768,1048576,2682000,7681617421452767597,14798175020615415202,10515582106697849762
formal-isolated-mutation,baseline,cpp-unordered-map,chaining-buckets,word8,64,32,64,replace,0,6,107,32768,32768,1048576,2827000,7681617421452767597,14798175020615415202,10515582106697849762
formal-isolated-mutation,baseline,whitefoot-flat,physical-slots,word8,64,32,64,replace,0,6,107,32768,32768,1048576,3229000,7681617421452767597,14798175020615415202,10515582106697849762
formal-isolated-mutation,baseline,whitefoot-chain,head-buckets,word8,64,32,64,replace,0,6,107,32768,32768,1048576,2721000,7681617421452767597,14798175020615415202,10515582106697849762
formal-isolated-mutation,baseline,cpp-unordered-map,chaining-buckets,word8,64,32,64,replace,0,7,108,32768,32768,1048576,2883000,2327915804901543052,4417241696690132572,4713894674198377865
formal-isolated-mutation,baseline,whitefoot-flat,physical-slots,word8,64,32,64,replace,0,7,108,32768,32768,1048576,2790000,2327915804901543052,4417241696690132572,4713894674198377865
formal-isolated-mutation,baseline,whitefoot-chain,head-buckets,word8,64,32,64,replace,0,7,108,32768,32768,1048576,2394000,2327915804901543052,4417241696690132572,4713894674198377865
formal-isolated-mutation,baseline,rust-hash-map,usable-entries,word8,64,32,56,replace,0,7,108,32768,32768,1048576,2779000,2327915804901543052,4417241696690132572,4713894674198377865
formal-isolated-mutation,baseline,whitefoot-flat,physical-slots,word8,64,32,64,replace,0,8,109,32768,32768,1048576,3338000,15581882087185304535,144157231638344912,5599822130869204459
formal-isolated-mutation,baseline,whitefoot-chain,head-buckets,word8,64,32,64,replace,0,8,109,32768,32768,1048576,2625000,15581882087185304535,144157231638344912,5599822130869204459
formal-isolated-mutation,baseline,rust-hash-map,usable-entries,word8,64,32,56,replace,0,8,109,32768,32768,1048576,2618000,15581882087185304535,144157231638344912,5599822130869204459
formal-isolated-mutation,baseline,cpp-unordered-map,chaining-buckets,word8,64,32,64,replace,0,8,109,32768,32768,1048576,2838000,15581882087185304535,144157231638344912,5599822130869204459
formal-isolated-mutation,baseline,whitefoot-flat,physical-slots,word8,64,32,64,churn,0,0,101,32768,32768,1048576,8634000,18110906709719556088,12077982526663781769,12749132361983993480
formal-isolated-mutation,baseline,whitefoot-chain,head-buckets,word8,64,32,64,churn,0,0,101,32768,32768,1048576,6138000,18110906709719556088,12077982526663781769,12749132361983993480
formal-isolated-mutation,baseline,rust-hash-map,usable-entries,word8,64,32,56,churn,0,0,101,32768,32768,1048576,17015000,18110906709719556088,12077982526663781769,12749132361983993480
formal-isolated-mutation,baseline,cpp-unordered-map,chaining-buckets,word8,64,32,64,churn,0,0,101,32768,32768,1048576,30035000,18110906709719556088,12077982526663781769,12749132361983993480
formal-isolated-mutation,baseline,whitefoot-chain,head-buckets,word8,64,32,64,churn,0,1,102,32768,32768,1048576,6467000,9296874036845416241,7995702684288656807,12244221203303174045
formal-isolated-mutation,baseline,rust-hash-map,usable-entries,word8,64,32,56,churn,0,1,102,32768,32768,1048576,16612000,9296874036845416241,7995702684288656807,12244221203303174045
formal-isolated-mutation,baseline,cpp-unordered-map,chaining-buckets,word8,64,32,64,churn,0,1,102,32768,32768,1048576,29854000,9296874036845416241,7995702684288656807,12244221203303174045
formal-isolated-mutation,baseline,whitefoot-flat,physical-slots,word8,64,32,64,churn,0,1,102,32768,32768,1048576,9921000,9296874036845416241,7995702684288656807,12244221203303174045
formal-isolated-mutation,baseline,rust-hash-map,usable-entries,word8,64,32,56,churn,0,2,103,32768,32768,1048576,17264000,12903157730705904877,11373434725935837862,15648614559169679663
formal-isolated-mutation,baseline,cpp-unordered-map,chaining-buckets,word8,64,32,64,churn,0,2,103,32768,32768,1048576,29065000,12903157730705904877,11373434725935837862,15648614559169679663
formal-isolated-mutation,baseline,whitefoot-flat,physical-slots,word8,64,32,64,churn,0,2,103,32768,32768,1048576,9326000,12903157730705904877,11373434725935837862,15648614559169679663
formal-isolated-mutation,baseline,whitefoot-chain,head-buckets,word8,64,32,64,churn,0,2,103,32768,32768,1048576,5464000,12903157730705904877,11373434725935837862,15648614559169679663
formal-isolated-mutation,baseline,cpp-unordered-map,chaining-buckets,word8,64,32,64,churn,0,3,104,32768,32768,1048576,29248000,4253743068328656138,9676260734854056746,2848619765991137053
formal-isolated-mutation,baseline,whitefoot-flat,physical-slots,word8,64,32,64,churn,0,3,104,32768,32768,1048576,9845000,4253743068328656138,9676260734854056746,2848619765991137053
formal-isolated-mutation,baseline,whitefoot-chain,head-buckets,word8,64,32,64,churn,0,3,104,32768,32768,1048576,6291000,4253743068328656138,9676260734854056746,2848619765991137053
formal-isolated-mutation,baseline,rust-hash-map,usable-entries,word8,64,32,56,churn,0,3,104,32768,32768,1048576,16832000,4253743068328656138,9676260734854056746,2848619765991137053
formal-isolated-mutation,baseline,whitefoot-flat,physical-slots,word8,64,32,64,churn,0,4,105,32768,32768,1048576,8700000,628659943078117645,3308030074824571516,10059556291468621031
formal-isolated-mutation,baseline,whitefoot-chain,head-buckets,word8,64,32,64,churn,0,4,105,32768,32768,1048576,6955000,628659943078117645,3308030074824571516,10059556291468621031
formal-isolated-mutation,baseline,rust-hash-map,usable-entries,word8,64,32,56,churn,0,4,105,32768,32768,1048576,18007000,628659943078117645,3308030074824571516,10059556291468621031
formal-isolated-mutation,baseline,cpp-unordered-map,chaining-buckets,word8,64,32,64,churn,0,4,105,32768,32768,1048576,28966000,628659943078117645,3308030074824571516,10059556291468621031
formal-isolated-mutation,baseline,whitefoot-chain,head-buckets,word8,64,32,64,churn,0,5,106,32768,32768,1048576,5975000,2475384722324267649,5209183629775218254,900397986388891109
formal-isolated-mutation,baseline,rust-hash-map,usable-entries,word8,64,32,56,churn,0,5,106,32768,32768,1048576,17113000,2475384722324267649,5209183629775218254,900397986388891109
formal-isolated-mutation,baseline,cpp-unordered-map,chaining-buckets,word8,64,32,64,churn,0,5,106,32768,32768,1048576,29189000,2475384722324267649,5209183629775218254,900397986388891109
formal-isolated-mutation,baseline,whitefoot-flat,physical-slots,word8,64,32,64,churn,0,5,106,32768,32768,1048576,9793000,2475384722324267649,5209183629775218254,900397986388891109
formal-isolated-mutation,baseline,rust-hash-map,usable-entries,word8,64,32,56,churn,0,6,107,32768,32768,1048576,17290000,2402000015043713974,14798175020615415202,10515582106697849762
formal-isolated-mutation,baseline,cpp-unordered-map,chaining-buckets,word8,64,32,64,churn,0,6,107,32768,32768,1048576,29245000,2402000015043713974,14798175020615415202,10515582106697849762
formal-isolated-mutation,baseline,whitefoot-flat,physical-slots,word8,64,32,64,churn,0,6,107,32768,32768,1048576,8558000,2402000015043713974,14798175020615415202,10515582106697849762
formal-isolated-mutation,baseline,whitefoot-chain,head-buckets,word8,64,32,64,churn,0,6,107,32768,32768,1048576,5345000,2402000015043713974,14798175020615415202,10515582106697849762
formal-isolated-mutation,baseline,cpp-unordered-map,chaining-buckets,word8,64,32,64,churn,0,7,108,32768,32768,1048576,27897000,5723748881526033307,4417241696690132572,4713894674198377865
formal-isolated-mutation,baseline,whitefoot-flat,physical-slots,word8,64,32,64,churn,0,7,108,32768,32768,1048576,10022000,5723748881526033307,4417241696690132572,4713894674198377865
formal-isolated-mutation,baseline,whitefoot-chain,head-buckets,word8,64,32,64,churn,0,7,108,32768,32768,1048576,5763000,5723748881526033307,4417241696690132572,4713894674198377865
formal-isolated-mutation,baseline,rust-hash-map,usable-entries,word8,64,32,56,churn,0,7,108,32768,32768,1048576,17241000,5723748881526033307,4417241696690132572,4713894674198377865
formal-isolated-mutation,baseline,whitefoot-flat,physical-slots,word8,64,32,64,churn,0,8,109,32768,32768,1048576,8735000,2256372710712324380,144157231638344912,5599822130869204459
formal-isolated-mutation,baseline,whitefoot-chain,head-buckets,word8,64,32,64,churn,0,8,109,32768,32768,1048576,5392000,2256372710712324380,144157231638344912,5599822130869204459
formal-isolated-mutation,baseline,rust-hash-map,usable-entries,word8,64,32,56,churn,0,8,109,32768,32768,1048576,17312000,2256372710712324380,144157231638344912,5599822130869204459
formal-isolated-mutation,baseline,cpp-unordered-map,chaining-buckets,word8,64,32,64,churn,0,8,109,32768,32768,1048576,29696000,2256372710712324380,144157231638344912,5599822130869204459
formal-isolated-mutation,baseline,whitefoot-flat,physical-slots,word8,4096,2048,4096,replace,0,0,101,512,512,1048576,3511000,17620489557640355118,12892485500574870081,15318239530852537950
formal-isolated-mutation,baseline,whitefoot-chain,head-buckets,word8,4096,2048,4096,replace,0,0,101,512,512,1048576,2981000,17620489557640355118,12892485500574870081,15318239530852537950
formal-isolated-mutation,baseline,rust-hash-map,usable-entries,word8,4096,2048,3584,replace,0,0,101,512,512,1048576,2687000,17620489557640355118,12892485500574870081,15318239530852537950
formal-isolated-mutation,baseline,cpp-unordered-map,chaining-buckets,word8,4096,2048,4096,replace,0,0,101,512,512,1048576,4487000,17620489557640355118,12892485500574870081,15318239530852537950
formal-isolated-mutation,baseline,whitefoot-chain,head-buckets,word8,4096,2048,4096,replace,0,1,102,512,512,1048576,3135000,1935089821601506588,6558794978756541917,14466115479769115293
formal-isolated-mutation,baseline,rust-hash-map,usable-entries,word8,4096,2048,3584,replace,0,1,102,512,512,1048576,2774000,1935089821601506588,6558794978756541917,14466115479769115293
formal-isolated-mutation,baseline,cpp-unordered-map,chaining-buckets,word8,4096,2048,4096,replace,0,1,102,512,512,1048576,4677000,1935089821601506588,6558794978756541917,14466115479769115293
formal-isolated-mutation,baseline,whitefoot-flat,physical-slots,word8,4096,2048,4096,replace,0,1,102,512,512,1048576,3636000,1935089821601506588,6558794978756541917,14466115479769115293
formal-isolated-mutation,baseline,rust-hash-map,usable-entries,word8,4096,2048,3584,replace,0,2,103,512,512,1048576,3116000,1951882041121453793,5953993967926708049,11388540906096222742
formal-isolated-mutation,baseline,cpp-unordered-map,chaining-buckets,word8,4096,2048,4096,replace,0,2,103,512,512,1048576,4548000,1951882041121453793,5953993967926708049,11388540906096222742
formal-isolated-mutation,baseline,whitefoot-flat,physical-slots,word8,4096,2048,4096,replace,0,2,103,512,512,1048576,4182000,1951882041121453793,5953993967926708049,11388540906096222742
formal-isolated-mutation,baseline,whitefoot-chain,head-buckets,word8,4096,2048,4096,replace,0,2,103,512,512,1048576,3103000,1951882041121453793,5953993967926708049,11388540906096222742
formal-isolated-mutation,baseline,cpp-unordered-map,chaining-buckets,word8,4096,2048,4096,replace,0,3,104,512,512,1048576,4324000,14304161718858749203,13830605729479137478,9959520025842494717
formal-isolated-mutation,baseline,whitefoot-flat,physical-slots,word8,4096,2048,4096,replace,0,3,104,512,512,1048576,3792000,14304161718858749203,13830605729479137478,9959520025842494717
formal-isolated-mutation,baseline,whitefoot-chain,head-buckets,word8,4096,2048,4096,replace,0,3,104,512,512,1048576,3111000,14304161718858749203,13830605729479137478,9959520025842494717
formal-isolated-mutation,baseline,rust-hash-map,usable-entries,word8,4096,2048,3584,replace,0,3,104,512,512,1048576,2741000,14304161718858749203,13830605729479137478,9959520025842494717
formal-isolated-mutation,baseline,whitefoot-flat,physical-slots,word8,4096,2048,4096,replace,0,4,105,512,512,1048576,3691000,11379130351144432977,4209192350472890587,3105434443357397326
formal-isolated-mutation,baseline,whitefoot-chain,head-buckets,word8,4096,2048,4096,replace,0,4,105,512,512,1048576,3345000,11379130351144432977,4209192350472890587,3105434443357397326
formal-isolated-mutation,baseline,rust-hash-map,usable-entries,word8,4096,2048,3584,replace,0,4,105,512,512,1048576,2762000,11379130351144432977,4209192350472890587,3105434443357397326
formal-isolated-mutation,baseline,cpp-unordered-map,chaining-buckets,word8,4096,2048,4096,replace,0,4,105,512,512,1048576,4660000,11379130351144432977,4209192350472890587,3105434443357397326
formal-isolated-mutation,baseline,whitefoot-chain,head-buckets,word8,4096,2048,4096,replace,0,5,106,512,512,1048576,3647000,12251642353774623270,833403251416686189,10436227290064263060
formal-isolated-mutation,baseline,rust-hash-map,usable-entries,word8,4096,2048,3584,replace,0,5,106,512,512,1048576,2757000,12251642353774623270,833403251416686189,10436227290064263060
formal-isolated-mutation,baseline,cpp-unordered-map,chaining-buckets,word8,4096,2048,4096,replace,0,5,106,512,512,1048576,4327000,12251642353774623270,833403251416686189,10436227290064263060
formal-isolated-mutation,baseline,whitefoot-flat,physical-slots,word8,4096,2048,4096,replace,0,5,106,512,512,1048576,3855000,12251642353774623270,833403251416686189,10436227290064263060
formal-isolated-mutation,baseline,rust-hash-map,usable-entries,word8,4096,2048,3584,replace,0,6,107,512,512,1048576,2688000,8033389661832950008,3766264394704203104,14562156551781632605
formal-isolated-mutation,baseline,cpp-unordered-map,chaining-buckets,word8,4096,2048,4096,replace,0,6,107,512,512,1048576,4289000,8033389661832950008,3766264394704203104,14562156551781632605
formal-isolated-mutation,baseline,whitefoot-flat,physical-slots,word8,4096,2048,4096,replace,0,6,107,512,512,1048576,3855000,8033389661832950008,3766264394704203104,14562156551781632605
formal-isolated-mutation,baseline,whitefoot-chain,head-buckets,word8,4096,2048,4096,replace,0,6,107,512,512,1048576,2995000,8033389661832950008,3766264394704203104,14562156551781632605
formal-isolated-mutation,baseline,cpp-unordered-map,chaining-buckets,word8,4096,2048,4096,replace,0,7,108,512,512,1048576,4391000,1046993030128260120,2454500479893543789,14768026503605617582
formal-isolated-mutation,baseline,whitefoot-flat,physical-slots,word8,4096,2048,4096,replace,0,7,108,512,512,1048576,3375000,1046993030128260120,2454500479893543789,14768026503605617582
formal-isolated-mutation,baseline,whitefoot-chain,head-buckets,word8,4096,2048,4096,replace,0,7,108,512,512,1048576,3588000,1046993030128260120,2454500479893543789,14768026503605617582
formal-isolated-mutation,baseline,rust-hash-map,usable-entries,word8,4096,2048,3584,replace,0,7,108,512,512,1048576,2719000,1046993030128260120,2454500479893543789,14768026503605617582
formal-isolated-mutation,baseline,whitefoot-flat,physical-slots,word8,4096,2048,4096,replace,0,8,109,512,512,1048576,4635000,8413322795025042257,4904183427984515141,10319780408451309694
formal-isolated-mutation,baseline,whitefoot-chain,head-buckets,word8,4096,2048,4096,replace,0,8,109,512,512,1048576,3242000,8413322795025042257,4904183427984515141,10319780408451309694
formal-isolated-mutation,baseline,rust-hash-map,usable-entries,word8,4096,2048,3584,replace,0,8,109,512,512,1048576,2722000,8413322795025042257,4904183427984515141,10319780408451309694
formal-isolated-mutation,baseline,cpp-unordered-map,chaining-buckets,word8,4096,2048,4096,replace,0,8,109,512,512,1048576,4430000,8413322795025042257,4904183427984515141,10319780408451309694
formal-isolated-mutation,baseline,whitefoot-flat,physical-slots,word8,4096,2048,4096,churn,0,0,101,512,512,1048576,14858000,8799152866740530150,12892485500574870081,15318239530852537950
formal-isolated-mutation,baseline,whitefoot-chain,head-buckets,word8,4096,2048,4096,churn,0,0,101,512,512,1048576,7314000,8799152866740530150,12892485500574870081,15318239530852537950
formal-isolated-mutation,baseline,rust-hash-map,usable-entries,word8,4096,2048,3584,churn,0,0,101,512,512,1048576,10917000,8799152866740530150,12892485500574870081,15318239530852537950
formal-isolated-mutation,baseline,cpp-unordered-map,chaining-buckets,word8,4096,2048,4096,churn,0,0,101,512,512,1048576,33560000,8799152866740530150,12892485500574870081,15318239530852537950
formal-isolated-mutation,baseline,whitefoot-chain,head-buckets,word8,4096,2048,4096,churn,0,1,102,512,512,1048576,7792000,5607125520057204017,6558794978756541917,14466115479769115293
formal-isolated-mutation,baseline,rust-hash-map,usable-entries,word8,4096,2048,3584,churn,0,1,102,512,512,1048576,12185000,5607125520057204017,6558794978756541917,14466115479769115293
formal-isolated-mutation,baseline,cpp-unordered-map,chaining-buckets,word8,4096,2048,4096,churn,0,1,102,512,512,1048576,32075000,5607125520057204017,6558794978756541917,14466115479769115293
formal-isolated-mutation,baseline,whitefoot-flat,physical-slots,word8,4096,2048,4096,churn,0,1,102,512,512,1048576,12955000,5607125520057204017,6558794978756541917,14466115479769115293
formal-isolated-mutation,baseline,rust-hash-map,usable-entries,word8,4096,2048,3584,churn,0,2,103,512,512,1048576,10694000,7623919904794872868,5953993967926708049,11388540906096222742
formal-isolated-mutation,baseline,cpp-unordered-map,chaining-buckets,word8,4096,2048,4096,churn,0,2,103,512,512,1048576,31416000,7623919904794872868,5953993967926708049,11388540906096222742
formal-isolated-mutation,baseline,whitefoot-flat,physical-slots,word8,4096,2048,4096,churn,0,2,103,512,512,1048576,15048000,7623919904794872868,5953993967926708049,11388540906096222742
formal-isolated-mutation,baseline,whitefoot-chain,head-buckets,word8,4096,2048,4096,churn,0,2,103,512,512,1048576,8494000,7623919904794872868,5953993967926708049,11388540906096222742
formal-isolated-mutation,baseline,cpp-unordered-map,chaining-buckets,word8,4096,2048,4096,churn,0,3,104,512,512,1048576,32715000,13715727663386659120,13830605729479137478,9959520025842494717
formal-isolated-mutation,baseline,whitefoot-flat,physical-slots,word8,4096,2048,4096,churn,0,3,104,512,512,1048576,13467000,13715727663386659120,13830605729479137478,9959520025842494717
formal-isolated-mutation,baseline,whitefoot-chain,head-buckets,word8,4096,2048,4096,churn,0,3,104,512,512,1048576,7990000,13715727663386659120,13830605729479137478,9959520025842494717
formal-isolated-mutation,baseline,rust-hash-map,usable-entries,word8,4096,2048,3584,churn,0,3,104,512,512,1048576,11137000,13715727663386659120,13830605729479137478,9959520025842494717
formal-isolated-mutation,baseline,whitefoot-flat,physical-slots,word8,4096,2048,4096,churn,0,4,105,512,512,1048576,14421000,15082010733789155885,4209192350472890587,3105434443357397326
formal-isolated-mutation,baseline,whitefoot-chain,head-buckets,word8,4096,2048,4096,churn,0,4,105,512,512,1048576,7564000,15082010733789155885,4209192350472890587,3105434443357397326
formal-isolated-mutation,baseline,rust-hash-map,usable-entries,word8,4096,2048,3584,churn,0,4,105,512,512,1048576,11588000,15082010733789155885,4209192350472890587,3105434443357397326
formal-isolated-mutation,baseline,cpp-unordered-map,chaining-buckets,word8,4096,2048,4096,churn,0,4,105,512,512,1048576,30982000,15082010733789155885,4209192350472890587,3105434443357397326
formal-isolated-mutation,baseline,whitefoot-chain,head-buckets,word8,4096,2048,4096,churn,0,5,106,512,512,1048576,8221000,12842905645731754778,833403251416686189,10436227290064263060
formal-isolated-mutation,baseline,rust-hash-map,usable-entries,word8,4096,2048,3584,churn,0,5,106,512,512,1048576,11027000,12842905645731754778,833403251416686189,10436227290064263060
formal-isolated-mutation,baseline,cpp-unordered-map,chaining-buckets,word8,4096,2048,4096,churn,0,5,106,512,512,1048576,32968000,12842905645731754778,833403251416686189,10436227290064263060
formal-isolated-mutation,baseline,whitefoot-flat,physical-slots,word8,4096,2048,4096,churn,0,5,106,512,512,1048576,13520000,12842905645731754778,833403251416686189,10436227290064263060
formal-isolated-mutation,baseline,rust-hash-map,usable-entries,word8,4096,2048,3584,churn,0,6,107,512,512,1048576,10548000,2600790722277263761,3766264394704203104,14562156551781632605
formal-isolated-mutation,baseline,cpp-unordered-map,chaining-buckets,word8,4096,2048,4096,churn,0,6,107,512,512,1048576,30825000,2600790722277263761,3766264394704203104,14562156551781632605
formal-isolated-mutation,baseline,whitefoot-flat,physical-slots,word8,4096,2048,4096,churn,0,6,107,512,512,1048576,16246000,2600790722277263761,3766264394704203104,14562156551781632605
formal-isolated-mutation,baseline,whitefoot-chain,head-buckets,word8,4096,2048,4096,churn,0,6,107,512,512,1048576,7199000,2600790722277263761,3766264394704203104,14562156551781632605
formal-isolated-mutation,baseline,cpp-unordered-map,chaining-buckets,word8,4096,2048,4096,churn,0,7,108,512,512,1048576,32046000,10569362474842633493,2454500479893543789,14768026503605617582
formal-isolated-mutation,baseline,whitefoot-flat,physical-slots,word8,4096,2048,4096,churn,0,7,108,512,512,1048576,15051000,10569362474842633493,2454500479893543789,14768026503605617582
formal-isolated-mutation,baseline,whitefoot-chain,head-buckets,word8,4096,2048,4096,churn,0,7,108,512,512,1048576,9225000,10569362474842633493,2454500479893543789,14768026503605617582
formal-isolated-mutation,baseline,rust-hash-map,usable-entries,word8,4096,2048,3584,churn,0,7,108,512,512,1048576,11732000,10569362474842633493,2454500479893543789,14768026503605617582
formal-isolated-mutation,baseline,whitefoot-flat,physical-slots,word8,4096,2048,4096,churn,0,8,109,512,512,1048576,12095000,17633044524729442276,4904183427984515141,10319780408451309694
formal-isolated-mutation,baseline,whitefoot-chain,head-buckets,word8,4096,2048,4096,churn,0,8,109,512,512,1048576,7819000,17633044524729442276,4904183427984515141,10319780408451309694
formal-isolated-mutation,baseline,rust-hash-map,usable-entries,word8,4096,2048,3584,churn,0,8,109,512,512,1048576,10928000,17633044524729442276,4904183427984515141,10319780408451309694
formal-isolated-mutation,baseline,cpp-unordered-map,chaining-buckets,word8,4096,2048,4096,churn,0,8,109,512,512,1048576,30659000,17633044524729442276,4904183427984515141,10319780408451309694
formal-isolated-mutation,baseline,whitefoot-flat,physical-slots,wide256,64,32,64,replace,0,0,101,32768,32768,1048576,30756000,3780980432890818720,12077982526663781769,11044626966882154137
formal-isolated-mutation,baseline,whitefoot-chain,head-buckets,wide256,64,32,64,replace,0,0,101,32768,32768,1048576,33511000,3780980432890818720,12077982526663781769,11044626966882154137
formal-isolated-mutation,baseline,rust-hash-map,usable-entries,wide256,64,32,56,replace,0,0,101,32768,32768,1048576,22973000,3780980432890818720,12077982526663781769,11044626966882154137
formal-isolated-mutation,baseline,cpp-unordered-map,chaining-buckets,wide256,64,32,64,replace,0,0,101,32768,32768,1048576,20157000,3780980432890818720,12077982526663781769,11044626966882154137
formal-isolated-mutation,baseline,whitefoot-chain,head-buckets,wide256,64,32,64,replace,0,1,102,32768,32768,1048576,35774000,9155012714890369401,7995702684288656807,13271203342924839154
formal-isolated-mutation,baseline,rust-hash-map,usable-entries,wide256,64,32,56,replace,0,1,102,32768,32768,1048576,23306000,9155012714890369401,7995702684288656807,13271203342924839154
formal-isolated-mutation,baseline,cpp-unordered-map,chaining-buckets,wide256,64,32,64,replace,0,1,102,32768,32768,1048576,19813000,9155012714890369401,7995702684288656807,13271203342924839154
formal-isolated-mutation,baseline,whitefoot-flat,physical-slots,wide256,64,32,64,replace,0,1,102,32768,32768,1048576,30470000,9155012714890369401,7995702684288656807,13271203342924839154
formal-isolated-mutation,baseline,rust-hash-map,usable-entries,wide256,64,32,56,replace,0,2,103,32768,32768,1048576,23026000,7966748677558471718,11373434725935837862,10301316140389128545
formal-isolated-mutation,baseline,cpp-unordered-map,chaining-buckets,wide256,64,32,64,replace,0,2,103,32768,32768,1048576,19823000,7966748677558471718,11373434725935837862,10301316140389128545
formal-isolated-mutation,baseline,whitefoot-flat,physical-slots,wide256,64,32,64,replace,0,2,103,32768,32768,1048576,30819000,7966748677558471718,11373434725935837862,10301316140389128545
formal-isolated-mutation,baseline,whitefoot-chain,head-buckets,wide256,64,32,64,replace,0,2,103,32768,32768,1048576,33159000,7966748677558471718,11373434725935837862,10301316140389128545
formal-isolated-mutation,baseline,cpp-unordered-map,chaining-buckets,wide256,64,32,64,replace,0,3,104,32768,32768,1048576,19776000,604199612727605340,9676260734854056746,5530695440243242490
formal-isolated-mutation,baseline,whitefoot-flat,physical-slots,wide256,64,32,64,replace,0,3,104,32768,32768,1048576,30949000,604199612727605340,9676260734854056746,5530695440243242490
formal-isolated-mutation,baseline,whitefoot-chain,head-buckets,wide256,64,32,64,replace,0,3,104,32768,32768,1048576,33143000,604199612727605340,9676260734854056746,5530695440243242490
formal-isolated-mutation,baseline,rust-hash-map,usable-entries,wide256,64,32,56,replace,0,3,104,32768,32768,1048576,24027000,604199612727605340,9676260734854056746,5530695440243242490
formal-isolated-mutation,baseline,whitefoot-flat,physical-slots,wide256,64,32,64,replace,0,4,105,32768,32768,1048576,30047000,1616134074880064606,3308030074824571516,704020370171199482
formal-isolated-mutation,baseline,whitefoot-chain,head-buckets,wide256,64,32,64,replace,0,4,105,32768,32768,1048576,33717000,1616134074880064606,3308030074824571516,704020370171199482
formal-isolated-mutation,baseline,rust-hash-map,usable-entries,wide256,64,32,56,replace,0,4,105,32768,32768,1048576,23354000,1616134074880064606,3308030074824571516,704020370171199482
formal-isolated-mutation,baseline,cpp-unordered-map,chaining-buckets,wide256,64,32,64,replace,0,4,105,32768,32768,1048576,20046000,1616134074880064606,3308030074824571516,704020370171199482
formal-isolated-mutation,baseline,whitefoot-chain,head-buckets,wide256,64,32,64,replace,0,5,106,32768,32768,1048576,33196000,12038047902605871988,5209183629775218254,4761421479010371445
formal-isolated-mutation,baseline,rust-hash-map,usable-entries,wide256,64,32,56,replace,0,5,106,32768,32768,1048576,24367000,12038047902605871988,5209183629775218254,4761421479010371445
formal-isolated-mutation,baseline,cpp-unordered-map,chaining-buckets,wide256,64,32,64,replace,0,5,106,32768,32768,1048576,20032000,12038047902605871988,5209183629775218254,4761421479010371445
formal-isolated-mutation,baseline,whitefoot-flat,physical-slots,wide256,64,32,64,replace,0,5,106,32768,32768,1048576,30544000,12038047902605871988,5209183629775218254,4761421479010371445
formal-isolated-mutation,baseline,rust-hash-map,usable-entries,wide256,64,32,56,replace,0,6,107,32768,32768,1048576,23594000,4190916600001790122,14798175020615415202,14370455518956635646
formal-isolated-mutation,baseline,cpp-unordered-map,chaining-buckets,wide256,64,32,64,replace,0,6,107,32768,32768,1048576,20611000,4190916600001790122,14798175020615415202,14370455518956635646
formal-isolated-mutation,baseline,whitefoot-flat,physical-slots,wide256,64,32,64,replace,0,6,107,32768,32768,1048576,30253000,4190916600001790122,14798175020615415202,14370455518956635646
formal-isolated-mutation,baseline,whitefoot-chain,head-buckets,wide256,64,32,64,replace,0,6,107,32768,32768,1048576,33680000,4190916600001790122,14798175020615415202,14370455518956635646
formal-isolated-mutation,baseline,cpp-unordered-map,chaining-buckets,wide256,64,32,64,replace,0,7,108,32768,32768,1048576,19941000,17489706095589245015,4417241696690132572,17119788813254958275
formal-isolated-mutation,baseline,whitefoot-flat,physical-slots,wide256,64,32,64,replace,0,7,108,32768,32768,1048576,30302000,17489706095589245015,4417241696690132572,17119788813254958275
formal-isolated-mutation,baseline,whitefoot-chain,head-buckets,wide256,64,32,64,replace,0,7,108,32768,32768,1048576,33505000,17489706095589245015,4417241696690132572,17119788813254958275
formal-isolated-mutation,baseline,rust-hash-map,usable-entries,wide256,64,32,56,replace,0,7,108,32768,32768,1048576,23201000,17489706095589245015,4417241696690132572,17119788813254958275
formal-isolated-mutation,baseline,whitefoot-flat,physical-slots,wide256,64,32,64,replace,0,8,109,32768,32768,1048576,32192000,15345665397381154913,144157231638344912,4092201381492415276
formal-isolated-mutation,baseline,whitefoot-chain,head-buckets,wide256,64,32,64,replace,0,8,109,32768,32768,1048576,34032000,15345665397381154913,144157231638344912,4092201381492415276
formal-isolated-mutation,baseline,rust-hash-map,usable-entries,wide256,64,32,56,replace,0,8,109,32768,32768,1048576,24288000,15345665397381154913,144157231638344912,4092201381492415276
formal-isolated-mutation,baseline,cpp-unordered-map,chaining-buckets,wide256,64,32,64,replace,0,8,109,32768,32768,1048576,20549000,15345665397381154913,144157231638344912,4092201381492415276
formal-isolated-mutation,baseline,whitefoot-flat,physical-slots,wide256,64,32,64,churn,0,0,101,32768,32768,1048576,39537000,10226348043398880542,12077982526663781769,11044626966882154137
formal-isolated-mutation,baseline,whitefoot-chain,head-buckets,wide256,64,32,64,churn,0,0,101,32768,32768,1048576,42817000,10226348043398880542,12077982526663781769,11044626966882154137
formal-isolated-mutation,baseline,rust-hash-map,usable-entries,wide256,64,32,56,churn,0,0,101,32768,32768,1048576,28645000,10226348043398880542,12077982526663781769,11044626966882154137
formal-isolated-mutation,baseline,cpp-unordered-map,chaining-buckets,wide256,64,32,64,churn,0,0,101,32768,32768,1048576,52395000,10226348043398880542,12077982526663781769,11044626966882154137
formal-isolated-mutation,baseline,whitefoot-chain,head-buckets,wide256,64,32,64,churn,0,1,102,32768,32768,1048576,43050000,12303747803428189049,7995702684288656807,13271203342924839154
formal-isolated-mutation,baseline,rust-hash-map,usable-entries,wide256,64,32,56,churn,0,1,102,32768,32768,1048576,28639000,12303747803428189049,7995702684288656807,13271203342924839154
formal-isolated-mutation,baseline,cpp-unordered-map,chaining-buckets,wide256,64,32,64,churn,0,1,102,32768,32768,1048576,51809000,12303747803428189049,7995702684288656807,13271203342924839154
formal-isolated-mutation,baseline,whitefoot-flat,physical-slots,wide256,64,32,64,churn,0,1,102,32768,32768,1048576,40133000,12303747803428189049,7995702684288656807,13271203342924839154
formal-isolated-mutation,baseline,rust-hash-map,usable-entries,wide256,64,32,56,churn,0,2,103,32768,32768,1048576,28329000,11700360037907166720,11373434725935837862,10301316140389128545
formal-isolated-mutation,baseline,cpp-unordered-map,chaining-buckets,wide256,64,32,64,churn,0,2,103,32768,32768,1048576,51580000,11700360037907166720,11373434725935837862,10301316140389128545
formal-isolated-mutation,baseline,whitefoot-flat,physical-slots,wide256,64,32,64,churn,0,2,103,32768,32768,1048576,39702000,11700360037907166720,11373434725935837862,10301316140389128545
formal-isolated-mutation,baseline,whitefoot-chain,head-buckets,wide256,64,32,64,churn,0,2,103,32768,32768,1048576,42919000,11700360037907166720,11373434725935837862,10301316140389128545
formal-isolated-mutation,baseline,cpp-unordered-map,chaining-buckets,wide256,64,32,64,churn,0,3,104,32768,32768,1048576,51950000,947460494304570851,9676260734854056746,5530695440243242490
formal-isolated-mutation,baseline,whitefoot-flat,physical-slots,wide256,64,32,64,churn,0,3,104,32768,32768,1048576,40649000,947460494304570851,9676260734854056746,5530695440243242490
formal-isolated-mutation,baseline,whitefoot-chain,head-buckets,wide256,64,32,64,churn,0,3,104,32768,32768,1048576,43230000,947460494304570851,9676260734854056746,5530695440243242490
formal-isolated-mutation,baseline,rust-hash-map,usable-entries,wide256,64,32,56,churn,0,3,104,32768,32768,1048576,29095000,947460494304570851,9676260734854056746,5530695440243242490
formal-isolated-mutation,baseline,whitefoot-flat,physical-slots,wide256,64,32,64,churn,0,4,105,32768,32768,1048576,38799000,6593924960691878977,3308030074824571516,704020370171199482
formal-isolated-mutation,baseline,whitefoot-chain,head-buckets,wide256,64,32,64,churn,0,4,105,32768,32768,1048576,42553000,6593924960691878977,3308030074824571516,704020370171199482
formal-isolated-mutation,baseline,rust-hash-map,usable-entries,wide256,64,32,56,churn,0,4,105,32768,32768,1048576,28351000,6593924960691878977,3308030074824571516,704020370171199482
formal-isolated-mutation,baseline,cpp-unordered-map,chaining-buckets,wide256,64,32,64,churn,0,4,105,32768,32768,1048576,51860000,6593924960691878977,3308030074824571516,704020370171199482
formal-isolated-mutation,baseline,whitefoot-chain,head-buckets,wide256,64,32,64,churn,0,5,106,32768,32768,1048576,42565000,4908526729440067003,5209183629775218254,4761421479010371445
formal-isolated-mutation,baseline,rust-hash-map,usable-entries,wide256,64,32,56,churn,0,5,106,32768,32768,1048576,29238000,4908526729440067003,5209183629775218254,4761421479010371445
formal-isolated-mutation,baseline,cpp-unordered-map,chaining-buckets,wide256,64,32,64,churn,0,5,106,32768,32768,1048576,50890000,4908526729440067003,5209183629775218254,4761421479010371445
formal-isolated-mutation,baseline,whitefoot-flat,physical-slots,wide256,64,32,64,churn,0,5,106,32768,32768,1048576,42260000,4908526729440067003,5209183629775218254,4761421479010371445
formal-isolated-mutation,baseline,rust-hash-map,usable-entries,wide256,64,32,56,churn,0,6,107,32768,32768,1048576,29014000,3387322086436567767,14798175020615415202,14370455518956635646
formal-isolated-mutation,baseline,cpp-unordered-map,chaining-buckets,wide256,64,32,64,churn,0,6,107,32768,32768,1048576,55967000,3387322086436567767,14798175020615415202,14370455518956635646
formal-isolated-mutation,baseline,whitefoot-flat,physical-slots,wide256,64,32,64,churn,0,6,107,32768,32768,1048576,39419000,3387322086436567767,14798175020615415202,14370455518956635646
formal-isolated-mutation,baseline,whitefoot-chain,head-buckets,wide256,64,32,64,churn,0,6,107,32768,32768,1048576,43048000,3387322086436567767,14798175020615415202,14370455518956635646
formal-isolated-mutation,baseline,cpp-unordered-map,chaining-buckets,wide256,64,32,64,churn,0,7,108,32768,32768,1048576,51799000,2286297560001194550,4417241696690132572,17119788813254958275
formal-isolated-mutation,baseline,whitefoot-flat,physical-slots,wide256,64,32,64,churn,0,7,108,32768,32768,1048576,40565000,2286297560001194550,4417241696690132572,17119788813254958275
formal-isolated-mutation,baseline,whitefoot-chain,head-buckets,wide256,64,32,64,churn,0,7,108,32768,32768,1048576,42529000,2286297560001194550,4417241696690132572,17119788813254958275
formal-isolated-mutation,baseline,rust-hash-map,usable-entries,wide256,64,32,56,churn,0,7,108,32768,32768,1048576,28560000,2286297560001194550,4417241696690132572,17119788813254958275
formal-isolated-mutation,baseline,whitefoot-flat,physical-slots,wide256,64,32,64,churn,0,8,109,32768,32768,1048576,38891000,5230074108420963114,144157231638344912,4092201381492415276
formal-isolated-mutation,baseline,whitefoot-chain,head-buckets,wide256,64,32,64,churn,0,8,109,32768,32768,1048576,44213000,5230074108420963114,144157231638344912,4092201381492415276
formal-isolated-mutation,baseline,rust-hash-map,usable-entries,wide256,64,32,56,churn,0,8,109,32768,32768,1048576,28244000,5230074108420963114,144157231638344912,4092201381492415276
formal-isolated-mutation,baseline,cpp-unordered-map,chaining-buckets,wide256,64,32,64,churn,0,8,109,32768,32768,1048576,53109000,5230074108420963114,144157231638344912,4092201381492415276
formal-isolated-mutation,baseline,whitefoot-flat,physical-slots,wide256,4096,2048,4096,replace,0,0,101,512,512,1048576,33395000,2075292407092999172,12892485500574870081,14000432475348375067
formal-isolated-mutation,baseline,whitefoot-chain,head-buckets,wide256,4096,2048,4096,replace,0,0,101,512,512,1048576,35122000,2075292407092999172,12892485500574870081,14000432475348375067
formal-isolated-mutation,baseline,rust-hash-map,usable-entries,wide256,4096,2048,3584,replace,0,0,101,512,512,1048576,28484000,2075292407092999172,12892485500574870081,14000432475348375067
formal-isolated-mutation,baseline,cpp-unordered-map,chaining-buckets,wide256,4096,2048,4096,replace,0,0,101,512,512,1048576,24014000,2075292407092999172,12892485500574870081,14000432475348375067
formal-isolated-mutation,baseline,whitefoot-chain,head-buckets,wide256,4096,2048,4096,replace,0,1,102,512,512,1048576,35307000,15016135266304332727,6558794978756541917,6114081484065616256
formal-isolated-mutation,baseline,rust-hash-map,usable-entries,wide256,4096,2048,3584,replace,0,1,102,512,512,1048576,29262000,15016135266304332727,6558794978756541917,6114081484065616256
formal-isolated-mutation,baseline,cpp-unordered-map,chaining-buckets,wide256,4096,2048,4096,replace,0,1,102,512,512,1048576,27212000,15016135266304332727,6558794978756541917,6114081484065616256
formal-isolated-mutation,baseline,whitefoot-flat,physical-slots,wide256,4096,2048,4096,replace,0,1,102,512,512,1048576,34434000,15016135266304332727,6558794978756541917,6114081484065616256
formal-isolated-mutation,baseline,rust-hash-map,usable-entries,wide256,4096,2048,3584,replace,0,2,103,512,512,1048576,28910000,13111167608270029513,5953993967926708049,17365355996308864561
formal-isolated-mutation,baseline,cpp-unordered-map,chaining-buckets,wide256,4096,2048,4096,replace,0,2,103,512,512,1048576,24470000,13111167608270029513,5953993967926708049,17365355996308864561
formal-isolated-mutation,baseline,whitefoot-flat,physical-slots,wide256,4096,2048,4096,replace,0,2,103,512,512,1048576,33552000,13111167608270029513,5953993967926708049,17365355996308864561
formal-isolated-mutation,baseline,whitefoot-chain,head-buckets,wide256,4096,2048,4096,replace,0,2,103,512,512,1048576,36469000,13111167608270029513,5953993967926708049,17365355996308864561
formal-isolated-mutation,baseline,cpp-unordered-map,chaining-buckets,wide256,4096,2048,4096,replace,0,3,104,512,512,1048576,27943000,12269217098477494046,13830605729479137478,10986041400113567925
formal-isolated-mutation,baseline,whitefoot-flat,physical-slots,wide256,4096,2048,4096,replace,0,3,104,512,512,1048576,33564000,12269217098477494046,13830605729479137478,10986041400113567925
formal-isolated-mutation,baseline,whitefoot-chain,head-buckets,wide256,4096,2048,4096,replace,0,3,104,512,512,1048576,35533000,12269217098477494046,13830605729479137478,10986041400113567925
formal-isolated-mutation,baseline,rust-hash-map,usable-entries,wide256,4096,2048,3584,replace,0,3,104,512,512,1048576,29869000,12269217098477494046,13830605729479137478,10986041400113567925
formal-isolated-mutation,baseline,whitefoot-flat,physical-slots,wide256,4096,2048,4096,replace,0,4,105,512,512,1048576,34762000,8558675102460689755,4209192350472890587,9072634033921710457
formal-isolated-mutation,baseline,whitefoot-chain,head-buckets,wide256,4096,2048,4096,replace,0,4,105,512,512,1048576,35102000,8558675102460689755,4209192350472890587,9072634033921710457
formal-isolated-mutation,baseline,rust-hash-map,usable-entries,wide256,4096,2048,3584,replace,0,4,105,512,512,1048576,29485000,8558675102460689755,4209192350472890587,9072634033921710457
formal-isolated-mutation,baseline,cpp-unordered-map,chaining-buckets,wide256,4096,2048,4096,replace,0,4,105,512,512,1048576,24456000,8558675102460689755,4209192350472890587,9072634033921710457
formal-isolated-mutation,baseline,whitefoot-chain,head-buckets,wide256,4096,2048,4096,replace,0,5,106,512,512,1048576,35449000,1015220568023613307,833403251416686189,1227787846763681594
formal-isolated-mutation,baseline,rust-hash-map,usable-entries,wide256,4096,2048,3584,replace,0,5,106,512,512,1048576,28570000,1015220568023613307,833403251416686189,1227787846763681594
formal-isolated-mutation,baseline,cpp-unordered-map,chaining-buckets,wide256,4096,2048,4096,replace,0,5,106,512,512,1048576,25791000,1015220568023613307,833403251416686189,1227787846763681594
formal-isolated-mutation,baseline,whitefoot-flat,physical-slots,wide256,4096,2048,4096,replace,0,5,106,512,512,1048576,34920000,1015220568023613307,833403251416686189,1227787846763681594
formal-isolated-mutation,baseline,rust-hash-map,usable-entries,wide256,4096,2048,3584,replace,0,6,107,512,512,1048576,29284000,12194700616496320316,3766264394704203104,10472553841192511759
formal-isolated-mutation,baseline,cpp-unordered-map,chaining-buckets,wide256,4096,2048,4096,replace,0,6,107,512,512,1048576,24489000,12194700616496320316,3766264394704203104,10472553841192511759
formal-isolated-mutation,baseline,whitefoot-flat,physical-slots,wide256,4096,2048,4096,replace,0,6,107,512,512,1048576,35202000,12194700616496320316,3766264394704203104,10472553841192511759
formal-isolated-mutation,baseline,whitefoot-chain,head-buckets,wide256,4096,2048,4096,replace,0,6,107,512,512,1048576,34916000,12194700616496320316,3766264394704203104,10472553841192511759
formal-isolated-mutation,baseline,cpp-unordered-map,chaining-buckets,wide256,4096,2048,4096,replace,0,7,108,512,512,1048576,25864000,15102489409772330042,2454500479893543789,8088679192759448843
formal-isolated-mutation,baseline,whitefoot-flat,physical-slots,wide256,4096,2048,4096,replace,0,7,108,512,512,1048576,34777000,15102489409772330042,2454500479893543789,8088679192759448843
formal-isolated-mutation,baseline,whitefoot-chain,head-buckets,wide256,4096,2048,4096,replace,0,7,108,512,512,1048576,36272000,15102489409772330042,2454500479893543789,8088679192759448843
formal-isolated-mutation,baseline,rust-hash-map,usable-entries,wide256,4096,2048,3584,replace,0,7,108,512,512,1048576,29373000,15102489409772330042,2454500479893543789,8088679192759448843
formal-isolated-mutation,baseline,whitefoot-flat,physical-slots,wide256,4096,2048,4096,replace,0,8,109,512,512,1048576,34119000,3775378562665119119,4904183427984515141,6396831191577749462
formal-isolated-mutation,baseline,whitefoot-chain,head-buckets,wide256,4096,2048,4096,replace,0,8,109,512,512,1048576,35840000,3775378562665119119,4904183427984515141,6396831191577749462
formal-isolated-mutation,baseline,rust-hash-map,usable-entries,wide256,4096,2048,3584,replace,0,8,109,512,512,1048576,29288000,3775378562665119119,4904183427984515141,6396831191577749462
formal-isolated-mutation,baseline,cpp-unordered-map,chaining-buckets,wide256,4096,2048,4096,replace,0,8,109,512,512,1048576,24561000,3775378562665119119,4904183427984515141,6396831191577749462
formal-isolated-mutation,baseline,whitefoot-flat,physical-slots,wide256,4096,2048,4096,churn,0,0,101,512,512,1048576,57752000,3733185538357415121,12892485500574870081,14000432475348375067
formal-isolated-mutation,baseline,whitefoot-chain,head-buckets,wide256,4096,2048,4096,churn,0,0,101,512,512,1048576,51084000,3733185538357415121,12892485500574870081,14000432475348375067
formal-isolated-mutation,baseline,rust-hash-map,usable-entries,wide256,4096,2048,3584,churn,0,0,101,512,512,1048576,32679000,3733185538357415121,12892485500574870081,14000432475348375067
formal-isolated-mutation,baseline,cpp-unordered-map,chaining-buckets,wide256,4096,2048,4096,churn,0,0,101,512,512,1048576,62030000,3733185538357415121,12892485500574870081,14000432475348375067
formal-isolated-mutation,baseline,whitefoot-chain,head-buckets,wide256,4096,2048,4096,churn,0,1,102,512,512,1048576,52593000,3586090662414033173,6558794978756541917,6114081484065616256
formal-isolated-mutation,baseline,rust-hash-map,usable-entries,wide256,4096,2048,3584,churn,0,1,102,512,512,1048576,32892000,3586090662414033173,6558794978756541917,6114081484065616256
formal-isolated-mutation,baseline,cpp-unordered-map,chaining-buckets,wide256,4096,2048,4096,churn,0,1,102,512,512,1048576,63097000,3586090662414033173,6558794978756541917,6114081484065616256
formal-isolated-mutation,baseline,whitefoot-flat,physical-slots,wide256,4096,2048,4096,churn,0,1,102,512,512,1048576,54881000,3586090662414033173,6558794978756541917,6114081484065616256
formal-isolated-mutation,baseline,rust-hash-map,usable-entries,wide256,4096,2048,3584,churn,0,2,103,512,512,1048576,32697000,11765639576573538766,5953993967926708049,17365355996308864561
formal-isolated-mutation,baseline,cpp-unordered-map,chaining-buckets,wide256,4096,2048,4096,churn,0,2,103,512,512,1048576,61486000,11765639576573538766,5953993967926708049,17365355996308864561
formal-isolated-mutation,baseline,whitefoot-flat,physical-slots,wide256,4096,2048,4096,churn,0,2,103,512,512,1048576,57678000,11765639576573538766,5953993967926708049,17365355996308864561
formal-isolated-mutation,baseline,whitefoot-chain,head-buckets,wide256,4096,2048,4096,churn,0,2,103,512,512,1048576,49716000,11765639576573538766,5953993967926708049,17365355996308864561
formal-isolated-mutation,baseline,cpp-unordered-map,chaining-buckets,wide256,4096,2048,4096,churn,0,3,104,512,512,1048576,62905000,4848601812476263582,13830605729479137478,10986041400113567925
formal-isolated-mutation,baseline,whitefoot-flat,physical-slots,wide256,4096,2048,4096,churn,0,3,104,512,512,1048576,58253000,4848601812476263582,13830605729479137478,10986041400113567925
formal-isolated-mutation,baseline,whitefoot-chain,head-buckets,wide256,4096,2048,4096,churn,0,3,104,512,512,1048576,50876000,4848601812476263582,13830605729479137478,10986041400113567925
formal-isolated-mutation,baseline,rust-hash-map,usable-entries,wide256,4096,2048,3584,churn,0,3,104,512,512,1048576,32877000,4848601812476263582,13830605729479137478,10986041400113567925
formal-isolated-mutation,baseline,whitefoot-flat,physical-slots,wide256,4096,2048,4096,churn,0,4,105,512,512,1048576,53881000,1631485328074789459,4209192350472890587,9072634033921710457
formal-isolated-mutation,baseline,whitefoot-chain,head-buckets,wide256,4096,2048,4096,churn,0,4,105,512,512,1048576,50327000,1631485328074789459,4209192350472890587,9072634033921710457
formal-isolated-mutation,baseline,rust-hash-map,usable-entries,wide256,4096,2048,3584,churn,0,4,105,512,512,1048576,32664000,1631485328074789459,4209192350472890587,9072634033921710457
formal-isolated-mutation,baseline,cpp-unordered-map,chaining-buckets,wide256,4096,2048,4096,churn,0,4,105,512,512,1048576,63695000,1631485328074789459,4209192350472890587,9072634033921710457
formal-isolated-mutation,baseline,whitefoot-chain,head-buckets,wide256,4096,2048,4096,churn,0,5,106,512,512,1048576,50905000,11582209390180129761,833403251416686189,1227787846763681594
formal-isolated-mutation,baseline,rust-hash-map,usable-entries,wide256,4096,2048,3584,churn,0,5,106,512,512,1048576,33530000,11582209390180129761,833403251416686189,1227787846763681594
formal-isolated-mutation,baseline,cpp-unordered-map,chaining-buckets,wide256,4096,2048,4096,churn,0,5,106,512,512,1048576,63875000,11582209390180129761,833403251416686189,1227787846763681594
formal-isolated-mutation,baseline,whitefoot-flat,physical-slots,wide256,4096,2048,4096,churn,0,5,106,512,512,1048576,56409000,11582209390180129761,833403251416686189,1227787846763681594
formal-isolated-mutation,baseline,rust-hash-map,usable-entries,wide256,4096,2048,3584,churn,0,6,107,512,512,1048576,32786000,12490145925984139089,3766264394704203104,10472553841192511759
formal-isolated-mutation,baseline,cpp-unordered-map,chaining-buckets,wide256,4096,2048,4096,churn,0,6,107,512,512,1048576,62009000,12490145925984139089,3766264394704203104,10472553841192511759
formal-isolated-mutation,baseline,whitefoot-flat,physical-slots,wide256,4096,2048,4096,churn,0,6,107,512,512,1048576,57601000,12490145925984139089,3766264394704203104,10472553841192511759
formal-isolated-mutation,baseline,whitefoot-chain,head-buckets,wide256,4096,2048,4096,churn,0,6,107,512,512,1048576,49947000,12490145925984139089,3766264394704203104,10472553841192511759
formal-isolated-mutation,baseline,cpp-unordered-map,chaining-buckets,wide256,4096,2048,4096,churn,0,7,108,512,512,1048576,64203000,8993427988989229243,2454500479893543789,8088679192759448843
formal-isolated-mutation,baseline,whitefoot-flat,physical-slots,wide256,4096,2048,4096,churn,0,7,108,512,512,1048576,55072000,8993427988989229243,2454500479893543789,8088679192759448843
formal-isolated-mutation,baseline,whitefoot-chain,head-buckets,wide256,4096,2048,4096,churn,0,7,108,512,512,1048576,50550000,8993427988989229243,2454500479893543789,8088679192759448843
formal-isolated-mutation,baseline,rust-hash-map,usable-entries,wide256,4096,2048,3584,churn,0,7,108,512,512,1048576,33376000,8993427988989229243,2454500479893543789,8088679192759448843
formal-isolated-mutation,baseline,whitefoot-flat,physical-slots,wide256,4096,2048,4096,churn,0,8,109,512,512,1048576,54772000,8409122420295524922,4904183427984515141,6396831191577749462
formal-isolated-mutation,baseline,whitefoot-chain,head-buckets,wide256,4096,2048,4096,churn,0,8,109,512,512,1048576,51188000,8409122420295524922,4904183427984515141,6396831191577749462
formal-isolated-mutation,baseline,rust-hash-map,usable-entries,wide256,4096,2048,3584,churn,0,8,109,512,512,1048576,32930000,8409122420295524922,4904183427984515141,6396831191577749462
formal-isolated-mutation,baseline,cpp-unordered-map,chaining-buckets,wide256,4096,2048,4096,churn,0,8,109,512,512,1048576,61834000,8409122420295524922,4904183427984515141,6396831191577749462
formal-isolated-mutation,candidate,whitefoot-flat,physical-slots,word8,64,32,64,replace,0,0,101,32768,32768,1048576,2605000,18096573721732818519,12077982526663781769,12749132361983993480
formal-isolated-mutation,candidate,whitefoot-chain,head-buckets,word8,64,32,64,replace,0,0,101,32768,32768,1048576,2459000,18096573721732818519,12077982526663781769,12749132361983993480
formal-isolated-mutation,candidate,rust-hash-map,usable-entries,word8,64,32,56,replace,0,0,101,32768,32768,1048576,2749000,18096573721732818519,12077982526663781769,12749132361983993480
formal-isolated-mutation,candidate,cpp-unordered-map,chaining-buckets,word8,64,32,64,replace,0,0,101,32768,32768,1048576,2838000,18096573721732818519,12077982526663781769,12749132361983993480
formal-isolated-mutation,candidate,whitefoot-chain,head-buckets,word8,64,32,64,replace,0,1,102,32768,32768,1048576,2405000,14470636289158971276,7995702684288656807,12244221203303174045
formal-isolated-mutation,candidate,rust-hash-map,usable-entries,word8,64,32,56,replace,0,1,102,32768,32768,1048576,2645000,14470636289158971276,7995702684288656807,12244221203303174045
formal-isolated-mutation,candidate,cpp-unordered-map,chaining-buckets,word8,64,32,64,replace,0,1,102,32768,32768,1048576,2886000,14470636289158971276,7995702684288656807,12244221203303174045
formal-isolated-mutation,candidate,whitefoot-flat,physical-slots,word8,64,32,64,replace,0,1,102,32768,32768,1048576,2515000,14470636289158971276,7995702684288656807,12244221203303174045
formal-isolated-mutation,candidate,rust-hash-map,usable-entries,word8,64,32,56,replace,0,2,103,32768,32768,1048576,2585000,9973176258566731091,11373434725935837862,15648614559169679663
formal-isolated-mutation,candidate,cpp-unordered-map,chaining-buckets,word8,64,32,64,replace,0,2,103,32768,32768,1048576,3611000,9973176258566731091,11373434725935837862,15648614559169679663
formal-isolated-mutation,candidate,whitefoot-flat,physical-slots,word8,64,32,64,replace,0,2,103,32768,32768,1048576,2483000,9973176258566731091,11373434725935837862,15648614559169679663
formal-isolated-mutation,candidate,whitefoot-chain,head-buckets,word8,64,32,64,replace,0,2,103,32768,32768,1048576,2330000,9973176258566731091,11373434725935837862,15648614559169679663
formal-isolated-mutation,candidate,cpp-unordered-map,chaining-buckets,word8,64,32,64,replace,0,3,104,32768,32768,1048576,2980000,16089982674628147203,9676260734854056746,2848619765991137053
formal-isolated-mutation,candidate,whitefoot-flat,physical-slots,word8,64,32,64,replace,0,3,104,32768,32768,1048576,2625000,16089982674628147203,9676260734854056746,2848619765991137053
formal-isolated-mutation,candidate,whitefoot-chain,head-buckets,word8,64,32,64,replace,0,3,104,32768,32768,1048576,2406000,16089982674628147203,9676260734854056746,2848619765991137053
formal-isolated-mutation,candidate,rust-hash-map,usable-entries,word8,64,32,56,replace,0,3,104,32768,32768,1048576,2599000,16089982674628147203,9676260734854056746,2848619765991137053
formal-isolated-mutation,candidate,whitefoot-flat,physical-slots,word8,64,32,64,replace,0,4,105,32768,32768,1048576,2885000,2556899712354080479,3308030074824571516,10059556291468621031
formal-isolated-mutation,candidate,whitefoot-chain,head-buckets,word8,64,32,64,replace,0,4,105,32768,32768,1048576,2469000,2556899712354080479,3308030074824571516,10059556291468621031
formal-isolated-mutation,candidate,rust-hash-map,usable-entries,word8,64,32,56,replace,0,4,105,32768,32768,1048576,2683000,2556899712354080479,3308030074824571516,10059556291468621031
formal-isolated-mutation,candidate,cpp-unordered-map,chaining-buckets,word8,64,32,64,replace,0,4,105,32768,32768,1048576,2857000,2556899712354080479,3308030074824571516,10059556291468621031
formal-isolated-mutation,candidate,whitefoot-chain,head-buckets,word8,64,32,64,replace,0,5,106,32768,32768,1048576,2388000,3405593398268564637,5209183629775218254,900397986388891109
formal-isolated-mutation,candidate,rust-hash-map,usable-entries,word8,64,32,56,replace,0,5,106,32768,32768,1048576,2611000,3405593398268564637,5209183629775218254,900397986388891109
formal-isolated-mutation,candidate,cpp-unordered-map,chaining-buckets,word8,64,32,64,replace,0,5,106,32768,32768,1048576,2946000,3405593398268564637,5209183629775218254,900397986388891109
formal-isolated-mutation,candidate,whitefoot-flat,physical-slots,word8,64,32,64,replace,0,5,106,32768,32768,1048576,2503000,3405593398268564637,5209183629775218254,900397986388891109
formal-isolated-mutation,candidate,rust-hash-map,usable-entries,word8,64,32,56,replace,0,6,107,32768,32768,1048576,2579000,7681617421452767597,14798175020615415202,10515582106697849762
formal-isolated-mutation,candidate,cpp-unordered-map,chaining-buckets,word8,64,32,64,replace,0,6,107,32768,32768,1048576,2936000,7681617421452767597,14798175020615415202,10515582106697849762
formal-isolated-mutation,candidate,whitefoot-flat,physical-slots,word8,64,32,64,replace,0,6,107,32768,32768,1048576,3098000,7681617421452767597,14798175020615415202,10515582106697849762
formal-isolated-mutation,candidate,whitefoot-chain,head-buckets,word8,64,32,64,replace,0,6,107,32768,32768,1048576,2352000,7681617421452767597,14798175020615415202,10515582106697849762
formal-isolated-mutation,candidate,cpp-unordered-map,chaining-buckets,word8,64,32,64,replace,0,7,108,32768,32768,1048576,2914000,2327915804901543052,4417241696690132572,4713894674198377865
formal-isolated-mutation,candidate,whitefoot-flat,physical-slots,word8,64,32,64,replace,0,7,108,32768,32768,1048576,2640000,2327915804901543052,4417241696690132572,4713894674198377865
formal-isolated-mutation,candidate,whitefoot-chain,head-buckets,word8,64,32,64,replace,0,7,108,32768,32768,1048576,2383000,2327915804901543052,4417241696690132572,4713894674198377865
formal-isolated-mutation,candidate,rust-hash-map,usable-entries,word8,64,32,56,replace,0,7,108,32768,32768,1048576,2714000,2327915804901543052,4417241696690132572,4713894674198377865
formal-isolated-mutation,candidate,whitefoot-flat,physical-slots,word8,64,32,64,replace,0,8,109,32768,32768,1048576,2991000,15581882087185304535,144157231638344912,5599822130869204459
formal-isolated-mutation,candidate,whitefoot-chain,head-buckets,word8,64,32,64,replace,0,8,109,32768,32768,1048576,2442000,15581882087185304535,144157231638344912,5599822130869204459
formal-isolated-mutation,candidate,rust-hash-map,usable-entries,word8,64,32,56,replace,0,8,109,32768,32768,1048576,2751000,15581882087185304535,144157231638344912,5599822130869204459
formal-isolated-mutation,candidate,cpp-unordered-map,chaining-buckets,word8,64,32,64,replace,0,8,109,32768,32768,1048576,2815000,15581882087185304535,144157231638344912,5599822130869204459
formal-isolated-mutation,candidate,whitefoot-flat,physical-slots,word8,64,32,64,churn,0,0,101,32768,32768,1048576,8266000,18110906709719556088,12077982526663781769,12749132361983993480
formal-isolated-mutation,candidate,whitefoot-chain,head-buckets,word8,64,32,64,churn,0,0,101,32768,32768,1048576,5372000,18110906709719556088,12077982526663781769,12749132361983993480
formal-isolated-mutation,candidate,rust-hash-map,usable-entries,word8,64,32,56,churn,0,0,101,32768,32768,1048576,16813000,18110906709719556088,12077982526663781769,12749132361983993480
formal-isolated-mutation,candidate,cpp-unordered-map,chaining-buckets,word8,64,32,64,churn,0,0,101,32768,32768,1048576,30711000,18110906709719556088,12077982526663781769,12749132361983993480
formal-isolated-mutation,candidate,whitefoot-chain,head-buckets,word8,64,32,64,churn,0,1,102,32768,32768,1048576,5951000,9296874036845416241,7995702684288656807,12244221203303174045
formal-isolated-mutation,candidate,rust-hash-map,usable-entries,word8,64,32,56,churn,0,1,102,32768,32768,1048576,16749000,9296874036845416241,7995702684288656807,12244221203303174045
formal-isolated-mutation,candidate,cpp-unordered-map,chaining-buckets,word8,64,32,64,churn,0,1,102,32768,32768,1048576,29354000,9296874036845416241,7995702684288656807,12244221203303174045
formal-isolated-mutation,candidate,whitefoot-flat,physical-slots,word8,64,32,64,churn,0,1,102,32768,32768,1048576,9296000,9296874036845416241,7995702684288656807,12244221203303174045
formal-isolated-mutation,candidate,rust-hash-map,usable-entries,word8,64,32,56,churn,0,2,103,32768,32768,1048576,17181000,12903157730705904877,11373434725935837862,15648614559169679663
formal-isolated-mutation,candidate,cpp-unordered-map,chaining-buckets,word8,64,32,64,churn,0,2,103,32768,32768,1048576,29300000,12903157730705904877,11373434725935837862,15648614559169679663
formal-isolated-mutation,candidate,whitefoot-flat,physical-slots,word8,64,32,64,churn,0,2,103,32768,32768,1048576,8257000,12903157730705904877,11373434725935837862,15648614559169679663
formal-isolated-mutation,candidate,whitefoot-chain,head-buckets,word8,64,32,64,churn,0,2,103,32768,32768,1048576,6356000,12903157730705904877,11373434725935837862,15648614559169679663
formal-isolated-mutation,candidate,cpp-unordered-map,chaining-buckets,word8,64,32,64,churn,0,3,104,32768,32768,1048576,29520000,4253743068328656138,9676260734854056746,2848619765991137053
formal-isolated-mutation,candidate,whitefoot-flat,physical-slots,word8,64,32,64,churn,0,3,104,32768,32768,1048576,9040000,4253743068328656138,9676260734854056746,2848619765991137053
formal-isolated-mutation,candidate,whitefoot-chain,head-buckets,word8,64,32,64,churn,0,3,104,32768,32768,1048576,6122000,4253743068328656138,9676260734854056746,2848619765991137053
formal-isolated-mutation,candidate,rust-hash-map,usable-entries,word8,64,32,56,churn,0,3,104,32768,32768,1048576,16690000,4253743068328656138,9676260734854056746,2848619765991137053
formal-isolated-mutation,candidate,whitefoot-flat,physical-slots,word8,64,32,64,churn,0,4,105,32768,32768,1048576,7813000,628659943078117645,3308030074824571516,10059556291468621031
formal-isolated-mutation,candidate,whitefoot-chain,head-buckets,word8,64,32,64,churn,0,4,105,32768,32768,1048576,6202000,628659943078117645,3308030074824571516,10059556291468621031
formal-isolated-mutation,candidate,rust-hash-map,usable-entries,word8,64,32,56,churn,0,4,105,32768,32768,1048576,17859000,628659943078117645,3308030074824571516,10059556291468621031
formal-isolated-mutation,candidate,cpp-unordered-map,chaining-buckets,word8,64,32,64,churn,0,4,105,32768,32768,1048576,29540000,628659943078117645,3308030074824571516,10059556291468621031
formal-isolated-mutation,candidate,whitefoot-chain,head-buckets,word8,64,32,64,churn,0,5,106,32768,32768,1048576,6268000,2475384722324267649,5209183629775218254,900397986388891109
formal-isolated-mutation,candidate,rust-hash-map,usable-entries,word8,64,32,56,churn,0,5,106,32768,32768,1048576,17096000,2475384722324267649,5209183629775218254,900397986388891109
formal-isolated-mutation,candidate,cpp-unordered-map,chaining-buckets,word8,64,32,64,churn,0,5,106,32768,32768,1048576,27984000,2475384722324267649,5209183629775218254,900397986388891109
formal-isolated-mutation,candidate,whitefoot-flat,physical-slots,word8,64,32,64,churn,0,5,106,32768,32768,1048576,9420000,2475384722324267649,5209183629775218254,900397986388891109
formal-isolated-mutation,candidate,rust-hash-map,usable-entries,word8,64,32,56,churn,0,6,107,32768,32768,1048576,14937000,2402000015043713974,14798175020615415202,10515582106697849762
formal-isolated-mutation,candidate,cpp-unordered-map,chaining-buckets,word8,64,32,64,churn,0,6,107,32768,32768,1048576,29000000,2402000015043713974,14798175020615415202,10515582106697849762
formal-isolated-mutation,candidate,whitefoot-flat,physical-slots,word8,64,32,64,churn,0,6,107,32768,32768,1048576,7998000,2402000015043713974,14798175020615415202,10515582106697849762
formal-isolated-mutation,candidate,whitefoot-chain,head-buckets,word8,64,32,64,churn,0,6,107,32768,32768,1048576,5481000,2402000015043713974,14798175020615415202,10515582106697849762
formal-isolated-mutation,candidate,cpp-unordered-map,chaining-buckets,word8,64,32,64,churn,0,7,108,32768,32768,1048576,27333000,5723748881526033307,4417241696690132572,4713894674198377865
formal-isolated-mutation,candidate,whitefoot-flat,physical-slots,word8,64,32,64,churn,0,7,108,32768,32768,1048576,9543000,5723748881526033307,4417241696690132572,4713894674198377865
formal-isolated-mutation,candidate,whitefoot-chain,head-buckets,word8,64,32,64,churn,0,7,108,32768,32768,1048576,5781000,5723748881526033307,4417241696690132572,4713894674198377865
formal-isolated-mutation,candidate,rust-hash-map,usable-entries,word8,64,32,56,churn,0,7,108,32768,32768,1048576,17069000,5723748881526033307,4417241696690132572,4713894674198377865
formal-isolated-mutation,candidate,whitefoot-flat,physical-slots,word8,64,32,64,churn,0,8,109,32768,32768,1048576,8290000,2256372710712324380,144157231638344912,5599822130869204459
formal-isolated-mutation,candidate,whitefoot-chain,head-buckets,word8,64,32,64,churn,0,8,109,32768,32768,1048576,5371000,2256372710712324380,144157231638344912,5599822130869204459
formal-isolated-mutation,candidate,rust-hash-map,usable-entries,word8,64,32,56,churn,0,8,109,32768,32768,1048576,17786000,2256372710712324380,144157231638344912,5599822130869204459
formal-isolated-mutation,candidate,cpp-unordered-map,chaining-buckets,word8,64,32,64,churn,0,8,109,32768,32768,1048576,31475000,2256372710712324380,144157231638344912,5599822130869204459
formal-isolated-mutation,candidate,whitefoot-flat,physical-slots,word8,4096,2048,4096,replace,0,0,101,512,512,1048576,4040000,17620489557640355118,12892485500574870081,15318239530852537950
formal-isolated-mutation,candidate,whitefoot-chain,head-buckets,word8,4096,2048,4096,replace,0,0,101,512,512,1048576,3401000,17620489557640355118,12892485500574870081,15318239530852537950
formal-isolated-mutation,candidate,rust-hash-map,usable-entries,word8,4096,2048,3584,replace,0,0,101,512,512,1048576,2713000,17620489557640355118,12892485500574870081,15318239530852537950
formal-isolated-mutation,candidate,cpp-unordered-map,chaining-buckets,word8,4096,2048,4096,replace,0,0,101,512,512,1048576,4500000,17620489557640355118,12892485500574870081,15318239530852537950
formal-isolated-mutation,candidate,whitefoot-chain,head-buckets,word8,4096,2048,4096,replace,0,1,102,512,512,1048576,3199000,1935089821601506588,6558794978756541917,14466115479769115293
formal-isolated-mutation,candidate,rust-hash-map,usable-entries,word8,4096,2048,3584,replace,0,1,102,512,512,1048576,2707000,1935089821601506588,6558794978756541917,14466115479769115293
formal-isolated-mutation,candidate,cpp-unordered-map,chaining-buckets,word8,4096,2048,4096,replace,0,1,102,512,512,1048576,4307000,1935089821601506588,6558794978756541917,14466115479769115293
formal-isolated-mutation,candidate,whitefoot-flat,physical-slots,word8,4096,2048,4096,replace,0,1,102,512,512,1048576,3364000,1935089821601506588,6558794978756541917,14466115479769115293
formal-isolated-mutation,candidate,rust-hash-map,usable-entries,word8,4096,2048,3584,replace,0,2,103,512,512,1048576,2708000,1951882041121453793,5953993967926708049,11388540906096222742
formal-isolated-mutation,candidate,cpp-unordered-map,chaining-buckets,word8,4096,2048,4096,replace,0,2,103,512,512,1048576,4400000,1951882041121453793,5953993967926708049,11388540906096222742
formal-isolated-mutation,candidate,whitefoot-flat,physical-slots,word8,4096,2048,4096,replace,0,2,103,512,512,1048576,4178000,1951882041121453793,5953993967926708049,11388540906096222742
formal-isolated-mutation,candidate,whitefoot-chain,head-buckets,word8,4096,2048,4096,replace,0,2,103,512,512,1048576,3274000,1951882041121453793,5953993967926708049,11388540906096222742
formal-isolated-mutation,candidate,cpp-unordered-map,chaining-buckets,word8,4096,2048,4096,replace,0,3,104,512,512,1048576,4342000,14304161718858749203,13830605729479137478,9959520025842494717
formal-isolated-mutation,candidate,whitefoot-flat,physical-slots,word8,4096,2048,4096,replace,0,3,104,512,512,1048576,3993000,14304161718858749203,13830605729479137478,9959520025842494717
formal-isolated-mutation,candidate,whitefoot-chain,head-buckets,word8,4096,2048,4096,replace,0,3,104,512,512,1048576,2974000,14304161718858749203,13830605729479137478,9959520025842494717
formal-isolated-mutation,candidate,rust-hash-map,usable-entries,word8,4096,2048,3584,replace,0,3,104,512,512,1048576,2847000,14304161718858749203,13830605729479137478,9959520025842494717
formal-isolated-mutation,candidate,whitefoot-flat,physical-slots,word8,4096,2048,4096,replace,0,4,105,512,512,1048576,3405000,11379130351144432977,4209192350472890587,3105434443357397326
formal-isolated-mutation,candidate,whitefoot-chain,head-buckets,word8,4096,2048,4096,replace,0,4,105,512,512,1048576,2854000,11379130351144432977,4209192350472890587,3105434443357397326
formal-isolated-mutation,candidate,rust-hash-map,usable-entries,word8,4096,2048,3584,replace,0,4,105,512,512,1048576,2882000,11379130351144432977,4209192350472890587,3105434443357397326
formal-isolated-mutation,candidate,cpp-unordered-map,chaining-buckets,word8,4096,2048,4096,replace,0,4,105,512,512,1048576,4414000,11379130351144432977,4209192350472890587,3105434443357397326
formal-isolated-mutation,candidate,whitefoot-chain,head-buckets,word8,4096,2048,4096,replace,0,5,106,512,512,1048576,2888000,12251642353774623270,833403251416686189,10436227290064263060
formal-isolated-mutation,candidate,rust-hash-map,usable-entries,word8,4096,2048,3584,replace,0,5,106,512,512,1048576,2736000,12251642353774623270,833403251416686189,10436227290064263060
formal-isolated-mutation,candidate,cpp-unordered-map,chaining-buckets,word8,4096,2048,4096,replace,0,5,106,512,512,1048576,4323000,12251642353774623270,833403251416686189,10436227290064263060
formal-isolated-mutation,candidate,whitefoot-flat,physical-slots,word8,4096,2048,4096,replace,0,5,106,512,512,1048576,3621000,12251642353774623270,833403251416686189,10436227290064263060
formal-isolated-mutation,candidate,rust-hash-map,usable-entries,word8,4096,2048,3584,replace,0,6,107,512,512,1048576,2685000,8033389661832950008,3766264394704203104,14562156551781632605
formal-isolated-mutation,candidate,cpp-unordered-map,chaining-buckets,word8,4096,2048,4096,replace,0,6,107,512,512,1048576,4316000,8033389661832950008,3766264394704203104,14562156551781632605
formal-isolated-mutation,candidate,whitefoot-flat,physical-slots,word8,4096,2048,4096,replace,0,6,107,512,512,1048576,3774000,8033389661832950008,3766264394704203104,14562156551781632605
formal-isolated-mutation,candidate,whitefoot-chain,head-buckets,word8,4096,2048,4096,replace,0,6,107,512,512,1048576,3430000,8033389661832950008,3766264394704203104,14562156551781632605
formal-isolated-mutation,candidate,cpp-unordered-map,chaining-buckets,word8,4096,2048,4096,replace,0,7,108,512,512,1048576,4190000,1046993030128260120,2454500479893543789,14768026503605617582
formal-isolated-mutation,candidate,whitefoot-flat,physical-slots,word8,4096,2048,4096,replace,0,7,108,512,512,1048576,3383000,1046993030128260120,2454500479893543789,14768026503605617582
formal-isolated-mutation,candidate,whitefoot-chain,head-buckets,word8,4096,2048,4096,replace,0,7,108,512,512,1048576,2852000,1046993030128260120,2454500479893543789,14768026503605617582
formal-isolated-mutation,candidate,rust-hash-map,usable-entries,word8,4096,2048,3584,replace,0,7,108,512,512,1048576,2756000,1046993030128260120,2454500479893543789,14768026503605617582
formal-isolated-mutation,candidate,whitefoot-flat,physical-slots,word8,4096,2048,4096,replace,0,8,109,512,512,1048576,4409000,8413322795025042257,4904183427984515141,10319780408451309694
formal-isolated-mutation,candidate,whitefoot-chain,head-buckets,word8,4096,2048,4096,replace,0,8,109,512,512,1048576,3100000,8413322795025042257,4904183427984515141,10319780408451309694
formal-isolated-mutation,candidate,rust-hash-map,usable-entries,word8,4096,2048,3584,replace,0,8,109,512,512,1048576,2694000,8413322795025042257,4904183427984515141,10319780408451309694
formal-isolated-mutation,candidate,cpp-unordered-map,chaining-buckets,word8,4096,2048,4096,replace,0,8,109,512,512,1048576,4512000,8413322795025042257,4904183427984515141,10319780408451309694
formal-isolated-mutation,candidate,whitefoot-flat,physical-slots,word8,4096,2048,4096,churn,0,0,101,512,512,1048576,13687000,8799152866740530150,12892485500574870081,15318239530852537950
formal-isolated-mutation,candidate,whitefoot-chain,head-buckets,word8,4096,2048,4096,churn,0,0,101,512,512,1048576,8231000,8799152866740530150,12892485500574870081,15318239530852537950
formal-isolated-mutation,candidate,rust-hash-map,usable-entries,word8,4096,2048,3584,churn,0,0,101,512,512,1048576,10627000,8799152866740530150,12892485500574870081,15318239530852537950
formal-isolated-mutation,candidate,cpp-unordered-map,chaining-buckets,word8,4096,2048,4096,churn,0,0,101,512,512,1048576,30623000,8799152866740530150,12892485500574870081,15318239530852537950
formal-isolated-mutation,candidate,whitefoot-chain,head-buckets,word8,4096,2048,4096,churn,0,1,102,512,512,1048576,8160000,5607125520057204017,6558794978756541917,14466115479769115293
formal-isolated-mutation,candidate,rust-hash-map,usable-entries,word8,4096,2048,3584,churn,0,1,102,512,512,1048576,10724000,5607125520057204017,6558794978756541917,14466115479769115293
formal-isolated-mutation,candidate,cpp-unordered-map,chaining-buckets,word8,4096,2048,4096,churn,0,1,102,512,512,1048576,33403000,5607125520057204017,6558794978756541917,14466115479769115293
formal-isolated-mutation,candidate,whitefoot-flat,physical-slots,word8,4096,2048,4096,churn,0,1,102,512,512,1048576,12319000,5607125520057204017,6558794978756541917,14466115479769115293
formal-isolated-mutation,candidate,rust-hash-map,usable-entries,word8,4096,2048,3584,churn,0,2,103,512,512,1048576,11164000,7623919904794872868,5953993967926708049,11388540906096222742
formal-isolated-mutation,candidate,cpp-unordered-map,chaining-buckets,word8,4096,2048,4096,churn,0,2,103,512,512,1048576,31009000,7623919904794872868,5953993967926708049,11388540906096222742
formal-isolated-mutation,candidate,whitefoot-flat,physical-slots,word8,4096,2048,4096,churn,0,2,103,512,512,1048576,17144000,7623919904794872868,5953993967926708049,11388540906096222742
formal-isolated-mutation,candidate,whitefoot-chain,head-buckets,word8,4096,2048,4096,churn,0,2,103,512,512,1048576,8642000,7623919904794872868,5953993967926708049,11388540906096222742
formal-isolated-mutation,candidate,cpp-unordered-map,chaining-buckets,word8,4096,2048,4096,churn,0,3,104,512,512,1048576,32037000,13715727663386659120,13830605729479137478,9959520025842494717
formal-isolated-mutation,candidate,whitefoot-flat,physical-slots,word8,4096,2048,4096,churn,0,3,104,512,512,1048576,13453000,13715727663386659120,13830605729479137478,9959520025842494717
formal-isolated-mutation,candidate,whitefoot-chain,head-buckets,word8,4096,2048,4096,churn,0,3,104,512,512,1048576,9108000,13715727663386659120,13830605729479137478,9959520025842494717
formal-isolated-mutation,candidate,rust-hash-map,usable-entries,word8,4096,2048,3584,churn,0,3,104,512,512,1048576,10663000,13715727663386659120,13830605729479137478,9959520025842494717
formal-isolated-mutation,candidate,whitefoot-flat,physical-slots,word8,4096,2048,4096,churn,0,4,105,512,512,1048576,13055000,15082010733789155885,4209192350472890587,3105434443357397326
formal-isolated-mutation,candidate,whitefoot-chain,head-buckets,word8,4096,2048,4096,churn,0,4,105,512,512,1048576,9017000,15082010733789155885,4209192350472890587,3105434443357397326
formal-isolated-mutation,candidate,rust-hash-map,usable-entries,word8,4096,2048,3584,churn,0,4,105,512,512,1048576,10689000,15082010733789155885,4209192350472890587,3105434443357397326
formal-isolated-mutation,candidate,cpp-unordered-map,chaining-buckets,word8,4096,2048,4096,churn,0,4,105,512,512,1048576,31231000,15082010733789155885,4209192350472890587,3105434443357397326
formal-isolated-mutation,candidate,whitefoot-chain,head-buckets,word8,4096,2048,4096,churn,0,5,106,512,512,1048576,10257000,12842905645731754778,833403251416686189,10436227290064263060
formal-isolated-mutation,candidate,rust-hash-map,usable-entries,word8,4096,2048,3584,churn,0,5,106,512,512,1048576,10974000,12842905645731754778,833403251416686189,10436227290064263060
formal-isolated-mutation,candidate,cpp-unordered-map,chaining-buckets,word8,4096,2048,4096,churn,0,5,106,512,512,1048576,33107000,12842905645731754778,833403251416686189,10436227290064263060
formal-isolated-mutation,candidate,whitefoot-flat,physical-slots,word8,4096,2048,4096,churn,0,5,106,512,512,1048576,13673000,12842905645731754778,833403251416686189,10436227290064263060
formal-isolated-mutation,candidate,rust-hash-map,usable-entries,word8,4096,2048,3584,churn,0,6,107,512,512,1048576,10842000,2600790722277263761,3766264394704203104,14562156551781632605
formal-isolated-mutation,candidate,cpp-unordered-map,chaining-buckets,word8,4096,2048,4096,churn,0,6,107,512,512,1048576,31205000,2600790722277263761,3766264394704203104,14562156551781632605
formal-isolated-mutation,candidate,whitefoot-flat,physical-slots,word8,4096,2048,4096,churn,0,6,107,512,512,1048576,13529000,2600790722277263761,3766264394704203104,14562156551781632605
formal-isolated-mutation,candidate,whitefoot-chain,head-buckets,word8,4096,2048,4096,churn,0,6,107,512,512,1048576,8513000,2600790722277263761,3766264394704203104,14562156551781632605
formal-isolated-mutation,candidate,cpp-unordered-map,chaining-buckets,word8,4096,2048,4096,churn,0,7,108,512,512,1048576,32417000,10569362474842633493,2454500479893543789,14768026503605617582
formal-isolated-mutation,candidate,whitefoot-flat,physical-slots,word8,4096,2048,4096,churn,0,7,108,512,512,1048576,14404000,10569362474842633493,2454500479893543789,14768026503605617582
formal-isolated-mutation,candidate,whitefoot-chain,head-buckets,word8,4096,2048,4096,churn,0,7,108,512,512,1048576,7312000,10569362474842633493,2454500479893543789,14768026503605617582
formal-isolated-mutation,candidate,rust-hash-map,usable-entries,word8,4096,2048,3584,churn,0,7,108,512,512,1048576,10855000,10569362474842633493,2454500479893543789,14768026503605617582
formal-isolated-mutation,candidate,whitefoot-flat,physical-slots,word8,4096,2048,4096,churn,0,8,109,512,512,1048576,15292000,17633044524729442276,4904183427984515141,10319780408451309694
formal-isolated-mutation,candidate,whitefoot-chain,head-buckets,word8,4096,2048,4096,churn,0,8,109,512,512,1048576,12089000,17633044524729442276,4904183427984515141,10319780408451309694
formal-isolated-mutation,candidate,rust-hash-map,usable-entries,word8,4096,2048,3584,churn,0,8,109,512,512,1048576,12487000,17633044524729442276,4904183427984515141,10319780408451309694
formal-isolated-mutation,candidate,cpp-unordered-map,chaining-buckets,word8,4096,2048,4096,churn,0,8,109,512,512,1048576,31539000,17633044524729442276,4904183427984515141,10319780408451309694
formal-isolated-mutation,candidate,whitefoot-flat,physical-slots,wide256,64,32,64,replace,0,0,101,32768,32768,1048576,29663000,3780980432890818720,12077982526663781769,11044626966882154137
formal-isolated-mutation,candidate,whitefoot-chain,head-buckets,wide256,64,32,64,replace,0,0,101,32768,32768,1048576,32989000,3780980432890818720,12077982526663781769,11044626966882154137
formal-isolated-mutation,candidate,rust-hash-map,usable-entries,wide256,64,32,56,replace,0,0,101,32768,32768,1048576,23135000,3780980432890818720,12077982526663781769,11044626966882154137
formal-isolated-mutation,candidate,cpp-unordered-map,chaining-buckets,wide256,64,32,64,replace,0,0,101,32768,32768,1048576,20612000,3780980432890818720,12077982526663781769,11044626966882154137
formal-isolated-mutation,candidate,whitefoot-chain,head-buckets,wide256,64,32,64,replace,0,1,102,32768,32768,1048576,32171000,9155012714890369401,7995702684288656807,13271203342924839154
formal-isolated-mutation,candidate,rust-hash-map,usable-entries,wide256,64,32,56,replace,0,1,102,32768,32768,1048576,23291000,9155012714890369401,7995702684288656807,13271203342924839154
formal-isolated-mutation,candidate,cpp-unordered-map,chaining-buckets,wide256,64,32,64,replace,0,1,102,32768,32768,1048576,19630000,9155012714890369401,7995702684288656807,13271203342924839154
formal-isolated-mutation,candidate,whitefoot-flat,physical-slots,wide256,64,32,64,replace,0,1,102,32768,32768,1048576,28813000,9155012714890369401,7995702684288656807,13271203342924839154
formal-isolated-mutation,candidate,rust-hash-map,usable-entries,wide256,64,32,56,replace,0,2,103,32768,32768,1048576,23027000,7966748677558471718,11373434725935837862,10301316140389128545
formal-isolated-mutation,candidate,cpp-unordered-map,chaining-buckets,wide256,64,32,64,replace,0,2,103,32768,32768,1048576,20719000,7966748677558471718,11373434725935837862,10301316140389128545
formal-isolated-mutation,candidate,whitefoot-flat,physical-slots,wide256,64,32,64,replace,0,2,103,32768,32768,1048576,29598000,7966748677558471718,11373434725935837862,10301316140389128545
formal-isolated-mutation,candidate,whitefoot-chain,head-buckets,wide256,64,32,64,replace,0,2,103,32768,32768,1048576,33127000,7966748677558471718,11373434725935837862,10301316140389128545
formal-isolated-mutation,candidate,cpp-unordered-map,chaining-buckets,wide256,64,32,64,replace,0,3,104,32768,32768,1048576,20111000,604199612727605340,9676260734854056746,5530695440243242490
formal-isolated-mutation,candidate,whitefoot-flat,physical-slots,wide256,64,32,64,replace,0,3,104,32768,32768,1048576,29147000,604199612727605340,9676260734854056746,5530695440243242490
formal-isolated-mutation,candidate,whitefoot-chain,head-buckets,wide256,64,32,64,replace,0,3,104,32768,32768,1048576,32945000,604199612727605340,9676260734854056746,5530695440243242490
formal-isolated-mutation,candidate,rust-hash-map,usable-entries,wide256,64,32,56,replace,0,3,104,32768,32768,1048576,23289000,604199612727605340,9676260734854056746,5530695440243242490
formal-isolated-mutation,candidate,whitefoot-flat,physical-slots,wide256,64,32,64,replace,0,4,105,32768,32768,1048576,28917000,1616134074880064606,3308030074824571516,704020370171199482
formal-isolated-mutation,candidate,whitefoot-chain,head-buckets,wide256,64,32,64,replace,0,4,105,32768,32768,1048576,32854000,1616134074880064606,3308030074824571516,704020370171199482
formal-isolated-mutation,candidate,rust-hash-map,usable-entries,wide256,64,32,56,replace,0,4,105,32768,32768,1048576,23015000,1616134074880064606,3308030074824571516,704020370171199482
formal-isolated-mutation,candidate,cpp-unordered-map,chaining-buckets,wide256,64,32,64,replace,0,4,105,32768,32768,1048576,20404000,1616134074880064606,3308030074824571516,704020370171199482
formal-isolated-mutation,candidate,whitefoot-chain,head-buckets,wide256,64,32,64,replace,0,5,106,32768,32768,1048576,33151000,12038047902605871988,5209183629775218254,4761421479010371445
formal-isolated-mutation,candidate,rust-hash-map,usable-entries,wide256,64,32,56,replace,0,5,106,32768,32768,1048576,23306000,12038047902605871988,5209183629775218254,4761421479010371445
formal-isolated-mutation,candidate,cpp-unordered-map,chaining-buckets,wide256,64,32,64,replace,0,5,106,32768,32768,1048576,19741000,12038047902605871988,5209183629775218254,4761421479010371445
formal-isolated-mutation,candidate,whitefoot-flat,physical-slots,wide256,64,32,64,replace,0,5,106,32768,32768,1048576,28736000,12038047902605871988,5209183629775218254,4761421479010371445
formal-isolated-mutation,candidate,rust-hash-map,usable-entries,wide256,64,32,56,replace,0,6,107,32768,32768,1048576,23068000,4190916600001790122,14798175020615415202,14370455518956635646
formal-isolated-mutation,candidate,cpp-unordered-map,chaining-buckets,wide256,64,32,64,replace,0,6,107,32768,32768,1048576,20006000,4190916600001790122,14798175020615415202,14370455518956635646
formal-isolated-mutation,candidate,whitefoot-flat,physical-slots,wide256,64,32,64,replace,0,6,107,32768,32768,1048576,28695000,4190916600001790122,14798175020615415202,14370455518956635646
formal-isolated-mutation,candidate,whitefoot-chain,head-buckets,wide256,64,32,64,replace,0,6,107,32768,32768,1048576,34099000,4190916600001790122,14798175020615415202,14370455518956635646
formal-isolated-mutation,candidate,cpp-unordered-map,chaining-buckets,wide256,64,32,64,replace,0,7,108,32768,32768,1048576,19785000,17489706095589245015,4417241696690132572,17119788813254958275
formal-isolated-mutation,candidate,whitefoot-flat,physical-slots,wide256,64,32,64,replace,0,7,108,32768,32768,1048576,29025000,17489706095589245015,4417241696690132572,17119788813254958275
formal-isolated-mutation,candidate,whitefoot-chain,head-buckets,wide256,64,32,64,replace,0,7,108,32768,32768,1048576,33426000,17489706095589245015,4417241696690132572,17119788813254958275
formal-isolated-mutation,candidate,rust-hash-map,usable-entries,wide256,64,32,56,replace,0,7,108,32768,32768,1048576,23230000,17489706095589245015,4417241696690132572,17119788813254958275
formal-isolated-mutation,candidate,whitefoot-flat,physical-slots,wide256,64,32,64,replace,0,8,109,32768,32768,1048576,30738000,15345665397381154913,144157231638344912,4092201381492415276
formal-isolated-mutation,candidate,whitefoot-chain,head-buckets,wide256,64,32,64,replace,0,8,109,32768,32768,1048576,32993000,15345665397381154913,144157231638344912,4092201381492415276
formal-isolated-mutation,candidate,rust-hash-map,usable-entries,wide256,64,32,56,replace,0,8,109,32768,32768,1048576,23238000,15345665397381154913,144157231638344912,4092201381492415276
formal-isolated-mutation,candidate,cpp-unordered-map,chaining-buckets,wide256,64,32,64,replace,0,8,109,32768,32768,1048576,19989000,15345665397381154913,144157231638344912,4092201381492415276
formal-isolated-mutation,candidate,whitefoot-flat,physical-slots,wide256,64,32,64,churn,0,0,101,32768,32768,1048576,37677000,10226348043398880542,12077982526663781769,11044626966882154137
formal-isolated-mutation,candidate,whitefoot-chain,head-buckets,wide256,64,32,64,churn,0,0,101,32768,32768,1048576,43754000,10226348043398880542,12077982526663781769,11044626966882154137
formal-isolated-mutation,candidate,rust-hash-map,usable-entries,wide256,64,32,56,churn,0,0,101,32768,32768,1048576,28156000,10226348043398880542,12077982526663781769,11044626966882154137
formal-isolated-mutation,candidate,cpp-unordered-map,chaining-buckets,wide256,64,32,64,churn,0,0,101,32768,32768,1048576,53379000,10226348043398880542,12077982526663781769,11044626966882154137
formal-isolated-mutation,candidate,whitefoot-chain,head-buckets,wide256,64,32,64,churn,0,1,102,32768,32768,1048576,43850000,12303747803428189049,7995702684288656807,13271203342924839154
formal-isolated-mutation,candidate,rust-hash-map,usable-entries,wide256,64,32,56,churn,0,1,102,32768,32768,1048576,28793000,12303747803428189049,7995702684288656807,13271203342924839154
formal-isolated-mutation,candidate,cpp-unordered-map,chaining-buckets,wide256,64,32,64,churn,0,1,102,32768,32768,1048576,53587000,12303747803428189049,7995702684288656807,13271203342924839154
formal-isolated-mutation,candidate,whitefoot-flat,physical-slots,wide256,64,32,64,churn,0,1,102,32768,32768,1048576,40543000,12303747803428189049,7995702684288656807,13271203342924839154
formal-isolated-mutation,candidate,rust-hash-map,usable-entries,wide256,64,32,56,churn,0,2,103,32768,32768,1048576,33216000,11700360037907166720,11373434725935837862,10301316140389128545
formal-isolated-mutation,candidate,cpp-unordered-map,chaining-buckets,wide256,64,32,64,churn,0,2,103,32768,32768,1048576,52211000,11700360037907166720,11373434725935837862,10301316140389128545
formal-isolated-mutation,candidate,whitefoot-flat,physical-slots,wide256,64,32,64,churn,0,2,103,32768,32768,1048576,38484000,11700360037907166720,11373434725935837862,10301316140389128545
formal-isolated-mutation,candidate,whitefoot-chain,head-buckets,wide256,64,32,64,churn,0,2,103,32768,32768,1048576,42888000,11700360037907166720,11373434725935837862,10301316140389128545
formal-isolated-mutation,candidate,cpp-unordered-map,chaining-buckets,wide256,64,32,64,churn,0,3,104,32768,32768,1048576,52869000,947460494304570851,9676260734854056746,5530695440243242490
formal-isolated-mutation,candidate,whitefoot-flat,physical-slots,wide256,64,32,64,churn,0,3,104,32768,32768,1048576,39974000,947460494304570851,9676260734854056746,5530695440243242490
formal-isolated-mutation,candidate,whitefoot-chain,head-buckets,wide256,64,32,64,churn,0,3,104,32768,32768,1048576,43425000,947460494304570851,9676260734854056746,5530695440243242490
formal-isolated-mutation,candidate,rust-hash-map,usable-entries,wide256,64,32,56,churn,0,3,104,32768,32768,1048576,28783000,947460494304570851,9676260734854056746,5530695440243242490
formal-isolated-mutation,candidate,whitefoot-flat,physical-slots,wide256,64,32,64,churn,0,4,105,32768,32768,1048576,38250000,6593924960691878977,3308030074824571516,704020370171199482
formal-isolated-mutation,candidate,whitefoot-chain,head-buckets,wide256,64,32,64,churn,0,4,105,32768,32768,1048576,43540000,6593924960691878977,3308030074824571516,704020370171199482
formal-isolated-mutation,candidate,rust-hash-map,usable-entries,wide256,64,32,56,churn,0,4,105,32768,32768,1048576,28947000,6593924960691878977,3308030074824571516,704020370171199482
formal-isolated-mutation,candidate,cpp-unordered-map,chaining-buckets,wide256,64,32,64,churn,0,4,105,32768,32768,1048576,52912000,6593924960691878977,3308030074824571516,704020370171199482
formal-isolated-mutation,candidate,whitefoot-chain,head-buckets,wide256,64,32,64,churn,0,5,106,32768,32768,1048576,42747000,4908526729440067003,5209183629775218254,4761421479010371445
formal-isolated-mutation,candidate,rust-hash-map,usable-entries,wide256,64,32,56,churn,0,5,106,32768,32768,1048576,28766000,4908526729440067003,5209183629775218254,4761421479010371445
formal-isolated-mutation,candidate,cpp-unordered-map,chaining-buckets,wide256,64,32,64,churn,0,5,106,32768,32768,1048576,53347000,4908526729440067003,5209183629775218254,4761421479010371445
formal-isolated-mutation,candidate,whitefoot-flat,physical-slots,wide256,64,32,64,churn,0,5,106,32768,32768,1048576,39880000,4908526729440067003,5209183629775218254,4761421479010371445
formal-isolated-mutation,candidate,rust-hash-map,usable-entries,wide256,64,32,56,churn,0,6,107,32768,32768,1048576,28764000,3387322086436567767,14798175020615415202,14370455518956635646
formal-isolated-mutation,candidate,cpp-unordered-map,chaining-buckets,wide256,64,32,64,churn,0,6,107,32768,32768,1048576,51991000,3387322086436567767,14798175020615415202,14370455518956635646
formal-isolated-mutation,candidate,whitefoot-flat,physical-slots,wide256,64,32,64,churn,0,6,107,32768,32768,1048576,38090000,3387322086436567767,14798175020615415202,14370455518956635646
formal-isolated-mutation,candidate,whitefoot-chain,head-buckets,wide256,64,32,64,churn,0,6,107,32768,32768,1048576,42587000,3387322086436567767,14798175020615415202,14370455518956635646
formal-isolated-mutation,candidate,cpp-unordered-map,chaining-buckets,wide256,64,32,64,churn,0,7,108,32768,32768,1048576,51350000,2286297560001194550,4417241696690132572,17119788813254958275
formal-isolated-mutation,candidate,whitefoot-flat,physical-slots,wide256,64,32,64,churn,0,7,108,32768,32768,1048576,40888000,2286297560001194550,4417241696690132572,17119788813254958275
formal-isolated-mutation,candidate,whitefoot-chain,head-buckets,wide256,64,32,64,churn,0,7,108,32768,32768,1048576,43084000,2286297560001194550,4417241696690132572,17119788813254958275
formal-isolated-mutation,candidate,rust-hash-map,usable-entries,wide256,64,32,56,churn,0,7,108,32768,32768,1048576,29187000,2286297560001194550,4417241696690132572,17119788813254958275
formal-isolated-mutation,candidate,whitefoot-flat,physical-slots,wide256,64,32,64,churn,0,8,109,32768,32768,1048576,38289000,5230074108420963114,144157231638344912,4092201381492415276
formal-isolated-mutation,candidate,whitefoot-chain,head-buckets,wide256,64,32,64,churn,0,8,109,32768,32768,1048576,43206000,5230074108420963114,144157231638344912,4092201381492415276
formal-isolated-mutation,candidate,rust-hash-map,usable-entries,wide256,64,32,56,churn,0,8,109,32768,32768,1048576,28523000,5230074108420963114,144157231638344912,4092201381492415276
formal-isolated-mutation,candidate,cpp-unordered-map,chaining-buckets,wide256,64,32,64,churn,0,8,109,32768,32768,1048576,53386000,5230074108420963114,144157231638344912,4092201381492415276
formal-isolated-mutation,candidate,whitefoot-flat,physical-slots,wide256,4096,2048,4096,replace,0,0,101,512,512,1048576,32198000,2075292407092999172,12892485500574870081,14000432475348375067
formal-isolated-mutation,candidate,whitefoot-chain,head-buckets,wide256,4096,2048,4096,replace,0,0,101,512,512,1048576,35048000,2075292407092999172,12892485500574870081,14000432475348375067
formal-isolated-mutation,candidate,rust-hash-map,usable-entries,wide256,4096,2048,3584,replace,0,0,101,512,512,1048576,28444000,2075292407092999172,12892485500574870081,14000432475348375067
formal-isolated-mutation,candidate,cpp-unordered-map,chaining-buckets,wide256,4096,2048,4096,replace,0,0,101,512,512,1048576,24100000,2075292407092999172,12892485500574870081,14000432475348375067
formal-isolated-mutation,candidate,whitefoot-chain,head-buckets,wide256,4096,2048,4096,replace,0,1,102,512,512,1048576,35642000,15016135266304332727,6558794978756541917,6114081484065616256
formal-isolated-mutation,candidate,rust-hash-map,usable-entries,wide256,4096,2048,3584,replace,0,1,102,512,512,1048576,28941000,15016135266304332727,6558794978756541917,6114081484065616256
formal-isolated-mutation,candidate,cpp-unordered-map,chaining-buckets,wide256,4096,2048,4096,replace,0,1,102,512,512,1048576,24764000,15016135266304332727,6558794978756541917,6114081484065616256
formal-isolated-mutation,candidate,whitefoot-flat,physical-slots,wide256,4096,2048,4096,replace,0,1,102,512,512,1048576,33749000,15016135266304332727,6558794978756541917,6114081484065616256
formal-isolated-mutation,candidate,rust-hash-map,usable-entries,wide256,4096,2048,3584,replace,0,2,103,512,512,1048576,28512000,13111167608270029513,5953993967926708049,17365355996308864561
formal-isolated-mutation,candidate,cpp-unordered-map,chaining-buckets,wide256,4096,2048,4096,replace,0,2,103,512,512,1048576,24142000,13111167608270029513,5953993967926708049,17365355996308864561
formal-isolated-mutation,candidate,whitefoot-flat,physical-slots,wide256,4096,2048,4096,replace,0,2,103,512,512,1048576,32141000,13111167608270029513,5953993967926708049,17365355996308864561
formal-isolated-mutation,candidate,whitefoot-chain,head-buckets,wide256,4096,2048,4096,replace,0,2,103,512,512,1048576,35268000,13111167608270029513,5953993967926708049,17365355996308864561
formal-isolated-mutation,candidate,cpp-unordered-map,chaining-buckets,wide256,4096,2048,4096,replace,0,3,104,512,512,1048576,24670000,12269217098477494046,13830605729479137478,10986041400113567925
formal-isolated-mutation,candidate,whitefoot-flat,physical-slots,wide256,4096,2048,4096,replace,0,3,104,512,512,1048576,33088000,12269217098477494046,13830605729479137478,10986041400113567925
formal-isolated-mutation,candidate,whitefoot-chain,head-buckets,wide256,4096,2048,4096,replace,0,3,104,512,512,1048576,35517000,12269217098477494046,13830605729479137478,10986041400113567925
formal-isolated-mutation,candidate,rust-hash-map,usable-entries,wide256,4096,2048,3584,replace,0,3,104,512,512,1048576,29368000,12269217098477494046,13830605729479137478,10986041400113567925
formal-isolated-mutation,candidate,whitefoot-flat,physical-slots,wide256,4096,2048,4096,replace,0,4,105,512,512,1048576,33166000,8558675102460689755,4209192350472890587,9072634033921710457
formal-isolated-mutation,candidate,whitefoot-chain,head-buckets,wide256,4096,2048,4096,replace,0,4,105,512,512,1048576,35302000,8558675102460689755,4209192350472890587,9072634033921710457
formal-isolated-mutation,candidate,rust-hash-map,usable-entries,wide256,4096,2048,3584,replace,0,4,105,512,512,1048576,32695000,8558675102460689755,4209192350472890587,9072634033921710457
formal-isolated-mutation,candidate,cpp-unordered-map,chaining-buckets,wide256,4096,2048,4096,replace,0,4,105,512,512,1048576,24547000,8558675102460689755,4209192350472890587,9072634033921710457
formal-isolated-mutation,candidate,whitefoot-chain,head-buckets,wide256,4096,2048,4096,replace,0,5,106,512,512,1048576,35272000,1015220568023613307,833403251416686189,1227787846763681594
formal-isolated-mutation,candidate,rust-hash-map,usable-entries,wide256,4096,2048,3584,replace,0,5,106,512,512,1048576,31244000,1015220568023613307,833403251416686189,1227787846763681594
formal-isolated-mutation,candidate,cpp-unordered-map,chaining-buckets,wide256,4096,2048,4096,replace,0,5,106,512,512,1048576,24856000,1015220568023613307,833403251416686189,1227787846763681594
formal-isolated-mutation,candidate,whitefoot-flat,physical-slots,wide256,4096,2048,4096,replace,0,5,106,512,512,1048576,35451000,1015220568023613307,833403251416686189,1227787846763681594
formal-isolated-mutation,candidate,rust-hash-map,usable-entries,wide256,4096,2048,3584,replace,0,6,107,512,512,1048576,28398000,12194700616496320316,3766264394704203104,10472553841192511759
formal-isolated-mutation,candidate,cpp-unordered-map,chaining-buckets,wide256,4096,2048,4096,replace,0,6,107,512,512,1048576,24036000,12194700616496320316,3766264394704203104,10472553841192511759
formal-isolated-mutation,candidate,whitefoot-flat,physical-slots,wide256,4096,2048,4096,replace,0,6,107,512,512,1048576,32472000,12194700616496320316,3766264394704203104,10472553841192511759
formal-isolated-mutation,candidate,whitefoot-chain,head-buckets,wide256,4096,2048,4096,replace,0,6,107,512,512,1048576,35113000,12194700616496320316,3766264394704203104,10472553841192511759
formal-isolated-mutation,candidate,cpp-unordered-map,chaining-buckets,wide256,4096,2048,4096,replace,0,7,108,512,512,1048576,24493000,15102489409772330042,2454500479893543789,8088679192759448843
formal-isolated-mutation,candidate,whitefoot-flat,physical-slots,wide256,4096,2048,4096,replace,0,7,108,512,512,1048576,33519000,15102489409772330042,2454500479893543789,8088679192759448843
formal-isolated-mutation,candidate,whitefoot-chain,head-buckets,wide256,4096,2048,4096,replace,0,7,108,512,512,1048576,35042000,15102489409772330042,2454500479893543789,8088679192759448843
formal-isolated-mutation,candidate,rust-hash-map,usable-entries,wide256,4096,2048,3584,replace,0,7,108,512,512,1048576,28829000,15102489409772330042,2454500479893543789,8088679192759448843
formal-isolated-mutation,candidate,whitefoot-flat,physical-slots,wide256,4096,2048,4096,replace,0,8,109,512,512,1048576,32160000,3775378562665119119,4904183427984515141,6396831191577749462
formal-isolated-mutation,candidate,whitefoot-chain,head-buckets,wide256,4096,2048,4096,replace,0,8,109,512,512,1048576,35250000,3775378562665119119,4904183427984515141,6396831191577749462
formal-isolated-mutation,candidate,rust-hash-map,usable-entries,wide256,4096,2048,3584,replace,0,8,109,512,512,1048576,29239000,3775378562665119119,4904183427984515141,6396831191577749462
formal-isolated-mutation,candidate,cpp-unordered-map,chaining-buckets,wide256,4096,2048,4096,replace,0,8,109,512,512,1048576,23863000,3775378562665119119,4904183427984515141,6396831191577749462
formal-isolated-mutation,candidate,whitefoot-flat,physical-slots,wide256,4096,2048,4096,churn,0,0,101,512,512,1048576,53167000,3733185538357415121,12892485500574870081,14000432475348375067
formal-isolated-mutation,candidate,whitefoot-chain,head-buckets,wide256,4096,2048,4096,churn,0,0,101,512,512,1048576,50215000,3733185538357415121,12892485500574870081,14000432475348375067
formal-isolated-mutation,candidate,rust-hash-map,usable-entries,wide256,4096,2048,3584,churn,0,0,101,512,512,1048576,33167000,3733185538357415121,12892485500574870081,14000432475348375067
formal-isolated-mutation,candidate,cpp-unordered-map,chaining-buckets,wide256,4096,2048,4096,churn,0,0,101,512,512,1048576,60905000,3733185538357415121,12892485500574870081,14000432475348375067
formal-isolated-mutation,candidate,whitefoot-chain,head-buckets,wide256,4096,2048,4096,churn,0,1,102,512,512,1048576,50568000,3586090662414033173,6558794978756541917,6114081484065616256
formal-isolated-mutation,candidate,rust-hash-map,usable-entries,wide256,4096,2048,3584,churn,0,1,102,512,512,1048576,32844000,3586090662414033173,6558794978756541917,6114081484065616256
formal-isolated-mutation,candidate,cpp-unordered-map,chaining-buckets,wide256,4096,2048,4096,churn,0,1,102,512,512,1048576,66624000,3586090662414033173,6558794978756541917,6114081484065616256
formal-isolated-mutation,candidate,whitefoot-flat,physical-slots,wide256,4096,2048,4096,churn,0,1,102,512,512,1048576,50268000,3586090662414033173,6558794978756541917,6114081484065616256
formal-isolated-mutation,candidate,rust-hash-map,usable-entries,wide256,4096,2048,3584,churn,0,2,103,512,512,1048576,33790000,11765639576573538766,5953993967926708049,17365355996308864561
formal-isolated-mutation,candidate,cpp-unordered-map,chaining-buckets,wide256,4096,2048,4096,churn,0,2,103,512,512,1048576,63171000,11765639576573538766,5953993967926708049,17365355996308864561
formal-isolated-mutation,candidate,whitefoot-flat,physical-slots,wide256,4096,2048,4096,churn,0,2,103,512,512,1048576,49027000,11765639576573538766,5953993967926708049,17365355996308864561
formal-isolated-mutation,candidate,whitefoot-chain,head-buckets,wide256,4096,2048,4096,churn,0,2,103,512,512,1048576,51744000,11765639576573538766,5953993967926708049,17365355996308864561
formal-isolated-mutation,candidate,cpp-unordered-map,chaining-buckets,wide256,4096,2048,4096,churn,0,3,104,512,512,1048576,66572000,4848601812476263582,13830605729479137478,10986041400113567925
formal-isolated-mutation,candidate,whitefoot-flat,physical-slots,wide256,4096,2048,4096,churn,0,3,104,512,512,1048576,50437000,4848601812476263582,13830605729479137478,10986041400113567925
formal-isolated-mutation,candidate,whitefoot-chain,head-buckets,wide256,4096,2048,4096,churn,0,3,104,512,512,1048576,51083000,4848601812476263582,13830605729479137478,10986041400113567925
formal-isolated-mutation,candidate,rust-hash-map,usable-entries,wide256,4096,2048,3584,churn,0,3,104,512,512,1048576,33453000,4848601812476263582,13830605729479137478,10986041400113567925
formal-isolated-mutation,candidate,whitefoot-flat,physical-slots,wide256,4096,2048,4096,churn,0,4,105,512,512,1048576,50651000,1631485328074789459,4209192350472890587,9072634033921710457
formal-isolated-mutation,candidate,whitefoot-chain,head-buckets,wide256,4096,2048,4096,churn,0,4,105,512,512,1048576,49662000,1631485328074789459,4209192350472890587,9072634033921710457
formal-isolated-mutation,candidate,rust-hash-map,usable-entries,wide256,4096,2048,3584,churn,0,4,105,512,512,1048576,32826000,1631485328074789459,4209192350472890587,9072634033921710457
formal-isolated-mutation,candidate,cpp-unordered-map,chaining-buckets,wide256,4096,2048,4096,churn,0,4,105,512,512,1048576,62441000,1631485328074789459,4209192350472890587,9072634033921710457
formal-isolated-mutation,candidate,whitefoot-chain,head-buckets,wide256,4096,2048,4096,churn,0,5,106,512,512,1048576,50382000,11582209390180129761,833403251416686189,1227787846763681594
formal-isolated-mutation,candidate,rust-hash-map,usable-entries,wide256,4096,2048,3584,churn,0,5,106,512,512,1048576,35555000,11582209390180129761,833403251416686189,1227787846763681594
formal-isolated-mutation,candidate,cpp-unordered-map,chaining-buckets,wide256,4096,2048,4096,churn,0,5,106,512,512,1048576,63960000,11582209390180129761,833403251416686189,1227787846763681594
formal-isolated-mutation,candidate,whitefoot-flat,physical-slots,wide256,4096,2048,4096,churn,0,5,106,512,512,1048576,50511000,11582209390180129761,833403251416686189,1227787846763681594
formal-isolated-mutation,candidate,rust-hash-map,usable-entries,wide256,4096,2048,3584,churn,0,6,107,512,512,1048576,33693000,12490145925984139089,3766264394704203104,10472553841192511759
formal-isolated-mutation,candidate,cpp-unordered-map,chaining-buckets,wide256,4096,2048,4096,churn,0,6,107,512,512,1048576,61994000,12490145925984139089,3766264394704203104,10472553841192511759
formal-isolated-mutation,candidate,whitefoot-flat,physical-slots,wide256,4096,2048,4096,churn,0,6,107,512,512,1048576,51271000,12490145925984139089,3766264394704203104,10472553841192511759
formal-isolated-mutation,candidate,whitefoot-chain,head-buckets,wide256,4096,2048,4096,churn,0,6,107,512,512,1048576,49915000,12490145925984139089,3766264394704203104,10472553841192511759
formal-isolated-mutation,candidate,cpp-unordered-map,chaining-buckets,wide256,4096,2048,4096,churn,0,7,108,512,512,1048576,64650000,8993427988989229243,2454500479893543789,8088679192759448843
formal-isolated-mutation,candidate,whitefoot-flat,physical-slots,wide256,4096,2048,4096,churn,0,7,108,512,512,1048576,53104000,8993427988989229243,2454500479893543789,8088679192759448843
formal-isolated-mutation,candidate,whitefoot-chain,head-buckets,wide256,4096,2048,4096,churn,0,7,108,512,512,1048576,50532000,8993427988989229243,2454500479893543789,8088679192759448843
formal-isolated-mutation,candidate,rust-hash-map,usable-entries,wide256,4096,2048,3584,churn,0,7,108,512,512,1048576,34063000,8993427988989229243,2454500479893543789,8088679192759448843
formal-isolated-mutation,candidate,whitefoot-flat,physical-slots,wide256,4096,2048,4096,churn,0,8,109,512,512,1048576,50159000,8409122420295524922,4904183427984515141,6396831191577749462
formal-isolated-mutation,candidate,whitefoot-chain,head-buckets,wide256,4096,2048,4096,churn,0,8,109,512,512,1048576,49950000,8409122420295524922,4904183427984515141,6396831191577749462
formal-isolated-mutation,candidate,rust-hash-map,usable-entries,wide256,4096,2048,3584,churn,0,8,109,512,512,1048576,34303000,8409122420295524922,4904183427984515141,6396831191577749462
formal-isolated-mutation,candidate,cpp-unordered-map,chaining-buckets,wide256,4096,2048,4096,churn,0,8,109,512,512,1048576,64587000,8409122420295524922,4904183427984515141,6396831191577749462
formal-isolated-mutation,candidate,cpp-unordered-map,chaining-buckets,word8,4096,2048,4096,replace,1,0,101,512,512,1048576,5061000,17620489557640355118,12892485500574870081,15318239530852537950
formal-isolated-mutation,candidate,rust-hash-map,usable-entries,word8,4096,2048,3584,replace,1,0,101,512,512,1048576,2789000,17620489557640355118,12892485500574870081,15318239530852537950
formal-isolated-mutation,candidate,whitefoot-chain,head-buckets,word8,4096,2048,4096,replace,1,0,101,512,512,1048576,3329000,17620489557640355118,12892485500574870081,15318239530852537950
formal-isolated-mutation,candidate,whitefoot-flat,physical-slots,word8,4096,2048,4096,replace,1,0,101,512,512,1048576,3389000,17620489557640355118,12892485500574870081,15318239530852537950
formal-isolated-mutation,candidate,rust-hash-map,usable-entries,word8,4096,2048,3584,replace,1,1,102,512,512,1048576,2720000,1935089821601506588,6558794978756541917,14466115479769115293
formal-isolated-mutation,candidate,whitefoot-chain,head-buckets,word8,4096,2048,4096,replace,1,1,102,512,512,1048576,3198000,1935089821601506588,6558794978756541917,14466115479769115293
formal-isolated-mutation,candidate,whitefoot-flat,physical-slots,word8,4096,2048,4096,replace,1,1,102,512,512,1048576,3343000,1935089821601506588,6558794978756541917,14466115479769115293
formal-isolated-mutation,candidate,cpp-unordered-map,chaining-buckets,word8,4096,2048,4096,replace,1,1,102,512,512,1048576,4559000,1935089821601506588,6558794978756541917,14466115479769115293
formal-isolated-mutation,candidate,whitefoot-chain,head-buckets,word8,4096,2048,4096,replace,1,2,103,512,512,1048576,3162000,1951882041121453793,5953993967926708049,11388540906096222742
formal-isolated-mutation,candidate,whitefoot-flat,physical-slots,word8,4096,2048,4096,replace,1,2,103,512,512,1048576,3515000,1951882041121453793,5953993967926708049,11388540906096222742
formal-isolated-mutation,candidate,cpp-unordered-map,chaining-buckets,word8,4096,2048,4096,replace,1,2,103,512,512,1048576,4385000,1951882041121453793,5953993967926708049,11388540906096222742
formal-isolated-mutation,candidate,rust-hash-map,usable-entries,word8,4096,2048,3584,replace,1,2,103,512,512,1048576,2846000,1951882041121453793,5953993967926708049,11388540906096222742
formal-isolated-mutation,candidate,whitefoot-flat,physical-slots,word8,4096,2048,4096,replace,1,3,104,512,512,1048576,3974000,14304161718858749203,13830605729479137478,9959520025842494717
formal-isolated-mutation,candidate,cpp-unordered-map,chaining-buckets,word8,4096,2048,4096,replace,1,3,104,512,512,1048576,4460000,14304161718858749203,13830605729479137478,9959520025842494717
formal-isolated-mutation,candidate,rust-hash-map,usable-entries,word8,4096,2048,3584,replace,1,3,104,512,512,1048576,2750000,14304161718858749203,13830605729479137478,9959520025842494717
formal-isolated-mutation,candidate,whitefoot-chain,head-buckets,word8,4096,2048,4096,replace,1,3,104,512,512,1048576,3213000,14304161718858749203,13830605729479137478,9959520025842494717
formal-isolated-mutation,candidate,cpp-unordered-map,chaining-buckets,word8,4096,2048,4096,replace,1,4,105,512,512,1048576,4471000,11379130351144432977,4209192350472890587,3105434443357397326
formal-isolated-mutation,candidate,rust-hash-map,usable-entries,word8,4096,2048,3584,replace,1,4,105,512,512,1048576,2777000,11379130351144432977,4209192350472890587,3105434443357397326
formal-isolated-mutation,candidate,whitefoot-chain,head-buckets,word8,4096,2048,4096,replace,1,4,105,512,512,1048576,3092000,11379130351144432977,4209192350472890587,3105434443357397326
formal-isolated-mutation,candidate,whitefoot-flat,physical-slots,word8,4096,2048,4096,replace,1,4,105,512,512,1048576,3902000,11379130351144432977,4209192350472890587,3105434443357397326
formal-isolated-mutation,candidate,rust-hash-map,usable-entries,word8,4096,2048,3584,replace,1,5,106,512,512,1048576,2722000,12251642353774623270,833403251416686189,10436227290064263060
formal-isolated-mutation,candidate,whitefoot-chain,head-buckets,word8,4096,2048,4096,replace,1,5,106,512,512,1048576,3525000,12251642353774623270,833403251416686189,10436227290064263060
formal-isolated-mutation,candidate,whitefoot-flat,physical-slots,word8,4096,2048,4096,replace,1,5,106,512,512,1048576,3838000,12251642353774623270,833403251416686189,10436227290064263060
formal-isolated-mutation,candidate,cpp-unordered-map,chaining-buckets,word8,4096,2048,4096,replace,1,5,106,512,512,1048576,4429000,12251642353774623270,833403251416686189,10436227290064263060
formal-isolated-mutation,candidate,whitefoot-chain,head-buckets,word8,4096,2048,4096,replace,1,6,107,512,512,1048576,3040000,8033389661832950008,3766264394704203104,14562156551781632605
formal-isolated-mutation,candidate,whitefoot-flat,physical-slots,word8,4096,2048,4096,replace,1,6,107,512,512,1048576,3637000,8033389661832950008,3766264394704203104,14562156551781632605
formal-isolated-mutation,candidate,cpp-unordered-map,chaining-buckets,word8,4096,2048,4096,replace,1,6,107,512,512,1048576,4823000,8033389661832950008,3766264394704203104,14562156551781632605
formal-isolated-mutation,candidate,rust-hash-map,usable-entries,word8,4096,2048,3584,replace,1,6,107,512,512,1048576,2948000,8033389661832950008,3766264394704203104,14562156551781632605
formal-isolated-mutation,candidate,whitefoot-flat,physical-slots,word8,4096,2048,4096,replace,1,7,108,512,512,1048576,3120000,1046993030128260120,2454500479893543789,14768026503605617582
formal-isolated-mutation,candidate,cpp-unordered-map,chaining-buckets,word8,4096,2048,4096,replace,1,7,108,512,512,1048576,4402000,1046993030128260120,2454500479893543789,14768026503605617582
formal-isolated-mutation,candidate,rust-hash-map,usable-entries,word8,4096,2048,3584,replace,1,7,108,512,512,1048576,2893000,1046993030128260120,2454500479893543789,14768026503605617582
formal-isolated-mutation,candidate,whitefoot-chain,head-buckets,word8,4096,2048,4096,replace,1,7,108,512,512,1048576,3263000,1046993030128260120,2454500479893543789,14768026503605617582
formal-isolated-mutation,candidate,cpp-unordered-map,chaining-buckets,word8,4096,2048,4096,replace,1,8,109,512,512,1048576,4522000,8413322795025042257,4904183427984515141,10319780408451309694
formal-isolated-mutation,candidate,rust-hash-map,usable-entries,word8,4096,2048,3584,replace,1,8,109,512,512,1048576,2835000,8413322795025042257,4904183427984515141,10319780408451309694
formal-isolated-mutation,candidate,whitefoot-chain,head-buckets,word8,4096,2048,4096,replace,1,8,109,512,512,1048576,3105000,8413322795025042257,4904183427984515141,10319780408451309694
formal-isolated-mutation,candidate,whitefoot-flat,physical-slots,word8,4096,2048,4096,replace,1,8,109,512,512,1048576,3817000,8413322795025042257,4904183427984515141,10319780408451309694
formal-isolated-mutation,candidate,cpp-unordered-map,chaining-buckets,word8,4096,2048,4096,churn,1,0,101,512,512,1048576,31985000,8799152866740530150,12892485500574870081,15318239530852537950
formal-isolated-mutation,candidate,rust-hash-map,usable-entries,word8,4096,2048,3584,churn,1,0,101,512,512,1048576,11328000,8799152866740530150,12892485500574870081,15318239530852537950
formal-isolated-mutation,candidate,whitefoot-chain,head-buckets,word8,4096,2048,4096,churn,1,0,101,512,512,1048576,8927000,8799152866740530150,12892485500574870081,15318239530852537950
formal-isolated-mutation,candidate,whitefoot-flat,physical-slots,word8,4096,2048,4096,churn,1,0,101,512,512,1048576,12743000,8799152866740530150,12892485500574870081,15318239530852537950
formal-isolated-mutation,candidate,rust-hash-map,usable-entries,word8,4096,2048,3584,churn,1,1,102,512,512,1048576,11070000,5607125520057204017,6558794978756541917,14466115479769115293
formal-isolated-mutation,candidate,whitefoot-chain,head-buckets,word8,4096,2048,4096,churn,1,1,102,512,512,1048576,8332000,5607125520057204017,6558794978756541917,14466115479769115293
formal-isolated-mutation,candidate,whitefoot-flat,physical-slots,word8,4096,2048,4096,churn,1,1,102,512,512,1048576,12061000,5607125520057204017,6558794978756541917,14466115479769115293
formal-isolated-mutation,candidate,cpp-unordered-map,chaining-buckets,word8,4096,2048,4096,churn,1,1,102,512,512,1048576,33360000,5607125520057204017,6558794978756541917,14466115479769115293
formal-isolated-mutation,candidate,whitefoot-chain,head-buckets,word8,4096,2048,4096,churn,1,2,103,512,512,1048576,8607000,7623919904794872868,5953993967926708049,11388540906096222742
formal-isolated-mutation,candidate,whitefoot-flat,physical-slots,word8,4096,2048,4096,churn,1,2,103,512,512,1048576,15085000,7623919904794872868,5953993967926708049,11388540906096222742
formal-isolated-mutation,candidate,cpp-unordered-map,chaining-buckets,word8,4096,2048,4096,churn,1,2,103,512,512,1048576,32270000,7623919904794872868,5953993967926708049,11388540906096222742
formal-isolated-mutation,candidate,rust-hash-map,usable-entries,word8,4096,2048,3584,churn,1,2,103,512,512,1048576,11886000,7623919904794872868,5953993967926708049,11388540906096222742
formal-isolated-mutation,candidate,whitefoot-flat,physical-slots,word8,4096,2048,4096,churn,1,3,104,512,512,1048576,13143000,13715727663386659120,13830605729479137478,9959520025842494717
formal-isolated-mutation,candidate,cpp-unordered-map,chaining-buckets,word8,4096,2048,4096,churn,1,3,104,512,512,1048576,33291000,13715727663386659120,13830605729479137478,9959520025842494717
formal-isolated-mutation,candidate,rust-hash-map,usable-entries,word8,4096,2048,3584,churn,1,3,104,512,512,1048576,10687000,13715727663386659120,13830605729479137478,9959520025842494717
formal-isolated-mutation,candidate,whitefoot-chain,head-buckets,word8,4096,2048,4096,churn,1,3,104,512,512,1048576,8331000,13715727663386659120,13830605729479137478,9959520025842494717
formal-isolated-mutation,candidate,cpp-unordered-map,chaining-buckets,word8,4096,2048,4096,churn,1,4,105,512,512,1048576,32423000,15082010733789155885,4209192350472890587,3105434443357397326
formal-isolated-mutation,candidate,rust-hash-map,usable-entries,word8,4096,2048,3584,churn,1,4,105,512,512,1048576,10992000,15082010733789155885,4209192350472890587,3105434443357397326
formal-isolated-mutation,candidate,whitefoot-chain,head-buckets,word8,4096,2048,4096,churn,1,4,105,512,512,1048576,8152000,15082010733789155885,4209192350472890587,3105434443357397326
formal-isolated-mutation,candidate,whitefoot-flat,physical-slots,word8,4096,2048,4096,churn,1,4,105,512,512,1048576,14362000,15082010733789155885,4209192350472890587,3105434443357397326
formal-isolated-mutation,candidate,rust-hash-map,usable-entries,word8,4096,2048,3584,churn,1,5,106,512,512,1048576,11059000,12842905645731754778,833403251416686189,10436227290064263060
formal-isolated-mutation,candidate,whitefoot-chain,head-buckets,word8,4096,2048,4096,churn,1,5,106,512,512,1048576,9586000,12842905645731754778,833403251416686189,10436227290064263060
formal-isolated-mutation,candidate,whitefoot-flat,physical-slots,word8,4096,2048,4096,churn,1,5,106,512,512,1048576,12789000,12842905645731754778,833403251416686189,10436227290064263060
formal-isolated-mutation,candidate,cpp-unordered-map,chaining-buckets,word8,4096,2048,4096,churn,1,5,106,512,512,1048576,33855000,12842905645731754778,833403251416686189,10436227290064263060
formal-isolated-mutation,candidate,whitefoot-chain,head-buckets,word8,4096,2048,4096,churn,1,6,107,512,512,1048576,8645000,2600790722277263761,3766264394704203104,14562156551781632605
formal-isolated-mutation,candidate,whitefoot-flat,physical-slots,word8,4096,2048,4096,churn,1,6,107,512,512,1048576,13467000,2600790722277263761,3766264394704203104,14562156551781632605
formal-isolated-mutation,candidate,cpp-unordered-map,chaining-buckets,word8,4096,2048,4096,churn,1,6,107,512,512,1048576,31074000,2600790722277263761,3766264394704203104,14562156551781632605
formal-isolated-mutation,candidate,rust-hash-map,usable-entries,word8,4096,2048,3584,churn,1,6,107,512,512,1048576,11004000,2600790722277263761,3766264394704203104,14562156551781632605
formal-isolated-mutation,candidate,whitefoot-flat,physical-slots,word8,4096,2048,4096,churn,1,7,108,512,512,1048576,16236000,10569362474842633493,2454500479893543789,14768026503605617582
formal-isolated-mutation,candidate,cpp-unordered-map,chaining-buckets,word8,4096,2048,4096,churn,1,7,108,512,512,1048576,33246000,10569362474842633493,2454500479893543789,14768026503605617582
formal-isolated-mutation,candidate,rust-hash-map,usable-entries,word8,4096,2048,3584,churn,1,7,108,512,512,1048576,11054000,10569362474842633493,2454500479893543789,14768026503605617582
formal-isolated-mutation,candidate,whitefoot-chain,head-buckets,word8,4096,2048,4096,churn,1,7,108,512,512,1048576,8825000,10569362474842633493,2454500479893543789,14768026503605617582
formal-isolated-mutation,candidate,cpp-unordered-map,chaining-buckets,word8,4096,2048,4096,churn,1,8,109,512,512,1048576,31051000,17633044524729442276,4904183427984515141,10319780408451309694
formal-isolated-mutation,candidate,rust-hash-map,usable-entries,word8,4096,2048,3584,churn,1,8,109,512,512,1048576,11173000,17633044524729442276,4904183427984515141,10319780408451309694
formal-isolated-mutation,candidate,whitefoot-chain,head-buckets,word8,4096,2048,4096,churn,1,8,109,512,512,1048576,9013000,17633044524729442276,4904183427984515141,10319780408451309694
formal-isolated-mutation,candidate,whitefoot-flat,physical-slots,word8,4096,2048,4096,churn,1,8,109,512,512,1048576,12861000,17633044524729442276,4904183427984515141,10319780408451309694
formal-isolated-mutation,candidate,cpp-unordered-map,chaining-buckets,word8,64,32,64,replace,1,0,101,32768,32768,1048576,2836000,18096573721732818519,12077982526663781769,12749132361983993480
formal-isolated-mutation,candidate,rust-hash-map,usable-entries,word8,64,32,56,replace,1,0,101,32768,32768,1048576,2579000,18096573721732818519,12077982526663781769,12749132361983993480
formal-isolated-mutation,candidate,whitefoot-chain,head-buckets,word8,64,32,64,replace,1,0,101,32768,32768,1048576,2388000,18096573721732818519,12077982526663781769,12749132361983993480
formal-isolated-mutation,candidate,whitefoot-flat,physical-slots,word8,64,32,64,replace,1,0,101,32768,32768,1048576,2447000,18096573721732818519,12077982526663781769,12749132361983993480
formal-isolated-mutation,candidate,rust-hash-map,usable-entries,word8,64,32,56,replace,1,1,102,32768,32768,1048576,2611000,14470636289158971276,7995702684288656807,12244221203303174045
formal-isolated-mutation,candidate,whitefoot-chain,head-buckets,word8,64,32,64,replace,1,1,102,32768,32768,1048576,2405000,14470636289158971276,7995702684288656807,12244221203303174045
formal-isolated-mutation,candidate,whitefoot-flat,physical-slots,word8,64,32,64,replace,1,1,102,32768,32768,1048576,2503000,14470636289158971276,7995702684288656807,12244221203303174045
formal-isolated-mutation,candidate,cpp-unordered-map,chaining-buckets,word8,64,32,64,replace,1,1,102,32768,32768,1048576,2878000,14470636289158971276,7995702684288656807,12244221203303174045
formal-isolated-mutation,candidate,whitefoot-chain,head-buckets,word8,64,32,64,replace,1,2,103,32768,32768,1048576,2408000,9973176258566731091,11373434725935837862,15648614559169679663
formal-isolated-mutation,candidate,whitefoot-flat,physical-slots,word8,64,32,64,replace,1,2,103,32768,32768,1048576,2435000,9973176258566731091,11373434725935837862,15648614559169679663
formal-isolated-mutation,candidate,cpp-unordered-map,chaining-buckets,word8,64,32,64,replace,1,2,103,32768,32768,1048576,3562000,9973176258566731091,11373434725935837862,15648614559169679663
formal-isolated-mutation,candidate,rust-hash-map,usable-entries,word8,64,32,56,replace,1,2,103,32768,32768,1048576,2606000,9973176258566731091,11373434725935837862,15648614559169679663
formal-isolated-mutation,candidate,whitefoot-flat,physical-slots,word8,64,32,64,replace,1,3,104,32768,32768,1048576,2530000,16089982674628147203,9676260734854056746,2848619765991137053
formal-isolated-mutation,candidate,cpp-unordered-map,chaining-buckets,word8,64,32,64,replace,1,3,104,32768,32768,1048576,2901000,16089982674628147203,9676260734854056746,2848619765991137053
formal-isolated-mutation,candidate,rust-hash-map,usable-entries,word8,64,32,56,replace,1,3,104,32768,32768,1048576,2617000,16089982674628147203,9676260734854056746,2848619765991137053
formal-isolated-mutation,candidate,whitefoot-chain,head-buckets,word8,64,32,64,replace,1,3,104,32768,32768,1048576,2407000,16089982674628147203,9676260734854056746,2848619765991137053
formal-isolated-mutation,candidate,cpp-unordered-map,chaining-buckets,word8,64,32,64,replace,1,4,105,32768,32768,1048576,2852000,2556899712354080479,3308030074824571516,10059556291468621031
formal-isolated-mutation,candidate,rust-hash-map,usable-entries,word8,64,32,56,replace,1,4,105,32768,32768,1048576,2650000,2556899712354080479,3308030074824571516,10059556291468621031
formal-isolated-mutation,candidate,whitefoot-chain,head-buckets,word8,64,32,64,replace,1,4,105,32768,32768,1048576,2332000,2556899712354080479,3308030074824571516,10059556291468621031
formal-isolated-mutation,candidate,whitefoot-flat,physical-slots,word8,64,32,64,replace,1,4,105,32768,32768,1048576,3068000,2556899712354080479,3308030074824571516,10059556291468621031
formal-isolated-mutation,candidate,rust-hash-map,usable-entries,word8,64,32,56,replace,1,5,106,32768,32768,1048576,2626000,3405593398268564637,5209183629775218254,900397986388891109
formal-isolated-mutation,candidate,whitefoot-chain,head-buckets,word8,64,32,64,replace,1,5,106,32768,32768,1048576,2384000,3405593398268564637,5209183629775218254,900397986388891109
formal-isolated-mutation,candidate,whitefoot-flat,physical-slots,word8,64,32,64,replace,1,5,106,32768,32768,1048576,2497000,3405593398268564637,5209183629775218254,900397986388891109
formal-isolated-mutation,candidate,cpp-unordered-map,chaining-buckets,word8,64,32,64,replace,1,5,106,32768,32768,1048576,2876000,3405593398268564637,5209183629775218254,900397986388891109
formal-isolated-mutation,candidate,whitefoot-chain,head-buckets,word8,64,32,64,replace,1,6,107,32768,32768,1048576,2410000,7681617421452767597,14798175020615415202,10515582106697849762
formal-isolated-mutation,candidate,whitefoot-flat,physical-slots,word8,64,32,64,replace,1,6,107,32768,32768,1048576,3099000,7681617421452767597,14798175020615415202,10515582106697849762
formal-isolated-mutation,candidate,cpp-unordered-map,chaining-buckets,word8,64,32,64,replace,1,6,107,32768,32768,1048576,2866000,7681617421452767597,14798175020615415202,10515582106697849762
formal-isolated-mutation,candidate,rust-hash-map,usable-entries,word8,64,32,56,replace,1,6,107,32768,32768,1048576,2659000,7681617421452767597,14798175020615415202,10515582106697849762
formal-isolated-mutation,candidate,whitefoot-flat,physical-slots,word8,64,32,64,replace,1,7,108,32768,32768,1048576,2590000,2327915804901543052,4417241696690132572,4713894674198377865
formal-isolated-mutation,candidate,cpp-unordered-map,chaining-buckets,word8,64,32,64,replace,1,7,108,32768,32768,1048576,2892000,2327915804901543052,4417241696690132572,4713894674198377865
formal-isolated-mutation,candidate,rust-hash-map,usable-entries,word8,64,32,56,replace,1,7,108,32768,32768,1048576,2627000,2327915804901543052,4417241696690132572,4713894674198377865
formal-isolated-mutation,candidate,whitefoot-chain,head-buckets,word8,64,32,64,replace,1,7,108,32768,32768,1048576,2385000,2327915804901543052,4417241696690132572,4713894674198377865
formal-isolated-mutation,candidate,cpp-unordered-map,chaining-buckets,word8,64,32,64,replace,1,8,109,32768,32768,1048576,2818000,15581882087185304535,144157231638344912,5599822130869204459
formal-isolated-mutation,candidate,rust-hash-map,usable-entries,word8,64,32,56,replace,1,8,109,32768,32768,1048576,2652000,15581882087185304535,144157231638344912,5599822130869204459
formal-isolated-mutation,candidate,whitefoot-chain,head-buckets,word8,64,32,64,replace,1,8,109,32768,32768,1048576,2352000,15581882087185304535,144157231638344912,5599822130869204459
formal-isolated-mutation,candidate,whitefoot-flat,physical-slots,word8,64,32,64,replace,1,8,109,32768,32768,1048576,2992000,15581882087185304535,144157231638344912,5599822130869204459
formal-isolated-mutation,candidate,cpp-unordered-map,chaining-buckets,word8,64,32,64,churn,1,0,101,32768,32768,1048576,29651000,18110906709719556088,12077982526663781769,12749132361983993480
formal-isolated-mutation,candidate,rust-hash-map,usable-entries,word8,64,32,56,churn,1,0,101,32768,32768,1048576,17205000,18110906709719556088,12077982526663781769,12749132361983993480
formal-isolated-mutation,candidate,whitefoot-chain,head-buckets,word8,64,32,64,churn,1,0,101,32768,32768,1048576,5850000,18110906709719556088,12077982526663781769,12749132361983993480
formal-isolated-mutation,candidate,whitefoot-flat,physical-slots,word8,64,32,64,churn,1,0,101,32768,32768,1048576,8000000,18110906709719556088,12077982526663781769,12749132361983993480
formal-isolated-mutation,candidate,rust-hash-map,usable-entries,word8,64,32,56,churn,1,1,102,32768,32768,1048576,16506000,9296874036845416241,7995702684288656807,12244221203303174045
formal-isolated-mutation,candidate,whitefoot-chain,head-buckets,word8,64,32,64,churn,1,1,102,32768,32768,1048576,5849000,9296874036845416241,7995702684288656807,12244221203303174045
formal-isolated-mutation,candidate,whitefoot-flat,physical-slots,word8,64,32,64,churn,1,1,102,32768,32768,1048576,9109000,9296874036845416241,7995702684288656807,12244221203303174045
formal-isolated-mutation,candidate,cpp-unordered-map,chaining-buckets,word8,64,32,64,churn,1,1,102,32768,32768,1048576,29269000,9296874036845416241,7995702684288656807,12244221203303174045
formal-isolated-mutation,candidate,whitefoot-chain,head-buckets,word8,64,32,64,churn,1,2,103,32768,32768,1048576,5390000,12903157730705904877,11373434725935837862,15648614559169679663
formal-isolated-mutation,candidate,whitefoot-flat,physical-slots,word8,64,32,64,churn,1,2,103,32768,32768,1048576,7922000,12903157730705904877,11373434725935837862,15648614559169679663
formal-isolated-mutation,candidate,cpp-unordered-map,chaining-buckets,word8,64,32,64,churn,1,2,103,32768,32768,1048576,29451000,12903157730705904877,11373434725935837862,15648614559169679663
formal-isolated-mutation,candidate,rust-hash-map,usable-entries,word8,64,32,56,churn,1,2,103,32768,32768,1048576,15391000,12903157730705904877,11373434725935837862,15648614559169679663
formal-isolated-mutation,candidate,whitefoot-flat,physical-slots,word8,64,32,64,churn,1,3,104,32768,32768,1048576,9213000,4253743068328656138,9676260734854056746,2848619765991137053
formal-isolated-mutation,candidate,cpp-unordered-map,chaining-buckets,word8,64,32,64,churn,1,3,104,32768,32768,1048576,29437000,4253743068328656138,9676260734854056746,2848619765991137053
formal-isolated-mutation,candidate,rust-hash-map,usable-entries,word8,64,32,56,churn,1,3,104,32768,32768,1048576,16721000,4253743068328656138,9676260734854056746,2848619765991137053
formal-isolated-mutation,candidate,whitefoot-chain,head-buckets,word8,64,32,64,churn,1,3,104,32768,32768,1048576,6065000,4253743068328656138,9676260734854056746,2848619765991137053
formal-isolated-mutation,candidate,cpp-unordered-map,chaining-buckets,word8,64,32,64,churn,1,4,105,32768,32768,1048576,29357000,628659943078117645,3308030074824571516,10059556291468621031
formal-isolated-mutation,candidate,rust-hash-map,usable-entries,word8,64,32,56,churn,1,4,105,32768,32768,1048576,17733000,628659943078117645,3308030074824571516,10059556291468621031
formal-isolated-mutation,candidate,whitefoot-chain,head-buckets,word8,64,32,64,churn,1,4,105,32768,32768,1048576,5329000,628659943078117645,3308030074824571516,10059556291468621031
formal-isolated-mutation,candidate,whitefoot-flat,physical-slots,word8,64,32,64,churn,1,4,105,32768,32768,1048576,7896000,628659943078117645,3308030074824571516,10059556291468621031
formal-isolated-mutation,candidate,rust-hash-map,usable-entries,word8,64,32,56,churn,1,5,106,32768,32768,1048576,16890000,2475384722324267649,5209183629775218254,900397986388891109
formal-isolated-mutation,candidate,whitefoot-chain,head-buckets,word8,64,32,64,churn,1,5,106,32768,32768,1048576,6253000,2475384722324267649,5209183629775218254,900397986388891109
formal-isolated-mutation,candidate,whitefoot-flat,physical-slots,word8,64,32,64,churn,1,5,106,32768,32768,1048576,9389000,2475384722324267649,5209183629775218254,900397986388891109
formal-isolated-mutation,candidate,cpp-unordered-map,chaining-buckets,word8,64,32,64,churn,1,5,106,32768,32768,1048576,27849000,2475384722324267649,5209183629775218254,900397986388891109
formal-isolated-mutation,candidate,whitefoot-chain,head-buckets,word8,64,32,64,churn,1,6,107,32768,32768,1048576,5442000,2402000015043713974,14798175020615415202,10515582106697849762
formal-isolated-mutation,candidate,whitefoot-flat,physical-slots,word8,64,32,64,churn,1,6,107,32768,32768,1048576,8037000,2402000015043713974,14798175020615415202,10515582106697849762
formal-isolated-mutation,candidate,cpp-unordered-map,chaining-buckets,word8,64,32,64,churn,1,6,107,32768,32768,1048576,29288000,2402000015043713974,14798175020615415202,10515582106697849762
formal-isolated-mutation,candidate,rust-hash-map,usable-entries,word8,64,32,56,churn,1,6,107,32768,32768,1048576,17060000,2402000015043713974,14798175020615415202,10515582106697849762
formal-isolated-mutation,candidate,whitefoot-flat,physical-slots,word8,64,32,64,churn,1,7,108,32768,32768,1048576,9140000,5723748881526033307,4417241696690132572,4713894674198377865
formal-isolated-mutation,candidate,cpp-unordered-map,chaining-buckets,word8,64,32,64,churn,1,7,108,32768,32768,1048576,27504000,5723748881526033307,4417241696690132572,4713894674198377865
formal-isolated-mutation,candidate,rust-hash-map,usable-entries,word8,64,32,56,churn,1,7,108,32768,32768,1048576,17157000,5723748881526033307,4417241696690132572,4713894674198377865
formal-isolated-mutation,candidate,whitefoot-chain,head-buckets,word8,64,32,64,churn,1,7,108,32768,32768,1048576,6036000,5723748881526033307,4417241696690132572,4713894674198377865
formal-isolated-mutation,candidate,cpp-unordered-map,chaining-buckets,word8,64,32,64,churn,1,8,109,32768,32768,1048576,30075000,2256372710712324380,144157231638344912,5599822130869204459
formal-isolated-mutation,candidate,rust-hash-map,usable-entries,word8,64,32,56,churn,1,8,109,32768,32768,1048576,17874000,2256372710712324380,144157231638344912,5599822130869204459
formal-isolated-mutation,candidate,whitefoot-chain,head-buckets,word8,64,32,64,churn,1,8,109,32768,32768,1048576,5480000,2256372710712324380,144157231638344912,5599822130869204459
formal-isolated-mutation,candidate,whitefoot-flat,physical-slots,word8,64,32,64,churn,1,8,109,32768,32768,1048576,8631000,2256372710712324380,144157231638344912,5599822130869204459
formal-isolated-mutation,candidate,cpp-unordered-map,chaining-buckets,wide256,4096,2048,4096,replace,1,0,101,512,512,1048576,24558000,2075292407092999172,12892485500574870081,14000432475348375067
formal-isolated-mutation,candidate,rust-hash-map,usable-entries,wide256,4096,2048,3584,replace,1,0,101,512,512,1048576,29107000,2075292407092999172,12892485500574870081,14000432475348375067
formal-isolated-mutation,candidate,whitefoot-chain,head-buckets,wide256,4096,2048,4096,replace,1,0,101,512,512,1048576,35472000,2075292407092999172,12892485500574870081,14000432475348375067
formal-isolated-mutation,candidate,whitefoot-flat,physical-slots,wide256,4096,2048,4096,replace,1,0,101,512,512,1048576,34046000,2075292407092999172,12892485500574870081,14000432475348375067
formal-isolated-mutation,candidate,rust-hash-map,usable-entries,wide256,4096,2048,3584,replace,1,1,102,512,512,1048576,28836000,15016135266304332727,6558794978756541917,6114081484065616256
formal-isolated-mutation,candidate,whitefoot-chain,head-buckets,wide256,4096,2048,4096,replace,1,1,102,512,512,1048576,35582000,15016135266304332727,6558794978756541917,6114081484065616256
formal-isolated-mutation,candidate,whitefoot-flat,physical-slots,wide256,4096,2048,4096,replace,1,1,102,512,512,1048576,33095000,15016135266304332727,6558794978756541917,6114081484065616256
formal-isolated-mutation,candidate,cpp-unordered-map,chaining-buckets,wide256,4096,2048,4096,replace,1,1,102,512,512,1048576,25076000,15016135266304332727,6558794978756541917,6114081484065616256
formal-isolated-mutation,candidate,whitefoot-chain,head-buckets,wide256,4096,2048,4096,replace,1,2,103,512,512,1048576,35344000,13111167608270029513,5953993967926708049,17365355996308864561
formal-isolated-mutation,candidate,whitefoot-flat,physical-slots,wide256,4096,2048,4096,replace,1,2,103,512,512,1048576,32117000,13111167608270029513,5953993967926708049,17365355996308864561
formal-isolated-mutation,candidate,cpp-unordered-map,chaining-buckets,wide256,4096,2048,4096,replace,1,2,103,512,512,1048576,24897000,13111167608270029513,5953993967926708049,17365355996308864561
formal-isolated-mutation,candidate,rust-hash-map,usable-entries,wide256,4096,2048,3584,replace,1,2,103,512,512,1048576,28461000,13111167608270029513,5953993967926708049,17365355996308864561
formal-isolated-mutation,candidate,whitefoot-flat,physical-slots,wide256,4096,2048,4096,replace,1,3,104,512,512,1048576,32536000,12269217098477494046,13830605729479137478,10986041400113567925
formal-isolated-mutation,candidate,cpp-unordered-map,chaining-buckets,wide256,4096,2048,4096,replace,1,3,104,512,512,1048576,24784000,12269217098477494046,13830605729479137478,10986041400113567925
formal-isolated-mutation,candidate,rust-hash-map,usable-entries,wide256,4096,2048,3584,replace,1,3,104,512,512,1048576,28384000,12269217098477494046,13830605729479137478,10986041400113567925
formal-isolated-mutation,candidate,whitefoot-chain,head-buckets,wide256,4096,2048,4096,replace,1,3,104,512,512,1048576,35213000,12269217098477494046,13830605729479137478,10986041400113567925
formal-isolated-mutation,candidate,cpp-unordered-map,chaining-buckets,wide256,4096,2048,4096,replace,1,4,105,512,512,1048576,24810000,8558675102460689755,4209192350472890587,9072634033921710457
formal-isolated-mutation,candidate,rust-hash-map,usable-entries,wide256,4096,2048,3584,replace,1,4,105,512,512,1048576,29613000,8558675102460689755,4209192350472890587,9072634033921710457
formal-isolated-mutation,candidate,whitefoot-chain,head-buckets,wide256,4096,2048,4096,replace,1,4,105,512,512,1048576,36603000,8558675102460689755,4209192350472890587,9072634033921710457
formal-isolated-mutation,candidate,whitefoot-flat,physical-slots,wide256,4096,2048,4096,replace,1,4,105,512,512,1048576,33665000,8558675102460689755,4209192350472890587,9072634033921710457
formal-isolated-mutation,candidate,rust-hash-map,usable-entries,wide256,4096,2048,3584,replace,1,5,106,512,512,1048576,28435000,1015220568023613307,833403251416686189,1227787846763681594
formal-isolated-mutation,candidate,whitefoot-chain,head-buckets,wide256,4096,2048,4096,replace,1,5,106,512,512,1048576,38725000,1015220568023613307,833403251416686189,1227787846763681594
formal-isolated-mutation,candidate,whitefoot-flat,physical-slots,wide256,4096,2048,4096,replace,1,5,106,512,512,1048576,35147000,1015220568023613307,833403251416686189,1227787846763681594
formal-isolated-mutation,candidate,cpp-unordered-map,chaining-buckets,wide256,4096,2048,4096,replace,1,5,106,512,512,1048576,25274000,1015220568023613307,833403251416686189,1227787846763681594
formal-isolated-mutation,candidate,whitefoot-chain,head-buckets,wide256,4096,2048,4096,replace,1,6,107,512,512,1048576,35141000,12194700616496320316,3766264394704203104,10472553841192511759
formal-isolated-mutation,candidate,whitefoot-flat,physical-slots,wide256,4096,2048,4096,replace,1,6,107,512,512,1048576,33105000,12194700616496320316,3766264394704203104,10472553841192511759
formal-isolated-mutation,candidate,cpp-unordered-map,chaining-buckets,wide256,4096,2048,4096,replace,1,6,107,512,512,1048576,24331000,12194700616496320316,3766264394704203104,10472553841192511759
formal-isolated-mutation,candidate,rust-hash-map,usable-entries,wide256,4096,2048,3584,replace,1,6,107,512,512,1048576,28467000,12194700616496320316,3766264394704203104,10472553841192511759
formal-isolated-mutation,candidate,whitefoot-flat,physical-slots,wide256,4096,2048,4096,replace,1,7,108,512,512,1048576,31984000,15102489409772330042,2454500479893543789,8088679192759448843
formal-isolated-mutation,candidate,cpp-unordered-map,chaining-buckets,wide256,4096,2048,4096,replace,1,7,108,512,512,1048576,24664000,15102489409772330042,2454500479893543789,8088679192759448843
formal-isolated-mutation,candidate,rust-hash-map,usable-entries,wide256,4096,2048,3584,replace,1,7,108,512,512,1048576,28486000,15102489409772330042,2454500479893543789,8088679192759448843
formal-isolated-mutation,candidate,whitefoot-chain,head-buckets,wide256,4096,2048,4096,replace,1,7,108,512,512,1048576,34997000,15102489409772330042,2454500479893543789,8088679192759448843
formal-isolated-mutation,candidate,cpp-unordered-map,chaining-buckets,wide256,4096,2048,4096,replace,1,8,109,512,512,1048576,24245000,3775378562665119119,4904183427984515141,6396831191577749462
formal-isolated-mutation,candidate,rust-hash-map,usable-entries,wide256,4096,2048,3584,replace,1,8,109,512,512,1048576,28395000,3775378562665119119,4904183427984515141,6396831191577749462
formal-isolated-mutation,candidate,whitefoot-chain,head-buckets,wide256,4096,2048,4096,replace,1,8,109,512,512,1048576,35297000,3775378562665119119,4904183427984515141,6396831191577749462
formal-isolated-mutation,candidate,whitefoot-flat,physical-slots,wide256,4096,2048,4096,replace,1,8,109,512,512,1048576,33055000,3775378562665119119,4904183427984515141,6396831191577749462
formal-isolated-mutation,candidate,cpp-unordered-map,chaining-buckets,wide256,4096,2048,4096,churn,1,0,101,512,512,1048576,64475000,3733185538357415121,12892485500574870081,14000432475348375067
formal-isolated-mutation,candidate,rust-hash-map,usable-entries,wide256,4096,2048,3584,churn,1,0,101,512,512,1048576,33798000,3733185538357415121,12892485500574870081,14000432475348375067
formal-isolated-mutation,candidate,whitefoot-chain,head-buckets,wide256,4096,2048,4096,churn,1,0,101,512,512,1048576,50584000,3733185538357415121,12892485500574870081,14000432475348375067
formal-isolated-mutation,candidate,whitefoot-flat,physical-slots,wide256,4096,2048,4096,churn,1,0,101,512,512,1048576,48440000,3733185538357415121,12892485500574870081,14000432475348375067
formal-isolated-mutation,candidate,rust-hash-map,usable-entries,wide256,4096,2048,3584,churn,1,1,102,512,512,1048576,33806000,3586090662414033173,6558794978756541917,6114081484065616256
formal-isolated-mutation,candidate,whitefoot-chain,head-buckets,wide256,4096,2048,4096,churn,1,1,102,512,512,1048576,52649000,3586090662414033173,6558794978756541917,6114081484065616256
formal-isolated-mutation,candidate,whitefoot-flat,physical-slots,wide256,4096,2048,4096,churn,1,1,102,512,512,1048576,52957000,3586090662414033173,6558794978756541917,6114081484065616256
formal-isolated-mutation,candidate,cpp-unordered-map,chaining-buckets,wide256,4096,2048,4096,churn,1,1,102,512,512,1048576,67802000,3586090662414033173,6558794978756541917,6114081484065616256
formal-isolated-mutation,candidate,whitefoot-chain,head-buckets,wide256,4096,2048,4096,churn,1,2,103,512,512,1048576,51951000,11765639576573538766,5953993967926708049,17365355996308864561
formal-isolated-mutation,candidate,whitefoot-flat,physical-slots,wide256,4096,2048,4096,churn,1,2,103,512,512,1048576,50320000,11765639576573538766,5953993967926708049,17365355996308864561
formal-isolated-mutation,candidate,cpp-unordered-map,chaining-buckets,wide256,4096,2048,4096,churn,1,2,103,512,512,1048576,63888000,11765639576573538766,5953993967926708049,17365355996308864561
formal-isolated-mutation,candidate,rust-hash-map,usable-entries,wide256,4096,2048,3584,churn,1,2,103,512,512,1048576,33697000,11765639576573538766,5953993967926708049,17365355996308864561
formal-isolated-mutation,candidate,whitefoot-flat,physical-slots,wide256,4096,2048,4096,churn,1,3,104,512,512,1048576,48877000,4848601812476263582,13830605729479137478,10986041400113567925
formal-isolated-mutation,candidate,cpp-unordered-map,chaining-buckets,wide256,4096,2048,4096,churn,1,3,104,512,512,1048576,63915000,4848601812476263582,13830605729479137478,10986041400113567925
formal-isolated-mutation,candidate,rust-hash-map,usable-entries,wide256,4096,2048,3584,churn,1,3,104,512,512,1048576,33769000,4848601812476263582,13830605729479137478,10986041400113567925
formal-isolated-mutation,candidate,whitefoot-chain,head-buckets,wide256,4096,2048,4096,churn,1,3,104,512,512,1048576,51437000,4848601812476263582,13830605729479137478,10986041400113567925
formal-isolated-mutation,candidate,cpp-unordered-map,chaining-buckets,wide256,4096,2048,4096,churn,1,4,105,512,512,1048576,63357000,1631485328074789459,4209192350472890587,9072634033921710457
formal-isolated-mutation,candidate,rust-hash-map,usable-entries,wide256,4096,2048,3584,churn,1,4,105,512,512,1048576,32648000,1631485328074789459,4209192350472890587,9072634033921710457
formal-isolated-mutation,candidate,whitefoot-chain,head-buckets,wide256,4096,2048,4096,churn,1,4,105,512,512,1048576,50646000,1631485328074789459,4209192350472890587,9072634033921710457
formal-isolated-mutation,candidate,whitefoot-flat,physical-slots,wide256,4096,2048,4096,churn,1,4,105,512,512,1048576,50166000,1631485328074789459,4209192350472890587,9072634033921710457
formal-isolated-mutation,candidate,rust-hash-map,usable-entries,wide256,4096,2048,3584,churn,1,5,106,512,512,1048576,32848000,11582209390180129761,833403251416686189,1227787846763681594
formal-isolated-mutation,candidate,whitefoot-chain,head-buckets,wide256,4096,2048,4096,churn,1,5,106,512,512,1048576,52738000,11582209390180129761,833403251416686189,1227787846763681594
formal-isolated-mutation,candidate,whitefoot-flat,physical-slots,wide256,4096,2048,4096,churn,1,5,106,512,512,1048576,49274000,11582209390180129761,833403251416686189,1227787846763681594
formal-isolated-mutation,candidate,cpp-unordered-map,chaining-buckets,wide256,4096,2048,4096,churn,1,5,106,512,512,1048576,65192000,11582209390180129761,833403251416686189,1227787846763681594
formal-isolated-mutation,candidate,whitefoot-chain,head-buckets,wide256,4096,2048,4096,churn,1,6,107,512,512,1048576,50375000,12490145925984139089,3766264394704203104,10472553841192511759
formal-isolated-mutation,candidate,whitefoot-flat,physical-slots,wide256,4096,2048,4096,churn,1,6,107,512,512,1048576,51241000,12490145925984139089,3766264394704203104,10472553841192511759
formal-isolated-mutation,candidate,cpp-unordered-map,chaining-buckets,wide256,4096,2048,4096,churn,1,6,107,512,512,1048576,62148000,12490145925984139089,3766264394704203104,10472553841192511759
formal-isolated-mutation,candidate,rust-hash-map,usable-entries,wide256,4096,2048,3584,churn,1,6,107,512,512,1048576,34119000,12490145925984139089,3766264394704203104,10472553841192511759
formal-isolated-mutation,candidate,whitefoot-flat,physical-slots,wide256,4096,2048,4096,churn,1,7,108,512,512,1048576,52553000,8993427988989229243,2454500479893543789,8088679192759448843
formal-isolated-mutation,candidate,cpp-unordered-map,chaining-buckets,wide256,4096,2048,4096,churn,1,7,108,512,512,1048576,65557000,8993427988989229243,2454500479893543789,8088679192759448843
formal-isolated-mutation,candidate,rust-hash-map,usable-entries,wide256,4096,2048,3584,churn,1,7,108,512,512,1048576,32806000,8993427988989229243,2454500479893543789,8088679192759448843
formal-isolated-mutation,candidate,whitefoot-chain,head-buckets,wide256,4096,2048,4096,churn,1,7,108,512,512,1048576,51667000,8993427988989229243,2454500479893543789,8088679192759448843
formal-isolated-mutation,candidate,cpp-unordered-map,chaining-buckets,wide256,4096,2048,4096,churn,1,8,109,512,512,1048576,62397000,8409122420295524922,4904183427984515141,6396831191577749462
formal-isolated-mutation,candidate,rust-hash-map,usable-entries,wide256,4096,2048,3584,churn,1,8,109,512,512,1048576,34103000,8409122420295524922,4904183427984515141,6396831191577749462
formal-isolated-mutation,candidate,whitefoot-chain,head-buckets,wide256,4096,2048,4096,churn,1,8,109,512,512,1048576,52824000,8409122420295524922,4904183427984515141,6396831191577749462
formal-isolated-mutation,candidate,whitefoot-flat,physical-slots,wide256,4096,2048,4096,churn,1,8,109,512,512,1048576,52065000,8409122420295524922,4904183427984515141,6396831191577749462
formal-isolated-mutation,candidate,cpp-unordered-map,chaining-buckets,wide256,64,32,64,replace,1,0,101,32768,32768,1048576,19970000,3780980432890818720,12077982526663781769,11044626966882154137
formal-isolated-mutation,candidate,rust-hash-map,usable-entries,wide256,64,32,56,replace,1,0,101,32768,32768,1048576,23116000,3780980432890818720,12077982526663781769,11044626966882154137
formal-isolated-mutation,candidate,whitefoot-chain,head-buckets,wide256,64,32,64,replace,1,0,101,32768,32768,1048576,32236000,3780980432890818720,12077982526663781769,11044626966882154137
formal-isolated-mutation,candidate,whitefoot-flat,physical-slots,wide256,64,32,64,replace,1,0,101,32768,32768,1048576,29528000,3780980432890818720,12077982526663781769,11044626966882154137
formal-isolated-mutation,candidate,rust-hash-map,usable-entries,wide256,64,32,56,replace,1,1,102,32768,32768,1048576,24911000,9155012714890369401,7995702684288656807,13271203342924839154
formal-isolated-mutation,candidate,whitefoot-chain,head-buckets,wide256,64,32,64,replace,1,1,102,32768,32768,1048576,33118000,9155012714890369401,7995702684288656807,13271203342924839154
formal-isolated-mutation,candidate,whitefoot-flat,physical-slots,wide256,64,32,64,replace,1,1,102,32768,32768,1048576,29057000,9155012714890369401,7995702684288656807,13271203342924839154
formal-isolated-mutation,candidate,cpp-unordered-map,chaining-buckets,wide256,64,32,64,replace,1,1,102,32768,32768,1048576,19838000,9155012714890369401,7995702684288656807,13271203342924839154
formal-isolated-mutation,candidate,whitefoot-chain,head-buckets,wide256,64,32,64,replace,1,2,103,32768,32768,1048576,32703000,7966748677558471718,11373434725935837862,10301316140389128545
formal-isolated-mutation,candidate,whitefoot-flat,physical-slots,wide256,64,32,64,replace,1,2,103,32768,32768,1048576,29678000,7966748677558471718,11373434725935837862,10301316140389128545
formal-isolated-mutation,candidate,cpp-unordered-map,chaining-buckets,wide256,64,32,64,replace,1,2,103,32768,32768,1048576,19768000,7966748677558471718,11373434725935837862,10301316140389128545
formal-isolated-mutation,candidate,rust-hash-map,usable-entries,wide256,64,32,56,replace,1,2,103,32768,32768,1048576,23058000,7966748677558471718,11373434725935837862,10301316140389128545
formal-isolated-mutation,candidate,whitefoot-flat,physical-slots,wide256,64,32,64,replace,1,3,104,32768,32768,1048576,29527000,604199612727605340,9676260734854056746,5530695440243242490
formal-isolated-mutation,candidate,cpp-unordered-map,chaining-buckets,wide256,64,32,64,replace,1,3,104,32768,32768,1048576,20486000,604199612727605340,9676260734854056746,5530695440243242490
formal-isolated-mutation,candidate,rust-hash-map,usable-entries,wide256,64,32,56,replace,1,3,104,32768,32768,1048576,23510000,604199612727605340,9676260734854056746,5530695440243242490
formal-isolated-mutation,candidate,whitefoot-chain,head-buckets,wide256,64,32,64,replace,1,3,104,32768,32768,1048576,33157000,604199612727605340,9676260734854056746,5530695440243242490
formal-isolated-mutation,candidate,cpp-unordered-map,chaining-buckets,wide256,64,32,64,replace,1,4,105,32768,32768,1048576,20295000,1616134074880064606,3308030074824571516,704020370171199482
formal-isolated-mutation,candidate,rust-hash-map,usable-entries,wide256,64,32,56,replace,1,4,105,32768,32768,1048576,23532000,1616134074880064606,3308030074824571516,704020370171199482
formal-isolated-mutation,candidate,whitefoot-chain,head-buckets,wide256,64,32,64,replace,1,4,105,32768,32768,1048576,32753000,1616134074880064606,3308030074824571516,704020370171199482
formal-isolated-mutation,candidate,whitefoot-flat,physical-slots,wide256,64,32,64,replace,1,4,105,32768,32768,1048576,76979000,1616134074880064606,3308030074824571516,704020370171199482
formal-isolated-mutation,candidate,rust-hash-map,usable-entries,wide256,64,32,56,replace,1,5,106,32768,32768,1048576,23516000,12038047902605871988,5209183629775218254,4761421479010371445
formal-isolated-mutation,candidate,whitefoot-chain,head-buckets,wide256,64,32,64,replace,1,5,106,32768,32768,1048576,34248000,12038047902605871988,5209183629775218254,4761421479010371445
formal-isolated-mutation,candidate,whitefoot-flat,physical-slots,wide256,64,32,64,replace,1,5,106,32768,32768,1048576,29485000,12038047902605871988,5209183629775218254,4761421479010371445
formal-isolated-mutation,candidate,cpp-unordered-map,chaining-buckets,wide256,64,32,64,replace,1,5,106,32768,32768,1048576,19965000,12038047902605871988,5209183629775218254,4761421479010371445
formal-isolated-mutation,candidate,whitefoot-chain,head-buckets,wide256,64,32,64,replace,1,6,107,32768,32768,1048576,33441000,4190916600001790122,14798175020615415202,14370455518956635646
formal-isolated-mutation,candidate,whitefoot-flat,physical-slots,wide256,64,32,64,replace,1,6,107,32768,32768,1048576,28988000,4190916600001790122,14798175020615415202,14370455518956635646
formal-isolated-mutation,candidate,cpp-unordered-map,chaining-buckets,wide256,64,32,64,replace,1,6,107,32768,32768,1048576,19970000,4190916600001790122,14798175020615415202,14370455518956635646
formal-isolated-mutation,candidate,rust-hash-map,usable-entries,wide256,64,32,56,replace,1,6,107,32768,32768,1048576,23005000,4190916600001790122,14798175020615415202,14370455518956635646
formal-isolated-mutation,candidate,whitefoot-flat,physical-slots,wide256,64,32,64,replace,1,7,108,32768,32768,1048576,29346000,17489706095589245015,4417241696690132572,17119788813254958275
formal-isolated-mutation,candidate,cpp-unordered-map,chaining-buckets,wide256,64,32,64,replace,1,7,108,32768,32768,1048576,19709000,17489706095589245015,4417241696690132572,17119788813254958275
formal-isolated-mutation,candidate,rust-hash-map,usable-entries,wide256,64,32,56,replace,1,7,108,32768,32768,1048576,23481000,17489706095589245015,4417241696690132572,17119788813254958275
formal-isolated-mutation,candidate,whitefoot-chain,head-buckets,wide256,64,32,64,replace,1,7,108,32768,32768,1048576,33083000,17489706095589245015,4417241696690132572,17119788813254958275
formal-isolated-mutation,candidate,cpp-unordered-map,chaining-buckets,wide256,64,32,64,replace,1,8,109,32768,32768,1048576,20238000,15345665397381154913,144157231638344912,4092201381492415276
formal-isolated-mutation,candidate,rust-hash-map,usable-entries,wide256,64,32,56,replace,1,8,109,32768,32768,1048576,23118000,15345665397381154913,144157231638344912,4092201381492415276
formal-isolated-mutation,candidate,whitefoot-chain,head-buckets,wide256,64,32,64,replace,1,8,109,32768,32768,1048576,32695000,15345665397381154913,144157231638344912,4092201381492415276
formal-isolated-mutation,candidate,whitefoot-flat,physical-slots,wide256,64,32,64,replace,1,8,109,32768,32768,1048576,28796000,15345665397381154913,144157231638344912,4092201381492415276
formal-isolated-mutation,candidate,cpp-unordered-map,chaining-buckets,wide256,64,32,64,churn,1,0,101,32768,32768,1048576,51955000,10226348043398880542,12077982526663781769,11044626966882154137
formal-isolated-mutation,candidate,rust-hash-map,usable-entries,wide256,64,32,56,churn,1,0,101,32768,32768,1048576,28245000,10226348043398880542,12077982526663781769,11044626966882154137
formal-isolated-mutation,candidate,whitefoot-chain,head-buckets,wide256,64,32,64,churn,1,0,101,32768,32768,1048576,44703000,10226348043398880542,12077982526663781769,11044626966882154137
formal-isolated-mutation,candidate,whitefoot-flat,physical-slots,wide256,64,32,64,churn,1,0,101,32768,32768,1048576,37594000,10226348043398880542,12077982526663781769,11044626966882154137
formal-isolated-mutation,candidate,rust-hash-map,usable-entries,wide256,64,32,56,churn,1,1,102,32768,32768,1048576,28402000,12303747803428189049,7995702684288656807,13271203342924839154
formal-isolated-mutation,candidate,whitefoot-chain,head-buckets,wide256,64,32,64,churn,1,1,102,32768,32768,1048576,42915000,12303747803428189049,7995702684288656807,13271203342924839154
formal-isolated-mutation,candidate,whitefoot-flat,physical-slots,wide256,64,32,64,churn,1,1,102,32768,32768,1048576,39781000,12303747803428189049,7995702684288656807,13271203342924839154
formal-isolated-mutation,candidate,cpp-unordered-map,chaining-buckets,wide256,64,32,64,churn,1,1,102,32768,32768,1048576,54924000,12303747803428189049,7995702684288656807,13271203342924839154
formal-isolated-mutation,candidate,whitefoot-chain,head-buckets,wide256,64,32,64,churn,1,2,103,32768,32768,1048576,43374000,11700360037907166720,11373434725935837862,10301316140389128545
formal-isolated-mutation,candidate,whitefoot-flat,physical-slots,wide256,64,32,64,churn,1,2,103,32768,32768,1048576,38569000,11700360037907166720,11373434725935837862,10301316140389128545
formal-isolated-mutation,candidate,cpp-unordered-map,chaining-buckets,wide256,64,32,64,churn,1,2,103,32768,32768,1048576,51610000,11700360037907166720,11373434725935837862,10301316140389128545
formal-isolated-mutation,candidate,rust-hash-map,usable-entries,wide256,64,32,56,churn,1,2,103,32768,32768,1048576,28741000,11700360037907166720,11373434725935837862,10301316140389128545
formal-isolated-mutation,candidate,whitefoot-flat,physical-slots,wide256,64,32,64,churn,1,3,104,32768,32768,1048576,40050000,947460494304570851,9676260734854056746,5530695440243242490
formal-isolated-mutation,candidate,cpp-unordered-map,chaining-buckets,wide256,64,32,64,churn,1,3,104,32768,32768,1048576,52544000,947460494304570851,9676260734854056746,5530695440243242490
formal-isolated-mutation,candidate,rust-hash-map,usable-entries,wide256,64,32,56,churn,1,3,104,32768,32768,1048576,29252000,947460494304570851,9676260734854056746,5530695440243242490
formal-isolated-mutation,candidate,whitefoot-chain,head-buckets,wide256,64,32,64,churn,1,3,104,32768,32768,1048576,43732000,947460494304570851,9676260734854056746,5530695440243242490
formal-isolated-mutation,candidate,cpp-unordered-map,chaining-buckets,wide256,64,32,64,churn,1,4,105,32768,32768,1048576,52179000,6593924960691878977,3308030074824571516,704020370171199482
formal-isolated-mutation,candidate,rust-hash-map,usable-entries,wide256,64,32,56,churn,1,4,105,32768,32768,1048576,28614000,6593924960691878977,3308030074824571516,704020370171199482
formal-isolated-mutation,candidate,whitefoot-chain,head-buckets,wide256,64,32,64,churn,1,4,105,32768,32768,1048576,42862000,6593924960691878977,3308030074824571516,704020370171199482
formal-isolated-mutation,candidate,whitefoot-flat,physical-slots,wide256,64,32,64,churn,1,4,105,32768,32768,1048576,38959000,6593924960691878977,3308030074824571516,704020370171199482
formal-isolated-mutation,candidate,rust-hash-map,usable-entries,wide256,64,32,56,churn,1,5,106,32768,32768,1048576,28939000,4908526729440067003,5209183629775218254,4761421479010371445
formal-isolated-mutation,candidate,whitefoot-chain,head-buckets,wide256,64,32,64,churn,1,5,106,32768,32768,1048576,42924000,4908526729440067003,5209183629775218254,4761421479010371445
formal-isolated-mutation,candidate,whitefoot-flat,physical-slots,wide256,64,32,64,churn,1,5,106,32768,32768,1048576,39330000,4908526729440067003,5209183629775218254,4761421479010371445
formal-isolated-mutation,candidate,cpp-unordered-map,chaining-buckets,wide256,64,32,64,churn,1,5,106,32768,32768,1048576,51055000,4908526729440067003,5209183629775218254,4761421479010371445
formal-isolated-mutation,candidate,whitefoot-chain,head-buckets,wide256,64,32,64,churn,1,6,107,32768,32768,1048576,45140000,3387322086436567767,14798175020615415202,14370455518956635646
formal-isolated-mutation,candidate,whitefoot-flat,physical-slots,wide256,64,32,64,churn,1,6,107,32768,32768,1048576,37662000,3387322086436567767,14798175020615415202,14370455518956635646
formal-isolated-mutation,candidate,cpp-unordered-map,chaining-buckets,wide256,64,32,64,churn,1,6,107,32768,32768,1048576,53493000,3387322086436567767,14798175020615415202,14370455518956635646
formal-isolated-mutation,candidate,rust-hash-map,usable-entries,wide256,64,32,56,churn,1,6,107,32768,32768,1048576,28605000,3387322086436567767,14798175020615415202,14370455518956635646
formal-isolated-mutation,candidate,whitefoot-flat,physical-slots,wide256,64,32,64,churn,1,7,108,32768,32768,1048576,41636000,2286297560001194550,4417241696690132572,17119788813254958275
formal-isolated-mutation,candidate,cpp-unordered-map,chaining-buckets,wide256,64,32,64,churn,1,7,108,32768,32768,1048576,52216000,2286297560001194550,4417241696690132572,17119788813254958275
formal-isolated-mutation,candidate,rust-hash-map,usable-entries,wide256,64,32,56,churn,1,7,108,32768,32768,1048576,28985000,2286297560001194550,4417241696690132572,17119788813254958275
formal-isolated-mutation,candidate,whitefoot-chain,head-buckets,wide256,64,32,64,churn,1,7,108,32768,32768,1048576,44363000,2286297560001194550,4417241696690132572,17119788813254958275
formal-isolated-mutation,candidate,cpp-unordered-map,chaining-buckets,wide256,64,32,64,churn,1,8,109,32768,32768,1048576,53034000,5230074108420963114,144157231638344912,4092201381492415276
formal-isolated-mutation,candidate,rust-hash-map,usable-entries,wide256,64,32,56,churn,1,8,109,32768,32768,1048576,28344000,5230074108420963114,144157231638344912,4092201381492415276
formal-isolated-mutation,candidate,whitefoot-chain,head-buckets,wide256,64,32,64,churn,1,8,109,32768,32768,1048576,42749000,5230074108420963114,144157231638344912,4092201381492415276
formal-isolated-mutation,candidate,whitefoot-flat,physical-slots,wide256,64,32,64,churn,1,8,109,32768,32768,1048576,37977000,5230074108420963114,144157231638344912,4092201381492415276
formal-isolated-mutation,baseline,cpp-unordered-map,chaining-buckets,word8,4096,2048,4096,replace,1,0,101,512,512,1048576,4246000,17620489557640355118,12892485500574870081,15318239530852537950
formal-isolated-mutation,baseline,rust-hash-map,usable-entries,word8,4096,2048,3584,replace,1,0,101,512,512,1048576,2684000,17620489557640355118,12892485500574870081,15318239530852537950
formal-isolated-mutation,baseline,whitefoot-chain,head-buckets,word8,4096,2048,4096,replace,1,0,101,512,512,1048576,2860000,17620489557640355118,12892485500574870081,15318239530852537950
formal-isolated-mutation,baseline,whitefoot-flat,physical-slots,word8,4096,2048,4096,replace,1,0,101,512,512,1048576,3847000,17620489557640355118,12892485500574870081,15318239530852537950
formal-isolated-mutation,baseline,rust-hash-map,usable-entries,word8,4096,2048,3584,replace,1,1,102,512,512,1048576,2709000,1935089821601506588,6558794978756541917,14466115479769115293
formal-isolated-mutation,baseline,whitefoot-chain,head-buckets,word8,4096,2048,4096,replace,1,1,102,512,512,1048576,2817000,1935089821601506588,6558794978756541917,14466115479769115293
formal-isolated-mutation,baseline,whitefoot-flat,physical-slots,word8,4096,2048,4096,replace,1,1,102,512,512,1048576,3949000,1935089821601506588,6558794978756541917,14466115479769115293
formal-isolated-mutation,baseline,cpp-unordered-map,chaining-buckets,word8,4096,2048,4096,replace,1,1,102,512,512,1048576,4492000,1935089821601506588,6558794978756541917,14466115479769115293
formal-isolated-mutation,baseline,whitefoot-chain,head-buckets,word8,4096,2048,4096,replace,1,2,103,512,512,1048576,3419000,1951882041121453793,5953993967926708049,11388540906096222742
formal-isolated-mutation,baseline,whitefoot-flat,physical-slots,word8,4096,2048,4096,replace,1,2,103,512,512,1048576,3652000,1951882041121453793,5953993967926708049,11388540906096222742
formal-isolated-mutation,baseline,cpp-unordered-map,chaining-buckets,word8,4096,2048,4096,replace,1,2,103,512,512,1048576,4633000,1951882041121453793,5953993967926708049,11388540906096222742
formal-isolated-mutation,baseline,rust-hash-map,usable-entries,word8,4096,2048,3584,replace,1,2,103,512,512,1048576,2700000,1951882041121453793,5953993967926708049,11388540906096222742
formal-isolated-mutation,baseline,whitefoot-flat,physical-slots,word8,4096,2048,4096,replace,1,3,104,512,512,1048576,3486000,14304161718858749203,13830605729479137478,9959520025842494717
formal-isolated-mutation,baseline,cpp-unordered-map,chaining-buckets,word8,4096,2048,4096,replace,1,3,104,512,512,1048576,4733000,14304161718858749203,13830605729479137478,9959520025842494717
formal-isolated-mutation,baseline,rust-hash-map,usable-entries,word8,4096,2048,3584,replace,1,3,104,512,512,1048576,2788000,14304161718858749203,13830605729479137478,9959520025842494717
formal-isolated-mutation,baseline,whitefoot-chain,head-buckets,word8,4096,2048,4096,replace,1,3,104,512,512,1048576,3072000,14304161718858749203,13830605729479137478,9959520025842494717
formal-isolated-mutation,baseline,cpp-unordered-map,chaining-buckets,word8,4096,2048,4096,replace,1,4,105,512,512,1048576,4959000,11379130351144432977,4209192350472890587,3105434443357397326
formal-isolated-mutation,baseline,rust-hash-map,usable-entries,word8,4096,2048,3584,replace,1,4,105,512,512,1048576,2937000,11379130351144432977,4209192350472890587,3105434443357397326
formal-isolated-mutation,baseline,whitefoot-chain,head-buckets,word8,4096,2048,4096,replace,1,4,105,512,512,1048576,2830000,11379130351144432977,4209192350472890587,3105434443357397326
formal-isolated-mutation,baseline,whitefoot-flat,physical-slots,word8,4096,2048,4096,replace,1,4,105,512,512,1048576,3888000,11379130351144432977,4209192350472890587,3105434443357397326
formal-isolated-mutation,baseline,rust-hash-map,usable-entries,word8,4096,2048,3584,replace,1,5,106,512,512,1048576,2925000,12251642353774623270,833403251416686189,10436227290064263060
formal-isolated-mutation,baseline,whitefoot-chain,head-buckets,word8,4096,2048,4096,replace,1,5,106,512,512,1048576,2791000,12251642353774623270,833403251416686189,10436227290064263060
formal-isolated-mutation,baseline,whitefoot-flat,physical-slots,word8,4096,2048,4096,replace,1,5,106,512,512,1048576,4308000,12251642353774623270,833403251416686189,10436227290064263060
formal-isolated-mutation,baseline,cpp-unordered-map,chaining-buckets,word8,4096,2048,4096,replace,1,5,106,512,512,1048576,4328000,12251642353774623270,833403251416686189,10436227290064263060
formal-isolated-mutation,baseline,whitefoot-chain,head-buckets,word8,4096,2048,4096,replace,1,6,107,512,512,1048576,2816000,8033389661832950008,3766264394704203104,14562156551781632605
formal-isolated-mutation,baseline,whitefoot-flat,physical-slots,word8,4096,2048,4096,replace,1,6,107,512,512,1048576,3616000,8033389661832950008,3766264394704203104,14562156551781632605
formal-isolated-mutation,baseline,cpp-unordered-map,chaining-buckets,word8,4096,2048,4096,replace,1,6,107,512,512,1048576,4229000,8033389661832950008,3766264394704203104,14562156551781632605
formal-isolated-mutation,baseline,rust-hash-map,usable-entries,word8,4096,2048,3584,replace,1,6,107,512,512,1048576,2683000,8033389661832950008,3766264394704203104,14562156551781632605
formal-isolated-mutation,baseline,whitefoot-flat,physical-slots,word8,4096,2048,4096,replace,1,7,108,512,512,1048576,3925000,1046993030128260120,2454500479893543789,14768026503605617582
formal-isolated-mutation,baseline,cpp-unordered-map,chaining-buckets,word8,4096,2048,4096,replace,1,7,108,512,512,1048576,4364000,1046993030128260120,2454500479893543789,14768026503605617582
formal-isolated-mutation,baseline,rust-hash-map,usable-entries,word8,4096,2048,3584,replace,1,7,108,512,512,1048576,2763000,1046993030128260120,2454500479893543789,14768026503605617582
formal-isolated-mutation,baseline,whitefoot-chain,head-buckets,word8,4096,2048,4096,replace,1,7,108,512,512,1048576,3030000,1046993030128260120,2454500479893543789,14768026503605617582
formal-isolated-mutation,baseline,cpp-unordered-map,chaining-buckets,word8,4096,2048,4096,replace,1,8,109,512,512,1048576,4352000,8413322795025042257,4904183427984515141,10319780408451309694
formal-isolated-mutation,baseline,rust-hash-map,usable-entries,word8,4096,2048,3584,replace,1,8,109,512,512,1048576,2787000,8413322795025042257,4904183427984515141,10319780408451309694
formal-isolated-mutation,baseline,whitefoot-chain,head-buckets,word8,4096,2048,4096,replace,1,8,109,512,512,1048576,3091000,8413322795025042257,4904183427984515141,10319780408451309694
formal-isolated-mutation,baseline,whitefoot-flat,physical-slots,word8,4096,2048,4096,replace,1,8,109,512,512,1048576,3995000,8413322795025042257,4904183427984515141,10319780408451309694
formal-isolated-mutation,baseline,cpp-unordered-map,chaining-buckets,word8,4096,2048,4096,churn,1,0,101,512,512,1048576,30841000,8799152866740530150,12892485500574870081,15318239530852537950
formal-isolated-mutation,baseline,rust-hash-map,usable-entries,word8,4096,2048,3584,churn,1,0,101,512,512,1048576,11011000,8799152866740530150,12892485500574870081,15318239530852537950
formal-isolated-mutation,baseline,whitefoot-chain,head-buckets,word8,4096,2048,4096,churn,1,0,101,512,512,1048576,7344000,8799152866740530150,12892485500574870081,15318239530852537950
formal-isolated-mutation,baseline,whitefoot-flat,physical-slots,word8,4096,2048,4096,churn,1,0,101,512,512,1048576,15874000,8799152866740530150,12892485500574870081,15318239530852537950
formal-isolated-mutation,baseline,rust-hash-map,usable-entries,word8,4096,2048,3584,churn,1,1,102,512,512,1048576,11152000,5607125520057204017,6558794978756541917,14466115479769115293
formal-isolated-mutation,baseline,whitefoot-chain,head-buckets,word8,4096,2048,4096,churn,1,1,102,512,512,1048576,7397000,5607125520057204017,6558794978756541917,14466115479769115293
formal-isolated-mutation,baseline,whitefoot-flat,physical-slots,word8,4096,2048,4096,churn,1,1,102,512,512,1048576,14452000,5607125520057204017,6558794978756541917,14466115479769115293
formal-isolated-mutation,baseline,cpp-unordered-map,chaining-buckets,word8,4096,2048,4096,churn,1,1,102,512,512,1048576,32954000,5607125520057204017,6558794978756541917,14466115479769115293
formal-isolated-mutation,baseline,whitefoot-chain,head-buckets,word8,4096,2048,4096,churn,1,2,103,512,512,1048576,7450000,7623919904794872868,5953993967926708049,11388540906096222742
formal-isolated-mutation,baseline,whitefoot-flat,physical-slots,word8,4096,2048,4096,churn,1,2,103,512,512,1048576,14398000,7623919904794872868,5953993967926708049,11388540906096222742
formal-isolated-mutation,baseline,cpp-unordered-map,chaining-buckets,word8,4096,2048,4096,churn,1,2,103,512,512,1048576,31252000,7623919904794872868,5953993967926708049,11388540906096222742
formal-isolated-mutation,baseline,rust-hash-map,usable-entries,word8,4096,2048,3584,churn,1,2,103,512,512,1048576,10662000,7623919904794872868,5953993967926708049,11388540906096222742
formal-isolated-mutation,baseline,whitefoot-flat,physical-slots,word8,4096,2048,4096,churn,1,3,104,512,512,1048576,15210000,13715727663386659120,13830605729479137478,9959520025842494717
formal-isolated-mutation,baseline,cpp-unordered-map,chaining-buckets,word8,4096,2048,4096,churn,1,3,104,512,512,1048576,32880000,13715727663386659120,13830605729479137478,9959520025842494717
formal-isolated-mutation,baseline,rust-hash-map,usable-entries,word8,4096,2048,3584,churn,1,3,104,512,512,1048576,11090000,13715727663386659120,13830605729479137478,9959520025842494717
formal-isolated-mutation,baseline,whitefoot-chain,head-buckets,word8,4096,2048,4096,churn,1,3,104,512,512,1048576,9572000,13715727663386659120,13830605729479137478,9959520025842494717
formal-isolated-mutation,baseline,cpp-unordered-map,chaining-buckets,word8,4096,2048,4096,churn,1,4,105,512,512,1048576,31345000,15082010733789155885,4209192350472890587,3105434443357397326
formal-isolated-mutation,baseline,rust-hash-map,usable-entries,word8,4096,2048,3584,churn,1,4,105,512,512,1048576,11338000,15082010733789155885,4209192350472890587,3105434443357397326
formal-isolated-mutation,baseline,whitefoot-chain,head-buckets,word8,4096,2048,4096,churn,1,4,105,512,512,1048576,6915000,15082010733789155885,4209192350472890587,3105434443357397326
formal-isolated-mutation,baseline,whitefoot-flat,physical-slots,word8,4096,2048,4096,churn,1,4,105,512,512,1048576,15216000,15082010733789155885,4209192350472890587,3105434443357397326
formal-isolated-mutation,baseline,rust-hash-map,usable-entries,word8,4096,2048,3584,churn,1,5,106,512,512,1048576,12760000,12842905645731754778,833403251416686189,10436227290064263060
formal-isolated-mutation,baseline,whitefoot-chain,head-buckets,word8,4096,2048,4096,churn,1,5,106,512,512,1048576,8367000,12842905645731754778,833403251416686189,10436227290064263060
formal-isolated-mutation,baseline,whitefoot-flat,physical-slots,word8,4096,2048,4096,churn,1,5,106,512,512,1048576,12469000,12842905645731754778,833403251416686189,10436227290064263060
formal-isolated-mutation,baseline,cpp-unordered-map,chaining-buckets,word8,4096,2048,4096,churn,1,5,106,512,512,1048576,32277000,12842905645731754778,833403251416686189,10436227290064263060
formal-isolated-mutation,baseline,whitefoot-chain,head-buckets,word8,4096,2048,4096,churn,1,6,107,512,512,1048576,7327000,2600790722277263761,3766264394704203104,14562156551781632605
formal-isolated-mutation,baseline,whitefoot-flat,physical-slots,word8,4096,2048,4096,churn,1,6,107,512,512,1048576,13502000,2600790722277263761,3766264394704203104,14562156551781632605
formal-isolated-mutation,baseline,cpp-unordered-map,chaining-buckets,word8,4096,2048,4096,churn,1,6,107,512,512,1048576,30995000,2600790722277263761,3766264394704203104,14562156551781632605
formal-isolated-mutation,baseline,rust-hash-map,usable-entries,word8,4096,2048,3584,churn,1,6,107,512,512,1048576,10626000,2600790722277263761,3766264394704203104,14562156551781632605
formal-isolated-mutation,baseline,whitefoot-flat,physical-slots,word8,4096,2048,4096,churn,1,7,108,512,512,1048576,14620000,10569362474842633493,2454500479893543789,14768026503605617582
formal-isolated-mutation,baseline,cpp-unordered-map,chaining-buckets,word8,4096,2048,4096,churn,1,7,108,512,512,1048576,31608000,10569362474842633493,2454500479893543789,14768026503605617582
formal-isolated-mutation,baseline,rust-hash-map,usable-entries,word8,4096,2048,3584,churn,1,7,108,512,512,1048576,10852000,10569362474842633493,2454500479893543789,14768026503605617582
formal-isolated-mutation,baseline,whitefoot-chain,head-buckets,word8,4096,2048,4096,churn,1,7,108,512,512,1048576,8059000,10569362474842633493,2454500479893543789,14768026503605617582
formal-isolated-mutation,baseline,cpp-unordered-map,chaining-buckets,word8,4096,2048,4096,churn,1,8,109,512,512,1048576,30884000,17633044524729442276,4904183427984515141,10319780408451309694
formal-isolated-mutation,baseline,rust-hash-map,usable-entries,word8,4096,2048,3584,churn,1,8,109,512,512,1048576,11240000,17633044524729442276,4904183427984515141,10319780408451309694
formal-isolated-mutation,baseline,whitefoot-chain,head-buckets,word8,4096,2048,4096,churn,1,8,109,512,512,1048576,7680000,17633044524729442276,4904183427984515141,10319780408451309694
formal-isolated-mutation,baseline,whitefoot-flat,physical-slots,word8,4096,2048,4096,churn,1,8,109,512,512,1048576,16047000,17633044524729442276,4904183427984515141,10319780408451309694
formal-isolated-mutation,baseline,cpp-unordered-map,chaining-buckets,word8,64,32,64,replace,1,0,101,32768,32768,1048576,2835000,18096573721732818519,12077982526663781769,12749132361983993480
formal-isolated-mutation,baseline,rust-hash-map,usable-entries,word8,64,32,56,replace,1,0,101,32768,32768,1048576,2614000,18096573721732818519,12077982526663781769,12749132361983993480
formal-isolated-mutation,baseline,whitefoot-chain,head-buckets,word8,64,32,64,replace,1,0,101,32768,32768,1048576,2393000,18096573721732818519,12077982526663781769,12749132361983993480
formal-isolated-mutation,baseline,whitefoot-flat,physical-slots,word8,64,32,64,replace,1,0,101,32768,32768,1048576,2792000,18096573721732818519,12077982526663781769,12749132361983993480
formal-isolated-mutation,baseline,rust-hash-map,usable-entries,word8,64,32,56,replace,1,1,102,32768,32768,1048576,2719000,14470636289158971276,7995702684288656807,12244221203303174045
formal-isolated-mutation,baseline,whitefoot-chain,head-buckets,word8,64,32,64,replace,1,1,102,32768,32768,1048576,2376000,14470636289158971276,7995702684288656807,12244221203303174045
formal-isolated-mutation,baseline,whitefoot-flat,physical-slots,word8,64,32,64,replace,1,1,102,32768,32768,1048576,2810000,14470636289158971276,7995702684288656807,12244221203303174045
formal-isolated-mutation,baseline,cpp-unordered-map,chaining-buckets,word8,64,32,64,replace,1,1,102,32768,32768,1048576,2887000,14470636289158971276,7995702684288656807,12244221203303174045
formal-isolated-mutation,baseline,whitefoot-chain,head-buckets,word8,64,32,64,replace,1,2,103,32768,32768,1048576,2347000,9973176258566731091,11373434725935837862,15648614559169679663
formal-isolated-mutation,baseline,whitefoot-flat,physical-slots,word8,64,32,64,replace,1,2,103,32768,32768,1048576,2679000,9973176258566731091,11373434725935837862,15648614559169679663
formal-isolated-mutation,baseline,cpp-unordered-map,chaining-buckets,word8,64,32,64,replace,1,2,103,32768,32768,1048576,3446000,9973176258566731091,11373434725935837862,15648614559169679663
formal-isolated-mutation,baseline,rust-hash-map,usable-entries,word8,64,32,56,replace,1,2,103,32768,32768,1048576,2577000,9973176258566731091,11373434725935837862,15648614559169679663
formal-isolated-mutation,baseline,whitefoot-flat,physical-slots,word8,64,32,64,replace,1,3,104,32768,32768,1048576,2801000,16089982674628147203,9676260734854056746,2848619765991137053
formal-isolated-mutation,baseline,cpp-unordered-map,chaining-buckets,word8,64,32,64,replace,1,3,104,32768,32768,1048576,2961000,16089982674628147203,9676260734854056746,2848619765991137053
formal-isolated-mutation,baseline,rust-hash-map,usable-entries,word8,64,32,56,replace,1,3,104,32768,32768,1048576,2596000,16089982674628147203,9676260734854056746,2848619765991137053
formal-isolated-mutation,baseline,whitefoot-chain,head-buckets,word8,64,32,64,replace,1,3,104,32768,32768,1048576,2388000,16089982674628147203,9676260734854056746,2848619765991137053
formal-isolated-mutation,baseline,cpp-unordered-map,chaining-buckets,word8,64,32,64,replace,1,4,105,32768,32768,1048576,3163000,2556899712354080479,3308030074824571516,10059556291468621031
formal-isolated-mutation,baseline,rust-hash-map,usable-entries,word8,64,32,56,replace,1,4,105,32768,32768,1048576,3178000,2556899712354080479,3308030074824571516,10059556291468621031
formal-isolated-mutation,baseline,whitefoot-chain,head-buckets,word8,64,32,64,replace,1,4,105,32768,32768,1048576,2394000,2556899712354080479,3308030074824571516,10059556291468621031
formal-isolated-mutation,baseline,whitefoot-flat,physical-slots,word8,64,32,64,replace,1,4,105,32768,32768,1048576,3368000,2556899712354080479,3308030074824571516,10059556291468621031
formal-isolated-mutation,baseline,rust-hash-map,usable-entries,word8,64,32,56,replace,1,5,106,32768,32768,1048576,2702000,3405593398268564637,5209183629775218254,900397986388891109
formal-isolated-mutation,baseline,whitefoot-chain,head-buckets,word8,64,32,64,replace,1,5,106,32768,32768,1048576,2410000,3405593398268564637,5209183629775218254,900397986388891109
formal-isolated-mutation,baseline,whitefoot-flat,physical-slots,word8,64,32,64,replace,1,5,106,32768,32768,1048576,2767000,3405593398268564637,5209183629775218254,900397986388891109
formal-isolated-mutation,baseline,cpp-unordered-map,chaining-buckets,word8,64,32,64,replace,1,5,106,32768,32768,1048576,2933000,3405593398268564637,5209183629775218254,900397986388891109
formal-isolated-mutation,baseline,whitefoot-chain,head-buckets,word8,64,32,64,replace,1,6,107,32768,32768,1048576,2410000,7681617421452767597,14798175020615415202,10515582106697849762
formal-isolated-mutation,baseline,whitefoot-flat,physical-slots,word8,64,32,64,replace,1,6,107,32768,32768,1048576,3210000,7681617421452767597,14798175020615415202,10515582106697849762
formal-isolated-mutation,baseline,cpp-unordered-map,chaining-buckets,word8,64,32,64,replace,1,6,107,32768,32768,1048576,2828000,7681617421452767597,14798175020615415202,10515582106697849762
formal-isolated-mutation,baseline,rust-hash-map,usable-entries,word8,64,32,56,replace,1,6,107,32768,32768,1048576,2612000,7681617421452767597,14798175020615415202,10515582106697849762
formal-isolated-mutation,baseline,whitefoot-flat,physical-slots,word8,64,32,64,replace,1,7,108,32768,32768,1048576,2809000,2327915804901543052,4417241696690132572,4713894674198377865
formal-isolated-mutation,baseline,cpp-unordered-map,chaining-buckets,word8,64,32,64,replace,1,7,108,32768,32768,1048576,2898000,2327915804901543052,4417241696690132572,4713894674198377865
formal-isolated-mutation,baseline,rust-hash-map,usable-entries,word8,64,32,56,replace,1,7,108,32768,32768,1048576,2622000,2327915804901543052,4417241696690132572,4713894674198377865
formal-isolated-mutation,baseline,whitefoot-chain,head-buckets,word8,64,32,64,replace,1,7,108,32768,32768,1048576,2389000,2327915804901543052,4417241696690132572,4713894674198377865
formal-isolated-mutation,baseline,cpp-unordered-map,chaining-buckets,word8,64,32,64,replace,1,8,109,32768,32768,1048576,2824000,15581882087185304535,144157231638344912,5599822130869204459
formal-isolated-mutation,baseline,rust-hash-map,usable-entries,word8,64,32,56,replace,1,8,109,32768,32768,1048576,2585000,15581882087185304535,144157231638344912,5599822130869204459
formal-isolated-mutation,baseline,whitefoot-chain,head-buckets,word8,64,32,64,replace,1,8,109,32768,32768,1048576,2460000,15581882087185304535,144157231638344912,5599822130869204459
formal-isolated-mutation,baseline,whitefoot-flat,physical-slots,word8,64,32,64,replace,1,8,109,32768,32768,1048576,3348000,15581882087185304535,144157231638344912,5599822130869204459
formal-isolated-mutation,baseline,cpp-unordered-map,chaining-buckets,word8,64,32,64,churn,1,0,101,32768,32768,1048576,30183000,18110906709719556088,12077982526663781769,12749132361983993480
formal-isolated-mutation,baseline,rust-hash-map,usable-entries,word8,64,32,56,churn,1,0,101,32768,32768,1048576,16561000,18110906709719556088,12077982526663781769,12749132361983993480
formal-isolated-mutation,baseline,whitefoot-chain,head-buckets,word8,64,32,64,churn,1,0,101,32768,32768,1048576,6546000,18110906709719556088,12077982526663781769,12749132361983993480
formal-isolated-mutation,baseline,whitefoot-flat,physical-slots,word8,64,32,64,churn,1,0,101,32768,32768,1048576,8814000,18110906709719556088,12077982526663781769,12749132361983993480
formal-isolated-mutation,baseline,rust-hash-map,usable-entries,word8,64,32,56,churn,1,1,102,32768,32768,1048576,15967000,9296874036845416241,7995702684288656807,12244221203303174045
formal-isolated-mutation,baseline,whitefoot-chain,head-buckets,word8,64,32,64,churn,1,1,102,32768,32768,1048576,6334000,9296874036845416241,7995702684288656807,12244221203303174045
formal-isolated-mutation,baseline,whitefoot-flat,physical-slots,word8,64,32,64,churn,1,1,102,32768,32768,1048576,10393000,9296874036845416241,7995702684288656807,12244221203303174045
formal-isolated-mutation,baseline,cpp-unordered-map,chaining-buckets,word8,64,32,64,churn,1,1,102,32768,32768,1048576,29968000,9296874036845416241,7995702684288656807,12244221203303174045
formal-isolated-mutation,baseline,whitefoot-chain,head-buckets,word8,64,32,64,churn,1,2,103,32768,32768,1048576,5478000,12903157730705904877,11373434725935837862,15648614559169679663
formal-isolated-mutation,baseline,whitefoot-flat,physical-slots,word8,64,32,64,churn,1,2,103,32768,32768,1048576,8665000,12903157730705904877,11373434725935837862,15648614559169679663
formal-isolated-mutation,baseline,cpp-unordered-map,chaining-buckets,word8,64,32,64,churn,1,2,103,32768,32768,1048576,29046000,12903157730705904877,11373434725935837862,15648614559169679663
formal-isolated-mutation,baseline,rust-hash-map,usable-entries,word8,64,32,56,churn,1,2,103,32768,32768,1048576,16615000,12903157730705904877,11373434725935837862,15648614559169679663
formal-isolated-mutation,baseline,whitefoot-flat,physical-slots,word8,64,32,64,churn,1,3,104,32768,32768,1048576,9750000,4253743068328656138,9676260734854056746,2848619765991137053
formal-isolated-mutation,baseline,cpp-unordered-map,chaining-buckets,word8,64,32,64,churn,1,3,104,32768,32768,1048576,29622000,4253743068328656138,9676260734854056746,2848619765991137053
formal-isolated-mutation,baseline,rust-hash-map,usable-entries,word8,64,32,56,churn,1,3,104,32768,32768,1048576,16252000,4253743068328656138,9676260734854056746,2848619765991137053
formal-isolated-mutation,baseline,whitefoot-chain,head-buckets,word8,64,32,64,churn,1,3,104,32768,32768,1048576,6226000,4253743068328656138,9676260734854056746,2848619765991137053
formal-isolated-mutation,baseline,cpp-unordered-map,chaining-buckets,word8,64,32,64,churn,1,4,105,32768,32768,1048576,29254000,628659943078117645,3308030074824571516,10059556291468621031
formal-isolated-mutation,baseline,rust-hash-map,usable-entries,word8,64,32,56,churn,1,4,105,32768,32768,1048576,16785000,628659943078117645,3308030074824571516,10059556291468621031
formal-isolated-mutation,baseline,whitefoot-chain,head-buckets,word8,64,32,64,churn,1,4,105,32768,32768,1048576,5886000,628659943078117645,3308030074824571516,10059556291468621031
formal-isolated-mutation,baseline,whitefoot-flat,physical-slots,word8,64,32,64,churn,1,4,105,32768,32768,1048576,8702000,628659943078117645,3308030074824571516,10059556291468621031
formal-isolated-mutation,baseline,rust-hash-map,usable-entries,word8,64,32,56,churn,1,5,106,32768,32768,1048576,16732000,2475384722324267649,5209183629775218254,900397986388891109
formal-isolated-mutation,baseline,whitefoot-chain,head-buckets,word8,64,32,64,churn,1,5,106,32768,32768,1048576,6480000,2475384722324267649,5209183629775218254,900397986388891109
formal-isolated-mutation,baseline,whitefoot-flat,physical-slots,word8,64,32,64,churn,1,5,106,32768,32768,1048576,9896000,2475384722324267649,5209183629775218254,900397986388891109
formal-isolated-mutation,baseline,cpp-unordered-map,chaining-buckets,word8,64,32,64,churn,1,5,106,32768,32768,1048576,28362000,2475384722324267649,5209183629775218254,900397986388891109
formal-isolated-mutation,baseline,whitefoot-chain,head-buckets,word8,64,32,64,churn,1,6,107,32768,32768,1048576,6041000,2402000015043713974,14798175020615415202,10515582106697849762
formal-isolated-mutation,baseline,whitefoot-flat,physical-slots,word8,64,32,64,churn,1,6,107,32768,32768,1048576,8483000,2402000015043713974,14798175020615415202,10515582106697849762
formal-isolated-mutation,baseline,cpp-unordered-map,chaining-buckets,word8,64,32,64,churn,1,6,107,32768,32768,1048576,28568000,2402000015043713974,14798175020615415202,10515582106697849762
formal-isolated-mutation,baseline,rust-hash-map,usable-entries,word8,64,32,56,churn,1,6,107,32768,32768,1048576,18216000,2402000015043713974,14798175020615415202,10515582106697849762
formal-isolated-mutation,baseline,whitefoot-flat,physical-slots,word8,64,32,64,churn,1,7,108,32768,32768,1048576,10408000,5723748881526033307,4417241696690132572,4713894674198377865
formal-isolated-mutation,baseline,cpp-unordered-map,chaining-buckets,word8,64,32,64,churn,1,7,108,32768,32768,1048576,27767000,5723748881526033307,4417241696690132572,4713894674198377865
formal-isolated-mutation,baseline,rust-hash-map,usable-entries,word8,64,32,56,churn,1,7,108,32768,32768,1048576,17469000,5723748881526033307,4417241696690132572,4713894674198377865
formal-isolated-mutation,baseline,whitefoot-chain,head-buckets,word8,64,32,64,churn,1,7,108,32768,32768,1048576,5882000,5723748881526033307,4417241696690132572,4713894674198377865
formal-isolated-mutation,baseline,cpp-unordered-map,chaining-buckets,word8,64,32,64,churn,1,8,109,32768,32768,1048576,30274000,2256372710712324380,144157231638344912,5599822130869204459
formal-isolated-mutation,baseline,rust-hash-map,usable-entries,word8,64,32,56,churn,1,8,109,32768,32768,1048576,19321000,2256372710712324380,144157231638344912,5599822130869204459
formal-isolated-mutation,baseline,whitefoot-chain,head-buckets,word8,64,32,64,churn,1,8,109,32768,32768,1048576,5674000,2256372710712324380,144157231638344912,5599822130869204459
formal-isolated-mutation,baseline,whitefoot-flat,physical-slots,word8,64,32,64,churn,1,8,109,32768,32768,1048576,8863000,2256372710712324380,144157231638344912,5599822130869204459
formal-isolated-mutation,baseline,cpp-unordered-map,chaining-buckets,wide256,4096,2048,4096,replace,1,0,101,512,512,1048576,24338000,2075292407092999172,12892485500574870081,14000432475348375067
formal-isolated-mutation,baseline,rust-hash-map,usable-entries,wide256,4096,2048,3584,replace,1,0,101,512,512,1048576,31577000,2075292407092999172,12892485500574870081,14000432475348375067
formal-isolated-mutation,baseline,whitefoot-chain,head-buckets,wide256,4096,2048,4096,replace,1,0,101,512,512,1048576,35184000,2075292407092999172,12892485500574870081,14000432475348375067
formal-isolated-mutation,baseline,whitefoot-flat,physical-slots,wide256,4096,2048,4096,replace,1,0,101,512,512,1048576,39272000,2075292407092999172,12892485500574870081,14000432475348375067
formal-isolated-mutation,baseline,rust-hash-map,usable-entries,wide256,4096,2048,3584,replace,1,1,102,512,512,1048576,29347000,15016135266304332727,6558794978756541917,6114081484065616256
formal-isolated-mutation,baseline,whitefoot-chain,head-buckets,wide256,4096,2048,4096,replace,1,1,102,512,512,1048576,36326000,15016135266304332727,6558794978756541917,6114081484065616256
formal-isolated-mutation,baseline,whitefoot-flat,physical-slots,wide256,4096,2048,4096,replace,1,1,102,512,512,1048576,34421000,15016135266304332727,6558794978756541917,6114081484065616256
formal-isolated-mutation,baseline,cpp-unordered-map,chaining-buckets,wide256,4096,2048,4096,replace,1,1,102,512,512,1048576,25718000,15016135266304332727,6558794978756541917,6114081484065616256
formal-isolated-mutation,baseline,whitefoot-chain,head-buckets,wide256,4096,2048,4096,replace,1,2,103,512,512,1048576,35855000,13111167608270029513,5953993967926708049,17365355996308864561
formal-isolated-mutation,baseline,whitefoot-flat,physical-slots,wide256,4096,2048,4096,replace,1,2,103,512,512,1048576,35719000,13111167608270029513,5953993967926708049,17365355996308864561
formal-isolated-mutation,baseline,cpp-unordered-map,chaining-buckets,wide256,4096,2048,4096,replace,1,2,103,512,512,1048576,24743000,13111167608270029513,5953993967926708049,17365355996308864561
formal-isolated-mutation,baseline,rust-hash-map,usable-entries,wide256,4096,2048,3584,replace,1,2,103,512,512,1048576,29060000,13111167608270029513,5953993967926708049,17365355996308864561
formal-isolated-mutation,baseline,whitefoot-flat,physical-slots,wide256,4096,2048,4096,replace,1,3,104,512,512,1048576,34433000,12269217098477494046,13830605729479137478,10986041400113567925
formal-isolated-mutation,baseline,cpp-unordered-map,chaining-buckets,wide256,4096,2048,4096,replace,1,3,104,512,512,1048576,27711000,12269217098477494046,13830605729479137478,10986041400113567925
formal-isolated-mutation,baseline,rust-hash-map,usable-entries,wide256,4096,2048,3584,replace,1,3,104,512,512,1048576,31203000,12269217098477494046,13830605729479137478,10986041400113567925
formal-isolated-mutation,baseline,whitefoot-chain,head-buckets,wide256,4096,2048,4096,replace,1,3,104,512,512,1048576,35824000,12269217098477494046,13830605729479137478,10986041400113567925
formal-isolated-mutation,baseline,cpp-unordered-map,chaining-buckets,wide256,4096,2048,4096,replace,1,4,105,512,512,1048576,24410000,8558675102460689755,4209192350472890587,9072634033921710457
formal-isolated-mutation,baseline,rust-hash-map,usable-entries,wide256,4096,2048,3584,replace,1,4,105,512,512,1048576,29181000,8558675102460689755,4209192350472890587,9072634033921710457
formal-isolated-mutation,baseline,whitefoot-chain,head-buckets,wide256,4096,2048,4096,replace,1,4,105,512,512,1048576,36009000,8558675102460689755,4209192350472890587,9072634033921710457
formal-isolated-mutation,baseline,whitefoot-flat,physical-slots,wide256,4096,2048,4096,replace,1,4,105,512,512,1048576,35317000,8558675102460689755,4209192350472890587,9072634033921710457
formal-isolated-mutation,baseline,rust-hash-map,usable-entries,wide256,4096,2048,3584,replace,1,5,106,512,512,1048576,28560000,1015220568023613307,833403251416686189,1227787846763681594
formal-isolated-mutation,baseline,whitefoot-chain,head-buckets,wide256,4096,2048,4096,replace,1,5,106,512,512,1048576,35647000,1015220568023613307,833403251416686189,1227787846763681594
formal-isolated-mutation,baseline,whitefoot-flat,physical-slots,wide256,4096,2048,4096,replace,1,5,106,512,512,1048576,34492000,1015220568023613307,833403251416686189,1227787846763681594
formal-isolated-mutation,baseline,cpp-unordered-map,chaining-buckets,wide256,4096,2048,4096,replace,1,5,106,512,512,1048576,26046000,1015220568023613307,833403251416686189,1227787846763681594
formal-isolated-mutation,baseline,whitefoot-chain,head-buckets,wide256,4096,2048,4096,replace,1,6,107,512,512,1048576,38785000,12194700616496320316,3766264394704203104,10472553841192511759
formal-isolated-mutation,baseline,whitefoot-flat,physical-slots,wide256,4096,2048,4096,replace,1,6,107,512,512,1048576,34566000,12194700616496320316,3766264394704203104,10472553841192511759
formal-isolated-mutation,baseline,cpp-unordered-map,chaining-buckets,wide256,4096,2048,4096,replace,1,6,107,512,512,1048576,25138000,12194700616496320316,3766264394704203104,10472553841192511759
formal-isolated-mutation,baseline,rust-hash-map,usable-entries,wide256,4096,2048,3584,replace,1,6,107,512,512,1048576,29164000,12194700616496320316,3766264394704203104,10472553841192511759
formal-isolated-mutation,baseline,whitefoot-flat,physical-slots,wide256,4096,2048,4096,replace,1,7,108,512,512,1048576,34328000,15102489409772330042,2454500479893543789,8088679192759448843
formal-isolated-mutation,baseline,cpp-unordered-map,chaining-buckets,wide256,4096,2048,4096,replace,1,7,108,512,512,1048576,26640000,15102489409772330042,2454500479893543789,8088679192759448843
formal-isolated-mutation,baseline,rust-hash-map,usable-entries,wide256,4096,2048,3584,replace,1,7,108,512,512,1048576,28730000,15102489409772330042,2454500479893543789,8088679192759448843
formal-isolated-mutation,baseline,whitefoot-chain,head-buckets,wide256,4096,2048,4096,replace,1,7,108,512,512,1048576,35605000,15102489409772330042,2454500479893543789,8088679192759448843
formal-isolated-mutation,baseline,cpp-unordered-map,chaining-buckets,wide256,4096,2048,4096,replace,1,8,109,512,512,1048576,24659000,3775378562665119119,4904183427984515141,6396831191577749462
formal-isolated-mutation,baseline,rust-hash-map,usable-entries,wide256,4096,2048,3584,replace,1,8,109,512,512,1048576,28701000,3775378562665119119,4904183427984515141,6396831191577749462
formal-isolated-mutation,baseline,whitefoot-chain,head-buckets,wide256,4096,2048,4096,replace,1,8,109,512,512,1048576,35602000,3775378562665119119,4904183427984515141,6396831191577749462
formal-isolated-mutation,baseline,whitefoot-flat,physical-slots,wide256,4096,2048,4096,replace,1,8,109,512,512,1048576,36599000,3775378562665119119,4904183427984515141,6396831191577749462
formal-isolated-mutation,baseline,cpp-unordered-map,chaining-buckets,wide256,4096,2048,4096,churn,1,0,101,512,512,1048576,62399000,3733185538357415121,12892485500574870081,14000432475348375067
formal-isolated-mutation,baseline,rust-hash-map,usable-entries,wide256,4096,2048,3584,churn,1,0,101,512,512,1048576,37772000,3733185538357415121,12892485500574870081,14000432475348375067
formal-isolated-mutation,baseline,whitefoot-chain,head-buckets,wide256,4096,2048,4096,churn,1,0,101,512,512,1048576,52064000,3733185538357415121,12892485500574870081,14000432475348375067
formal-isolated-mutation,baseline,whitefoot-flat,physical-slots,wide256,4096,2048,4096,churn,1,0,101,512,512,1048576,53795000,3733185538357415121,12892485500574870081,14000432475348375067
formal-isolated-mutation,baseline,rust-hash-map,usable-entries,wide256,4096,2048,3584,churn,1,1,102,512,512,1048576,33341000,3586090662414033173,6558794978756541917,6114081484065616256
formal-isolated-mutation,baseline,whitefoot-chain,head-buckets,wide256,4096,2048,4096,churn,1,1,102,512,512,1048576,50966000,3586090662414033173,6558794978756541917,6114081484065616256
formal-isolated-mutation,baseline,whitefoot-flat,physical-slots,wide256,4096,2048,4096,churn,1,1,102,512,512,1048576,54866000,3586090662414033173,6558794978756541917,6114081484065616256
formal-isolated-mutation,baseline,cpp-unordered-map,chaining-buckets,wide256,4096,2048,4096,churn,1,1,102,512,512,1048576,67049000,3586090662414033173,6558794978756541917,6114081484065616256
formal-isolated-mutation,baseline,whitefoot-chain,head-buckets,wide256,4096,2048,4096,churn,1,2,103,512,512,1048576,51249000,11765639576573538766,5953993967926708049,17365355996308864561
formal-isolated-mutation,baseline,whitefoot-flat,physical-slots,wide256,4096,2048,4096,churn,1,2,103,512,512,1048576,54545000,11765639576573538766,5953993967926708049,17365355996308864561
formal-isolated-mutation,baseline,cpp-unordered-map,chaining-buckets,wide256,4096,2048,4096,churn,1,2,103,512,512,1048576,62649000,11765639576573538766,5953993967926708049,17365355996308864561
formal-isolated-mutation,baseline,rust-hash-map,usable-entries,wide256,4096,2048,3584,churn,1,2,103,512,512,1048576,34922000,11765639576573538766,5953993967926708049,17365355996308864561
formal-isolated-mutation,baseline,whitefoot-flat,physical-slots,wide256,4096,2048,4096,churn,1,3,104,512,512,1048576,55351000,4848601812476263582,13830605729479137478,10986041400113567925
formal-isolated-mutation,baseline,cpp-unordered-map,chaining-buckets,wide256,4096,2048,4096,churn,1,3,104,512,512,1048576,65009000,4848601812476263582,13830605729479137478,10986041400113567925
formal-isolated-mutation,baseline,rust-hash-map,usable-entries,wide256,4096,2048,3584,churn,1,3,104,512,512,1048576,33215000,4848601812476263582,13830605729479137478,10986041400113567925
formal-isolated-mutation,baseline,whitefoot-chain,head-buckets,wide256,4096,2048,4096,churn,1,3,104,512,512,1048576,51634000,4848601812476263582,13830605729479137478,10986041400113567925
formal-isolated-mutation,baseline,cpp-unordered-map,chaining-buckets,wide256,4096,2048,4096,churn,1,4,105,512,512,1048576,63471000,1631485328074789459,4209192350472890587,9072634033921710457
formal-isolated-mutation,baseline,rust-hash-map,usable-entries,wide256,4096,2048,3584,churn,1,4,105,512,512,1048576,33321000,1631485328074789459,4209192350472890587,9072634033921710457
formal-isolated-mutation,baseline,whitefoot-chain,head-buckets,wide256,4096,2048,4096,churn,1,4,105,512,512,1048576,51203000,1631485328074789459,4209192350472890587,9072634033921710457
formal-isolated-mutation,baseline,whitefoot-flat,physical-slots,wide256,4096,2048,4096,churn,1,4,105,512,512,1048576,55850000,1631485328074789459,4209192350472890587,9072634033921710457
formal-isolated-mutation,baseline,rust-hash-map,usable-entries,wide256,4096,2048,3584,churn,1,5,106,512,512,1048576,33784000,11582209390180129761,833403251416686189,1227787846763681594
formal-isolated-mutation,baseline,whitefoot-chain,head-buckets,wide256,4096,2048,4096,churn,1,5,106,512,512,1048576,51464000,11582209390180129761,833403251416686189,1227787846763681594
formal-isolated-mutation,baseline,whitefoot-flat,physical-slots,wide256,4096,2048,4096,churn,1,5,106,512,512,1048576,55928000,11582209390180129761,833403251416686189,1227787846763681594
formal-isolated-mutation,baseline,cpp-unordered-map,chaining-buckets,wide256,4096,2048,4096,churn,1,5,106,512,512,1048576,65760000,11582209390180129761,833403251416686189,1227787846763681594
formal-isolated-mutation,baseline,whitefoot-chain,head-buckets,wide256,4096,2048,4096,churn,1,6,107,512,512,1048576,51948000,12490145925984139089,3766264394704203104,10472553841192511759
formal-isolated-mutation,baseline,whitefoot-flat,physical-slots,wide256,4096,2048,4096,churn,1,6,107,512,512,1048576,54640000,12490145925984139089,3766264394704203104,10472553841192511759
formal-isolated-mutation,baseline,cpp-unordered-map,chaining-buckets,wide256,4096,2048,4096,churn,1,6,107,512,512,1048576,63253000,12490145925984139089,3766264394704203104,10472553841192511759
formal-isolated-mutation,baseline,rust-hash-map,usable-entries,wide256,4096,2048,3584,churn,1,6,107,512,512,1048576,33484000,12490145925984139089,3766264394704203104,10472553841192511759
formal-isolated-mutation,baseline,whitefoot-flat,physical-slots,wide256,4096,2048,4096,churn,1,7,108,512,512,1048576,54182000,8993427988989229243,2454500479893543789,8088679192759448843
formal-isolated-mutation,baseline,cpp-unordered-map,chaining-buckets,wide256,4096,2048,4096,churn,1,7,108,512,512,1048576,65327000,8993427988989229243,2454500479893543789,8088679192759448843
formal-isolated-mutation,baseline,rust-hash-map,usable-entries,wide256,4096,2048,3584,churn,1,7,108,512,512,1048576,33020000,8993427988989229243,2454500479893543789,8088679192759448843
formal-isolated-mutation,baseline,whitefoot-chain,head-buckets,wide256,4096,2048,4096,churn,1,7,108,512,512,1048576,50816000,8993427988989229243,2454500479893543789,8088679192759448843
formal-isolated-mutation,baseline,cpp-unordered-map,chaining-buckets,wide256,4096,2048,4096,churn,1,8,109,512,512,1048576,62296000,8409122420295524922,4904183427984515141,6396831191577749462
formal-isolated-mutation,baseline,rust-hash-map,usable-entries,wide256,4096,2048,3584,churn,1,8,109,512,512,1048576,34250000,8409122420295524922,4904183427984515141,6396831191577749462
formal-isolated-mutation,baseline,whitefoot-chain,head-buckets,wide256,4096,2048,4096,churn,1,8,109,512,512,1048576,50022000,8409122420295524922,4904183427984515141,6396831191577749462
formal-isolated-mutation,baseline,whitefoot-flat,physical-slots,wide256,4096,2048,4096,churn,1,8,109,512,512,1048576,53191000,8409122420295524922,4904183427984515141,6396831191577749462
formal-isolated-mutation,baseline,cpp-unordered-map,chaining-buckets,wide256,64,32,64,replace,1,0,101,32768,32768,1048576,19826000,3780980432890818720,12077982526663781769,11044626966882154137
formal-isolated-mutation,baseline,rust-hash-map,usable-entries,wide256,64,32,56,replace,1,0,101,32768,32768,1048576,22975000,3780980432890818720,12077982526663781769,11044626966882154137
formal-isolated-mutation,baseline,whitefoot-chain,head-buckets,wide256,64,32,64,replace,1,0,101,32768,32768,1048576,33349000,3780980432890818720,12077982526663781769,11044626966882154137
formal-isolated-mutation,baseline,whitefoot-flat,physical-slots,wide256,64,32,64,replace,1,0,101,32768,32768,1048576,31157000,3780980432890818720,12077982526663781769,11044626966882154137
formal-isolated-mutation,baseline,rust-hash-map,usable-entries,wide256,64,32,56,replace,1,1,102,32768,32768,1048576,23241000,9155012714890369401,7995702684288656807,13271203342924839154
formal-isolated-mutation,baseline,whitefoot-chain,head-buckets,wide256,64,32,64,replace,1,1,102,32768,32768,1048576,33035000,9155012714890369401,7995702684288656807,13271203342924839154
formal-isolated-mutation,baseline,whitefoot-flat,physical-slots,wide256,64,32,64,replace,1,1,102,32768,32768,1048576,30641000,9155012714890369401,7995702684288656807,13271203342924839154
formal-isolated-mutation,baseline,cpp-unordered-map,chaining-buckets,wide256,64,32,64,replace,1,1,102,32768,32768,1048576,19660000,9155012714890369401,7995702684288656807,13271203342924839154
formal-isolated-mutation,baseline,whitefoot-chain,head-buckets,wide256,64,32,64,replace,1,2,103,32768,32768,1048576,32920000,7966748677558471718,11373434725935837862,10301316140389128545
formal-isolated-mutation,baseline,whitefoot-flat,physical-slots,wide256,64,32,64,replace,1,2,103,32768,32768,1048576,30817000,7966748677558471718,11373434725935837862,10301316140389128545
formal-isolated-mutation,baseline,cpp-unordered-map,chaining-buckets,wide256,64,32,64,replace,1,2,103,32768,32768,1048576,20128000,7966748677558471718,11373434725935837862,10301316140389128545
formal-isolated-mutation,baseline,rust-hash-map,usable-entries,wide256,64,32,56,replace,1,2,103,32768,32768,1048576,23044000,7966748677558471718,11373434725935837862,10301316140389128545
formal-isolated-mutation,baseline,whitefoot-flat,physical-slots,wide256,64,32,64,replace,1,3,104,32768,32768,1048576,33053000,604199612727605340,9676260734854056746,5530695440243242490
formal-isolated-mutation,baseline,cpp-unordered-map,chaining-buckets,wide256,64,32,64,replace,1,3,104,32768,32768,1048576,20516000,604199612727605340,9676260734854056746,5530695440243242490
formal-isolated-mutation,baseline,rust-hash-map,usable-entries,wide256,64,32,56,replace,1,3,104,32768,32768,1048576,23911000,604199612727605340,9676260734854056746,5530695440243242490
formal-isolated-mutation,baseline,whitefoot-chain,head-buckets,wide256,64,32,64,replace,1,3,104,32768,32768,1048576,34524000,604199612727605340,9676260734854056746,5530695440243242490
formal-isolated-mutation,baseline,cpp-unordered-map,chaining-buckets,wide256,64,32,64,replace,1,4,105,32768,32768,1048576,20136000,1616134074880064606,3308030074824571516,704020370171199482
formal-isolated-mutation,baseline,rust-hash-map,usable-entries,wide256,64,32,56,replace,1,4,105,32768,32768,1048576,23079000,1616134074880064606,3308030074824571516,704020370171199482
formal-isolated-mutation,baseline,whitefoot-chain,head-buckets,wide256,64,32,64,replace,1,4,105,32768,32768,1048576,32870000,1616134074880064606,3308030074824571516,704020370171199482
formal-isolated-mutation,baseline,whitefoot-flat,physical-slots,wide256,64,32,64,replace,1,4,105,32768,32768,1048576,30115000,1616134074880064606,3308030074824571516,704020370171199482
formal-isolated-mutation,baseline,rust-hash-map,usable-entries,wide256,64,32,56,replace,1,5,106,32768,32768,1048576,23207000,12038047902605871988,5209183629775218254,4761421479010371445
formal-isolated-mutation,baseline,whitefoot-chain,head-buckets,wide256,64,32,64,replace,1,5,106,32768,32768,1048576,32809000,12038047902605871988,5209183629775218254,4761421479010371445
formal-isolated-mutation,baseline,whitefoot-flat,physical-slots,wide256,64,32,64,replace,1,5,106,32768,32768,1048576,30508000,12038047902605871988,5209183629775218254,4761421479010371445
formal-isolated-mutation,baseline,cpp-unordered-map,chaining-buckets,wide256,64,32,64,replace,1,5,106,32768,32768,1048576,19694000,12038047902605871988,5209183629775218254,4761421479010371445
formal-isolated-mutation,baseline,whitefoot-chain,head-buckets,wide256,64,32,64,replace,1,6,107,32768,32768,1048576,32628000,4190916600001790122,14798175020615415202,14370455518956635646
formal-isolated-mutation,baseline,whitefoot-flat,physical-slots,wide256,64,32,64,replace,1,6,107,32768,32768,1048576,29748000,4190916600001790122,14798175020615415202,14370455518956635646
formal-isolated-mutation,baseline,cpp-unordered-map,chaining-buckets,wide256,64,32,64,replace,1,6,107,32768,32768,1048576,20106000,4190916600001790122,14798175020615415202,14370455518956635646
formal-isolated-mutation,baseline,rust-hash-map,usable-entries,wide256,64,32,56,replace,1,6,107,32768,32768,1048576,23410000,4190916600001790122,14798175020615415202,14370455518956635646
formal-isolated-mutation,baseline,whitefoot-flat,physical-slots,wide256,64,32,64,replace,1,7,108,32768,32768,1048576,31532000,17489706095589245015,4417241696690132572,17119788813254958275
formal-isolated-mutation,baseline,cpp-unordered-map,chaining-buckets,wide256,64,32,64,replace,1,7,108,32768,32768,1048576,19769000,17489706095589245015,4417241696690132572,17119788813254958275
formal-isolated-mutation,baseline,rust-hash-map,usable-entries,wide256,64,32,56,replace,1,7,108,32768,32768,1048576,23336000,17489706095589245015,4417241696690132572,17119788813254958275
formal-isolated-mutation,baseline,whitefoot-chain,head-buckets,wide256,64,32,64,replace,1,7,108,32768,32768,1048576,34284000,17489706095589245015,4417241696690132572,17119788813254958275
formal-isolated-mutation,baseline,cpp-unordered-map,chaining-buckets,wide256,64,32,64,replace,1,8,109,32768,32768,1048576,20722000,15345665397381154913,144157231638344912,4092201381492415276
formal-isolated-mutation,baseline,rust-hash-map,usable-entries,wide256,64,32,56,replace,1,8,109,32768,32768,1048576,23574000,15345665397381154913,144157231638344912,4092201381492415276
formal-isolated-mutation,baseline,whitefoot-chain,head-buckets,wide256,64,32,64,replace,1,8,109,32768,32768,1048576,32668000,15345665397381154913,144157231638344912,4092201381492415276
formal-isolated-mutation,baseline,whitefoot-flat,physical-slots,wide256,64,32,64,replace,1,8,109,32768,32768,1048576,33132000,15345665397381154913,144157231638344912,4092201381492415276
formal-isolated-mutation,baseline,cpp-unordered-map,chaining-buckets,wide256,64,32,64,churn,1,0,101,32768,32768,1048576,52816000,10226348043398880542,12077982526663781769,11044626966882154137
formal-isolated-mutation,baseline,rust-hash-map,usable-entries,wide256,64,32,56,churn,1,0,101,32768,32768,1048576,28710000,10226348043398880542,12077982526663781769,11044626966882154137
formal-isolated-mutation,baseline,whitefoot-chain,head-buckets,wide256,64,32,64,churn,1,0,101,32768,32768,1048576,44167000,10226348043398880542,12077982526663781769,11044626966882154137
formal-isolated-mutation,baseline,whitefoot-flat,physical-slots,wide256,64,32,64,churn,1,0,101,32768,32768,1048576,39487000,10226348043398880542,12077982526663781769,11044626966882154137
formal-isolated-mutation,baseline,rust-hash-map,usable-entries,wide256,64,32,56,churn,1,1,102,32768,32768,1048576,29066000,12303747803428189049,7995702684288656807,13271203342924839154
formal-isolated-mutation,baseline,whitefoot-chain,head-buckets,wide256,64,32,64,churn,1,1,102,32768,32768,1048576,43218000,12303747803428189049,7995702684288656807,13271203342924839154
formal-isolated-mutation,baseline,whitefoot-flat,physical-slots,wide256,64,32,64,churn,1,1,102,32768,32768,1048576,40711000,12303747803428189049,7995702684288656807,13271203342924839154
formal-isolated-mutation,baseline,cpp-unordered-map,chaining-buckets,wide256,64,32,64,churn,1,1,102,32768,32768,1048576,52450000,12303747803428189049,7995702684288656807,13271203342924839154
formal-isolated-mutation,baseline,whitefoot-chain,head-buckets,wide256,64,32,64,churn,1,2,103,32768,32768,1048576,44227000,11700360037907166720,11373434725935837862,10301316140389128545
formal-isolated-mutation,baseline,whitefoot-flat,physical-slots,wide256,64,32,64,churn,1,2,103,32768,32768,1048576,39471000,11700360037907166720,11373434725935837862,10301316140389128545
formal-isolated-mutation,baseline,cpp-unordered-map,chaining-buckets,wide256,64,32,64,churn,1,2,103,32768,32768,1048576,52955000,11700360037907166720,11373434725935837862,10301316140389128545
formal-isolated-mutation,baseline,rust-hash-map,usable-entries,wide256,64,32,56,churn,1,2,103,32768,32768,1048576,28691000,11700360037907166720,11373434725935837862,10301316140389128545
formal-isolated-mutation,baseline,whitefoot-flat,physical-slots,wide256,64,32,64,churn,1,3,104,32768,32768,1048576,40925000,947460494304570851,9676260734854056746,5530695440243242490
formal-isolated-mutation,baseline,cpp-unordered-map,chaining-buckets,wide256,64,32,64,churn,1,3,104,32768,32768,1048576,52906000,947460494304570851,9676260734854056746,5530695440243242490
formal-isolated-mutation,baseline,rust-hash-map,usable-entries,wide256,64,32,56,churn,1,3,104,32768,32768,1048576,29525000,947460494304570851,9676260734854056746,5530695440243242490
formal-isolated-mutation,baseline,whitefoot-chain,head-buckets,wide256,64,32,64,churn,1,3,104,32768,32768,1048576,43659000,947460494304570851,9676260734854056746,5530695440243242490
formal-isolated-mutation,baseline,cpp-unordered-map,chaining-buckets,wide256,64,32,64,churn,1,4,105,32768,32768,1048576,52051000,6593924960691878977,3308030074824571516,704020370171199482
formal-isolated-mutation,baseline,rust-hash-map,usable-entries,wide256,64,32,56,churn,1,4,105,32768,32768,1048576,28376000,6593924960691878977,3308030074824571516,704020370171199482
formal-isolated-mutation,baseline,whitefoot-chain,head-buckets,wide256,64,32,64,churn,1,4,105,32768,32768,1048576,42594000,6593924960691878977,3308030074824571516,704020370171199482
formal-isolated-mutation,baseline,whitefoot-flat,physical-slots,wide256,64,32,64,churn,1,4,105,32768,32768,1048576,39365000,6593924960691878977,3308030074824571516,704020370171199482
formal-isolated-mutation,baseline,rust-hash-map,usable-entries,wide256,64,32,56,churn,1,5,106,32768,32768,1048576,29792000,4908526729440067003,5209183629775218254,4761421479010371445
formal-isolated-mutation,baseline,whitefoot-chain,head-buckets,wide256,64,32,64,churn,1,5,106,32768,32768,1048576,42880000,4908526729440067003,5209183629775218254,4761421479010371445
formal-isolated-mutation,baseline,whitefoot-flat,physical-slots,wide256,64,32,64,churn,1,5,106,32768,32768,1048576,40780000,4908526729440067003,5209183629775218254,4761421479010371445
formal-isolated-mutation,baseline,cpp-unordered-map,chaining-buckets,wide256,64,32,64,churn,1,5,106,32768,32768,1048576,51042000,4908526729440067003,5209183629775218254,4761421479010371445
formal-isolated-mutation,baseline,whitefoot-chain,head-buckets,wide256,64,32,64,churn,1,6,107,32768,32768,1048576,42831000,3387322086436567767,14798175020615415202,14370455518956635646
formal-isolated-mutation,baseline,whitefoot-flat,physical-slots,wide256,64,32,64,churn,1,6,107,32768,32768,1048576,38785000,3387322086436567767,14798175020615415202,14370455518956635646
formal-isolated-mutation,baseline,cpp-unordered-map,chaining-buckets,wide256,64,32,64,churn,1,6,107,32768,32768,1048576,52567000,3387322086436567767,14798175020615415202,14370455518956635646
formal-isolated-mutation,baseline,rust-hash-map,usable-entries,wide256,64,32,56,churn,1,6,107,32768,32768,1048576,28928000,3387322086436567767,14798175020615415202,14370455518956635646
formal-isolated-mutation,baseline,whitefoot-flat,physical-slots,wide256,64,32,64,churn,1,7,108,32768,32768,1048576,40655000,2286297560001194550,4417241696690132572,17119788813254958275
formal-isolated-mutation,baseline,cpp-unordered-map,chaining-buckets,wide256,64,32,64,churn,1,7,108,32768,32768,1048576,51149000,2286297560001194550,4417241696690132572,17119788813254958275
formal-isolated-mutation,baseline,rust-hash-map,usable-entries,wide256,64,32,56,churn,1,7,108,32768,32768,1048576,28735000,2286297560001194550,4417241696690132572,17119788813254958275
formal-isolated-mutation,baseline,whitefoot-chain,head-buckets,wide256,64,32,64,churn,1,7,108,32768,32768,1048576,42711000,2286297560001194550,4417241696690132572,17119788813254958275
formal-isolated-mutation,baseline,cpp-unordered-map,chaining-buckets,wide256,64,32,64,churn,1,8,109,32768,32768,1048576,54474000,5230074108420963114,144157231638344912,4092201381492415276
formal-isolated-mutation,baseline,rust-hash-map,usable-entries,wide256,64,32,56,churn,1,8,109,32768,32768,1048576,28427000,5230074108420963114,144157231638344912,4092201381492415276
formal-isolated-mutation,baseline,whitefoot-chain,head-buckets,wide256,64,32,64,churn,1,8,109,32768,32768,1048576,43836000,5230074108420963114,144157231638344912,4092201381492415276
formal-isolated-mutation,baseline,whitefoot-flat,physical-slots,wide256,64,32,64,churn,1,8,109,32768,32768,1048576,39181000,5230074108420963114,144157231638344912,4092201381492415276
rejected-direct-field-discriminator,candidate,whitefoot-flat,physical-slots,word8,64,32,64,replace,0,0,101,32768,32768,1048576,2422000,18096573721732818519,12077982526663781769,12749132361983993480
rejected-direct-field-discriminator,candidate,whitefoot-chain,head-buckets,word8,64,32,64,replace,0,0,101,32768,32768,1048576,2368000,18096573721732818519,12077982526663781769,12749132361983993480
rejected-direct-field-discriminator,candidate,rust-hash-map,usable-entries,word8,64,32,56,replace,0,0,101,32768,32768,1048576,2685000,18096573721732818519,12077982526663781769,12749132361983993480
rejected-direct-field-discriminator,candidate,cpp-unordered-map,chaining-buckets,word8,64,32,64,replace,0,0,101,32768,32768,1048576,2841000,18096573721732818519,12077982526663781769,12749132361983993480
rejected-direct-field-discriminator,candidate,whitefoot-chain,head-buckets,word8,64,32,64,replace,0,1,102,32768,32768,1048576,2369000,14470636289158971276,7995702684288656807,12244221203303174045
rejected-direct-field-discriminator,candidate,rust-hash-map,usable-entries,word8,64,32,56,replace,0,1,102,32768,32768,1048576,2595000,14470636289158971276,7995702684288656807,12244221203303174045
rejected-direct-field-discriminator,candidate,cpp-unordered-map,chaining-buckets,word8,64,32,64,replace,0,1,102,32768,32768,1048576,2882000,14470636289158971276,7995702684288656807,12244221203303174045
rejected-direct-field-discriminator,candidate,whitefoot-flat,physical-slots,word8,64,32,64,replace,0,1,102,32768,32768,1048576,2491000,14470636289158971276,7995702684288656807,12244221203303174045
rejected-direct-field-discriminator,candidate,rust-hash-map,usable-entries,word8,64,32,56,replace,0,2,103,32768,32768,1048576,2578000,9973176258566731091,11373434725935837862,15648614559169679663
rejected-direct-field-discriminator,candidate,cpp-unordered-map,chaining-buckets,word8,64,32,64,replace,0,2,103,32768,32768,1048576,3258000,9973176258566731091,11373434725935837862,15648614559169679663
rejected-direct-field-discriminator,candidate,whitefoot-flat,physical-slots,word8,64,32,64,replace,0,2,103,32768,32768,1048576,2453000,9973176258566731091,11373434725935837862,15648614559169679663
rejected-direct-field-discriminator,candidate,whitefoot-chain,head-buckets,word8,64,32,64,replace,0,2,103,32768,32768,1048576,2340000,9973176258566731091,11373434725935837862,15648614559169679663
rejected-direct-field-discriminator,candidate,cpp-unordered-map,chaining-buckets,word8,64,32,64,replace,0,3,104,32768,32768,1048576,2873000,16089982674628147203,9676260734854056746,2848619765991137053
rejected-direct-field-discriminator,candidate,whitefoot-flat,physical-slots,word8,64,32,64,replace,0,3,104,32768,32768,1048576,2487000,16089982674628147203,9676260734854056746,2848619765991137053
rejected-direct-field-discriminator,candidate,whitefoot-chain,head-buckets,word8,64,32,64,replace,0,3,104,32768,32768,1048576,2386000,16089982674628147203,9676260734854056746,2848619765991137053
rejected-direct-field-discriminator,candidate,rust-hash-map,usable-entries,word8,64,32,56,replace,0,3,104,32768,32768,1048576,2663000,16089982674628147203,9676260734854056746,2848619765991137053
rejected-direct-field-discriminator,candidate,whitefoot-flat,physical-slots,word8,64,32,64,replace,0,4,105,32768,32768,1048576,2873000,2556899712354080479,3308030074824571516,10059556291468621031
rejected-direct-field-discriminator,candidate,whitefoot-chain,head-buckets,word8,64,32,64,replace,0,4,105,32768,32768,1048576,2365000,2556899712354080479,3308030074824571516,10059556291468621031
rejected-direct-field-discriminator,candidate,rust-hash-map,usable-entries,word8,64,32,56,replace,0,4,105,32768,32768,1048576,2632000,2556899712354080479,3308030074824571516,10059556291468621031
rejected-direct-field-discriminator,candidate,cpp-unordered-map,chaining-buckets,word8,64,32,64,replace,0,4,105,32768,32768,1048576,2812000,2556899712354080479,3308030074824571516,10059556291468621031
rejected-direct-field-discriminator,candidate,whitefoot-chain,head-buckets,word8,64,32,64,replace,0,5,106,32768,32768,1048576,2370000,3405593398268564637,5209183629775218254,900397986388891109
rejected-direct-field-discriminator,candidate,rust-hash-map,usable-entries,word8,64,32,56,replace,0,5,106,32768,32768,1048576,2735000,3405593398268564637,5209183629775218254,900397986388891109
rejected-direct-field-discriminator,candidate,cpp-unordered-map,chaining-buckets,word8,64,32,64,replace,0,5,106,32768,32768,1048576,2876000,3405593398268564637,5209183629775218254,900397986388891109
rejected-direct-field-discriminator,candidate,whitefoot-flat,physical-slots,word8,64,32,64,replace,0,5,106,32768,32768,1048576,2486000,3405593398268564637,5209183629775218254,900397986388891109
rejected-direct-field-discriminator,candidate,rust-hash-map,usable-entries,word8,64,32,56,replace,0,6,107,32768,32768,1048576,2586000,7681617421452767597,14798175020615415202,10515582106697849762
rejected-direct-field-discriminator,candidate,cpp-unordered-map,chaining-buckets,word8,64,32,64,replace,0,6,107,32768,32768,1048576,2829000,7681617421452767597,14798175020615415202,10515582106697849762
rejected-direct-field-discriminator,candidate,whitefoot-flat,physical-slots,word8,64,32,64,replace,0,6,107,32768,32768,1048576,3105000,7681617421452767597,14798175020615415202,10515582106697849762
rejected-direct-field-discriminator,candidate,whitefoot-chain,head-buckets,word8,64,32,64,replace,0,6,107,32768,32768,1048576,2371000,7681617421452767597,14798175020615415202,10515582106697849762
rejected-direct-field-discriminator,candidate,cpp-unordered-map,chaining-buckets,word8,64,32,64,replace,0,7,108,32768,32768,1048576,2891000,2327915804901543052,4417241696690132572,4713894674198377865
rejected-direct-field-discriminator,candidate,whitefoot-flat,physical-slots,word8,64,32,64,replace,0,7,108,32768,32768,1048576,2527000,2327915804901543052,4417241696690132572,4713894674198377865
rejected-direct-field-discriminator,candidate,whitefoot-chain,head-buckets,word8,64,32,64,replace,0,7,108,32768,32768,1048576,2376000,2327915804901543052,4417241696690132572,4713894674198377865
rejected-direct-field-discriminator,candidate,rust-hash-map,usable-entries,word8,64,32,56,replace,0,7,108,32768,32768,1048576,2595000,2327915804901543052,4417241696690132572,4713894674198377865
rejected-direct-field-discriminator,candidate,whitefoot-flat,physical-slots,word8,64,32,64,replace,0,8,109,32768,32768,1048576,2990000,15581882087185304535,144157231638344912,5599822130869204459
rejected-direct-field-discriminator,candidate,whitefoot-chain,head-buckets,word8,64,32,64,replace,0,8,109,32768,32768,1048576,2330000,15581882087185304535,144157231638344912,5599822130869204459
rejected-direct-field-discriminator,candidate,rust-hash-map,usable-entries,word8,64,32,56,replace,0,8,109,32768,32768,1048576,2613000,15581882087185304535,144157231638344912,5599822130869204459
rejected-direct-field-discriminator,candidate,cpp-unordered-map,chaining-buckets,word8,64,32,64,replace,0,8,109,32768,32768,1048576,2833000,15581882087185304535,144157231638344912,5599822130869204459
rejected-direct-field-discriminator,candidate,whitefoot-flat,physical-slots,word8,64,32,64,churn,0,0,101,32768,32768,1048576,7945000,18110906709719556088,12077982526663781769,12749132361983993480
rejected-direct-field-discriminator,candidate,whitefoot-chain,head-buckets,word8,64,32,64,churn,0,0,101,32768,32768,1048576,6608000,18110906709719556088,12077982526663781769,12749132361983993480
rejected-direct-field-discriminator,candidate,rust-hash-map,usable-entries,word8,64,32,56,churn,0,0,101,32768,32768,1048576,16749000,18110906709719556088,12077982526663781769,12749132361983993480
rejected-direct-field-discriminator,candidate,cpp-unordered-map,chaining-buckets,word8,64,32,64,churn,0,0,101,32768,32768,1048576,29678000,18110906709719556088,12077982526663781769,12749132361983993480
rejected-direct-field-discriminator,candidate,whitefoot-chain,head-buckets,word8,64,32,64,churn,0,1,102,32768,32768,1048576,6016000,9296874036845416241,7995702684288656807,12244221203303174045
rejected-direct-field-discriminator,candidate,rust-hash-map,usable-entries,word8,64,32,56,churn,0,1,102,32768,32768,1048576,15833000,9296874036845416241,7995702684288656807,12244221203303174045
rejected-direct-field-discriminator,candidate,cpp-unordered-map,chaining-buckets,word8,64,32,64,churn,0,1,102,32768,32768,1048576,29478000,9296874036845416241,7995702684288656807,12244221203303174045
rejected-direct-field-discriminator,candidate,whitefoot-flat,physical-slots,word8,64,32,64,churn,0,1,102,32768,32768,1048576,9045000,9296874036845416241,7995702684288656807,12244221203303174045
rejected-direct-field-discriminator,candidate,rust-hash-map,usable-entries,word8,64,32,56,churn,0,2,103,32768,32768,1048576,16275000,12903157730705904877,11373434725935837862,15648614559169679663
rejected-direct-field-discriminator,candidate,cpp-unordered-map,chaining-buckets,word8,64,32,64,churn,0,2,103,32768,32768,1048576,28477000,12903157730705904877,11373434725935837862,15648614559169679663
rejected-direct-field-discriminator,candidate,whitefoot-flat,physical-slots,word8,64,32,64,churn,0,2,103,32768,32768,1048576,7960000,12903157730705904877,11373434725935837862,15648614559169679663
rejected-direct-field-discriminator,candidate,whitefoot-chain,head-buckets,word8,64,32,64,churn,0,2,103,32768,32768,1048576,5337000,12903157730705904877,11373434725935837862,15648614559169679663
rejected-direct-field-discriminator,candidate,cpp-unordered-map,chaining-buckets,word8,64,32,64,churn,0,3,104,32768,32768,1048576,29139000,4253743068328656138,9676260734854056746,2848619765991137053
rejected-direct-field-discriminator,candidate,whitefoot-flat,physical-slots,word8,64,32,64,churn,0,3,104,32768,32768,1048576,9038000,4253743068328656138,9676260734854056746,2848619765991137053
rejected-direct-field-discriminator,candidate,whitefoot-chain,head-buckets,word8,64,32,64,churn,0,3,104,32768,32768,1048576,6094000,4253743068328656138,9676260734854056746,2848619765991137053
rejected-direct-field-discriminator,candidate,rust-hash-map,usable-entries,word8,64,32,56,churn,0,3,104,32768,32768,1048576,16840000,4253743068328656138,9676260734854056746,2848619765991137053
rejected-direct-field-discriminator,candidate,whitefoot-flat,physical-slots,word8,64,32,64,churn,0,4,105,32768,32768,1048576,7790000,628659943078117645,3308030074824571516,10059556291468621031
rejected-direct-field-discriminator,candidate,whitefoot-chain,head-buckets,word8,64,32,64,churn,0,4,105,32768,32768,1048576,5444000,628659943078117645,3308030074824571516,10059556291468621031
rejected-direct-field-discriminator,candidate,rust-hash-map,usable-entries,word8,64,32,56,churn,0,4,105,32768,32768,1048576,17613000,628659943078117645,3308030074824571516,10059556291468621031
rejected-direct-field-discriminator,candidate,cpp-unordered-map,chaining-buckets,word8,64,32,64,churn,0,4,105,32768,32768,1048576,29397000,628659943078117645,3308030074824571516,10059556291468621031
rejected-direct-field-discriminator,candidate,whitefoot-chain,head-buckets,word8,64,32,64,churn,0,5,106,32768,32768,1048576,5991000,2475384722324267649,5209183629775218254,900397986388891109
rejected-direct-field-discriminator,candidate,rust-hash-map,usable-entries,word8,64,32,56,churn,0,5,106,32768,32768,1048576,15850000,2475384722324267649,5209183629775218254,900397986388891109
rejected-direct-field-discriminator,candidate,cpp-unordered-map,chaining-buckets,word8,64,32,64,churn,0,5,106,32768,32768,1048576,27933000,2475384722324267649,5209183629775218254,900397986388891109
rejected-direct-field-discriminator,candidate,whitefoot-flat,physical-slots,word8,64,32,64,churn,0,5,106,32768,32768,1048576,9232000,2475384722324267649,5209183629775218254,900397986388891109
rejected-direct-field-discriminator,candidate,rust-hash-map,usable-entries,word8,64,32,56,churn,0,6,107,32768,32768,1048576,14288000,2402000015043713974,14798175020615415202,10515582106697849762
rejected-direct-field-discriminator,candidate,cpp-unordered-map,chaining-buckets,word8,64,32,64,churn,0,6,107,32768,32768,1048576,28658000,2402000015043713974,14798175020615415202,10515582106697849762
rejected-direct-field-discriminator,candidate,whitefoot-flat,physical-slots,word8,64,32,64,churn,0,6,107,32768,32768,1048576,7971000,2402000015043713974,14798175020615415202,10515582106697849762
rejected-direct-field-discriminator,candidate,whitefoot-chain,head-buckets,word8,64,32,64,churn,0,6,107,32768,32768,1048576,5479000,2402000015043713974,14798175020615415202,10515582106697849762
rejected-direct-field-discriminator,candidate,cpp-unordered-map,chaining-buckets,word8,64,32,64,churn,0,7,108,32768,32768,1048576,27268000,5723748881526033307,4417241696690132572,4713894674198377865
rejected-direct-field-discriminator,candidate,whitefoot-flat,physical-slots,word8,64,32,64,churn,0,7,108,32768,32768,1048576,9036000,5723748881526033307,4417241696690132572,4713894674198377865
rejected-direct-field-discriminator,candidate,whitefoot-chain,head-buckets,word8,64,32,64,churn,0,7,108,32768,32768,1048576,6494000,5723748881526033307,4417241696690132572,4713894674198377865
rejected-direct-field-discriminator,candidate,rust-hash-map,usable-entries,word8,64,32,56,churn,0,7,108,32768,32768,1048576,17684000,5723748881526033307,4417241696690132572,4713894674198377865
rejected-direct-field-discriminator,candidate,whitefoot-flat,physical-slots,word8,64,32,64,churn,0,8,109,32768,32768,1048576,8384000,2256372710712324380,144157231638344912,5599822130869204459
rejected-direct-field-discriminator,candidate,whitefoot-chain,head-buckets,word8,64,32,64,churn,0,8,109,32768,32768,1048576,5355000,2256372710712324380,144157231638344912,5599822130869204459
rejected-direct-field-discriminator,candidate,rust-hash-map,usable-entries,word8,64,32,56,churn,0,8,109,32768,32768,1048576,17436000,2256372710712324380,144157231638344912,5599822130869204459
rejected-direct-field-discriminator,candidate,cpp-unordered-map,chaining-buckets,word8,64,32,64,churn,0,8,109,32768,32768,1048576,30126000,2256372710712324380,144157231638344912,5599822130869204459
rejected-direct-field-discriminator,candidate,whitefoot-flat,physical-slots,word8,4096,2048,4096,replace,0,0,101,512,512,1048576,3474000,17620489557640355118,12892485500574870081,15318239530852537950
rejected-direct-field-discriminator,candidate,whitefoot-chain,head-buckets,word8,4096,2048,4096,replace,0,0,101,512,512,1048576,3414000,17620489557640355118,12892485500574870081,15318239530852537950
rejected-direct-field-discriminator,candidate,rust-hash-map,usable-entries,word8,4096,2048,3584,replace,0,0,101,512,512,1048576,2702000,17620489557640355118,12892485500574870081,15318239530852537950
rejected-direct-field-discriminator,candidate,cpp-unordered-map,chaining-buckets,word8,4096,2048,4096,replace,0,0,101,512,512,1048576,4411000,17620489557640355118,12892485500574870081,15318239530852537950
rejected-direct-field-discriminator,candidate,whitefoot-chain,head-buckets,word8,4096,2048,4096,replace,0,1,102,512,512,1048576,2942000,1935089821601506588,6558794978756541917,14466115479769115293
rejected-direct-field-discriminator,candidate,rust-hash-map,usable-entries,word8,4096,2048,3584,replace,0,1,102,512,512,1048576,2799000,1935089821601506588,6558794978756541917,14466115479769115293
rejected-direct-field-discriminator,candidate,cpp-unordered-map,chaining-buckets,word8,4096,2048,4096,replace,0,1,102,512,512,1048576,4416000,1935089821601506588,6558794978756541917,14466115479769115293
rejected-direct-field-discriminator,candidate,whitefoot-flat,physical-slots,word8,4096,2048,4096,replace,0,1,102,512,512,1048576,3904000,1935089821601506588,6558794978756541917,14466115479769115293
rejected-direct-field-discriminator,candidate,rust-hash-map,usable-entries,word8,4096,2048,3584,replace,0,2,103,512,512,1048576,2711000,1951882041121453793,5953993967926708049,11388540906096222742
rejected-direct-field-discriminator,candidate,cpp-unordered-map,chaining-buckets,word8,4096,2048,4096,replace,0,2,103,512,512,1048576,4549000,1951882041121453793,5953993967926708049,11388540906096222742
rejected-direct-field-discriminator,candidate,whitefoot-flat,physical-slots,word8,4096,2048,4096,replace,0,2,103,512,512,1048576,3887000,1951882041121453793,5953993967926708049,11388540906096222742
rejected-direct-field-discriminator,candidate,whitefoot-chain,head-buckets,word8,4096,2048,4096,replace,0,2,103,512,512,1048576,3268000,1951882041121453793,5953993967926708049,11388540906096222742
rejected-direct-field-discriminator,candidate,cpp-unordered-map,chaining-buckets,word8,4096,2048,4096,replace,0,3,104,512,512,1048576,4564000,14304161718858749203,13830605729479137478,9959520025842494717
rejected-direct-field-discriminator,candidate,whitefoot-flat,physical-slots,word8,4096,2048,4096,replace,0,3,104,512,512,1048576,3661000,14304161718858749203,13830605729479137478,9959520025842494717
rejected-direct-field-discriminator,candidate,whitefoot-chain,head-buckets,word8,4096,2048,4096,replace,0,3,104,512,512,1048576,3146000,14304161718858749203,13830605729479137478,9959520025842494717
rejected-direct-field-discriminator,candidate,rust-hash-map,usable-entries,word8,4096,2048,3584,replace,0,3,104,512,512,1048576,2726000,14304161718858749203,13830605729479137478,9959520025842494717
rejected-direct-field-discriminator,candidate,whitefoot-flat,physical-slots,word8,4096,2048,4096,replace,0,4,105,512,512,1048576,3542000,11379130351144432977,4209192350472890587,3105434443357397326
rejected-direct-field-discriminator,candidate,whitefoot-chain,head-buckets,word8,4096,2048,4096,replace,0,4,105,512,512,1048576,3231000,11379130351144432977,4209192350472890587,3105434443357397326
rejected-direct-field-discriminator,candidate,rust-hash-map,usable-entries,word8,4096,2048,3584,replace,0,4,105,512,512,1048576,2695000,11379130351144432977,4209192350472890587,3105434443357397326
rejected-direct-field-discriminator,candidate,cpp-unordered-map,chaining-buckets,word8,4096,2048,4096,replace,0,4,105,512,512,1048576,4602000,11379130351144432977,4209192350472890587,3105434443357397326
rejected-direct-field-discriminator,candidate,whitefoot-chain,head-buckets,word8,4096,2048,4096,replace,0,5,106,512,512,1048576,3319000,12251642353774623270,833403251416686189,10436227290064263060
rejected-direct-field-discriminator,candidate,rust-hash-map,usable-entries,word8,4096,2048,3584,replace,0,5,106,512,512,1048576,2766000,12251642353774623270,833403251416686189,10436227290064263060
rejected-direct-field-discriminator,candidate,cpp-unordered-map,chaining-buckets,word8,4096,2048,4096,replace,0,5,106,512,512,1048576,4709000,12251642353774623270,833403251416686189,10436227290064263060
rejected-direct-field-discriminator,candidate,whitefoot-flat,physical-slots,word8,4096,2048,4096,replace,0,5,106,512,512,1048576,3265000,12251642353774623270,833403251416686189,10436227290064263060
rejected-direct-field-discriminator,candidate,rust-hash-map,usable-entries,word8,4096,2048,3584,replace,0,6,107,512,512,1048576,2685000,8033389661832950008,3766264394704203104,14562156551781632605
rejected-direct-field-discriminator,candidate,cpp-unordered-map,chaining-buckets,word8,4096,2048,4096,replace,0,6,107,512,512,1048576,4523000,8033389661832950008,3766264394704203104,14562156551781632605
rejected-direct-field-discriminator,candidate,whitefoot-flat,physical-slots,word8,4096,2048,4096,replace,0,6,107,512,512,1048576,3857000,8033389661832950008,3766264394704203104,14562156551781632605
rejected-direct-field-discriminator,candidate,whitefoot-chain,head-buckets,word8,4096,2048,4096,replace,0,6,107,512,512,1048576,3615000,8033389661832950008,3766264394704203104,14562156551781632605
rejected-direct-field-discriminator,candidate,cpp-unordered-map,chaining-buckets,word8,4096,2048,4096,replace,0,7,108,512,512,1048576,4705000,1046993030128260120,2454500479893543789,14768026503605617582
rejected-direct-field-discriminator,candidate,whitefoot-flat,physical-slots,word8,4096,2048,4096,replace,0,7,108,512,512,1048576,3378000,1046993030128260120,2454500479893543789,14768026503605617582
rejected-direct-field-discriminator,candidate,whitefoot-chain,head-buckets,word8,4096,2048,4096,replace,0,7,108,512,512,1048576,3177000,1046993030128260120,2454500479893543789,14768026503605617582
rejected-direct-field-discriminator,candidate,rust-hash-map,usable-entries,word8,4096,2048,3584,replace,0,7,108,512,512,1048576,3133000,1046993030128260120,2454500479893543789,14768026503605617582
rejected-direct-field-discriminator,candidate,whitefoot-flat,physical-slots,word8,4096,2048,4096,replace,0,8,109,512,512,1048576,3464000,8413322795025042257,4904183427984515141,10319780408451309694
rejected-direct-field-discriminator,candidate,whitefoot-chain,head-buckets,word8,4096,2048,4096,replace,0,8,109,512,512,1048576,3308000,8413322795025042257,4904183427984515141,10319780408451309694
rejected-direct-field-discriminator,candidate,rust-hash-map,usable-entries,word8,4096,2048,3584,replace,0,8,109,512,512,1048576,2694000,8413322795025042257,4904183427984515141,10319780408451309694
rejected-direct-field-discriminator,candidate,cpp-unordered-map,chaining-buckets,word8,4096,2048,4096,replace,0,8,109,512,512,1048576,4649000,8413322795025042257,4904183427984515141,10319780408451309694
rejected-direct-field-discriminator,candidate,whitefoot-flat,physical-slots,word8,4096,2048,4096,churn,0,0,101,512,512,1048576,16307000,8799152866740530150,12892485500574870081,15318239530852537950
rejected-direct-field-discriminator,candidate,whitefoot-chain,head-buckets,word8,4096,2048,4096,churn,0,0,101,512,512,1048576,8744000,8799152866740530150,12892485500574870081,15318239530852537950
rejected-direct-field-discriminator,candidate,rust-hash-map,usable-entries,word8,4096,2048,3584,churn,0,0,101,512,512,1048576,10582000,8799152866740530150,12892485500574870081,15318239530852537950
rejected-direct-field-discriminator,candidate,cpp-unordered-map,chaining-buckets,word8,4096,2048,4096,churn,0,0,101,512,512,1048576,30788000,8799152866740530150,12892485500574870081,15318239530852537950
rejected-direct-field-discriminator,candidate,whitefoot-chain,head-buckets,word8,4096,2048,4096,churn,0,1,102,512,512,1048576,9990000,5607125520057204017,6558794978756541917,14466115479769115293
rejected-direct-field-discriminator,candidate,rust-hash-map,usable-entries,word8,4096,2048,3584,churn,0,1,102,512,512,1048576,11008000,5607125520057204017,6558794978756541917,14466115479769115293
rejected-direct-field-discriminator,candidate,cpp-unordered-map,chaining-buckets,word8,4096,2048,4096,churn,0,1,102,512,512,1048576,31946000,5607125520057204017,6558794978756541917,14466115479769115293
rejected-direct-field-discriminator,candidate,whitefoot-flat,physical-slots,word8,4096,2048,4096,churn,0,1,102,512,512,1048576,13786000,5607125520057204017,6558794978756541917,14466115479769115293
rejected-direct-field-discriminator,candidate,rust-hash-map,usable-entries,word8,4096,2048,3584,churn,0,2,103,512,512,1048576,10982000,7623919904794872868,5953993967926708049,11388540906096222742
rejected-direct-field-discriminator,candidate,cpp-unordered-map,chaining-buckets,word8,4096,2048,4096,churn,0,2,103,512,512,1048576,30904000,7623919904794872868,5953993967926708049,11388540906096222742
rejected-direct-field-discriminator,candidate,whitefoot-flat,physical-slots,word8,4096,2048,4096,churn,0,2,103,512,512,1048576,14244000,7623919904794872868,5953993967926708049,11388540906096222742
rejected-direct-field-discriminator,candidate,whitefoot-chain,head-buckets,word8,4096,2048,4096,churn,0,2,103,512,512,1048576,9433000,7623919904794872868,5953993967926708049,11388540906096222742
rejected-direct-field-discriminator,candidate,cpp-unordered-map,chaining-buckets,word8,4096,2048,4096,churn,0,3,104,512,512,1048576,33432000,13715727663386659120,13830605729479137478,9959520025842494717
rejected-direct-field-discriminator,candidate,whitefoot-flat,physical-slots,word8,4096,2048,4096,churn,0,3,104,512,512,1048576,11101000,13715727663386659120,13830605729479137478,9959520025842494717
rejected-direct-field-discriminator,candidate,whitefoot-chain,head-buckets,word8,4096,2048,4096,churn,0,3,104,512,512,1048576,9887000,13715727663386659120,13830605729479137478,9959520025842494717
rejected-direct-field-discriminator,candidate,rust-hash-map,usable-entries,word8,4096,2048,3584,churn,0,3,104,512,512,1048576,10701000,13715727663386659120,13830605729479137478,9959520025842494717
rejected-direct-field-discriminator,candidate,whitefoot-flat,physical-slots,word8,4096,2048,4096,churn,0,4,105,512,512,1048576,18783000,15082010733789155885,4209192350472890587,3105434443357397326
rejected-direct-field-discriminator,candidate,whitefoot-chain,head-buckets,word8,4096,2048,4096,churn,0,4,105,512,512,1048576,9638000,15082010733789155885,4209192350472890587,3105434443357397326
rejected-direct-field-discriminator,candidate,rust-hash-map,usable-entries,word8,4096,2048,3584,churn,0,4,105,512,512,1048576,10820000,15082010733789155885,4209192350472890587,3105434443357397326
rejected-direct-field-discriminator,candidate,cpp-unordered-map,chaining-buckets,word8,4096,2048,4096,churn,0,4,105,512,512,1048576,31146000,15082010733789155885,4209192350472890587,3105434443357397326
rejected-direct-field-discriminator,candidate,whitefoot-chain,head-buckets,word8,4096,2048,4096,churn,0,5,106,512,512,1048576,9550000,12842905645731754778,833403251416686189,10436227290064263060
rejected-direct-field-discriminator,candidate,rust-hash-map,usable-entries,word8,4096,2048,3584,churn,0,5,106,512,512,1048576,10922000,12842905645731754778,833403251416686189,10436227290064263060
rejected-direct-field-discriminator,candidate,cpp-unordered-map,chaining-buckets,word8,4096,2048,4096,churn,0,5,106,512,512,1048576,32103000,12842905645731754778,833403251416686189,10436227290064263060
rejected-direct-field-discriminator,candidate,whitefoot-flat,physical-slots,word8,4096,2048,4096,churn,0,5,106,512,512,1048576,17113000,12842905645731754778,833403251416686189,10436227290064263060
rejected-direct-field-discriminator,candidate,rust-hash-map,usable-entries,word8,4096,2048,3584,churn,0,6,107,512,512,1048576,10756000,2600790722277263761,3766264394704203104,14562156551781632605
rejected-direct-field-discriminator,candidate,cpp-unordered-map,chaining-buckets,word8,4096,2048,4096,churn,0,6,107,512,512,1048576,31087000,2600790722277263761,3766264394704203104,14562156551781632605
rejected-direct-field-discriminator,candidate,whitefoot-flat,physical-slots,word8,4096,2048,4096,churn,0,6,107,512,512,1048576,14707000,2600790722277263761,3766264394704203104,14562156551781632605
rejected-direct-field-discriminator,candidate,whitefoot-chain,head-buckets,word8,4096,2048,4096,churn,0,6,107,512,512,1048576,9665000,2600790722277263761,3766264394704203104,14562156551781632605
rejected-direct-field-discriminator,candidate,cpp-unordered-map,chaining-buckets,word8,4096,2048,4096,churn,0,7,108,512,512,1048576,32095000,10569362474842633493,2454500479893543789,14768026503605617582
rejected-direct-field-discriminator,candidate,whitefoot-flat,physical-slots,word8,4096,2048,4096,churn,0,7,108,512,512,1048576,16680000,10569362474842633493,2454500479893543789,14768026503605617582
rejected-direct-field-discriminator,candidate,whitefoot-chain,head-buckets,word8,4096,2048,4096,churn,0,7,108,512,512,1048576,10402000,10569362474842633493,2454500479893543789,14768026503605617582
rejected-direct-field-discriminator,candidate,rust-hash-map,usable-entries,word8,4096,2048,3584,churn,0,7,108,512,512,1048576,10847000,10569362474842633493,2454500479893543789,14768026503605617582
rejected-direct-field-discriminator,candidate,whitefoot-flat,physical-slots,word8,4096,2048,4096,churn,0,8,109,512,512,1048576,14722000,17633044524729442276,4904183427984515141,10319780408451309694
rejected-direct-field-discriminator,candidate,whitefoot-chain,head-buckets,word8,4096,2048,4096,churn,0,8,109,512,512,1048576,8625000,17633044524729442276,4904183427984515141,10319780408451309694
rejected-direct-field-discriminator,candidate,rust-hash-map,usable-entries,word8,4096,2048,3584,churn,0,8,109,512,512,1048576,10989000,17633044524729442276,4904183427984515141,10319780408451309694
rejected-direct-field-discriminator,candidate,cpp-unordered-map,chaining-buckets,word8,4096,2048,4096,churn,0,8,109,512,512,1048576,31059000,17633044524729442276,4904183427984515141,10319780408451309694
rejected-direct-field-discriminator,candidate,whitefoot-flat,physical-slots,wide256,64,32,64,replace,0,0,101,32768,32768,1048576,29556000,3780980432890818720,12077982526663781769,11044626966882154137
rejected-direct-field-discriminator,candidate,whitefoot-chain,head-buckets,wide256,64,32,64,replace,0,0,101,32768,32768,1048576,32922000,3780980432890818720,12077982526663781769,11044626966882154137
rejected-direct-field-discriminator,candidate,rust-hash-map,usable-entries,wide256,64,32,56,replace,0,0,101,32768,32768,1048576,23842000,3780980432890818720,12077982526663781769,11044626966882154137
rejected-direct-field-discriminator,candidate,cpp-unordered-map,chaining-buckets,wide256,64,32,64,replace,0,0,101,32768,32768,1048576,20998000,3780980432890818720,12077982526663781769,11044626966882154137
rejected-direct-field-discriminator,candidate,whitefoot-chain,head-buckets,wide256,64,32,64,replace,0,1,102,32768,32768,1048576,33690000,9155012714890369401,7995702684288656807,13271203342924839154
rejected-direct-field-discriminator,candidate,rust-hash-map,usable-entries,wide256,64,32,56,replace,0,1,102,32768,32768,1048576,23428000,9155012714890369401,7995702684288656807,13271203342924839154
rejected-direct-field-discriminator,candidate,cpp-unordered-map,chaining-buckets,wide256,64,32,64,replace,0,1,102,32768,32768,1048576,19631000,9155012714890369401,7995702684288656807,13271203342924839154
rejected-direct-field-discriminator,candidate,whitefoot-flat,physical-slots,wide256,64,32,64,replace,0,1,102,32768,32768,1048576,28737000,9155012714890369401,7995702684288656807,13271203342924839154
rejected-direct-field-discriminator,candidate,rust-hash-map,usable-entries,wide256,64,32,56,replace,0,2,103,32768,32768,1048576,23142000,7966748677558471718,11373434725935837862,10301316140389128545
rejected-direct-field-discriminator,candidate,cpp-unordered-map,chaining-buckets,wide256,64,32,64,replace,0,2,103,32768,32768,1048576,19946000,7966748677558471718,11373434725935837862,10301316140389128545
rejected-direct-field-discriminator,candidate,whitefoot-flat,physical-slots,wide256,64,32,64,replace,0,2,103,32768,32768,1048576,29350000,7966748677558471718,11373434725935837862,10301316140389128545
rejected-direct-field-discriminator,candidate,whitefoot-chain,head-buckets,wide256,64,32,64,replace,0,2,103,32768,32768,1048576,32961000,7966748677558471718,11373434725935837862,10301316140389128545
rejected-direct-field-discriminator,candidate,cpp-unordered-map,chaining-buckets,wide256,64,32,64,replace,0,3,104,32768,32768,1048576,19655000,604199612727605340,9676260734854056746,5530695440243242490
rejected-direct-field-discriminator,candidate,whitefoot-flat,physical-slots,wide256,64,32,64,replace,0,3,104,32768,32768,1048576,28868000,604199612727605340,9676260734854056746,5530695440243242490
rejected-direct-field-discriminator,candidate,whitefoot-chain,head-buckets,wide256,64,32,64,replace,0,3,104,32768,32768,1048576,32396000,604199612727605340,9676260734854056746,5530695440243242490
rejected-direct-field-discriminator,candidate,rust-hash-map,usable-entries,wide256,64,32,56,replace,0,3,104,32768,32768,1048576,23296000,604199612727605340,9676260734854056746,5530695440243242490
rejected-direct-field-discriminator,candidate,whitefoot-flat,physical-slots,wide256,64,32,64,replace,0,4,105,32768,32768,1048576,28411000,1616134074880064606,3308030074824571516,704020370171199482
rejected-direct-field-discriminator,candidate,whitefoot-chain,head-buckets,wide256,64,32,64,replace,0,4,105,32768,32768,1048576,33244000,1616134074880064606,3308030074824571516,704020370171199482
rejected-direct-field-discriminator,candidate,rust-hash-map,usable-entries,wide256,64,32,56,replace,0,4,105,32768,32768,1048576,23058000,1616134074880064606,3308030074824571516,704020370171199482
rejected-direct-field-discriminator,candidate,cpp-unordered-map,chaining-buckets,wide256,64,32,64,replace,0,4,105,32768,32768,1048576,20005000,1616134074880064606,3308030074824571516,704020370171199482
rejected-direct-field-discriminator,candidate,whitefoot-chain,head-buckets,wide256,64,32,64,replace,0,5,106,32768,32768,1048576,34109000,12038047902605871988,5209183629775218254,4761421479010371445
rejected-direct-field-discriminator,candidate,rust-hash-map,usable-entries,wide256,64,32,56,replace,0,5,106,32768,32768,1048576,23570000,12038047902605871988,5209183629775218254,4761421479010371445
rejected-direct-field-discriminator,candidate,cpp-unordered-map,chaining-buckets,wide256,64,32,64,replace,0,5,106,32768,32768,1048576,19633000,12038047902605871988,5209183629775218254,4761421479010371445
rejected-direct-field-discriminator,candidate,whitefoot-flat,physical-slots,wide256,64,32,64,replace,0,5,106,32768,32768,1048576,28819000,12038047902605871988,5209183629775218254,4761421479010371445
rejected-direct-field-discriminator,candidate,rust-hash-map,usable-entries,wide256,64,32,56,replace,0,6,107,32768,32768,1048576,23577000,4190916600001790122,14798175020615415202,14370455518956635646
rejected-direct-field-discriminator,candidate,cpp-unordered-map,chaining-buckets,wide256,64,32,64,replace,0,6,107,32768,32768,1048576,19921000,4190916600001790122,14798175020615415202,14370455518956635646
rejected-direct-field-discriminator,candidate,whitefoot-flat,physical-slots,wide256,64,32,64,replace,0,6,107,32768,32768,1048576,28673000,4190916600001790122,14798175020615415202,14370455518956635646
rejected-direct-field-discriminator,candidate,whitefoot-chain,head-buckets,wide256,64,32,64,replace,0,6,107,32768,32768,1048576,32669000,4190916600001790122,14798175020615415202,14370455518956635646
rejected-direct-field-discriminator,candidate,cpp-unordered-map,chaining-buckets,wide256,64,32,64,replace,0,7,108,32768,32768,1048576,19764000,17489706095589245015,4417241696690132572,17119788813254958275
rejected-direct-field-discriminator,candidate,whitefoot-flat,physical-slots,wide256,64,32,64,replace,0,7,108,32768,32768,1048576,28748000,17489706095589245015,4417241696690132572,17119788813254958275
rejected-direct-field-discriminator,candidate,whitefoot-chain,head-buckets,wide256,64,32,64,replace,0,7,108,32768,32768,1048576,33179000,17489706095589245015,4417241696690132572,17119788813254958275
rejected-direct-field-discriminator,candidate,rust-hash-map,usable-entries,wide256,64,32,56,replace,0,7,108,32768,32768,1048576,23333000,17489706095589245015,4417241696690132572,17119788813254958275
rejected-direct-field-discriminator,candidate,whitefoot-flat,physical-slots,wide256,64,32,64,replace,0,8,109,32768,32768,1048576,28843000,15345665397381154913,144157231638344912,4092201381492415276
rejected-direct-field-discriminator,candidate,whitefoot-chain,head-buckets,wide256,64,32,64,replace,0,8,109,32768,32768,1048576,33383000,15345665397381154913,144157231638344912,4092201381492415276
rejected-direct-field-discriminator,candidate,rust-hash-map,usable-entries,wide256,64,32,56,replace,0,8,109,32768,32768,1048576,22985000,15345665397381154913,144157231638344912,4092201381492415276
rejected-direct-field-discriminator,candidate,cpp-unordered-map,chaining-buckets,wide256,64,32,64,replace,0,8,109,32768,32768,1048576,19810000,15345665397381154913,144157231638344912,4092201381492415276
rejected-direct-field-discriminator,candidate,whitefoot-flat,physical-slots,wide256,64,32,64,churn,0,0,101,32768,32768,1048576,38052000,10226348043398880542,12077982526663781769,11044626966882154137
rejected-direct-field-discriminator,candidate,whitefoot-chain,head-buckets,wide256,64,32,64,churn,0,0,101,32768,32768,1048576,43813000,10226348043398880542,12077982526663781769,11044626966882154137
rejected-direct-field-discriminator,candidate,rust-hash-map,usable-entries,wide256,64,32,56,churn,0,0,101,32768,32768,1048576,28351000,10226348043398880542,12077982526663781769,11044626966882154137
rejected-direct-field-discriminator,candidate,cpp-unordered-map,chaining-buckets,wide256,64,32,64,churn,0,0,101,32768,32768,1048576,52009000,10226348043398880542,12077982526663781769,11044626966882154137
rejected-direct-field-discriminator,candidate,whitefoot-chain,head-buckets,wide256,64,32,64,churn,0,1,102,32768,32768,1048576,42920000,12303747803428189049,7995702684288656807,13271203342924839154
rejected-direct-field-discriminator,candidate,rust-hash-map,usable-entries,wide256,64,32,56,churn,0,1,102,32768,32768,1048576,28408000,12303747803428189049,7995702684288656807,13271203342924839154
rejected-direct-field-discriminator,candidate,cpp-unordered-map,chaining-buckets,wide256,64,32,64,churn,0,1,102,32768,32768,1048576,51721000,12303747803428189049,7995702684288656807,13271203342924839154
rejected-direct-field-discriminator,candidate,whitefoot-flat,physical-slots,wide256,64,32,64,churn,0,1,102,32768,32768,1048576,39857000,12303747803428189049,7995702684288656807,13271203342924839154
rejected-direct-field-discriminator,candidate,rust-hash-map,usable-entries,wide256,64,32,56,churn,0,2,103,32768,32768,1048576,28333000,11700360037907166720,11373434725935837862,10301316140389128545
rejected-direct-field-discriminator,candidate,cpp-unordered-map,chaining-buckets,wide256,64,32,64,churn,0,2,103,32768,32768,1048576,51450000,11700360037907166720,11373434725935837862,10301316140389128545
rejected-direct-field-discriminator,candidate,whitefoot-flat,physical-slots,wide256,64,32,64,churn,0,2,103,32768,32768,1048576,37673000,11700360037907166720,11373434725935837862,10301316140389128545
rejected-direct-field-discriminator,candidate,whitefoot-chain,head-buckets,wide256,64,32,64,churn,0,2,103,32768,32768,1048576,45542000,11700360037907166720,11373434725935837862,10301316140389128545
rejected-direct-field-discriminator,candidate,cpp-unordered-map,chaining-buckets,wide256,64,32,64,churn,0,3,104,32768,32768,1048576,51492000,947460494304570851,9676260734854056746,5530695440243242490
rejected-direct-field-discriminator,candidate,whitefoot-flat,physical-slots,wide256,64,32,64,churn,0,3,104,32768,32768,1048576,40329000,947460494304570851,9676260734854056746,5530695440243242490
rejected-direct-field-discriminator,candidate,whitefoot-chain,head-buckets,wide256,64,32,64,churn,0,3,104,32768,32768,1048576,43001000,947460494304570851,9676260734854056746,5530695440243242490
rejected-direct-field-discriminator,candidate,rust-hash-map,usable-entries,wide256,64,32,56,churn,0,3,104,32768,32768,1048576,28555000,947460494304570851,9676260734854056746,5530695440243242490
rejected-direct-field-discriminator,candidate,whitefoot-flat,physical-slots,wide256,64,32,64,churn,0,4,105,32768,32768,1048576,37981000,6593924960691878977,3308030074824571516,704020370171199482
rejected-direct-field-discriminator,candidate,whitefoot-chain,head-buckets,wide256,64,32,64,churn,0,4,105,32768,32768,1048576,42486000,6593924960691878977,3308030074824571516,704020370171199482
rejected-direct-field-discriminator,candidate,rust-hash-map,usable-entries,wide256,64,32,56,churn,0,4,105,32768,32768,1048576,28342000,6593924960691878977,3308030074824571516,704020370171199482
rejected-direct-field-discriminator,candidate,cpp-unordered-map,chaining-buckets,wide256,64,32,64,churn,0,4,105,32768,32768,1048576,52091000,6593924960691878977,3308030074824571516,704020370171199482
rejected-direct-field-discriminator,candidate,whitefoot-chain,head-buckets,wide256,64,32,64,churn,0,5,106,32768,32768,1048576,42674000,4908526729440067003,5209183629775218254,4761421479010371445
rejected-direct-field-discriminator,candidate,rust-hash-map,usable-entries,wide256,64,32,56,churn,0,5,106,32768,32768,1048576,28498000,4908526729440067003,5209183629775218254,4761421479010371445
rejected-direct-field-discriminator,candidate,cpp-unordered-map,chaining-buckets,wide256,64,32,64,churn,0,5,106,32768,32768,1048576,52135000,4908526729440067003,5209183629775218254,4761421479010371445
rejected-direct-field-discriminator,candidate,whitefoot-flat,physical-slots,wide256,64,32,64,churn,0,5,106,32768,32768,1048576,40689000,4908526729440067003,5209183629775218254,4761421479010371445
rejected-direct-field-discriminator,candidate,rust-hash-map,usable-entries,wide256,64,32,56,churn,0,6,107,32768,32768,1048576,28949000,3387322086436567767,14798175020615415202,14370455518956635646
rejected-direct-field-discriminator,candidate,cpp-unordered-map,chaining-buckets,wide256,64,32,64,churn,0,6,107,32768,32768,1048576,52044000,3387322086436567767,14798175020615415202,14370455518956635646
rejected-direct-field-discriminator,candidate,whitefoot-flat,physical-slots,wide256,64,32,64,churn,0,6,107,32768,32768,1048576,38816000,3387322086436567767,14798175020615415202,14370455518956635646
rejected-direct-field-discriminator,candidate,whitefoot-chain,head-buckets,wide256,64,32,64,churn,0,6,107,32768,32768,1048576,42631000,3387322086436567767,14798175020615415202,14370455518956635646
rejected-direct-field-discriminator,candidate,cpp-unordered-map,chaining-buckets,wide256,64,32,64,churn,0,7,108,32768,32768,1048576,51599000,2286297560001194550,4417241696690132572,17119788813254958275
rejected-direct-field-discriminator,candidate,whitefoot-flat,physical-slots,wide256,64,32,64,churn,0,7,108,32768,32768,1048576,39861000,2286297560001194550,4417241696690132572,17119788813254958275
rejected-direct-field-discriminator,candidate,whitefoot-chain,head-buckets,wide256,64,32,64,churn,0,7,108,32768,32768,1048576,43805000,2286297560001194550,4417241696690132572,17119788813254958275
rejected-direct-field-discriminator,candidate,rust-hash-map,usable-entries,wide256,64,32,56,churn,0,7,108,32768,32768,1048576,29124000,2286297560001194550,4417241696690132572,17119788813254958275
rejected-direct-field-discriminator,candidate,whitefoot-flat,physical-slots,wide256,64,32,64,churn,0,8,109,32768,32768,1048576,38887000,5230074108420963114,144157231638344912,4092201381492415276
rejected-direct-field-discriminator,candidate,whitefoot-chain,head-buckets,wide256,64,32,64,churn,0,8,109,32768,32768,1048576,43205000,5230074108420963114,144157231638344912,4092201381492415276
rejected-direct-field-discriminator,candidate,rust-hash-map,usable-entries,wide256,64,32,56,churn,0,8,109,32768,32768,1048576,28196000,5230074108420963114,144157231638344912,4092201381492415276
rejected-direct-field-discriminator,candidate,cpp-unordered-map,chaining-buckets,wide256,64,32,64,churn,0,8,109,32768,32768,1048576,52911000,5230074108420963114,144157231638344912,4092201381492415276
rejected-direct-field-discriminator,candidate,whitefoot-flat,physical-slots,wide256,4096,2048,4096,replace,0,0,101,512,512,1048576,32167000,2075292407092999172,12892485500574870081,14000432475348375067
rejected-direct-field-discriminator,candidate,whitefoot-chain,head-buckets,wide256,4096,2048,4096,replace,0,0,101,512,512,1048576,35175000,2075292407092999172,12892485500574870081,14000432475348375067
rejected-direct-field-discriminator,candidate,rust-hash-map,usable-entries,wide256,4096,2048,3584,replace,0,0,101,512,512,1048576,29957000,2075292407092999172,12892485500574870081,14000432475348375067
rejected-direct-field-discriminator,candidate,cpp-unordered-map,chaining-buckets,wide256,4096,2048,4096,replace,0,0,101,512,512,1048576,24742000,2075292407092999172,12892485500574870081,14000432475348375067
rejected-direct-field-discriminator,candidate,whitefoot-chain,head-buckets,wide256,4096,2048,4096,replace,0,1,102,512,512,1048576,36081000,15016135266304332727,6558794978756541917,6114081484065616256
rejected-direct-field-discriminator,candidate,rust-hash-map,usable-entries,wide256,4096,2048,3584,replace,0,1,102,512,512,1048576,29214000,15016135266304332727,6558794978756541917,6114081484065616256
rejected-direct-field-discriminator,candidate,cpp-unordered-map,chaining-buckets,wide256,4096,2048,4096,replace,0,1,102,512,512,1048576,24894000,15016135266304332727,6558794978756541917,6114081484065616256
rejected-direct-field-discriminator,candidate,whitefoot-flat,physical-slots,wide256,4096,2048,4096,replace,0,1,102,512,512,1048576,33247000,15016135266304332727,6558794978756541917,6114081484065616256
rejected-direct-field-discriminator,candidate,rust-hash-map,usable-entries,wide256,4096,2048,3584,replace,0,2,103,512,512,1048576,29273000,13111167608270029513,5953993967926708049,17365355996308864561
rejected-direct-field-discriminator,candidate,cpp-unordered-map,chaining-buckets,wide256,4096,2048,4096,replace,0,2,103,512,512,1048576,24466000,13111167608270029513,5953993967926708049,17365355996308864561
rejected-direct-field-discriminator,candidate,whitefoot-flat,physical-slots,wide256,4096,2048,4096,replace,0,2,103,512,512,1048576,32245000,13111167608270029513,5953993967926708049,17365355996308864561
rejected-direct-field-discriminator,candidate,whitefoot-chain,head-buckets,wide256,4096,2048,4096,replace,0,2,103,512,512,1048576,35057000,13111167608270029513,5953993967926708049,17365355996308864561
rejected-direct-field-discriminator,candidate,cpp-unordered-map,chaining-buckets,wide256,4096,2048,4096,replace,0,3,104,512,512,1048576,25346000,12269217098477494046,13830605729479137478,10986041400113567925
rejected-direct-field-discriminator,candidate,whitefoot-flat,physical-slots,wide256,4096,2048,4096,replace,0,3,104,512,512,1048576,34063000,12269217098477494046,13830605729479137478,10986041400113567925
rejected-direct-field-discriminator,candidate,whitefoot-chain,head-buckets,wide256,4096,2048,4096,replace,0,3,104,512,512,1048576,36082000,12269217098477494046,13830605729479137478,10986041400113567925
rejected-direct-field-discriminator,candidate,rust-hash-map,usable-entries,wide256,4096,2048,3584,replace,0,3,104,512,512,1048576,28803000,12269217098477494046,13830605729479137478,10986041400113567925
rejected-direct-field-discriminator,candidate,whitefoot-flat,physical-slots,wide256,4096,2048,4096,replace,0,4,105,512,512,1048576,32430000,8558675102460689755,4209192350472890587,9072634033921710457
rejected-direct-field-discriminator,candidate,whitefoot-chain,head-buckets,wide256,4096,2048,4096,replace,0,4,105,512,512,1048576,36308000,8558675102460689755,4209192350472890587,9072634033921710457
rejected-direct-field-discriminator,candidate,rust-hash-map,usable-entries,wide256,4096,2048,3584,replace,0,4,105,512,512,1048576,28985000,8558675102460689755,4209192350472890587,9072634033921710457
rejected-direct-field-discriminator,candidate,cpp-unordered-map,chaining-buckets,wide256,4096,2048,4096,replace,0,4,105,512,512,1048576,23892000,8558675102460689755,4209192350472890587,9072634033921710457
rejected-direct-field-discriminator,candidate,whitefoot-chain,head-buckets,wide256,4096,2048,4096,replace,0,5,106,512,512,1048576,35936000,1015220568023613307,833403251416686189,1227787846763681594
rejected-direct-field-discriminator,candidate,rust-hash-map,usable-entries,wide256,4096,2048,3584,replace,0,5,106,512,512,1048576,28670000,1015220568023613307,833403251416686189,1227787846763681594
rejected-direct-field-discriminator,candidate,cpp-unordered-map,chaining-buckets,wide256,4096,2048,4096,replace,0,5,106,512,512,1048576,24816000,1015220568023613307,833403251416686189,1227787846763681594
rejected-direct-field-discriminator,candidate,whitefoot-flat,physical-slots,wide256,4096,2048,4096,replace,0,5,106,512,512,1048576,32352000,1015220568023613307,833403251416686189,1227787846763681594
rejected-direct-field-discriminator,candidate,rust-hash-map,usable-entries,wide256,4096,2048,3584,replace,0,6,107,512,512,1048576,29438000,12194700616496320316,3766264394704203104,10472553841192511759
rejected-direct-field-discriminator,candidate,cpp-unordered-map,chaining-buckets,wide256,4096,2048,4096,replace,0,6,107,512,512,1048576,24017000,12194700616496320316,3766264394704203104,10472553841192511759
rejected-direct-field-discriminator,candidate,whitefoot-flat,physical-slots,wide256,4096,2048,4096,replace,0,6,107,512,512,1048576,32511000,12194700616496320316,3766264394704203104,10472553841192511759
rejected-direct-field-discriminator,candidate,whitefoot-chain,head-buckets,wide256,4096,2048,4096,replace,0,6,107,512,512,1048576,34949000,12194700616496320316,3766264394704203104,10472553841192511759
rejected-direct-field-discriminator,candidate,cpp-unordered-map,chaining-buckets,wide256,4096,2048,4096,replace,0,7,108,512,512,1048576,24496000,15102489409772330042,2454500479893543789,8088679192759448843
rejected-direct-field-discriminator,candidate,whitefoot-flat,physical-slots,wide256,4096,2048,4096,replace,0,7,108,512,512,1048576,32296000,15102489409772330042,2454500479893543789,8088679192759448843
rejected-direct-field-discriminator,candidate,whitefoot-chain,head-buckets,wide256,4096,2048,4096,replace,0,7,108,512,512,1048576,34999000,15102489409772330042,2454500479893543789,8088679192759448843
rejected-direct-field-discriminator,candidate,rust-hash-map,usable-entries,wide256,4096,2048,3584,replace,0,7,108,512,512,1048576,28527000,15102489409772330042,2454500479893543789,8088679192759448843
rejected-direct-field-discriminator,candidate,whitefoot-flat,physical-slots,wide256,4096,2048,4096,replace,0,8,109,512,512,1048576,32221000,3775378562665119119,4904183427984515141,6396831191577749462
rejected-direct-field-discriminator,candidate,whitefoot-chain,head-buckets,wide256,4096,2048,4096,replace,0,8,109,512,512,1048576,35105000,3775378562665119119,4904183427984515141,6396831191577749462
rejected-direct-field-discriminator,candidate,rust-hash-map,usable-entries,wide256,4096,2048,3584,replace,0,8,109,512,512,1048576,29284000,3775378562665119119,4904183427984515141,6396831191577749462
rejected-direct-field-discriminator,candidate,cpp-unordered-map,chaining-buckets,wide256,4096,2048,4096,replace,0,8,109,512,512,1048576,23922000,3775378562665119119,4904183427984515141,6396831191577749462
rejected-direct-field-discriminator,candidate,whitefoot-flat,physical-slots,wide256,4096,2048,4096,churn,0,0,101,512,512,1048576,51494000,3733185538357415121,12892485500574870081,14000432475348375067
rejected-direct-field-discriminator,candidate,whitefoot-chain,head-buckets,wide256,4096,2048,4096,churn,0,0,101,512,512,1048576,49680000,3733185538357415121,12892485500574870081,14000432475348375067
rejected-direct-field-discriminator,candidate,rust-hash-map,usable-entries,wide256,4096,2048,3584,churn,0,0,101,512,512,1048576,32717000,3733185538357415121,12892485500574870081,14000432475348375067
rejected-direct-field-discriminator,candidate,cpp-unordered-map,chaining-buckets,wide256,4096,2048,4096,churn,0,0,101,512,512,1048576,61362000,3733185538357415121,12892485500574870081,14000432475348375067
rejected-direct-field-discriminator,candidate,whitefoot-chain,head-buckets,wide256,4096,2048,4096,churn,0,1,102,512,512,1048576,50471000,3586090662414033173,6558794978756541917,6114081484065616256
rejected-direct-field-discriminator,candidate,rust-hash-map,usable-entries,wide256,4096,2048,3584,churn,0,1,102,512,512,1048576,32957000,3586090662414033173,6558794978756541917,6114081484065616256
rejected-direct-field-discriminator,candidate,cpp-unordered-map,chaining-buckets,wide256,4096,2048,4096,churn,0,1,102,512,512,1048576,62618000,3586090662414033173,6558794978756541917,6114081484065616256
rejected-direct-field-discriminator,candidate,whitefoot-flat,physical-slots,wide256,4096,2048,4096,churn,0,1,102,512,512,1048576,48774000,3586090662414033173,6558794978756541917,6114081484065616256
rejected-direct-field-discriminator,candidate,rust-hash-map,usable-entries,wide256,4096,2048,3584,churn,0,2,103,512,512,1048576,32983000,11765639576573538766,5953993967926708049,17365355996308864561
rejected-direct-field-discriminator,candidate,cpp-unordered-map,chaining-buckets,wide256,4096,2048,4096,churn,0,2,103,512,512,1048576,61648000,11765639576573538766,5953993967926708049,17365355996308864561
rejected-direct-field-discriminator,candidate,whitefoot-flat,physical-slots,wide256,4096,2048,4096,churn,0,2,103,512,512,1048576,50493000,11765639576573538766,5953993967926708049,17365355996308864561
rejected-direct-field-discriminator,candidate,whitefoot-chain,head-buckets,wide256,4096,2048,4096,churn,0,2,103,512,512,1048576,50667000,11765639576573538766,5953993967926708049,17365355996308864561
rejected-direct-field-discriminator,candidate,cpp-unordered-map,chaining-buckets,wide256,4096,2048,4096,churn,0,3,104,512,512,1048576,62576000,4848601812476263582,13830605729479137478,10986041400113567925
rejected-direct-field-discriminator,candidate,whitefoot-flat,physical-slots,wide256,4096,2048,4096,churn,0,3,104,512,512,1048576,48177000,4848601812476263582,13830605729479137478,10986041400113567925
rejected-direct-field-discriminator,candidate,whitefoot-chain,head-buckets,wide256,4096,2048,4096,churn,0,3,104,512,512,1048576,50774000,4848601812476263582,13830605729479137478,10986041400113567925
rejected-direct-field-discriminator,candidate,rust-hash-map,usable-entries,wide256,4096,2048,3584,churn,0,3,104,512,512,1048576,32974000,4848601812476263582,13830605729479137478,10986041400113567925
rejected-direct-field-discriminator,candidate,whitefoot-flat,physical-slots,wide256,4096,2048,4096,churn,0,4,105,512,512,1048576,53343000,1631485328074789459,4209192350472890587,9072634033921710457
rejected-direct-field-discriminator,candidate,whitefoot-chain,head-buckets,wide256,4096,2048,4096,churn,0,4,105,512,512,1048576,49626000,1631485328074789459,4209192350472890587,9072634033921710457
rejected-direct-field-discriminator,candidate,rust-hash-map,usable-entries,wide256,4096,2048,3584,churn,0,4,105,512,512,1048576,33371000,1631485328074789459,4209192350472890587,9072634033921710457
rejected-direct-field-discriminator,candidate,cpp-unordered-map,chaining-buckets,wide256,4096,2048,4096,churn,0,4,105,512,512,1048576,61565000,1631485328074789459,4209192350472890587,9072634033921710457
rejected-direct-field-discriminator,candidate,whitefoot-chain,head-buckets,wide256,4096,2048,4096,churn,0,5,106,512,512,1048576,50994000,11582209390180129761,833403251416686189,1227787846763681594
rejected-direct-field-discriminator,candidate,rust-hash-map,usable-entries,wide256,4096,2048,3584,churn,0,5,106,512,512,1048576,32768000,11582209390180129761,833403251416686189,1227787846763681594
rejected-direct-field-discriminator,candidate,cpp-unordered-map,chaining-buckets,wide256,4096,2048,4096,churn,0,5,106,512,512,1048576,63795000,11582209390180129761,833403251416686189,1227787846763681594
rejected-direct-field-discriminator,candidate,whitefoot-flat,physical-slots,wide256,4096,2048,4096,churn,0,5,106,512,512,1048576,50959000,11582209390180129761,833403251416686189,1227787846763681594
rejected-direct-field-discriminator,candidate,rust-hash-map,usable-entries,wide256,4096,2048,3584,churn,0,6,107,512,512,1048576,32709000,12490145925984139089,3766264394704203104,10472553841192511759
rejected-direct-field-discriminator,candidate,cpp-unordered-map,chaining-buckets,wide256,4096,2048,4096,churn,0,6,107,512,512,1048576,61523000,12490145925984139089,3766264394704203104,10472553841192511759
rejected-direct-field-discriminator,candidate,whitefoot-flat,physical-slots,wide256,4096,2048,4096,churn,0,6,107,512,512,1048576,48871000,12490145925984139089,3766264394704203104,10472553841192511759
rejected-direct-field-discriminator,candidate,whitefoot-chain,head-buckets,wide256,4096,2048,4096,churn,0,6,107,512,512,1048576,51915000,12490145925984139089,3766264394704203104,10472553841192511759
rejected-direct-field-discriminator,candidate,cpp-unordered-map,chaining-buckets,wide256,4096,2048,4096,churn,0,7,108,512,512,1048576,64997000,8993427988989229243,2454500479893543789,8088679192759448843
rejected-direct-field-discriminator,candidate,whitefoot-flat,physical-slots,wide256,4096,2048,4096,churn,0,7,108,512,512,1048576,49917000,8993427988989229243,2454500479893543789,8088679192759448843
rejected-direct-field-discriminator,candidate,whitefoot-chain,head-buckets,wide256,4096,2048,4096,churn,0,7,108,512,512,1048576,50393000,8993427988989229243,2454500479893543789,8088679192759448843
rejected-direct-field-discriminator,candidate,rust-hash-map,usable-entries,wide256,4096,2048,3584,churn,0,7,108,512,512,1048576,32884000,8993427988989229243,2454500479893543789,8088679192759448843
rejected-direct-field-discriminator,candidate,whitefoot-flat,physical-slots,wide256,4096,2048,4096,churn,0,8,109,512,512,1048576,49964000,8409122420295524922,4904183427984515141,6396831191577749462
rejected-direct-field-discriminator,candidate,whitefoot-chain,head-buckets,wide256,4096,2048,4096,churn,0,8,109,512,512,1048576,49674000,8409122420295524922,4904183427984515141,6396831191577749462
rejected-direct-field-discriminator,candidate,rust-hash-map,usable-entries,wide256,4096,2048,3584,churn,0,8,109,512,512,1048576,32674000,8409122420295524922,4904183427984515141,6396831191577749462
rejected-direct-field-discriminator,candidate,cpp-unordered-map,chaining-buckets,wide256,4096,2048,4096,churn,0,8,109,512,512,1048576,63557000,8409122420295524922,4904183427984515141,6396831191577749462
rejected-direct-field-discriminator,direct,whitefoot-flat,physical-slots,word8,64,32,64,replace,0,0,101,32768,32768,1048576,2475000,18096573721732818519,12077982526663781769,12749132361983993480
rejected-direct-field-discriminator,direct,whitefoot-chain,head-buckets,word8,64,32,64,replace,0,0,101,32768,32768,1048576,2402000,18096573721732818519,12077982526663781769,12749132361983993480
rejected-direct-field-discriminator,direct,rust-hash-map,usable-entries,word8,64,32,56,replace,0,0,101,32768,32768,1048576,2657000,18096573721732818519,12077982526663781769,12749132361983993480
rejected-direct-field-discriminator,direct,cpp-unordered-map,chaining-buckets,word8,64,32,64,replace,0,0,101,32768,32768,1048576,2940000,18096573721732818519,12077982526663781769,12749132361983993480
rejected-direct-field-discriminator,direct,whitefoot-chain,head-buckets,word8,64,32,64,replace,0,1,102,32768,32768,1048576,2365000,14470636289158971276,7995702684288656807,12244221203303174045
rejected-direct-field-discriminator,direct,rust-hash-map,usable-entries,word8,64,32,56,replace,0,1,102,32768,32768,1048576,2630000,14470636289158971276,7995702684288656807,12244221203303174045
rejected-direct-field-discriminator,direct,cpp-unordered-map,chaining-buckets,word8,64,32,64,replace,0,1,102,32768,32768,1048576,2920000,14470636289158971276,7995702684288656807,12244221203303174045
rejected-direct-field-discriminator,direct,whitefoot-flat,physical-slots,word8,64,32,64,replace,0,1,102,32768,32768,1048576,2449000,14470636289158971276,7995702684288656807,12244221203303174045
rejected-direct-field-discriminator,direct,rust-hash-map,usable-entries,word8,64,32,56,replace,0,2,103,32768,32768,1048576,2600000,9973176258566731091,11373434725935837862,15648614559169679663
rejected-direct-field-discriminator,direct,cpp-unordered-map,chaining-buckets,word8,64,32,64,replace,0,2,103,32768,32768,1048576,3340000,9973176258566731091,11373434725935837862,15648614559169679663
rejected-direct-field-discriminator,direct,whitefoot-flat,physical-slots,word8,64,32,64,replace,0,2,103,32768,32768,1048576,2383000,9973176258566731091,11373434725935837862,15648614559169679663
rejected-direct-field-discriminator,direct,whitefoot-chain,head-buckets,word8,64,32,64,replace,0,2,103,32768,32768,1048576,2327000,9973176258566731091,11373434725935837862,15648614559169679663
rejected-direct-field-discriminator,direct,cpp-unordered-map,chaining-buckets,word8,64,32,64,replace,0,3,104,32768,32768,1048576,2878000,16089982674628147203,9676260734854056746,2848619765991137053
rejected-direct-field-discriminator,direct,whitefoot-flat,physical-slots,word8,64,32,64,replace,0,3,104,32768,32768,1048576,2439000,16089982674628147203,9676260734854056746,2848619765991137053
rejected-direct-field-discriminator,direct,whitefoot-chain,head-buckets,word8,64,32,64,replace,0,3,104,32768,32768,1048576,2479000,16089982674628147203,9676260734854056746,2848619765991137053
rejected-direct-field-discriminator,direct,rust-hash-map,usable-entries,word8,64,32,56,replace,0,3,104,32768,32768,1048576,2611000,16089982674628147203,9676260734854056746,2848619765991137053
rejected-direct-field-discriminator,direct,whitefoot-flat,physical-slots,word8,64,32,64,replace,0,4,105,32768,32768,1048576,2860000,2556899712354080479,3308030074824571516,10059556291468621031
rejected-direct-field-discriminator,direct,whitefoot-chain,head-buckets,word8,64,32,64,replace,0,4,105,32768,32768,1048576,2333000,2556899712354080479,3308030074824571516,10059556291468621031
rejected-direct-field-discriminator,direct,rust-hash-map,usable-entries,word8,64,32,56,replace,0,4,105,32768,32768,1048576,2580000,2556899712354080479,3308030074824571516,10059556291468621031
rejected-direct-field-discriminator,direct,cpp-unordered-map,chaining-buckets,word8,64,32,64,replace,0,4,105,32768,32768,1048576,2812000,2556899712354080479,3308030074824571516,10059556291468621031
rejected-direct-field-discriminator,direct,whitefoot-chain,head-buckets,word8,64,32,64,replace,0,5,106,32768,32768,1048576,2369000,3405593398268564637,5209183629775218254,900397986388891109
rejected-direct-field-discriminator,direct,rust-hash-map,usable-entries,word8,64,32,56,replace,0,5,106,32768,32768,1048576,2622000,3405593398268564637,5209183629775218254,900397986388891109
rejected-direct-field-discriminator,direct,cpp-unordered-map,chaining-buckets,word8,64,32,64,replace,0,5,106,32768,32768,1048576,2933000,3405593398268564637,5209183629775218254,900397986388891109
rejected-direct-field-discriminator,direct,whitefoot-flat,physical-slots,word8,64,32,64,replace,0,5,106,32768,32768,1048576,2454000,3405593398268564637,5209183629775218254,900397986388891109
rejected-direct-field-discriminator,direct,rust-hash-map,usable-entries,word8,64,32,56,replace,0,6,107,32768,32768,1048576,2583000,7681617421452767597,14798175020615415202,10515582106697849762
rejected-direct-field-discriminator,direct,cpp-unordered-map,chaining-buckets,word8,64,32,64,replace,0,6,107,32768,32768,1048576,2815000,7681617421452767597,14798175020615415202,10515582106697849762
rejected-direct-field-discriminator,direct,whitefoot-flat,physical-slots,word8,64,32,64,replace,0,6,107,32768,32768,1048576,2882000,7681617421452767597,14798175020615415202,10515582106697849762
rejected-direct-field-discriminator,direct,whitefoot-chain,head-buckets,word8,64,32,64,replace,0,6,107,32768,32768,1048576,2333000,7681617421452767597,14798175020615415202,10515582106697849762
rejected-direct-field-discriminator,direct,cpp-unordered-map,chaining-buckets,word8,64,32,64,replace,0,7,108,32768,32768,1048576,2966000,2327915804901543052,4417241696690132572,4713894674198377865
rejected-direct-field-discriminator,direct,whitefoot-flat,physical-slots,word8,64,32,64,replace,0,7,108,32768,32768,1048576,2517000,2327915804901543052,4417241696690132572,4713894674198377865
rejected-direct-field-discriminator,direct,whitefoot-chain,head-buckets,word8,64,32,64,replace,0,7,108,32768,32768,1048576,2507000,2327915804901543052,4417241696690132572,4713894674198377865
rejected-direct-field-discriminator,direct,rust-hash-map,usable-entries,word8,64,32,56,replace,0,7,108,32768,32768,1048576,2750000,2327915804901543052,4417241696690132572,4713894674198377865
rejected-direct-field-discriminator,direct,whitefoot-flat,physical-slots,word8,64,32,64,replace,0,8,109,32768,32768,1048576,2981000,15581882087185304535,144157231638344912,5599822130869204459
rejected-direct-field-discriminator,direct,whitefoot-chain,head-buckets,word8,64,32,64,replace,0,8,109,32768,32768,1048576,2378000,15581882087185304535,144157231638344912,5599822130869204459
rejected-direct-field-discriminator,direct,rust-hash-map,usable-entries,word8,64,32,56,replace,0,8,109,32768,32768,1048576,2659000,15581882087185304535,144157231638344912,5599822130869204459
rejected-direct-field-discriminator,direct,cpp-unordered-map,chaining-buckets,word8,64,32,64,replace,0,8,109,32768,32768,1048576,2906000,15581882087185304535,144157231638344912,5599822130869204459
rejected-direct-field-discriminator,direct,whitefoot-flat,physical-slots,word8,64,32,64,churn,0,0,101,32768,32768,1048576,8048000,18110906709719556088,12077982526663781769,12749132361983993480
rejected-direct-field-discriminator,direct,whitefoot-chain,head-buckets,word8,64,32,64,churn,0,0,101,32768,32768,1048576,5323000,18110906709719556088,12077982526663781769,12749132361983993480
rejected-direct-field-discriminator,direct,rust-hash-map,usable-entries,word8,64,32,56,churn,0,0,101,32768,32768,1048576,16842000,18110906709719556088,12077982526663781769,12749132361983993480
rejected-direct-field-discriminator,direct,cpp-unordered-map,chaining-buckets,word8,64,32,64,churn,0,0,101,32768,32768,1048576,29842000,18110906709719556088,12077982526663781769,12749132361983993480
rejected-direct-field-discriminator,direct,whitefoot-chain,head-buckets,word8,64,32,64,churn,0,1,102,32768,32768,1048576,6024000,9296874036845416241,7995702684288656807,12244221203303174045
rejected-direct-field-discriminator,direct,rust-hash-map,usable-entries,word8,64,32,56,churn,0,1,102,32768,32768,1048576,15372000,9296874036845416241,7995702684288656807,12244221203303174045
rejected-direct-field-discriminator,direct,cpp-unordered-map,chaining-buckets,word8,64,32,64,churn,0,1,102,32768,32768,1048576,29366000,9296874036845416241,7995702684288656807,12244221203303174045
rejected-direct-field-discriminator,direct,whitefoot-flat,physical-slots,word8,64,32,64,churn,0,1,102,32768,32768,1048576,9120000,9296874036845416241,7995702684288656807,12244221203303174045
rejected-direct-field-discriminator,direct,rust-hash-map,usable-entries,word8,64,32,56,churn,0,2,103,32768,32768,1048576,17176000,12903157730705904877,11373434725935837862,15648614559169679663
rejected-direct-field-discriminator,direct,cpp-unordered-map,chaining-buckets,word8,64,32,64,churn,0,2,103,32768,32768,1048576,28741000,12903157730705904877,11373434725935837862,15648614559169679663
rejected-direct-field-discriminator,direct,whitefoot-flat,physical-slots,word8,64,32,64,churn,0,2,103,32768,32768,1048576,8008000,12903157730705904877,11373434725935837862,15648614559169679663
rejected-direct-field-discriminator,direct,whitefoot-chain,head-buckets,word8,64,32,64,churn,0,2,103,32768,32768,1048576,5699000,12903157730705904877,11373434725935837862,15648614559169679663
rejected-direct-field-discriminator,direct,cpp-unordered-map,chaining-buckets,word8,64,32,64,churn,0,3,104,32768,32768,1048576,30033000,4253743068328656138,9676260734854056746,2848619765991137053
rejected-direct-field-discriminator,direct,whitefoot-flat,physical-slots,word8,64,32,64,churn,0,3,104,32768,32768,1048576,9185000,4253743068328656138,9676260734854056746,2848619765991137053
rejected-direct-field-discriminator,direct,whitefoot-chain,head-buckets,word8,64,32,64,churn,0,3,104,32768,32768,1048576,6037000,4253743068328656138,9676260734854056746,2848619765991137053
rejected-direct-field-discriminator,direct,rust-hash-map,usable-entries,word8,64,32,56,churn,0,3,104,32768,32768,1048576,16691000,4253743068328656138,9676260734854056746,2848619765991137053
rejected-direct-field-discriminator,direct,whitefoot-flat,physical-slots,word8,64,32,64,churn,0,4,105,32768,32768,1048576,8033000,628659943078117645,3308030074824571516,10059556291468621031
rejected-direct-field-discriminator,direct,whitefoot-chain,head-buckets,word8,64,32,64,churn,0,4,105,32768,32768,1048576,5332000,628659943078117645,3308030074824571516,10059556291468621031
rejected-direct-field-discriminator,direct,rust-hash-map,usable-entries,word8,64,32,56,churn,0,4,105,32768,32768,1048576,17594000,628659943078117645,3308030074824571516,10059556291468621031
rejected-direct-field-discriminator,direct,cpp-unordered-map,chaining-buckets,word8,64,32,64,churn,0,4,105,32768,32768,1048576,28846000,628659943078117645,3308030074824571516,10059556291468621031
rejected-direct-field-discriminator,direct,whitefoot-chain,head-buckets,word8,64,32,64,churn,0,5,106,32768,32768,1048576,6139000,2475384722324267649,5209183629775218254,900397986388891109
rejected-direct-field-discriminator,direct,rust-hash-map,usable-entries,word8,64,32,56,churn,0,5,106,32768,32768,1048576,17072000,2475384722324267649,5209183629775218254,900397986388891109
rejected-direct-field-discriminator,direct,cpp-unordered-map,chaining-buckets,word8,64,32,64,churn,0,5,106,32768,32768,1048576,27789000,2475384722324267649,5209183629775218254,900397986388891109
rejected-direct-field-discriminator,direct,whitefoot-flat,physical-slots,word8,64,32,64,churn,0,5,106,32768,32768,1048576,9218000,2475384722324267649,5209183629775218254,900397986388891109
rejected-direct-field-discriminator,direct,rust-hash-map,usable-entries,word8,64,32,56,churn,0,6,107,32768,32768,1048576,13619000,2402000015043713974,14798175020615415202,10515582106697849762
rejected-direct-field-discriminator,direct,cpp-unordered-map,chaining-buckets,word8,64,32,64,churn,0,6,107,32768,32768,1048576,29051000,2402000015043713974,14798175020615415202,10515582106697849762
rejected-direct-field-discriminator,direct,whitefoot-flat,physical-slots,word8,64,32,64,churn,0,6,107,32768,32768,1048576,8269000,2402000015043713974,14798175020615415202,10515582106697849762
rejected-direct-field-discriminator,direct,whitefoot-chain,head-buckets,word8,64,32,64,churn,0,6,107,32768,32768,1048576,7036000,2402000015043713974,14798175020615415202,10515582106697849762
rejected-direct-field-discriminator,direct,cpp-unordered-map,chaining-buckets,word8,64,32,64,churn,0,7,108,32768,32768,1048576,27633000,5723748881526033307,4417241696690132572,4713894674198377865
rejected-direct-field-discriminator,direct,whitefoot-flat,physical-slots,word8,64,32,64,churn,0,7,108,32768,32768,1048576,9229000,5723748881526033307,4417241696690132572,4713894674198377865
rejected-direct-field-discriminator,direct,whitefoot-chain,head-buckets,word8,64,32,64,churn,0,7,108,32768,32768,1048576,5922000,5723748881526033307,4417241696690132572,4713894674198377865
rejected-direct-field-discriminator,direct,rust-hash-map,usable-entries,word8,64,32,56,churn,0,7,108,32768,32768,1048576,16872000,5723748881526033307,4417241696690132572,4713894674198377865
rejected-direct-field-discriminator,direct,whitefoot-flat,physical-slots,word8,64,32,64,churn,0,8,109,32768,32768,1048576,8291000,2256372710712324380,144157231638344912,5599822130869204459
rejected-direct-field-discriminator,direct,whitefoot-chain,head-buckets,word8,64,32,64,churn,0,8,109,32768,32768,1048576,5324000,2256372710712324380,144157231638344912,5599822130869204459
rejected-direct-field-discriminator,direct,rust-hash-map,usable-entries,word8,64,32,56,churn,0,8,109,32768,32768,1048576,17430000,2256372710712324380,144157231638344912,5599822130869204459
rejected-direct-field-discriminator,direct,cpp-unordered-map,chaining-buckets,word8,64,32,64,churn,0,8,109,32768,32768,1048576,30421000,2256372710712324380,144157231638344912,5599822130869204459
rejected-direct-field-discriminator,direct,whitefoot-flat,physical-slots,word8,4096,2048,4096,replace,0,0,101,512,512,1048576,3614000,17620489557640355118,12892485500574870081,15318239530852537950
rejected-direct-field-discriminator,direct,whitefoot-chain,head-buckets,word8,4096,2048,4096,replace,0,0,101,512,512,1048576,3414000,17620489557640355118,12892485500574870081,15318239530852537950
rejected-direct-field-discriminator,direct,rust-hash-map,usable-entries,word8,4096,2048,3584,replace,0,0,101,512,512,1048576,2771000,17620489557640355118,12892485500574870081,15318239530852537950
rejected-direct-field-discriminator,direct,cpp-unordered-map,chaining-buckets,word8,4096,2048,4096,replace,0,0,101,512,512,1048576,4775000,17620489557640355118,12892485500574870081,15318239530852537950
rejected-direct-field-discriminator,direct,whitefoot-chain,head-buckets,word8,4096,2048,4096,replace,0,1,102,512,512,1048576,3614000,1935089821601506588,6558794978756541917,14466115479769115293
rejected-direct-field-discriminator,direct,rust-hash-map,usable-entries,word8,4096,2048,3584,replace,0,1,102,512,512,1048576,2734000,1935089821601506588,6558794978756541917,14466115479769115293
rejected-direct-field-discriminator,direct,cpp-unordered-map,chaining-buckets,word8,4096,2048,4096,replace,0,1,102,512,512,1048576,4302000,1935089821601506588,6558794978756541917,14466115479769115293
rejected-direct-field-discriminator,direct,whitefoot-flat,physical-slots,word8,4096,2048,4096,replace,0,1,102,512,512,1048576,3206000,1935089821601506588,6558794978756541917,14466115479769115293
rejected-direct-field-discriminator,direct,rust-hash-map,usable-entries,word8,4096,2048,3584,replace,0,2,103,512,512,1048576,2689000,1951882041121453793,5953993967926708049,11388540906096222742
rejected-direct-field-discriminator,direct,cpp-unordered-map,chaining-buckets,word8,4096,2048,4096,replace,0,2,103,512,512,1048576,4666000,1951882041121453793,5953993967926708049,11388540906096222742
rejected-direct-field-discriminator,direct,whitefoot-flat,physical-slots,word8,4096,2048,4096,replace,0,2,103,512,512,1048576,3230000,1951882041121453793,5953993967926708049,11388540906096222742
rejected-direct-field-discriminator,direct,whitefoot-chain,head-buckets,word8,4096,2048,4096,replace,0,2,103,512,512,1048576,2982000,1951882041121453793,5953993967926708049,11388540906096222742
rejected-direct-field-discriminator,direct,cpp-unordered-map,chaining-buckets,word8,4096,2048,4096,replace,0,3,104,512,512,1048576,4277000,14304161718858749203,13830605729479137478,9959520025842494717
rejected-direct-field-discriminator,direct,whitefoot-flat,physical-slots,word8,4096,2048,4096,replace,0,3,104,512,512,1048576,3804000,14304161718858749203,13830605729479137478,9959520025842494717
rejected-direct-field-discriminator,direct,whitefoot-chain,head-buckets,word8,4096,2048,4096,replace,0,3,104,512,512,1048576,2990000,14304161718858749203,13830605729479137478,9959520025842494717
rejected-direct-field-discriminator,direct,rust-hash-map,usable-entries,word8,4096,2048,3584,replace,0,3,104,512,512,1048576,2720000,14304161718858749203,13830605729479137478,9959520025842494717
rejected-direct-field-discriminator,direct,whitefoot-flat,physical-slots,word8,4096,2048,4096,replace,0,4,105,512,512,1048576,3373000,11379130351144432977,4209192350472890587,3105434443357397326
rejected-direct-field-discriminator,direct,whitefoot-chain,head-buckets,word8,4096,2048,4096,replace,0,4,105,512,512,1048576,3193000,11379130351144432977,4209192350472890587,3105434443357397326
rejected-direct-field-discriminator,direct,rust-hash-map,usable-entries,word8,4096,2048,3584,replace,0,4,105,512,512,1048576,2694000,11379130351144432977,4209192350472890587,3105434443357397326
rejected-direct-field-discriminator,direct,cpp-unordered-map,chaining-buckets,word8,4096,2048,4096,replace,0,4,105,512,512,1048576,4515000,11379130351144432977,4209192350472890587,3105434443357397326
rejected-direct-field-discriminator,direct,whitefoot-chain,head-buckets,word8,4096,2048,4096,replace,0,5,106,512,512,1048576,3663000,12251642353774623270,833403251416686189,10436227290064263060
rejected-direct-field-discriminator,direct,rust-hash-map,usable-entries,word8,4096,2048,3584,replace,0,5,106,512,512,1048576,2733000,12251642353774623270,833403251416686189,10436227290064263060
rejected-direct-field-discriminator,direct,cpp-unordered-map,chaining-buckets,word8,4096,2048,4096,replace,0,5,106,512,512,1048576,4836000,12251642353774623270,833403251416686189,10436227290064263060
rejected-direct-field-discriminator,direct,whitefoot-flat,physical-slots,word8,4096,2048,4096,replace,0,5,106,512,512,1048576,3106000,12251642353774623270,833403251416686189,10436227290064263060
rejected-direct-field-discriminator,direct,rust-hash-map,usable-entries,word8,4096,2048,3584,replace,0,6,107,512,512,1048576,2696000,8033389661832950008,3766264394704203104,14562156551781632605
rejected-direct-field-discriminator,direct,cpp-unordered-map,chaining-buckets,word8,4096,2048,4096,replace,0,6,107,512,512,1048576,4330000,8033389661832950008,3766264394704203104,14562156551781632605
rejected-direct-field-discriminator,direct,whitefoot-flat,physical-slots,word8,4096,2048,4096,replace,0,6,107,512,512,1048576,3399000,8033389661832950008,3766264394704203104,14562156551781632605
rejected-direct-field-discriminator,direct,whitefoot-chain,head-buckets,word8,4096,2048,4096,replace,0,6,107,512,512,1048576,3091000,8033389661832950008,3766264394704203104,14562156551781632605
rejected-direct-field-discriminator,direct,cpp-unordered-map,chaining-buckets,word8,4096,2048,4096,replace,0,7,108,512,512,1048576,4429000,1046993030128260120,2454500479893543789,14768026503605617582
rejected-direct-field-discriminator,direct,whitefoot-flat,physical-slots,word8,4096,2048,4096,replace,0,7,108,512,512,1048576,3391000,1046993030128260120,2454500479893543789,14768026503605617582
rejected-direct-field-discriminator,direct,whitefoot-chain,head-buckets,word8,4096,2048,4096,replace,0,7,108,512,512,1048576,3625000,1046993030128260120,2454500479893543789,14768026503605617582
rejected-direct-field-discriminator,direct,rust-hash-map,usable-entries,word8,4096,2048,3584,replace,0,7,108,512,512,1048576,2714000,1046993030128260120,2454500479893543789,14768026503605617582
rejected-direct-field-discriminator,direct,whitefoot-flat,physical-slots,word8,4096,2048,4096,replace,0,8,109,512,512,1048576,3368000,8413322795025042257,4904183427984515141,10319780408451309694
rejected-direct-field-discriminator,direct,whitefoot-chain,head-buckets,word8,4096,2048,4096,replace,0,8,109,512,512,1048576,3092000,8413322795025042257,4904183427984515141,10319780408451309694
rejected-direct-field-discriminator,direct,rust-hash-map,usable-entries,word8,4096,2048,3584,replace,0,8,109,512,512,1048576,2770000,8413322795025042257,4904183427984515141,10319780408451309694
rejected-direct-field-discriminator,direct,cpp-unordered-map,chaining-buckets,word8,4096,2048,4096,replace,0,8,109,512,512,1048576,4591000,8413322795025042257,4904183427984515141,10319780408451309694
rejected-direct-field-discriminator,direct,whitefoot-flat,physical-slots,word8,4096,2048,4096,churn,0,0,101,512,512,1048576,19395000,8799152866740530150,12892485500574870081,15318239530852537950
rejected-direct-field-discriminator,direct,whitefoot-chain,head-buckets,word8,4096,2048,4096,churn,0,0,101,512,512,1048576,9279000,8799152866740530150,12892485500574870081,15318239530852537950
rejected-direct-field-discriminator,direct,rust-hash-map,usable-entries,word8,4096,2048,3584,churn,0,0,101,512,512,1048576,10659000,8799152866740530150,12892485500574870081,15318239530852537950
rejected-direct-field-discriminator,direct,cpp-unordered-map,chaining-buckets,word8,4096,2048,4096,churn,0,0,101,512,512,1048576,31013000,8799152866740530150,12892485500574870081,15318239530852537950
rejected-direct-field-discriminator,direct,whitefoot-chain,head-buckets,word8,4096,2048,4096,churn,0,1,102,512,512,1048576,8129000,5607125520057204017,6558794978756541917,14466115479769115293
rejected-direct-field-discriminator,direct,rust-hash-map,usable-entries,word8,4096,2048,3584,churn,0,1,102,512,512,1048576,11182000,5607125520057204017,6558794978756541917,14466115479769115293
rejected-direct-field-discriminator,direct,cpp-unordered-map,chaining-buckets,word8,4096,2048,4096,churn,0,1,102,512,512,1048576,32437000,5607125520057204017,6558794978756541917,14466115479769115293
rejected-direct-field-discriminator,direct,whitefoot-flat,physical-slots,word8,4096,2048,4096,churn,0,1,102,512,512,1048576,18524000,5607125520057204017,6558794978756541917,14466115479769115293
rejected-direct-field-discriminator,direct,rust-hash-map,usable-entries,word8,4096,2048,3584,churn,0,2,103,512,512,1048576,11047000,7623919904794872868,5953993967926708049,11388540906096222742
rejected-direct-field-discriminator,direct,cpp-unordered-map,chaining-buckets,word8,4096,2048,4096,churn,0,2,103,512,512,1048576,31279000,7623919904794872868,5953993967926708049,11388540906096222742
rejected-direct-field-discriminator,direct,whitefoot-flat,physical-slots,word8,4096,2048,4096,churn,0,2,103,512,512,1048576,16267000,7623919904794872868,5953993967926708049,11388540906096222742
rejected-direct-field-discriminator,direct,whitefoot-chain,head-buckets,word8,4096,2048,4096,churn,0,2,103,512,512,1048576,6834000,7623919904794872868,5953993967926708049,11388540906096222742
rejected-direct-field-discriminator,direct,cpp-unordered-map,chaining-buckets,word8,4096,2048,4096,churn,0,3,104,512,512,1048576,32586000,13715727663386659120,13830605729479137478,9959520025842494717
rejected-direct-field-discriminator,direct,whitefoot-flat,physical-slots,word8,4096,2048,4096,churn,0,3,104,512,512,1048576,20705000,13715727663386659120,13830605729479137478,9959520025842494717
rejected-direct-field-discriminator,direct,whitefoot-chain,head-buckets,word8,4096,2048,4096,churn,0,3,104,512,512,1048576,7565000,13715727663386659120,13830605729479137478,9959520025842494717
rejected-direct-field-discriminator,direct,rust-hash-map,usable-entries,word8,4096,2048,3584,churn,0,3,104,512,512,1048576,10676000,13715727663386659120,13830605729479137478,9959520025842494717
rejected-direct-field-discriminator,direct,whitefoot-flat,physical-slots,word8,4096,2048,4096,churn,0,4,105,512,512,1048576,16950000,15082010733789155885,4209192350472890587,3105434443357397326
rejected-direct-field-discriminator,direct,whitefoot-chain,head-buckets,word8,4096,2048,4096,churn,0,4,105,512,512,1048576,7826000,15082010733789155885,4209192350472890587,3105434443357397326
rejected-direct-field-discriminator,direct,rust-hash-map,usable-entries,word8,4096,2048,3584,churn,0,4,105,512,512,1048576,10737000,15082010733789155885,4209192350472890587,3105434443357397326
rejected-direct-field-discriminator,direct,cpp-unordered-map,chaining-buckets,word8,4096,2048,4096,churn,0,4,105,512,512,1048576,31337000,15082010733789155885,4209192350472890587,3105434443357397326
rejected-direct-field-discriminator,direct,whitefoot-chain,head-buckets,word8,4096,2048,4096,churn,0,5,106,512,512,1048576,9533000,12842905645731754778,833403251416686189,10436227290064263060
rejected-direct-field-discriminator,direct,rust-hash-map,usable-entries,word8,4096,2048,3584,churn,0,5,106,512,512,1048576,11041000,12842905645731754778,833403251416686189,10436227290064263060
rejected-direct-field-discriminator,direct,cpp-unordered-map,chaining-buckets,word8,4096,2048,4096,churn,0,5,106,512,512,1048576,31872000,12842905645731754778,833403251416686189,10436227290064263060
rejected-direct-field-discriminator,direct,whitefoot-flat,physical-slots,word8,4096,2048,4096,churn,0,5,106,512,512,1048576,18639000,12842905645731754778,833403251416686189,10436227290064263060
rejected-direct-field-discriminator,direct,rust-hash-map,usable-entries,word8,4096,2048,3584,churn,0,6,107,512,512,1048576,11266000,2600790722277263761,3766264394704203104,14562156551781632605
rejected-direct-field-discriminator,direct,cpp-unordered-map,chaining-buckets,word8,4096,2048,4096,churn,0,6,107,512,512,1048576,30809000,2600790722277263761,3766264394704203104,14562156551781632605
rejected-direct-field-discriminator,direct,whitefoot-flat,physical-slots,word8,4096,2048,4096,churn,0,6,107,512,512,1048576,18468000,2600790722277263761,3766264394704203104,14562156551781632605
rejected-direct-field-discriminator,direct,whitefoot-chain,head-buckets,word8,4096,2048,4096,churn,0,6,107,512,512,1048576,8894000,2600790722277263761,3766264394704203104,14562156551781632605
rejected-direct-field-discriminator,direct,cpp-unordered-map,chaining-buckets,word8,4096,2048,4096,churn,0,7,108,512,512,1048576,32528000,10569362474842633493,2454500479893543789,14768026503605617582
rejected-direct-field-discriminator,direct,whitefoot-flat,physical-slots,word8,4096,2048,4096,churn,0,7,108,512,512,1048576,17266000,10569362474842633493,2454500479893543789,14768026503605617582
rejected-direct-field-discriminator,direct,whitefoot-chain,head-buckets,word8,4096,2048,4096,churn,0,7,108,512,512,1048576,7683000,10569362474842633493,2454500479893543789,14768026503605617582
rejected-direct-field-discriminator,direct,rust-hash-map,usable-entries,word8,4096,2048,3584,churn,0,7,108,512,512,1048576,10789000,10569362474842633493,2454500479893543789,14768026503605617582
rejected-direct-field-discriminator,direct,whitefoot-flat,physical-slots,word8,4096,2048,4096,churn,0,8,109,512,512,1048576,22216000,17633044524729442276,4904183427984515141,10319780408451309694
rejected-direct-field-discriminator,direct,whitefoot-chain,head-buckets,word8,4096,2048,4096,churn,0,8,109,512,512,1048576,7466000,17633044524729442276,4904183427984515141,10319780408451309694
rejected-direct-field-discriminator,direct,rust-hash-map,usable-entries,word8,4096,2048,3584,churn,0,8,109,512,512,1048576,11126000,17633044524729442276,4904183427984515141,10319780408451309694
rejected-direct-field-discriminator,direct,cpp-unordered-map,chaining-buckets,word8,4096,2048,4096,churn,0,8,109,512,512,1048576,31419000,17633044524729442276,4904183427984515141,10319780408451309694
rejected-direct-field-discriminator,direct,whitefoot-flat,physical-slots,wide256,64,32,64,replace,0,0,101,32768,32768,1048576,32637000,3780980432890818720,12077982526663781769,11044626966882154137
rejected-direct-field-discriminator,direct,whitefoot-chain,head-buckets,wide256,64,32,64,replace,0,0,101,32768,32768,1048576,33505000,3780980432890818720,12077982526663781769,11044626966882154137
rejected-direct-field-discriminator,direct,rust-hash-map,usable-entries,wide256,64,32,56,replace,0,0,101,32768,32768,1048576,23094000,3780980432890818720,12077982526663781769,11044626966882154137
rejected-direct-field-discriminator,direct,cpp-unordered-map,chaining-buckets,wide256,64,32,64,replace,0,0,101,32768,32768,1048576,21229000,3780980432890818720,12077982526663781769,11044626966882154137
rejected-direct-field-discriminator,direct,whitefoot-chain,head-buckets,wide256,64,32,64,replace,0,1,102,32768,32768,1048576,33540000,9155012714890369401,7995702684288656807,13271203342924839154
rejected-direct-field-discriminator,direct,rust-hash-map,usable-entries,wide256,64,32,56,replace,0,1,102,32768,32768,1048576,23336000,9155012714890369401,7995702684288656807,13271203342924839154
rejected-direct-field-discriminator,direct,cpp-unordered-map,chaining-buckets,wide256,64,32,64,replace,0,1,102,32768,32768,1048576,19701000,9155012714890369401,7995702684288656807,13271203342924839154
rejected-direct-field-discriminator,direct,whitefoot-flat,physical-slots,wide256,64,32,64,replace,0,1,102,32768,32768,1048576,31539000,9155012714890369401,7995702684288656807,13271203342924839154
rejected-direct-field-discriminator,direct,rust-hash-map,usable-entries,wide256,64,32,56,replace,0,2,103,32768,32768,1048576,23054000,7966748677558471718,11373434725935837862,10301316140389128545
rejected-direct-field-discriminator,direct,cpp-unordered-map,chaining-buckets,wide256,64,32,64,replace,0,2,103,32768,32768,1048576,19837000,7966748677558471718,11373434725935837862,10301316140389128545
rejected-direct-field-discriminator,direct,whitefoot-flat,physical-slots,wide256,64,32,64,replace,0,2,103,32768,32768,1048576,32310000,7966748677558471718,11373434725935837862,10301316140389128545
rejected-direct-field-discriminator,direct,whitefoot-chain,head-buckets,wide256,64,32,64,replace,0,2,103,32768,32768,1048576,33933000,7966748677558471718,11373434725935837862,10301316140389128545
rejected-direct-field-discriminator,direct,cpp-unordered-map,chaining-buckets,wide256,64,32,64,replace,0,3,104,32768,32768,1048576,19859000,604199612727605340,9676260734854056746,5530695440243242490
rejected-direct-field-discriminator,direct,whitefoot-flat,physical-slots,wide256,64,32,64,replace,0,3,104,32768,32768,1048576,32682000,604199612727605340,9676260734854056746,5530695440243242490
rejected-direct-field-discriminator,direct,whitefoot-chain,head-buckets,wide256,64,32,64,replace,0,3,104,32768,32768,1048576,33576000,604199612727605340,9676260734854056746,5530695440243242490
rejected-direct-field-discriminator,direct,rust-hash-map,usable-entries,wide256,64,32,56,replace,0,3,104,32768,32768,1048576,23193000,604199612727605340,9676260734854056746,5530695440243242490
rejected-direct-field-discriminator,direct,whitefoot-flat,physical-slots,wide256,64,32,64,replace,0,4,105,32768,32768,1048576,31636000,1616134074880064606,3308030074824571516,704020370171199482
rejected-direct-field-discriminator,direct,whitefoot-chain,head-buckets,wide256,64,32,64,replace,0,4,105,32768,32768,1048576,34950000,1616134074880064606,3308030074824571516,704020370171199482
rejected-direct-field-discriminator,direct,rust-hash-map,usable-entries,wide256,64,32,56,replace,0,4,105,32768,32768,1048576,23096000,1616134074880064606,3308030074824571516,704020370171199482
rejected-direct-field-discriminator,direct,cpp-unordered-map,chaining-buckets,wide256,64,32,64,replace,0,4,105,32768,32768,1048576,19899000,1616134074880064606,3308030074824571516,704020370171199482
rejected-direct-field-discriminator,direct,whitefoot-chain,head-buckets,wide256,64,32,64,replace,0,5,106,32768,32768,1048576,33675000,12038047902605871988,5209183629775218254,4761421479010371445
rejected-direct-field-discriminator,direct,rust-hash-map,usable-entries,wide256,64,32,56,replace,0,5,106,32768,32768,1048576,23202000,12038047902605871988,5209183629775218254,4761421479010371445
rejected-direct-field-discriminator,direct,cpp-unordered-map,chaining-buckets,wide256,64,32,64,replace,0,5,106,32768,32768,1048576,19771000,12038047902605871988,5209183629775218254,4761421479010371445
rejected-direct-field-discriminator,direct,whitefoot-flat,physical-slots,wide256,64,32,64,replace,0,5,106,32768,32768,1048576,32420000,12038047902605871988,5209183629775218254,4761421479010371445
rejected-direct-field-discriminator,direct,rust-hash-map,usable-entries,wide256,64,32,56,replace,0,6,107,32768,32768,1048576,23104000,4190916600001790122,14798175020615415202,14370455518956635646
rejected-direct-field-discriminator,direct,cpp-unordered-map,chaining-buckets,wide256,64,32,64,replace,0,6,107,32768,32768,1048576,19862000,4190916600001790122,14798175020615415202,14370455518956635646
rejected-direct-field-discriminator,direct,whitefoot-flat,physical-slots,wide256,64,32,64,replace,0,6,107,32768,32768,1048576,31948000,4190916600001790122,14798175020615415202,14370455518956635646
rejected-direct-field-discriminator,direct,whitefoot-chain,head-buckets,wide256,64,32,64,replace,0,6,107,32768,32768,1048576,33522000,4190916600001790122,14798175020615415202,14370455518956635646
rejected-direct-field-discriminator,direct,cpp-unordered-map,chaining-buckets,wide256,64,32,64,replace,0,7,108,32768,32768,1048576,19689000,17489706095589245015,4417241696690132572,17119788813254958275
rejected-direct-field-discriminator,direct,whitefoot-flat,physical-slots,wide256,64,32,64,replace,0,7,108,32768,32768,1048576,31761000,17489706095589245015,4417241696690132572,17119788813254958275
rejected-direct-field-discriminator,direct,whitefoot-chain,head-buckets,wide256,64,32,64,replace,0,7,108,32768,32768,1048576,33431000,17489706095589245015,4417241696690132572,17119788813254958275
rejected-direct-field-discriminator,direct,rust-hash-map,usable-entries,wide256,64,32,56,replace,0,7,108,32768,32768,1048576,23796000,17489706095589245015,4417241696690132572,17119788813254958275
rejected-direct-field-discriminator,direct,whitefoot-flat,physical-slots,wide256,64,32,64,replace,0,8,109,32768,32768,1048576,42032000,15345665397381154913,144157231638344912,4092201381492415276
rejected-direct-field-discriminator,direct,whitefoot-chain,head-buckets,wide256,64,32,64,replace,0,8,109,32768,32768,1048576,34189000,15345665397381154913,144157231638344912,4092201381492415276
rejected-direct-field-discriminator,direct,rust-hash-map,usable-entries,wide256,64,32,56,replace,0,8,109,32768,32768,1048576,23268000,15345665397381154913,144157231638344912,4092201381492415276
rejected-direct-field-discriminator,direct,cpp-unordered-map,chaining-buckets,wide256,64,32,64,replace,0,8,109,32768,32768,1048576,20298000,15345665397381154913,144157231638344912,4092201381492415276
rejected-direct-field-discriminator,direct,whitefoot-flat,physical-slots,wide256,64,32,64,churn,0,0,101,32768,32768,1048576,43091000,10226348043398880542,12077982526663781769,11044626966882154137
rejected-direct-field-discriminator,direct,whitefoot-chain,head-buckets,wide256,64,32,64,churn,0,0,101,32768,32768,1048576,42991000,10226348043398880542,12077982526663781769,11044626966882154137
rejected-direct-field-discriminator,direct,rust-hash-map,usable-entries,wide256,64,32,56,churn,0,0,101,32768,32768,1048576,28178000,10226348043398880542,12077982526663781769,11044626966882154137
rejected-direct-field-discriminator,direct,cpp-unordered-map,chaining-buckets,wide256,64,32,64,churn,0,0,101,32768,32768,1048576,53552000,10226348043398880542,12077982526663781769,11044626966882154137
rejected-direct-field-discriminator,direct,whitefoot-chain,head-buckets,wide256,64,32,64,churn,0,1,102,32768,32768,1048576,42977000,12303747803428189049,7995702684288656807,13271203342924839154
rejected-direct-field-discriminator,direct,rust-hash-map,usable-entries,wide256,64,32,56,churn,0,1,102,32768,32768,1048576,28403000,12303747803428189049,7995702684288656807,13271203342924839154
rejected-direct-field-discriminator,direct,cpp-unordered-map,chaining-buckets,wide256,64,32,64,churn,0,1,102,32768,32768,1048576,53833000,12303747803428189049,7995702684288656807,13271203342924839154
rejected-direct-field-discriminator,direct,whitefoot-flat,physical-slots,wide256,64,32,64,churn,0,1,102,32768,32768,1048576,44771000,12303747803428189049,7995702684288656807,13271203342924839154
rejected-direct-field-discriminator,direct,rust-hash-map,usable-entries,wide256,64,32,56,churn,0,2,103,32768,32768,1048576,28125000,11700360037907166720,11373434725935837862,10301316140389128545
rejected-direct-field-discriminator,direct,cpp-unordered-map,chaining-buckets,wide256,64,32,64,churn,0,2,103,32768,32768,1048576,52840000,11700360037907166720,11373434725935837862,10301316140389128545
rejected-direct-field-discriminator,direct,whitefoot-flat,physical-slots,wide256,64,32,64,churn,0,2,103,32768,32768,1048576,44133000,11700360037907166720,11373434725935837862,10301316140389128545
rejected-direct-field-discriminator,direct,whitefoot-chain,head-buckets,wide256,64,32,64,churn,0,2,103,32768,32768,1048576,42917000,11700360037907166720,11373434725935837862,10301316140389128545
rejected-direct-field-discriminator,direct,cpp-unordered-map,chaining-buckets,wide256,64,32,64,churn,0,3,104,32768,32768,1048576,52978000,947460494304570851,9676260734854056746,5530695440243242490
rejected-direct-field-discriminator,direct,whitefoot-flat,physical-slots,wide256,64,32,64,churn,0,3,104,32768,32768,1048576,44867000,947460494304570851,9676260734854056746,5530695440243242490
rejected-direct-field-discriminator,direct,whitefoot-chain,head-buckets,wide256,64,32,64,churn,0,3,104,32768,32768,1048576,43129000,947460494304570851,9676260734854056746,5530695440243242490
rejected-direct-field-discriminator,direct,rust-hash-map,usable-entries,wide256,64,32,56,churn,0,3,104,32768,32768,1048576,28589000,947460494304570851,9676260734854056746,5530695440243242490
rejected-direct-field-discriminator,direct,whitefoot-flat,physical-slots,wide256,64,32,64,churn,0,4,105,32768,32768,1048576,42542000,6593924960691878977,3308030074824571516,704020370171199482
rejected-direct-field-discriminator,direct,whitefoot-chain,head-buckets,wide256,64,32,64,churn,0,4,105,32768,32768,1048576,43247000,6593924960691878977,3308030074824571516,704020370171199482
rejected-direct-field-discriminator,direct,rust-hash-map,usable-entries,wide256,64,32,56,churn,0,4,105,32768,32768,1048576,28355000,6593924960691878977,3308030074824571516,704020370171199482
rejected-direct-field-discriminator,direct,cpp-unordered-map,chaining-buckets,wide256,64,32,64,churn,0,4,105,32768,32768,1048576,53849000,6593924960691878977,3308030074824571516,704020370171199482
rejected-direct-field-discriminator,direct,whitefoot-chain,head-buckets,wide256,64,32,64,churn,0,5,106,32768,32768,1048576,42550000,4908526729440067003,5209183629775218254,4761421479010371445
rejected-direct-field-discriminator,direct,rust-hash-map,usable-entries,wide256,64,32,56,churn,0,5,106,32768,32768,1048576,28846000,4908526729440067003,5209183629775218254,4761421479010371445
rejected-direct-field-discriminator,direct,cpp-unordered-map,chaining-buckets,wide256,64,32,64,churn,0,5,106,32768,32768,1048576,83531000,4908526729440067003,5209183629775218254,4761421479010371445
rejected-direct-field-discriminator,direct,whitefoot-flat,physical-slots,wide256,64,32,64,churn,0,5,106,32768,32768,1048576,45003000,4908526729440067003,5209183629775218254,4761421479010371445
rejected-direct-field-discriminator,direct,rust-hash-map,usable-entries,wide256,64,32,56,churn,0,6,107,32768,32768,1048576,28721000,3387322086436567767,14798175020615415202,14370455518956635646
rejected-direct-field-discriminator,direct,cpp-unordered-map,chaining-buckets,wide256,64,32,64,churn,0,6,107,32768,32768,1048576,52637000,3387322086436567767,14798175020615415202,14370455518956635646
rejected-direct-field-discriminator,direct,whitefoot-flat,physical-slots,wide256,64,32,64,churn,0,6,107,32768,32768,1048576,42609000,3387322086436567767,14798175020615415202,14370455518956635646
rejected-direct-field-discriminator,direct,whitefoot-chain,head-buckets,wide256,64,32,64,churn,0,6,107,32768,32768,1048576,42832000,3387322086436567767,14798175020615415202,14370455518956635646
rejected-direct-field-discriminator,direct,cpp-unordered-map,chaining-buckets,wide256,64,32,64,churn,0,7,108,32768,32768,1048576,51470000,2286297560001194550,4417241696690132572,17119788813254958275
rejected-direct-field-discriminator,direct,whitefoot-flat,physical-slots,wide256,64,32,64,churn,0,7,108,32768,32768,1048576,44663000,2286297560001194550,4417241696690132572,17119788813254958275
rejected-direct-field-discriminator,direct,whitefoot-chain,head-buckets,wide256,64,32,64,churn,0,7,108,32768,32768,1048576,42654000,2286297560001194550,4417241696690132572,17119788813254958275
rejected-direct-field-discriminator,direct,rust-hash-map,usable-entries,wide256,64,32,56,churn,0,7,108,32768,32768,1048576,28512000,2286297560001194550,4417241696690132572,17119788813254958275
rejected-direct-field-discriminator,direct,whitefoot-flat,physical-slots,wide256,64,32,64,churn,0,8,109,32768,32768,1048576,43757000,5230074108420963114,144157231638344912,4092201381492415276
rejected-direct-field-discriminator,direct,whitefoot-chain,head-buckets,wide256,64,32,64,churn,0,8,109,32768,32768,1048576,42747000,5230074108420963114,144157231638344912,4092201381492415276
rejected-direct-field-discriminator,direct,rust-hash-map,usable-entries,wide256,64,32,56,churn,0,8,109,32768,32768,1048576,28234000,5230074108420963114,144157231638344912,4092201381492415276
rejected-direct-field-discriminator,direct,cpp-unordered-map,chaining-buckets,wide256,64,32,64,churn,0,8,109,32768,32768,1048576,53779000,5230074108420963114,144157231638344912,4092201381492415276
rejected-direct-field-discriminator,direct,whitefoot-flat,physical-slots,wide256,4096,2048,4096,replace,0,0,101,512,512,1048576,30681000,2075292407092999172,12892485500574870081,14000432475348375067
rejected-direct-field-discriminator,direct,whitefoot-chain,head-buckets,wide256,4096,2048,4096,replace,0,0,101,512,512,1048576,35395000,2075292407092999172,12892485500574870081,14000432475348375067
rejected-direct-field-discriminator,direct,rust-hash-map,usable-entries,wide256,4096,2048,3584,replace,0,0,101,512,512,1048576,28419000,2075292407092999172,12892485500574870081,14000432475348375067
rejected-direct-field-discriminator,direct,cpp-unordered-map,chaining-buckets,wide256,4096,2048,4096,replace,0,0,101,512,512,1048576,23822000,2075292407092999172,12892485500574870081,14000432475348375067
rejected-direct-field-discriminator,direct,whitefoot-chain,head-buckets,wide256,4096,2048,4096,replace,0,1,102,512,512,1048576,35311000,15016135266304332727,6558794978756541917,6114081484065616256
rejected-direct-field-discriminator,direct,rust-hash-map,usable-entries,wide256,4096,2048,3584,replace,0,1,102,512,512,1048576,28584000,15016135266304332727,6558794978756541917,6114081484065616256
rejected-direct-field-discriminator,direct,cpp-unordered-map,chaining-buckets,wide256,4096,2048,4096,replace,0,1,102,512,512,1048576,24669000,15016135266304332727,6558794978756541917,6114081484065616256
rejected-direct-field-discriminator,direct,whitefoot-flat,physical-slots,wide256,4096,2048,4096,replace,0,1,102,512,512,1048576,30614000,15016135266304332727,6558794978756541917,6114081484065616256
rejected-direct-field-discriminator,direct,rust-hash-map,usable-entries,wide256,4096,2048,3584,replace,0,2,103,512,512,1048576,28352000,13111167608270029513,5953993967926708049,17365355996308864561
rejected-direct-field-discriminator,direct,cpp-unordered-map,chaining-buckets,wide256,4096,2048,4096,replace,0,2,103,512,512,1048576,23789000,13111167608270029513,5953993967926708049,17365355996308864561
rejected-direct-field-discriminator,direct,whitefoot-flat,physical-slots,wide256,4096,2048,4096,replace,0,2,103,512,512,1048576,30890000,13111167608270029513,5953993967926708049,17365355996308864561
rejected-direct-field-discriminator,direct,whitefoot-chain,head-buckets,wide256,4096,2048,4096,replace,0,2,103,512,512,1048576,36654000,13111167608270029513,5953993967926708049,17365355996308864561
rejected-direct-field-discriminator,direct,cpp-unordered-map,chaining-buckets,wide256,4096,2048,4096,replace,0,3,104,512,512,1048576,24823000,12269217098477494046,13830605729479137478,10986041400113567925
rejected-direct-field-discriminator,direct,whitefoot-flat,physical-slots,wide256,4096,2048,4096,replace,0,3,104,512,512,1048576,30605000,12269217098477494046,13830605729479137478,10986041400113567925
rejected-direct-field-discriminator,direct,whitefoot-chain,head-buckets,wide256,4096,2048,4096,replace,0,3,104,512,512,1048576,35405000,12269217098477494046,13830605729479137478,10986041400113567925
rejected-direct-field-discriminator,direct,rust-hash-map,usable-entries,wide256,4096,2048,3584,replace,0,3,104,512,512,1048576,28473000,12269217098477494046,13830605729479137478,10986041400113567925
rejected-direct-field-discriminator,direct,whitefoot-flat,physical-slots,wide256,4096,2048,4096,replace,0,4,105,512,512,1048576,30973000,8558675102460689755,4209192350472890587,9072634033921710457
rejected-direct-field-discriminator,direct,whitefoot-chain,head-buckets,wide256,4096,2048,4096,replace,0,4,105,512,512,1048576,35520000,8558675102460689755,4209192350472890587,9072634033921710457
rejected-direct-field-discriminator,direct,rust-hash-map,usable-entries,wide256,4096,2048,3584,replace,0,4,105,512,512,1048576,28546000,8558675102460689755,4209192350472890587,9072634033921710457
rejected-direct-field-discriminator,direct,cpp-unordered-map,chaining-buckets,wide256,4096,2048,4096,replace,0,4,105,512,512,1048576,23747000,8558675102460689755,4209192350472890587,9072634033921710457
rejected-direct-field-discriminator,direct,whitefoot-chain,head-buckets,wide256,4096,2048,4096,replace,0,5,106,512,512,1048576,35523000,1015220568023613307,833403251416686189,1227787846763681594
rejected-direct-field-discriminator,direct,rust-hash-map,usable-entries,wide256,4096,2048,3584,replace,0,5,106,512,512,1048576,28755000,1015220568023613307,833403251416686189,1227787846763681594
rejected-direct-field-discriminator,direct,cpp-unordered-map,chaining-buckets,wide256,4096,2048,4096,replace,0,5,106,512,512,1048576,24726000,1015220568023613307,833403251416686189,1227787846763681594
rejected-direct-field-discriminator,direct,whitefoot-flat,physical-slots,wide256,4096,2048,4096,replace,0,5,106,512,512,1048576,30460000,1015220568023613307,833403251416686189,1227787846763681594
rejected-direct-field-discriminator,direct,rust-hash-map,usable-entries,wide256,4096,2048,3584,replace,0,6,107,512,512,1048576,28607000,12194700616496320316,3766264394704203104,10472553841192511759
rejected-direct-field-discriminator,direct,cpp-unordered-map,chaining-buckets,wide256,4096,2048,4096,replace,0,6,107,512,512,1048576,24057000,12194700616496320316,3766264394704203104,10472553841192511759
rejected-direct-field-discriminator,direct,whitefoot-flat,physical-slots,wide256,4096,2048,4096,replace,0,6,107,512,512,1048576,30980000,12194700616496320316,3766264394704203104,10472553841192511759
rejected-direct-field-discriminator,direct,whitefoot-chain,head-buckets,wide256,4096,2048,4096,replace,0,6,107,512,512,1048576,35912000,12194700616496320316,3766264394704203104,10472553841192511759
rejected-direct-field-discriminator,direct,cpp-unordered-map,chaining-buckets,wide256,4096,2048,4096,replace,0,7,108,512,512,1048576,25170000,15102489409772330042,2454500479893543789,8088679192759448843
rejected-direct-field-discriminator,direct,whitefoot-flat,physical-slots,wide256,4096,2048,4096,replace,0,7,108,512,512,1048576,30555000,15102489409772330042,2454500479893543789,8088679192759448843
rejected-direct-field-discriminator,direct,whitefoot-chain,head-buckets,wide256,4096,2048,4096,replace,0,7,108,512,512,1048576,35653000,15102489409772330042,2454500479893543789,8088679192759448843
rejected-direct-field-discriminator,direct,rust-hash-map,usable-entries,wide256,4096,2048,3584,replace,0,7,108,512,512,1048576,28493000,15102489409772330042,2454500479893543789,8088679192759448843
rejected-direct-field-discriminator,direct,whitefoot-flat,physical-slots,wide256,4096,2048,4096,replace,0,8,109,512,512,1048576,30717000,3775378562665119119,4904183427984515141,6396831191577749462
rejected-direct-field-discriminator,direct,whitefoot-chain,head-buckets,wide256,4096,2048,4096,replace,0,8,109,512,512,1048576,35151000,3775378562665119119,4904183427984515141,6396831191577749462
rejected-direct-field-discriminator,direct,rust-hash-map,usable-entries,wide256,4096,2048,3584,replace,0,8,109,512,512,1048576,29503000,3775378562665119119,4904183427984515141,6396831191577749462
rejected-direct-field-discriminator,direct,cpp-unordered-map,chaining-buckets,wide256,4096,2048,4096,replace,0,8,109,512,512,1048576,23816000,3775378562665119119,4904183427984515141,6396831191577749462
rejected-direct-field-discriminator,direct,whitefoot-flat,physical-slots,wide256,4096,2048,4096,churn,0,0,101,512,512,1048576,56640000,3733185538357415121,12892485500574870081,14000432475348375067
rejected-direct-field-discriminator,direct,whitefoot-chain,head-buckets,wide256,4096,2048,4096,churn,0,0,101,512,512,1048576,49600000,3733185538357415121,12892485500574870081,14000432475348375067
rejected-direct-field-discriminator,direct,rust-hash-map,usable-entries,wide256,4096,2048,3584,churn,0,0,101,512,512,1048576,32642000,3733185538357415121,12892485500574870081,14000432475348375067
rejected-direct-field-discriminator,direct,cpp-unordered-map,chaining-buckets,wide256,4096,2048,4096,churn,0,0,101,512,512,1048576,62468000,3733185538357415121,12892485500574870081,14000432475348375067
rejected-direct-field-discriminator,direct,whitefoot-chain,head-buckets,wide256,4096,2048,4096,churn,0,1,102,512,512,1048576,51052000,3586090662414033173,6558794978756541917,6114081484065616256
rejected-direct-field-discriminator,direct,rust-hash-map,usable-entries,wide256,4096,2048,3584,churn,0,1,102,512,512,1048576,32872000,3586090662414033173,6558794978756541917,6114081484065616256
rejected-direct-field-discriminator,direct,cpp-unordered-map,chaining-buckets,wide256,4096,2048,4096,churn,0,1,102,512,512,1048576,64319000,3586090662414033173,6558794978756541917,6114081484065616256
rejected-direct-field-discriminator,direct,whitefoot-flat,physical-slots,wide256,4096,2048,4096,churn,0,1,102,512,512,1048576,55870000,3586090662414033173,6558794978756541917,6114081484065616256
rejected-direct-field-discriminator,direct,rust-hash-map,usable-entries,wide256,4096,2048,3584,churn,0,2,103,512,512,1048576,32756000,11765639576573538766,5953993967926708049,17365355996308864561
rejected-direct-field-discriminator,direct,cpp-unordered-map,chaining-buckets,wide256,4096,2048,4096,churn,0,2,103,512,512,1048576,61955000,11765639576573538766,5953993967926708049,17365355996308864561
rejected-direct-field-discriminator,direct,whitefoot-flat,physical-slots,wide256,4096,2048,4096,churn,0,2,103,512,512,1048576,58280000,11765639576573538766,5953993967926708049,17365355996308864561
rejected-direct-field-discriminator,direct,whitefoot-chain,head-buckets,wide256,4096,2048,4096,churn,0,2,103,512,512,1048576,49677000,11765639576573538766,5953993967926708049,17365355996308864561
rejected-direct-field-discriminator,direct,cpp-unordered-map,chaining-buckets,wide256,4096,2048,4096,churn,0,3,104,512,512,1048576,62973000,4848601812476263582,13830605729479137478,10986041400113567925
rejected-direct-field-discriminator,direct,whitefoot-flat,physical-slots,wide256,4096,2048,4096,churn,0,3,104,512,512,1048576,61568000,4848601812476263582,13830605729479137478,10986041400113567925
rejected-direct-field-discriminator,direct,whitefoot-chain,head-buckets,wide256,4096,2048,4096,churn,0,3,104,512,512,1048576,50435000,4848601812476263582,13830605729479137478,10986041400113567925
rejected-direct-field-discriminator,direct,rust-hash-map,usable-entries,wide256,4096,2048,3584,churn,0,3,104,512,512,1048576,32984000,4848601812476263582,13830605729479137478,10986041400113567925
rejected-direct-field-discriminator,direct,whitefoot-flat,physical-slots,wide256,4096,2048,4096,churn,0,4,105,512,512,1048576,56094000,1631485328074789459,4209192350472890587,9072634033921710457
rejected-direct-field-discriminator,direct,whitefoot-chain,head-buckets,wide256,4096,2048,4096,churn,0,4,105,512,512,1048576,49765000,1631485328074789459,4209192350472890587,9072634033921710457
rejected-direct-field-discriminator,direct,rust-hash-map,usable-entries,wide256,4096,2048,3584,churn,0,4,105,512,512,1048576,33280000,1631485328074789459,4209192350472890587,9072634033921710457
rejected-direct-field-discriminator,direct,cpp-unordered-map,chaining-buckets,wide256,4096,2048,4096,churn,0,4,105,512,512,1048576,61698000,1631485328074789459,4209192350472890587,9072634033921710457
rejected-direct-field-discriminator,direct,whitefoot-chain,head-buckets,wide256,4096,2048,4096,churn,0,5,106,512,512,1048576,50224000,11582209390180129761,833403251416686189,1227787846763681594
rejected-direct-field-discriminator,direct,rust-hash-map,usable-entries,wide256,4096,2048,3584,churn,0,5,106,512,512,1048576,32963000,11582209390180129761,833403251416686189,1227787846763681594
rejected-direct-field-discriminator,direct,cpp-unordered-map,chaining-buckets,wide256,4096,2048,4096,churn,0,5,106,512,512,1048576,62901000,11582209390180129761,833403251416686189,1227787846763681594
rejected-direct-field-discriminator,direct,whitefoot-flat,physical-slots,wide256,4096,2048,4096,churn,0,5,106,512,512,1048576,57944000,11582209390180129761,833403251416686189,1227787846763681594
rejected-direct-field-discriminator,direct,rust-hash-map,usable-entries,wide256,4096,2048,3584,churn,0,6,107,512,512,1048576,32818000,12490145925984139089,3766264394704203104,10472553841192511759
rejected-direct-field-discriminator,direct,cpp-unordered-map,chaining-buckets,wide256,4096,2048,4096,churn,0,6,107,512,512,1048576,61770000,12490145925984139089,3766264394704203104,10472553841192511759
rejected-direct-field-discriminator,direct,whitefoot-flat,physical-slots,wide256,4096,2048,4096,churn,0,6,107,512,512,1048576,55692000,12490145925984139089,3766264394704203104,10472553841192511759
rejected-direct-field-discriminator,direct,whitefoot-chain,head-buckets,wide256,4096,2048,4096,churn,0,6,107,512,512,1048576,49642000,12490145925984139089,3766264394704203104,10472553841192511759
rejected-direct-field-discriminator,direct,cpp-unordered-map,chaining-buckets,wide256,4096,2048,4096,churn,0,7,108,512,512,1048576,63064000,8993427988989229243,2454500479893543789,8088679192759448843
rejected-direct-field-discriminator,direct,whitefoot-flat,physical-slots,wide256,4096,2048,4096,churn,0,7,108,512,512,1048576,56648000,8993427988989229243,2454500479893543789,8088679192759448843
rejected-direct-field-discriminator,direct,whitefoot-chain,head-buckets,wide256,4096,2048,4096,churn,0,7,108,512,512,1048576,50545000,8993427988989229243,2454500479893543789,8088679192759448843
rejected-direct-field-discriminator,direct,rust-hash-map,usable-entries,wide256,4096,2048,3584,churn,0,7,108,512,512,1048576,32930000,8993427988989229243,2454500479893543789,8088679192759448843
rejected-direct-field-discriminator,direct,whitefoot-flat,physical-slots,wide256,4096,2048,4096,churn,0,8,109,512,512,1048576,56883000,8409122420295524922,4904183427984515141,6396831191577749462
rejected-direct-field-discriminator,direct,whitefoot-chain,head-buckets,wide256,4096,2048,4096,churn,0,8,109,512,512,1048576,51534000,8409122420295524922,4904183427984515141,6396831191577749462
rejected-direct-field-discriminator,direct,rust-hash-map,usable-entries,wide256,4096,2048,3584,churn,0,8,109,512,512,1048576,33037000,8409122420295524922,4904183427984515141,6396831191577749462
rejected-direct-field-discriminator,direct,cpp-unordered-map,chaining-buckets,wide256,4096,2048,4096,churn,0,8,109,512,512,1048576,61835000,8409122420295524922,4904183427984515141,6396831191577749462
rejected-direct-field-discriminator,direct,cpp-unordered-map,chaining-buckets,word8,4096,2048,4096,replace,1,0,101,512,512,1048576,4871000,17620489557640355118,12892485500574870081,15318239530852537950
rejected-direct-field-discriminator,direct,rust-hash-map,usable-entries,word8,4096,2048,3584,replace,1,0,101,512,512,1048576,2802000,17620489557640355118,12892485500574870081,15318239530852537950
rejected-direct-field-discriminator,direct,whitefoot-chain,head-buckets,word8,4096,2048,4096,replace,1,0,101,512,512,1048576,3811000,17620489557640355118,12892485500574870081,15318239530852537950
rejected-direct-field-discriminator,direct,whitefoot-flat,physical-slots,word8,4096,2048,4096,replace,1,0,101,512,512,1048576,3811000,17620489557640355118,12892485500574870081,15318239530852537950
rejected-direct-field-discriminator,direct,rust-hash-map,usable-entries,word8,4096,2048,3584,replace,1,1,102,512,512,1048576,2709000,1935089821601506588,6558794978756541917,14466115479769115293
rejected-direct-field-discriminator,direct,whitefoot-chain,head-buckets,word8,4096,2048,4096,replace,1,1,102,512,512,1048576,3279000,1935089821601506588,6558794978756541917,14466115479769115293
rejected-direct-field-discriminator,direct,whitefoot-flat,physical-slots,word8,4096,2048,4096,replace,1,1,102,512,512,1048576,3194000,1935089821601506588,6558794978756541917,14466115479769115293
rejected-direct-field-discriminator,direct,cpp-unordered-map,chaining-buckets,word8,4096,2048,4096,replace,1,1,102,512,512,1048576,4656000,1935089821601506588,6558794978756541917,14466115479769115293
rejected-direct-field-discriminator,direct,whitefoot-chain,head-buckets,word8,4096,2048,4096,replace,1,2,103,512,512,1048576,3102000,1951882041121453793,5953993967926708049,11388540906096222742
rejected-direct-field-discriminator,direct,whitefoot-flat,physical-slots,word8,4096,2048,4096,replace,1,2,103,512,512,1048576,3155000,1951882041121453793,5953993967926708049,11388540906096222742
rejected-direct-field-discriminator,direct,cpp-unordered-map,chaining-buckets,word8,4096,2048,4096,replace,1,2,103,512,512,1048576,4635000,1951882041121453793,5953993967926708049,11388540906096222742
rejected-direct-field-discriminator,direct,rust-hash-map,usable-entries,word8,4096,2048,3584,replace,1,2,103,512,512,1048576,2764000,1951882041121453793,5953993967926708049,11388540906096222742
rejected-direct-field-discriminator,direct,whitefoot-flat,physical-slots,word8,4096,2048,4096,replace,1,3,104,512,512,1048576,3090000,14304161718858749203,13830605729479137478,9959520025842494717
rejected-direct-field-discriminator,direct,cpp-unordered-map,chaining-buckets,word8,4096,2048,4096,replace,1,3,104,512,512,1048576,4590000,14304161718858749203,13830605729479137478,9959520025842494717
rejected-direct-field-discriminator,direct,rust-hash-map,usable-entries,word8,4096,2048,3584,replace,1,3,104,512,512,1048576,2780000,14304161718858749203,13830605729479137478,9959520025842494717
rejected-direct-field-discriminator,direct,whitefoot-chain,head-buckets,word8,4096,2048,4096,replace,1,3,104,512,512,1048576,3737000,14304161718858749203,13830605729479137478,9959520025842494717
rejected-direct-field-discriminator,direct,cpp-unordered-map,chaining-buckets,word8,4096,2048,4096,replace,1,4,105,512,512,1048576,4587000,11379130351144432977,4209192350472890587,3105434443357397326
rejected-direct-field-discriminator,direct,rust-hash-map,usable-entries,word8,4096,2048,3584,replace,1,4,105,512,512,1048576,2706000,11379130351144432977,4209192350472890587,3105434443357397326
rejected-direct-field-discriminator,direct,whitefoot-chain,head-buckets,word8,4096,2048,4096,replace,1,4,105,512,512,1048576,3523000,11379130351144432977,4209192350472890587,3105434443357397326
rejected-direct-field-discriminator,direct,whitefoot-flat,physical-slots,word8,4096,2048,4096,replace,1,4,105,512,512,1048576,3851000,11379130351144432977,4209192350472890587,3105434443357397326
rejected-direct-field-discriminator,direct,rust-hash-map,usable-entries,word8,4096,2048,3584,replace,1,5,106,512,512,1048576,2747000,12251642353774623270,833403251416686189,10436227290064263060
rejected-direct-field-discriminator,direct,whitefoot-chain,head-buckets,word8,4096,2048,4096,replace,1,5,106,512,512,1048576,3397000,12251642353774623270,833403251416686189,10436227290064263060
rejected-direct-field-discriminator,direct,whitefoot-flat,physical-slots,word8,4096,2048,4096,replace,1,5,106,512,512,1048576,3487000,12251642353774623270,833403251416686189,10436227290064263060
rejected-direct-field-discriminator,direct,cpp-unordered-map,chaining-buckets,word8,4096,2048,4096,replace,1,5,106,512,512,1048576,4876000,12251642353774623270,833403251416686189,10436227290064263060
rejected-direct-field-discriminator,direct,whitefoot-chain,head-buckets,word8,4096,2048,4096,replace,1,6,107,512,512,1048576,3087000,8033389661832950008,3766264394704203104,14562156551781632605
rejected-direct-field-discriminator,direct,whitefoot-flat,physical-slots,word8,4096,2048,4096,replace,1,6,107,512,512,1048576,3617000,8033389661832950008,3766264394704203104,14562156551781632605
rejected-direct-field-discriminator,direct,cpp-unordered-map,chaining-buckets,word8,4096,2048,4096,replace,1,6,107,512,512,1048576,4542000,8033389661832950008,3766264394704203104,14562156551781632605
rejected-direct-field-discriminator,direct,rust-hash-map,usable-entries,word8,4096,2048,3584,replace,1,6,107,512,512,1048576,2780000,8033389661832950008,3766264394704203104,14562156551781632605
rejected-direct-field-discriminator,direct,whitefoot-flat,physical-slots,word8,4096,2048,4096,replace,1,7,108,512,512,1048576,3364000,1046993030128260120,2454500479893543789,14768026503605617582
rejected-direct-field-discriminator,direct,cpp-unordered-map,chaining-buckets,word8,4096,2048,4096,replace,1,7,108,512,512,1048576,4811000,1046993030128260120,2454500479893543789,14768026503605617582
rejected-direct-field-discriminator,direct,rust-hash-map,usable-entries,word8,4096,2048,3584,replace,1,7,108,512,512,1048576,2714000,1046993030128260120,2454500479893543789,14768026503605617582
rejected-direct-field-discriminator,direct,whitefoot-chain,head-buckets,word8,4096,2048,4096,replace,1,7,108,512,512,1048576,3283000,1046993030128260120,2454500479893543789,14768026503605617582
rejected-direct-field-discriminator,direct,cpp-unordered-map,chaining-buckets,word8,4096,2048,4096,replace,1,8,109,512,512,1048576,4605000,8413322795025042257,4904183427984515141,10319780408451309694
rejected-direct-field-discriminator,direct,rust-hash-map,usable-entries,word8,4096,2048,3584,replace,1,8,109,512,512,1048576,2683000,8413322795025042257,4904183427984515141,10319780408451309694
rejected-direct-field-discriminator,direct,whitefoot-chain,head-buckets,word8,4096,2048,4096,replace,1,8,109,512,512,1048576,3181000,8413322795025042257,4904183427984515141,10319780408451309694
rejected-direct-field-discriminator,direct,whitefoot-flat,physical-slots,word8,4096,2048,4096,replace,1,8,109,512,512,1048576,3210000,8413322795025042257,4904183427984515141,10319780408451309694
rejected-direct-field-discriminator,direct,cpp-unordered-map,chaining-buckets,word8,4096,2048,4096,churn,1,0,101,512,512,1048576,31520000,8799152866740530150,12892485500574870081,15318239530852537950
rejected-direct-field-discriminator,direct,rust-hash-map,usable-entries,word8,4096,2048,3584,churn,1,0,101,512,512,1048576,10630000,8799152866740530150,12892485500574870081,15318239530852537950
rejected-direct-field-discriminator,direct,whitefoot-chain,head-buckets,word8,4096,2048,4096,churn,1,0,101,512,512,1048576,8112000,8799152866740530150,12892485500574870081,15318239530852537950
rejected-direct-field-discriminator,direct,whitefoot-flat,physical-slots,word8,4096,2048,4096,churn,1,0,101,512,512,1048576,16705000,8799152866740530150,12892485500574870081,15318239530852537950
rejected-direct-field-discriminator,direct,rust-hash-map,usable-entries,word8,4096,2048,3584,churn,1,1,102,512,512,1048576,11254000,5607125520057204017,6558794978756541917,14466115479769115293
rejected-direct-field-discriminator,direct,whitefoot-chain,head-buckets,word8,4096,2048,4096,churn,1,1,102,512,512,1048576,8151000,5607125520057204017,6558794978756541917,14466115479769115293
rejected-direct-field-discriminator,direct,whitefoot-flat,physical-slots,word8,4096,2048,4096,churn,1,1,102,512,512,1048576,21470000,5607125520057204017,6558794978756541917,14466115479769115293
rejected-direct-field-discriminator,direct,cpp-unordered-map,chaining-buckets,word8,4096,2048,4096,churn,1,1,102,512,512,1048576,32512000,5607125520057204017,6558794978756541917,14466115479769115293
rejected-direct-field-discriminator,direct,whitefoot-chain,head-buckets,word8,4096,2048,4096,churn,1,2,103,512,512,1048576,8631000,7623919904794872868,5953993967926708049,11388540906096222742
rejected-direct-field-discriminator,direct,whitefoot-flat,physical-slots,word8,4096,2048,4096,churn,1,2,103,512,512,1048576,18378000,7623919904794872868,5953993967926708049,11388540906096222742
rejected-direct-field-discriminator,direct,cpp-unordered-map,chaining-buckets,word8,4096,2048,4096,churn,1,2,103,512,512,1048576,31764000,7623919904794872868,5953993967926708049,11388540906096222742
rejected-direct-field-discriminator,direct,rust-hash-map,usable-entries,word8,4096,2048,3584,churn,1,2,103,512,512,1048576,10921000,7623919904794872868,5953993967926708049,11388540906096222742
rejected-direct-field-discriminator,direct,whitefoot-flat,physical-slots,word8,4096,2048,4096,churn,1,3,104,512,512,1048576,17271000,13715727663386659120,13830605729479137478,9959520025842494717
rejected-direct-field-discriminator,direct,cpp-unordered-map,chaining-buckets,word8,4096,2048,4096,churn,1,3,104,512,512,1048576,32445000,13715727663386659120,13830605729479137478,9959520025842494717
rejected-direct-field-discriminator,direct,rust-hash-map,usable-entries,word8,4096,2048,3584,churn,1,3,104,512,512,1048576,10830000,13715727663386659120,13830605729479137478,9959520025842494717
rejected-direct-field-discriminator,direct,whitefoot-chain,head-buckets,word8,4096,2048,4096,churn,1,3,104,512,512,1048576,8165000,13715727663386659120,13830605729479137478,9959520025842494717
rejected-direct-field-discriminator,direct,cpp-unordered-map,chaining-buckets,word8,4096,2048,4096,churn,1,4,105,512,512,1048576,30880000,15082010733789155885,4209192350472890587,3105434443357397326
rejected-direct-field-discriminator,direct,rust-hash-map,usable-entries,word8,4096,2048,3584,churn,1,4,105,512,512,1048576,10766000,15082010733789155885,4209192350472890587,3105434443357397326
rejected-direct-field-discriminator,direct,whitefoot-chain,head-buckets,word8,4096,2048,4096,churn,1,4,105,512,512,1048576,8282000,15082010733789155885,4209192350472890587,3105434443357397326
rejected-direct-field-discriminator,direct,whitefoot-flat,physical-slots,word8,4096,2048,4096,churn,1,4,105,512,512,1048576,16602000,15082010733789155885,4209192350472890587,3105434443357397326
rejected-direct-field-discriminator,direct,rust-hash-map,usable-entries,word8,4096,2048,3584,churn,1,5,106,512,512,1048576,10813000,12842905645731754778,833403251416686189,10436227290064263060
rejected-direct-field-discriminator,direct,whitefoot-chain,head-buckets,word8,4096,2048,4096,churn,1,5,106,512,512,1048576,8586000,12842905645731754778,833403251416686189,10436227290064263060
rejected-direct-field-discriminator,direct,whitefoot-flat,physical-slots,word8,4096,2048,4096,churn,1,5,106,512,512,1048576,17491000,12842905645731754778,833403251416686189,10436227290064263060
rejected-direct-field-discriminator,direct,cpp-unordered-map,chaining-buckets,word8,4096,2048,4096,churn,1,5,106,512,512,1048576,32384000,12842905645731754778,833403251416686189,10436227290064263060
rejected-direct-field-discriminator,direct,whitefoot-chain,head-buckets,word8,4096,2048,4096,churn,1,6,107,512,512,1048576,9058000,2600790722277263761,3766264394704203104,14562156551781632605
rejected-direct-field-discriminator,direct,whitefoot-flat,physical-slots,word8,4096,2048,4096,churn,1,6,107,512,512,1048576,20132000,2600790722277263761,3766264394704203104,14562156551781632605
rejected-direct-field-discriminator,direct,cpp-unordered-map,chaining-buckets,word8,4096,2048,4096,churn,1,6,107,512,512,1048576,31774000,2600790722277263761,3766264394704203104,14562156551781632605
rejected-direct-field-discriminator,direct,rust-hash-map,usable-entries,word8,4096,2048,3584,churn,1,6,107,512,512,1048576,10674000,2600790722277263761,3766264394704203104,14562156551781632605
rejected-direct-field-discriminator,direct,whitefoot-flat,physical-slots,word8,4096,2048,4096,churn,1,7,108,512,512,1048576,17651000,10569362474842633493,2454500479893543789,14768026503605617582
rejected-direct-field-discriminator,direct,cpp-unordered-map,chaining-buckets,word8,4096,2048,4096,churn,1,7,108,512,512,1048576,32552000,10569362474842633493,2454500479893543789,14768026503605617582
rejected-direct-field-discriminator,direct,rust-hash-map,usable-entries,word8,4096,2048,3584,churn,1,7,108,512,512,1048576,10886000,10569362474842633493,2454500479893543789,14768026503605617582
rejected-direct-field-discriminator,direct,whitefoot-chain,head-buckets,word8,4096,2048,4096,churn,1,7,108,512,512,1048576,8946000,10569362474842633493,2454500479893543789,14768026503605617582
rejected-direct-field-discriminator,direct,cpp-unordered-map,chaining-buckets,word8,4096,2048,4096,churn,1,8,109,512,512,1048576,31200000,17633044524729442276,4904183427984515141,10319780408451309694
rejected-direct-field-discriminator,direct,rust-hash-map,usable-entries,word8,4096,2048,3584,churn,1,8,109,512,512,1048576,10918000,17633044524729442276,4904183427984515141,10319780408451309694
rejected-direct-field-discriminator,direct,whitefoot-chain,head-buckets,word8,4096,2048,4096,churn,1,8,109,512,512,1048576,8378000,17633044524729442276,4904183427984515141,10319780408451309694
rejected-direct-field-discriminator,direct,whitefoot-flat,physical-slots,word8,4096,2048,4096,churn,1,8,109,512,512,1048576,16364000,17633044524729442276,4904183427984515141,10319780408451309694
rejected-direct-field-discriminator,direct,cpp-unordered-map,chaining-buckets,word8,64,32,64,replace,1,0,101,32768,32768,1048576,2818000,18096573721732818519,12077982526663781769,12749132361983993480
rejected-direct-field-discriminator,direct,rust-hash-map,usable-entries,word8,64,32,56,replace,1,0,101,32768,32768,1048576,2642000,18096573721732818519,12077982526663781769,12749132361983993480
rejected-direct-field-discriminator,direct,whitefoot-chain,head-buckets,word8,64,32,64,replace,1,0,101,32768,32768,1048576,2333000,18096573721732818519,12077982526663781769,12749132361983993480
rejected-direct-field-discriminator,direct,whitefoot-flat,physical-slots,word8,64,32,64,replace,1,0,101,32768,32768,1048576,2442000,18096573721732818519,12077982526663781769,12749132361983993480
rejected-direct-field-discriminator,direct,rust-hash-map,usable-entries,word8,64,32,56,replace,1,1,102,32768,32768,1048576,2669000,14470636289158971276,7995702684288656807,12244221203303174045
rejected-direct-field-discriminator,direct,whitefoot-chain,head-buckets,word8,64,32,64,replace,1,1,102,32768,32768,1048576,2410000,14470636289158971276,7995702684288656807,12244221203303174045
rejected-direct-field-discriminator,direct,whitefoot-flat,physical-slots,word8,64,32,64,replace,1,1,102,32768,32768,1048576,2483000,14470636289158971276,7995702684288656807,12244221203303174045
rejected-direct-field-discriminator,direct,cpp-unordered-map,chaining-buckets,word8,64,32,64,replace,1,1,102,32768,32768,1048576,2873000,14470636289158971276,7995702684288656807,12244221203303174045
rejected-direct-field-discriminator,direct,whitefoot-chain,head-buckets,word8,64,32,64,replace,1,2,103,32768,32768,1048576,2332000,9973176258566731091,11373434725935837862,15648614559169679663
rejected-direct-field-discriminator,direct,whitefoot-flat,physical-slots,word8,64,32,64,replace,1,2,103,32768,32768,1048576,2428000,9973176258566731091,11373434725935837862,15648614559169679663
rejected-direct-field-discriminator,direct,cpp-unordered-map,chaining-buckets,word8,64,32,64,replace,1,2,103,32768,32768,1048576,3454000,9973176258566731091,11373434725935837862,15648614559169679663
rejected-direct-field-discriminator,direct,rust-hash-map,usable-entries,word8,64,32,56,replace,1,2,103,32768,32768,1048576,2621000,9973176258566731091,11373434725935837862,15648614559169679663
rejected-direct-field-discriminator,direct,whitefoot-flat,physical-slots,word8,64,32,64,replace,1,3,104,32768,32768,1048576,2455000,16089982674628147203,9676260734854056746,2848619765991137053
rejected-direct-field-discriminator,direct,cpp-unordered-map,chaining-buckets,word8,64,32,64,replace,1,3,104,32768,32768,1048576,2875000,16089982674628147203,9676260734854056746,2848619765991137053
rejected-direct-field-discriminator,direct,rust-hash-map,usable-entries,word8,64,32,56,replace,1,3,104,32768,32768,1048576,2596000,16089982674628147203,9676260734854056746,2848619765991137053
rejected-direct-field-discriminator,direct,whitefoot-chain,head-buckets,word8,64,32,64,replace,1,3,104,32768,32768,1048576,2399000,16089982674628147203,9676260734854056746,2848619765991137053
rejected-direct-field-discriminator,direct,cpp-unordered-map,chaining-buckets,word8,64,32,64,replace,1,4,105,32768,32768,1048576,2815000,2556899712354080479,3308030074824571516,10059556291468621031
rejected-direct-field-discriminator,direct,rust-hash-map,usable-entries,word8,64,32,56,replace,1,4,105,32768,32768,1048576,2576000,2556899712354080479,3308030074824571516,10059556291468621031
rejected-direct-field-discriminator,direct,whitefoot-chain,head-buckets,word8,64,32,64,replace,1,4,105,32768,32768,1048576,2368000,2556899712354080479,3308030074824571516,10059556291468621031
rejected-direct-field-discriminator,direct,whitefoot-flat,physical-slots,word8,64,32,64,replace,1,4,105,32768,32768,1048576,2882000,2556899712354080479,3308030074824571516,10059556291468621031
rejected-direct-field-discriminator,direct,rust-hash-map,usable-entries,word8,64,32,56,replace,1,5,106,32768,32768,1048576,2681000,3405593398268564637,5209183629775218254,900397986388891109
rejected-direct-field-discriminator,direct,whitefoot-chain,head-buckets,word8,64,32,64,replace,1,5,106,32768,32768,1048576,2372000,3405593398268564637,5209183629775218254,900397986388891109
rejected-direct-field-discriminator,direct,whitefoot-flat,physical-slots,word8,64,32,64,replace,1,5,106,32768,32768,1048576,2441000,3405593398268564637,5209183629775218254,900397986388891109
rejected-direct-field-discriminator,direct,cpp-unordered-map,chaining-buckets,word8,64,32,64,replace,1,5,106,32768,32768,1048576,2874000,3405593398268564637,5209183629775218254,900397986388891109
rejected-direct-field-discriminator,direct,whitefoot-chain,head-buckets,word8,64,32,64,replace,1,6,107,32768,32768,1048576,2330000,7681617421452767597,14798175020615415202,10515582106697849762
rejected-direct-field-discriminator,direct,whitefoot-flat,physical-slots,word8,64,32,64,replace,1,6,107,32768,32768,1048576,2908000,7681617421452767597,14798175020615415202,10515582106697849762
rejected-direct-field-discriminator,direct,cpp-unordered-map,chaining-buckets,word8,64,32,64,replace,1,6,107,32768,32768,1048576,2840000,7681617421452767597,14798175020615415202,10515582106697849762
rejected-direct-field-discriminator,direct,rust-hash-map,usable-entries,word8,64,32,56,replace,1,6,107,32768,32768,1048576,2655000,7681617421452767597,14798175020615415202,10515582106697849762
rejected-direct-field-discriminator,direct,whitefoot-flat,physical-slots,word8,64,32,64,replace,1,7,108,32768,32768,1048576,2453000,2327915804901543052,4417241696690132572,4713894674198377865
rejected-direct-field-discriminator,direct,cpp-unordered-map,chaining-buckets,word8,64,32,64,replace,1,7,108,32768,32768,1048576,2888000,2327915804901543052,4417241696690132572,4713894674198377865
rejected-direct-field-discriminator,direct,rust-hash-map,usable-entries,word8,64,32,56,replace,1,7,108,32768,32768,1048576,2598000,2327915804901543052,4417241696690132572,4713894674198377865
rejected-direct-field-discriminator,direct,whitefoot-chain,head-buckets,word8,64,32,64,replace,1,7,108,32768,32768,1048576,2369000,2327915804901543052,4417241696690132572,4713894674198377865
rejected-direct-field-discriminator,direct,cpp-unordered-map,chaining-buckets,word8,64,32,64,replace,1,8,109,32768,32768,1048576,2814000,15581882087185304535,144157231638344912,5599822130869204459
rejected-direct-field-discriminator,direct,rust-hash-map,usable-entries,word8,64,32,56,replace,1,8,109,32768,32768,1048576,2575000,15581882087185304535,144157231638344912,5599822130869204459
rejected-direct-field-discriminator,direct,whitefoot-chain,head-buckets,word8,64,32,64,replace,1,8,109,32768,32768,1048576,2416000,15581882087185304535,144157231638344912,5599822130869204459
rejected-direct-field-discriminator,direct,whitefoot-flat,physical-slots,word8,64,32,64,replace,1,8,109,32768,32768,1048576,2844000,15581882087185304535,144157231638344912,5599822130869204459
rejected-direct-field-discriminator,direct,cpp-unordered-map,chaining-buckets,word8,64,32,64,churn,1,0,101,32768,32768,1048576,30360000,18110906709719556088,12077982526663781769,12749132361983993480
rejected-direct-field-discriminator,direct,rust-hash-map,usable-entries,word8,64,32,56,churn,1,0,101,32768,32768,1048576,16969000,18110906709719556088,12077982526663781769,12749132361983993480
rejected-direct-field-discriminator,direct,whitefoot-chain,head-buckets,word8,64,32,64,churn,1,0,101,32768,32768,1048576,5354000,18110906709719556088,12077982526663781769,12749132361983993480
rejected-direct-field-discriminator,direct,whitefoot-flat,physical-slots,word8,64,32,64,churn,1,0,101,32768,32768,1048576,8071000,18110906709719556088,12077982526663781769,12749132361983993480
rejected-direct-field-discriminator,direct,rust-hash-map,usable-entries,word8,64,32,56,churn,1,1,102,32768,32768,1048576,15020000,9296874036845416241,7995702684288656807,12244221203303174045
rejected-direct-field-discriminator,direct,whitefoot-chain,head-buckets,word8,64,32,64,churn,1,1,102,32768,32768,1048576,5901000,9296874036845416241,7995702684288656807,12244221203303174045
rejected-direct-field-discriminator,direct,whitefoot-flat,physical-slots,word8,64,32,64,churn,1,1,102,32768,32768,1048576,9214000,9296874036845416241,7995702684288656807,12244221203303174045
rejected-direct-field-discriminator,direct,cpp-unordered-map,chaining-buckets,word8,64,32,64,churn,1,1,102,32768,32768,1048576,29550000,9296874036845416241,7995702684288656807,12244221203303174045
rejected-direct-field-discriminator,direct,whitefoot-chain,head-buckets,word8,64,32,64,churn,1,2,103,32768,32768,1048576,5442000,12903157730705904877,11373434725935837862,15648614559169679663
rejected-direct-field-discriminator,direct,whitefoot-flat,physical-slots,word8,64,32,64,churn,1,2,103,32768,32768,1048576,7944000,12903157730705904877,11373434725935837862,15648614559169679663
rejected-direct-field-discriminator,direct,cpp-unordered-map,chaining-buckets,word8,64,32,64,churn,1,2,103,32768,32768,1048576,29089000,12903157730705904877,11373434725935837862,15648614559169679663
rejected-direct-field-discriminator,direct,rust-hash-map,usable-entries,word8,64,32,56,churn,1,2,103,32768,32768,1048576,17166000,12903157730705904877,11373434725935837862,15648614559169679663
rejected-direct-field-discriminator,direct,whitefoot-flat,physical-slots,word8,64,32,64,churn,1,3,104,32768,32768,1048576,9343000,4253743068328656138,9676260734854056746,2848619765991137053
rejected-direct-field-discriminator,direct,cpp-unordered-map,chaining-buckets,word8,64,32,64,churn,1,3,104,32768,32768,1048576,29086000,4253743068328656138,9676260734854056746,2848619765991137053
rejected-direct-field-discriminator,direct,rust-hash-map,usable-entries,word8,64,32,56,churn,1,3,104,32768,32768,1048576,16853000,4253743068328656138,9676260734854056746,2848619765991137053
rejected-direct-field-discriminator,direct,whitefoot-chain,head-buckets,word8,64,32,64,churn,1,3,104,32768,32768,1048576,6072000,4253743068328656138,9676260734854056746,2848619765991137053
rejected-direct-field-discriminator,direct,cpp-unordered-map,chaining-buckets,word8,64,32,64,churn,1,4,105,32768,32768,1048576,28988000,628659943078117645,3308030074824571516,10059556291468621031
rejected-direct-field-discriminator,direct,rust-hash-map,usable-entries,word8,64,32,56,churn,1,4,105,32768,32768,1048576,17521000,628659943078117645,3308030074824571516,10059556291468621031
rejected-direct-field-discriminator,direct,whitefoot-chain,head-buckets,word8,64,32,64,churn,1,4,105,32768,32768,1048576,6493000,628659943078117645,3308030074824571516,10059556291468621031
rejected-direct-field-discriminator,direct,whitefoot-flat,physical-slots,word8,64,32,64,churn,1,4,105,32768,32768,1048576,7972000,628659943078117645,3308030074824571516,10059556291468621031
rejected-direct-field-discriminator,direct,rust-hash-map,usable-entries,word8,64,32,56,churn,1,5,106,32768,32768,1048576,17671000,2475384722324267649,5209183629775218254,900397986388891109
rejected-direct-field-discriminator,direct,whitefoot-chain,head-buckets,word8,64,32,64,churn,1,5,106,32768,32768,1048576,6744000,2475384722324267649,5209183629775218254,900397986388891109
rejected-direct-field-discriminator,direct,whitefoot-flat,physical-slots,word8,64,32,64,churn,1,5,106,32768,32768,1048576,9315000,2475384722324267649,5209183629775218254,900397986388891109
rejected-direct-field-discriminator,direct,cpp-unordered-map,chaining-buckets,word8,64,32,64,churn,1,5,106,32768,32768,1048576,27795000,2475384722324267649,5209183629775218254,900397986388891109
rejected-direct-field-discriminator,direct,whitefoot-chain,head-buckets,word8,64,32,64,churn,1,6,107,32768,32768,1048576,5359000,2402000015043713974,14798175020615415202,10515582106697849762
rejected-direct-field-discriminator,direct,whitefoot-flat,physical-slots,word8,64,32,64,churn,1,6,107,32768,32768,1048576,8174000,2402000015043713974,14798175020615415202,10515582106697849762
rejected-direct-field-discriminator,direct,cpp-unordered-map,chaining-buckets,word8,64,32,64,churn,1,6,107,32768,32768,1048576,28788000,2402000015043713974,14798175020615415202,10515582106697849762
rejected-direct-field-discriminator,direct,rust-hash-map,usable-entries,word8,64,32,56,churn,1,6,107,32768,32768,1048576,16976000,2402000015043713974,14798175020615415202,10515582106697849762
rejected-direct-field-discriminator,direct,whitefoot-flat,physical-slots,word8,64,32,64,churn,1,7,108,32768,32768,1048576,9184000,5723748881526033307,4417241696690132572,4713894674198377865
rejected-direct-field-discriminator,direct,cpp-unordered-map,chaining-buckets,word8,64,32,64,churn,1,7,108,32768,32768,1048576,27498000,5723748881526033307,4417241696690132572,4713894674198377865
rejected-direct-field-discriminator,direct,rust-hash-map,usable-entries,word8,64,32,56,churn,1,7,108,32768,32768,1048576,17045000,5723748881526033307,4417241696690132572,4713894674198377865
rejected-direct-field-discriminator,direct,whitefoot-chain,head-buckets,word8,64,32,64,churn,1,7,108,32768,32768,1048576,5771000,5723748881526033307,4417241696690132572,4713894674198377865
rejected-direct-field-discriminator,direct,cpp-unordered-map,chaining-buckets,word8,64,32,64,churn,1,8,109,32768,32768,1048576,30204000,2256372710712324380,144157231638344912,5599822130869204459
rejected-direct-field-discriminator,direct,rust-hash-map,usable-entries,word8,64,32,56,churn,1,8,109,32768,32768,1048576,17416000,2256372710712324380,144157231638344912,5599822130869204459
rejected-direct-field-discriminator,direct,whitefoot-chain,head-buckets,word8,64,32,64,churn,1,8,109,32768,32768,1048576,5366000,2256372710712324380,144157231638344912,5599822130869204459
rejected-direct-field-discriminator,direct,whitefoot-flat,physical-slots,word8,64,32,64,churn,1,8,109,32768,32768,1048576,8275000,2256372710712324380,144157231638344912,5599822130869204459
rejected-direct-field-discriminator,direct,cpp-unordered-map,chaining-buckets,wide256,4096,2048,4096,replace,1,0,101,512,512,1048576,24077000,2075292407092999172,12892485500574870081,14000432475348375067
rejected-direct-field-discriminator,direct,rust-hash-map,usable-entries,wide256,4096,2048,3584,replace,1,0,101,512,512,1048576,31001000,2075292407092999172,12892485500574870081,14000432475348375067
rejected-direct-field-discriminator,direct,whitefoot-chain,head-buckets,wide256,4096,2048,4096,replace,1,0,101,512,512,1048576,35479000,2075292407092999172,12892485500574870081,14000432475348375067
rejected-direct-field-discriminator,direct,whitefoot-flat,physical-slots,wide256,4096,2048,4096,replace,1,0,101,512,512,1048576,30892000,2075292407092999172,12892485500574870081,14000432475348375067
rejected-direct-field-discriminator,direct,rust-hash-map,usable-entries,wide256,4096,2048,3584,replace,1,1,102,512,512,1048576,28525000,15016135266304332727,6558794978756541917,6114081484065616256
rejected-direct-field-discriminator,direct,whitefoot-chain,head-buckets,wide256,4096,2048,4096,replace,1,1,102,512,512,1048576,36245000,15016135266304332727,6558794978756541917,6114081484065616256
rejected-direct-field-discriminator,direct,whitefoot-flat,physical-slots,wide256,4096,2048,4096,replace,1,1,102,512,512,1048576,31720000,15016135266304332727,6558794978756541917,6114081484065616256
rejected-direct-field-discriminator,direct,cpp-unordered-map,chaining-buckets,wide256,4096,2048,4096,replace,1,1,102,512,512,1048576,26091000,15016135266304332727,6558794978756541917,6114081484065616256
rejected-direct-field-discriminator,direct,whitefoot-chain,head-buckets,wide256,4096,2048,4096,replace,1,2,103,512,512,1048576,36522000,13111167608270029513,5953993967926708049,17365355996308864561
rejected-direct-field-discriminator,direct,whitefoot-flat,physical-slots,wide256,4096,2048,4096,replace,1,2,103,512,512,1048576,30952000,13111167608270029513,5953993967926708049,17365355996308864561
rejected-direct-field-discriminator,direct,cpp-unordered-map,chaining-buckets,wide256,4096,2048,4096,replace,1,2,103,512,512,1048576,24896000,13111167608270029513,5953993967926708049,17365355996308864561
rejected-direct-field-discriminator,direct,rust-hash-map,usable-entries,wide256,4096,2048,3584,replace,1,2,103,512,512,1048576,29028000,13111167608270029513,5953993967926708049,17365355996308864561
rejected-direct-field-discriminator,direct,whitefoot-flat,physical-slots,wide256,4096,2048,4096,replace,1,3,104,512,512,1048576,30724000,12269217098477494046,13830605729479137478,10986041400113567925
rejected-direct-field-discriminator,direct,cpp-unordered-map,chaining-buckets,wide256,4096,2048,4096,replace,1,3,104,512,512,1048576,24999000,12269217098477494046,13830605729479137478,10986041400113567925
rejected-direct-field-discriminator,direct,rust-hash-map,usable-entries,wide256,4096,2048,3584,replace,1,3,104,512,512,1048576,29080000,12269217098477494046,13830605729479137478,10986041400113567925
rejected-direct-field-discriminator,direct,whitefoot-chain,head-buckets,wide256,4096,2048,4096,replace,1,3,104,512,512,1048576,36295000,12269217098477494046,13830605729479137478,10986041400113567925
rejected-direct-field-discriminator,direct,cpp-unordered-map,chaining-buckets,wide256,4096,2048,4096,replace,1,4,105,512,512,1048576,24191000,8558675102460689755,4209192350472890587,9072634033921710457
rejected-direct-field-discriminator,direct,rust-hash-map,usable-entries,wide256,4096,2048,3584,replace,1,4,105,512,512,1048576,29181000,8558675102460689755,4209192350472890587,9072634033921710457
rejected-direct-field-discriminator,direct,whitefoot-chain,head-buckets,wide256,4096,2048,4096,replace,1,4,105,512,512,1048576,35789000,8558675102460689755,4209192350472890587,9072634033921710457
rejected-direct-field-discriminator,direct,whitefoot-flat,physical-slots,wide256,4096,2048,4096,replace,1,4,105,512,512,1048576,30822000,8558675102460689755,4209192350472890587,9072634033921710457
rejected-direct-field-discriminator,direct,rust-hash-map,usable-entries,wide256,4096,2048,3584,replace,1,5,106,512,512,1048576,28996000,1015220568023613307,833403251416686189,1227787846763681594
rejected-direct-field-discriminator,direct,whitefoot-chain,head-buckets,wide256,4096,2048,4096,replace,1,5,106,512,512,1048576,35750000,1015220568023613307,833403251416686189,1227787846763681594
rejected-direct-field-discriminator,direct,whitefoot-flat,physical-slots,wide256,4096,2048,4096,replace,1,5,106,512,512,1048576,30873000,1015220568023613307,833403251416686189,1227787846763681594
rejected-direct-field-discriminator,direct,cpp-unordered-map,chaining-buckets,wide256,4096,2048,4096,replace,1,5,106,512,512,1048576,25921000,1015220568023613307,833403251416686189,1227787846763681594
rejected-direct-field-discriminator,direct,whitefoot-chain,head-buckets,wide256,4096,2048,4096,replace,1,6,107,512,512,1048576,35650000,12194700616496320316,3766264394704203104,10472553841192511759
rejected-direct-field-discriminator,direct,whitefoot-flat,physical-slots,wide256,4096,2048,4096,replace,1,6,107,512,512,1048576,30707000,12194700616496320316,3766264394704203104,10472553841192511759
rejected-direct-field-discriminator,direct,cpp-unordered-map,chaining-buckets,wide256,4096,2048,4096,replace,1,6,107,512,512,1048576,24493000,12194700616496320316,3766264394704203104,10472553841192511759
rejected-direct-field-discriminator,direct,rust-hash-map,usable-entries,wide256,4096,2048,3584,replace,1,6,107,512,512,1048576,28398000,12194700616496320316,3766264394704203104,10472553841192511759
rejected-direct-field-discriminator,direct,whitefoot-flat,physical-slots,wide256,4096,2048,4096,replace,1,7,108,512,512,1048576,30649000,15102489409772330042,2454500479893543789,8088679192759448843
rejected-direct-field-discriminator,direct,cpp-unordered-map,chaining-buckets,wide256,4096,2048,4096,replace,1,7,108,512,512,1048576,24692000,15102489409772330042,2454500479893543789,8088679192759448843
rejected-direct-field-discriminator,direct,rust-hash-map,usable-entries,wide256,4096,2048,3584,replace,1,7,108,512,512,1048576,28410000,15102489409772330042,2454500479893543789,8088679192759448843
rejected-direct-field-discriminator,direct,whitefoot-chain,head-buckets,wide256,4096,2048,4096,replace,1,7,108,512,512,1048576,35741000,15102489409772330042,2454500479893543789,8088679192759448843
rejected-direct-field-discriminator,direct,cpp-unordered-map,chaining-buckets,wide256,4096,2048,4096,replace,1,8,109,512,512,1048576,24110000,3775378562665119119,4904183427984515141,6396831191577749462
rejected-direct-field-discriminator,direct,rust-hash-map,usable-entries,wide256,4096,2048,3584,replace,1,8,109,512,512,1048576,29028000,3775378562665119119,4904183427984515141,6396831191577749462
rejected-direct-field-discriminator,direct,whitefoot-chain,head-buckets,wide256,4096,2048,4096,replace,1,8,109,512,512,1048576,35517000,3775378562665119119,4904183427984515141,6396831191577749462
rejected-direct-field-discriminator,direct,whitefoot-flat,physical-slots,wide256,4096,2048,4096,replace,1,8,109,512,512,1048576,30858000,3775378562665119119,4904183427984515141,6396831191577749462
rejected-direct-field-discriminator,direct,cpp-unordered-map,chaining-buckets,wide256,4096,2048,4096,churn,1,0,101,512,512,1048576,61963000,3733185538357415121,12892485500574870081,14000432475348375067
rejected-direct-field-discriminator,direct,rust-hash-map,usable-entries,wide256,4096,2048,3584,churn,1,0,101,512,512,1048576,33060000,3733185538357415121,12892485500574870081,14000432475348375067
rejected-direct-field-discriminator,direct,whitefoot-chain,head-buckets,wide256,4096,2048,4096,churn,1,0,101,512,512,1048576,50295000,3733185538357415121,12892485500574870081,14000432475348375067
rejected-direct-field-discriminator,direct,whitefoot-flat,physical-slots,wide256,4096,2048,4096,churn,1,0,101,512,512,1048576,57417000,3733185538357415121,12892485500574870081,14000432475348375067
rejected-direct-field-discriminator,direct,rust-hash-map,usable-entries,wide256,4096,2048,3584,churn,1,1,102,512,512,1048576,33100000,3586090662414033173,6558794978756541917,6114081484065616256
rejected-direct-field-discriminator,direct,whitefoot-chain,head-buckets,wide256,4096,2048,4096,churn,1,1,102,512,512,1048576,50731000,3586090662414033173,6558794978756541917,6114081484065616256
rejected-direct-field-discriminator,direct,whitefoot-flat,physical-slots,wide256,4096,2048,4096,churn,1,1,102,512,512,1048576,56178000,3586090662414033173,6558794978756541917,6114081484065616256
rejected-direct-field-discriminator,direct,cpp-unordered-map,chaining-buckets,wide256,4096,2048,4096,churn,1,1,102,512,512,1048576,63281000,3586090662414033173,6558794978756541917,6114081484065616256
rejected-direct-field-discriminator,direct,whitefoot-chain,head-buckets,wide256,4096,2048,4096,churn,1,2,103,512,512,1048576,50240000,11765639576573538766,5953993967926708049,17365355996308864561
rejected-direct-field-discriminator,direct,whitefoot-flat,physical-slots,wide256,4096,2048,4096,churn,1,2,103,512,512,1048576,56627000,11765639576573538766,5953993967926708049,17365355996308864561
rejected-direct-field-discriminator,direct,cpp-unordered-map,chaining-buckets,wide256,4096,2048,4096,churn,1,2,103,512,512,1048576,63105000,11765639576573538766,5953993967926708049,17365355996308864561
rejected-direct-field-discriminator,direct,rust-hash-map,usable-entries,wide256,4096,2048,3584,churn,1,2,103,512,512,1048576,34377000,11765639576573538766,5953993967926708049,17365355996308864561
rejected-direct-field-discriminator,direct,whitefoot-flat,physical-slots,wide256,4096,2048,4096,churn,1,3,104,512,512,1048576,60991000,4848601812476263582,13830605729479137478,10986041400113567925
rejected-direct-field-discriminator,direct,cpp-unordered-map,chaining-buckets,wide256,4096,2048,4096,churn,1,3,104,512,512,1048576,65306000,4848601812476263582,13830605729479137478,10986041400113567925
rejected-direct-field-discriminator,direct,rust-hash-map,usable-entries,wide256,4096,2048,3584,churn,1,3,104,512,512,1048576,33961000,4848601812476263582,13830605729479137478,10986041400113567925
rejected-direct-field-discriminator,direct,whitefoot-chain,head-buckets,wide256,4096,2048,4096,churn,1,3,104,512,512,1048576,51962000,4848601812476263582,13830605729479137478,10986041400113567925
rejected-direct-field-discriminator,direct,cpp-unordered-map,chaining-buckets,wide256,4096,2048,4096,churn,1,4,105,512,512,1048576,62534000,1631485328074789459,4209192350472890587,9072634033921710457
rejected-direct-field-discriminator,direct,rust-hash-map,usable-entries,wide256,4096,2048,3584,churn,1,4,105,512,512,1048576,32738000,1631485328074789459,4209192350472890587,9072634033921710457
rejected-direct-field-discriminator,direct,whitefoot-chain,head-buckets,wide256,4096,2048,4096,churn,1,4,105,512,512,1048576,49923000,1631485328074789459,4209192350472890587,9072634033921710457
rejected-direct-field-discriminator,direct,whitefoot-flat,physical-slots,wide256,4096,2048,4096,churn,1,4,105,512,512,1048576,60158000,1631485328074789459,4209192350472890587,9072634033921710457
rejected-direct-field-discriminator,direct,rust-hash-map,usable-entries,wide256,4096,2048,3584,churn,1,5,106,512,512,1048576,34037000,11582209390180129761,833403251416686189,1227787846763681594
rejected-direct-field-discriminator,direct,whitefoot-chain,head-buckets,wide256,4096,2048,4096,churn,1,5,106,512,512,1048576,55874000,11582209390180129761,833403251416686189,1227787846763681594
rejected-direct-field-discriminator,direct,whitefoot-flat,physical-slots,wide256,4096,2048,4096,churn,1,5,106,512,512,1048576,62625000,11582209390180129761,833403251416686189,1227787846763681594
rejected-direct-field-discriminator,direct,cpp-unordered-map,chaining-buckets,wide256,4096,2048,4096,churn,1,5,106,512,512,1048576,63661000,11582209390180129761,833403251416686189,1227787846763681594
rejected-direct-field-discriminator,direct,whitefoot-chain,head-buckets,wide256,4096,2048,4096,churn,1,6,107,512,512,1048576,49725000,12490145925984139089,3766264394704203104,10472553841192511759
rejected-direct-field-discriminator,direct,whitefoot-flat,physical-slots,wide256,4096,2048,4096,churn,1,6,107,512,512,1048576,59569000,12490145925984139089,3766264394704203104,10472553841192511759
rejected-direct-field-discriminator,direct,cpp-unordered-map,chaining-buckets,wide256,4096,2048,4096,churn,1,6,107,512,512,1048576,61826000,12490145925984139089,3766264394704203104,10472553841192511759
rejected-direct-field-discriminator,direct,rust-hash-map,usable-entries,wide256,4096,2048,3584,churn,1,6,107,512,512,1048576,33019000,12490145925984139089,3766264394704203104,10472553841192511759
rejected-direct-field-discriminator,direct,whitefoot-flat,physical-slots,wide256,4096,2048,4096,churn,1,7,108,512,512,1048576,56243000,8993427988989229243,2454500479893543789,8088679192759448843
rejected-direct-field-discriminator,direct,cpp-unordered-map,chaining-buckets,wide256,4096,2048,4096,churn,1,7,108,512,512,1048576,65733000,8993427988989229243,2454500479893543789,8088679192759448843
rejected-direct-field-discriminator,direct,rust-hash-map,usable-entries,wide256,4096,2048,3584,churn,1,7,108,512,512,1048576,34383000,8993427988989229243,2454500479893543789,8088679192759448843
rejected-direct-field-discriminator,direct,whitefoot-chain,head-buckets,wide256,4096,2048,4096,churn,1,7,108,512,512,1048576,50441000,8993427988989229243,2454500479893543789,8088679192759448843
rejected-direct-field-discriminator,direct,cpp-unordered-map,chaining-buckets,wide256,4096,2048,4096,churn,1,8,109,512,512,1048576,62301000,8409122420295524922,4904183427984515141,6396831191577749462
rejected-direct-field-discriminator,direct,rust-hash-map,usable-entries,wide256,4096,2048,3584,churn,1,8,109,512,512,1048576,33018000,8409122420295524922,4904183427984515141,6396831191577749462
rejected-direct-field-discriminator,direct,whitefoot-chain,head-buckets,wide256,4096,2048,4096,churn,1,8,109,512,512,1048576,49664000,8409122420295524922,4904183427984515141,6396831191577749462
rejected-direct-field-discriminator,direct,whitefoot-flat,physical-slots,wide256,4096,2048,4096,churn,1,8,109,512,512,1048576,55134000,8409122420295524922,4904183427984515141,6396831191577749462
rejected-direct-field-discriminator,direct,cpp-unordered-map,chaining-buckets,wide256,64,32,64,replace,1,0,101,32768,32768,1048576,20001000,3780980432890818720,12077982526663781769,11044626966882154137
rejected-direct-field-discriminator,direct,rust-hash-map,usable-entries,wide256,64,32,56,replace,1,0,101,32768,32768,1048576,23189000,3780980432890818720,12077982526663781769,11044626966882154137
rejected-direct-field-discriminator,direct,whitefoot-chain,head-buckets,wide256,64,32,64,replace,1,0,101,32768,32768,1048576,34353000,3780980432890818720,12077982526663781769,11044626966882154137
rejected-direct-field-discriminator,direct,whitefoot-flat,physical-slots,wide256,64,32,64,replace,1,0,101,32768,32768,1048576,33698000,3780980432890818720,12077982526663781769,11044626966882154137
rejected-direct-field-discriminator,direct,rust-hash-map,usable-entries,wide256,64,32,56,replace,1,1,102,32768,32768,1048576,23965000,9155012714890369401,7995702684288656807,13271203342924839154
rejected-direct-field-discriminator,direct,whitefoot-chain,head-buckets,wide256,64,32,64,replace,1,1,102,32768,32768,1048576,34798000,9155012714890369401,7995702684288656807,13271203342924839154
rejected-direct-field-discriminator,direct,whitefoot-flat,physical-slots,wide256,64,32,64,replace,1,1,102,32768,32768,1048576,33262000,9155012714890369401,7995702684288656807,13271203342924839154
rejected-direct-field-discriminator,direct,cpp-unordered-map,chaining-buckets,wide256,64,32,64,replace,1,1,102,32768,32768,1048576,20325000,9155012714890369401,7995702684288656807,13271203342924839154
rejected-direct-field-discriminator,direct,whitefoot-chain,head-buckets,wide256,64,32,64,replace,1,2,103,32768,32768,1048576,33990000,7966748677558471718,11373434725935837862,10301316140389128545
rejected-direct-field-discriminator,direct,whitefoot-flat,physical-slots,wide256,64,32,64,replace,1,2,103,32768,32768,1048576,31990000,7966748677558471718,11373434725935837862,10301316140389128545
rejected-direct-field-discriminator,direct,cpp-unordered-map,chaining-buckets,wide256,64,32,64,replace,1,2,103,32768,32768,1048576,19989000,7966748677558471718,11373434725935837862,10301316140389128545
rejected-direct-field-discriminator,direct,rust-hash-map,usable-entries,wide256,64,32,56,replace,1,2,103,32768,32768,1048576,23794000,7966748677558471718,11373434725935837862,10301316140389128545
rejected-direct-field-discriminator,direct,whitefoot-flat,physical-slots,wide256,64,32,64,replace,1,3,104,32768,32768,1048576,32233000,604199612727605340,9676260734854056746,5530695440243242490
rejected-direct-field-discriminator,direct,cpp-unordered-map,chaining-buckets,wide256,64,32,64,replace,1,3,104,32768,32768,1048576,19643000,604199612727605340,9676260734854056746,5530695440243242490
rejected-direct-field-discriminator,direct,rust-hash-map,usable-entries,wide256,64,32,56,replace,1,3,104,32768,32768,1048576,23390000,604199612727605340,9676260734854056746,5530695440243242490
rejected-direct-field-discriminator,direct,whitefoot-chain,head-buckets,wide256,64,32,64,replace,1,3,104,32768,32768,1048576,34239000,604199612727605340,9676260734854056746,5530695440243242490
rejected-direct-field-discriminator,direct,cpp-unordered-map,chaining-buckets,wide256,64,32,64,replace,1,4,105,32768,32768,1048576,20309000,1616134074880064606,3308030074824571516,704020370171199482
rejected-direct-field-discriminator,direct,rust-hash-map,usable-entries,wide256,64,32,56,replace,1,4,105,32768,32768,1048576,23460000,1616134074880064606,3308030074824571516,704020370171199482
rejected-direct-field-discriminator,direct,whitefoot-chain,head-buckets,wide256,64,32,64,replace,1,4,105,32768,32768,1048576,34094000,1616134074880064606,3308030074824571516,704020370171199482
rejected-direct-field-discriminator,direct,whitefoot-flat,physical-slots,wide256,64,32,64,replace,1,4,105,32768,32768,1048576,32318000,1616134074880064606,3308030074824571516,704020370171199482
rejected-direct-field-discriminator,direct,rust-hash-map,usable-entries,wide256,64,32,56,replace,1,5,106,32768,32768,1048576,24085000,12038047902605871988,5209183629775218254,4761421479010371445
rejected-direct-field-discriminator,direct,whitefoot-chain,head-buckets,wide256,64,32,64,replace,1,5,106,32768,32768,1048576,33864000,12038047902605871988,5209183629775218254,4761421479010371445
rejected-direct-field-discriminator,direct,whitefoot-flat,physical-slots,wide256,64,32,64,replace,1,5,106,32768,32768,1048576,31388000,12038047902605871988,5209183629775218254,4761421479010371445
rejected-direct-field-discriminator,direct,cpp-unordered-map,chaining-buckets,wide256,64,32,64,replace,1,5,106,32768,32768,1048576,19644000,12038047902605871988,5209183629775218254,4761421479010371445
rejected-direct-field-discriminator,direct,whitefoot-chain,head-buckets,wide256,64,32,64,replace,1,6,107,32768,32768,1048576,34859000,4190916600001790122,14798175020615415202,14370455518956635646
rejected-direct-field-discriminator,direct,whitefoot-flat,physical-slots,wide256,64,32,64,replace,1,6,107,32768,32768,1048576,33134000,4190916600001790122,14798175020615415202,14370455518956635646
rejected-direct-field-discriminator,direct,cpp-unordered-map,chaining-buckets,wide256,64,32,64,replace,1,6,107,32768,32768,1048576,20064000,4190916600001790122,14798175020615415202,14370455518956635646
rejected-direct-field-discriminator,direct,rust-hash-map,usable-entries,wide256,64,32,56,replace,1,6,107,32768,32768,1048576,23582000,4190916600001790122,14798175020615415202,14370455518956635646
rejected-direct-field-discriminator,direct,whitefoot-flat,physical-slots,wide256,64,32,64,replace,1,7,108,32768,32768,1048576,32772000,17489706095589245015,4417241696690132572,17119788813254958275
rejected-direct-field-discriminator,direct,cpp-unordered-map,chaining-buckets,wide256,64,32,64,replace,1,7,108,32768,32768,1048576,19915000,17489706095589245015,4417241696690132572,17119788813254958275
rejected-direct-field-discriminator,direct,rust-hash-map,usable-entries,wide256,64,32,56,replace,1,7,108,32768,32768,1048576,23251000,17489706095589245015,4417241696690132572,17119788813254958275
rejected-direct-field-discriminator,direct,whitefoot-chain,head-buckets,wide256,64,32,64,replace,1,7,108,32768,32768,1048576,34050000,17489706095589245015,4417241696690132572,17119788813254958275
rejected-direct-field-discriminator,direct,cpp-unordered-map,chaining-buckets,wide256,64,32,64,replace,1,8,109,32768,32768,1048576,20039000,15345665397381154913,144157231638344912,4092201381492415276
rejected-direct-field-discriminator,direct,rust-hash-map,usable-entries,wide256,64,32,56,replace,1,8,109,32768,32768,1048576,22961000,15345665397381154913,144157231638344912,4092201381492415276
rejected-direct-field-discriminator,direct,whitefoot-chain,head-buckets,wide256,64,32,64,replace,1,8,109,32768,32768,1048576,33718000,15345665397381154913,144157231638344912,4092201381492415276
rejected-direct-field-discriminator,direct,whitefoot-flat,physical-slots,wide256,64,32,64,replace,1,8,109,32768,32768,1048576,32518000,15345665397381154913,144157231638344912,4092201381492415276
rejected-direct-field-discriminator,direct,cpp-unordered-map,chaining-buckets,wide256,64,32,64,churn,1,0,101,32768,32768,1048576,52220000,10226348043398880542,12077982526663781769,11044626966882154137
rejected-direct-field-discriminator,direct,rust-hash-map,usable-entries,wide256,64,32,56,churn,1,0,101,32768,32768,1048576,28755000,10226348043398880542,12077982526663781769,11044626966882154137
rejected-direct-field-discriminator,direct,whitefoot-chain,head-buckets,wide256,64,32,64,churn,1,0,101,32768,32768,1048576,43458000,10226348043398880542,12077982526663781769,11044626966882154137
rejected-direct-field-discriminator,direct,whitefoot-flat,physical-slots,wide256,64,32,64,churn,1,0,101,32768,32768,1048576,43425000,10226348043398880542,12077982526663781769,11044626966882154137
rejected-direct-field-discriminator,direct,rust-hash-map,usable-entries,wide256,64,32,56,churn,1,1,102,32768,32768,1048576,28903000,12303747803428189049,7995702684288656807,13271203342924839154
rejected-direct-field-discriminator,direct,whitefoot-chain,head-buckets,wide256,64,32,64,churn,1,1,102,32768,32768,1048576,43652000,12303747803428189049,7995702684288656807,13271203342924839154
rejected-direct-field-discriminator,direct,whitefoot-flat,physical-slots,wide256,64,32,64,churn,1,1,102,32768,32768,1048576,45688000,12303747803428189049,7995702684288656807,13271203342924839154
rejected-direct-field-discriminator,direct,cpp-unordered-map,chaining-buckets,wide256,64,32,64,churn,1,1,102,32768,32768,1048576,52752000,12303747803428189049,7995702684288656807,13271203342924839154
rejected-direct-field-discriminator,direct,whitefoot-chain,head-buckets,wide256,64,32,64,churn,1,2,103,32768,32768,1048576,43125000,11700360037907166720,11373434725935837862,10301316140389128545
rejected-direct-field-discriminator,direct,whitefoot-flat,physical-slots,wide256,64,32,64,churn,1,2,103,32768,32768,1048576,43040000,11700360037907166720,11373434725935837862,10301316140389128545
rejected-direct-field-discriminator,direct,cpp-unordered-map,chaining-buckets,wide256,64,32,64,churn,1,2,103,32768,32768,1048576,51672000,11700360037907166720,11373434725935837862,10301316140389128545
rejected-direct-field-discriminator,direct,rust-hash-map,usable-entries,wide256,64,32,56,churn,1,2,103,32768,32768,1048576,28723000,11700360037907166720,11373434725935837862,10301316140389128545
rejected-direct-field-discriminator,direct,whitefoot-flat,physical-slots,wide256,64,32,64,churn,1,3,104,32768,32768,1048576,45682000,947460494304570851,9676260734854056746,5530695440243242490
rejected-direct-field-discriminator,direct,cpp-unordered-map,chaining-buckets,wide256,64,32,64,churn,1,3,104,32768,32768,1048576,52831000,947460494304570851,9676260734854056746,5530695440243242490
rejected-direct-field-discriminator,direct,rust-hash-map,usable-entries,wide256,64,32,56,churn,1,3,104,32768,32768,1048576,28790000,947460494304570851,9676260734854056746,5530695440243242490
rejected-direct-field-discriminator,direct,whitefoot-chain,head-buckets,wide256,64,32,64,churn,1,3,104,32768,32768,1048576,44663000,947460494304570851,9676260734854056746,5530695440243242490
rejected-direct-field-discriminator,direct,cpp-unordered-map,chaining-buckets,wide256,64,32,64,churn,1,4,105,32768,32768,1048576,52602000,6593924960691878977,3308030074824571516,704020370171199482
rejected-direct-field-discriminator,direct,rust-hash-map,usable-entries,wide256,64,32,56,churn,1,4,105,32768,32768,1048576,28786000,6593924960691878977,3308030074824571516,704020370171199482
rejected-direct-field-discriminator,direct,whitefoot-chain,head-buckets,wide256,64,32,64,churn,1,4,105,32768,32768,1048576,42664000,6593924960691878977,3308030074824571516,704020370171199482
rejected-direct-field-discriminator,direct,whitefoot-flat,physical-slots,wide256,64,32,64,churn,1,4,105,32768,32768,1048576,42733000,6593924960691878977,3308030074824571516,704020370171199482
rejected-direct-field-discriminator,direct,rust-hash-map,usable-entries,wide256,64,32,56,churn,1,5,106,32768,32768,1048576,28703000,4908526729440067003,5209183629775218254,4761421479010371445
rejected-direct-field-discriminator,direct,whitefoot-chain,head-buckets,wide256,64,32,64,churn,1,5,106,32768,32768,1048576,42945000,4908526729440067003,5209183629775218254,4761421479010371445
rejected-direct-field-discriminator,direct,whitefoot-flat,physical-slots,wide256,64,32,64,churn,1,5,106,32768,32768,1048576,44724000,4908526729440067003,5209183629775218254,4761421479010371445
rejected-direct-field-discriminator,direct,cpp-unordered-map,chaining-buckets,wide256,64,32,64,churn,1,5,106,32768,32768,1048576,51338000,4908526729440067003,5209183629775218254,4761421479010371445
rejected-direct-field-discriminator,direct,whitefoot-chain,head-buckets,wide256,64,32,64,churn,1,6,107,32768,32768,1048576,42805000,3387322086436567767,14798175020615415202,14370455518956635646
rejected-direct-field-discriminator,direct,whitefoot-flat,physical-slots,wide256,64,32,64,churn,1,6,107,32768,32768,1048576,43004000,3387322086436567767,14798175020615415202,14370455518956635646
rejected-direct-field-discriminator,direct,cpp-unordered-map,chaining-buckets,wide256,64,32,64,churn,1,6,107,32768,32768,1048576,52723000,3387322086436567767,14798175020615415202,14370455518956635646
rejected-direct-field-discriminator,direct,rust-hash-map,usable-entries,wide256,64,32,56,churn,1,6,107,32768,32768,1048576,29255000,3387322086436567767,14798175020615415202,14370455518956635646
rejected-direct-field-discriminator,direct,whitefoot-flat,physical-slots,wide256,64,32,64,churn,1,7,108,32768,32768,1048576,45193000,2286297560001194550,4417241696690132572,17119788813254958275
rejected-direct-field-discriminator,direct,cpp-unordered-map,chaining-buckets,wide256,64,32,64,churn,1,7,108,32768,32768,1048576,51827000,2286297560001194550,4417241696690132572,17119788813254958275
rejected-direct-field-discriminator,direct,rust-hash-map,usable-entries,wide256,64,32,56,churn,1,7,108,32768,32768,1048576,28757000,2286297560001194550,4417241696690132572,17119788813254958275
rejected-direct-field-discriminator,direct,whitefoot-chain,head-buckets,wide256,64,32,64,churn,1,7,108,32768,32768,1048576,42819000,2286297560001194550,4417241696690132572,17119788813254958275
rejected-direct-field-discriminator,direct,cpp-unordered-map,chaining-buckets,wide256,64,32,64,churn,1,8,109,32768,32768,1048576,53284000,5230074108420963114,144157231638344912,4092201381492415276
rejected-direct-field-discriminator,direct,rust-hash-map,usable-entries,wide256,64,32,56,churn,1,8,109,32768,32768,1048576,28392000,5230074108420963114,144157231638344912,4092201381492415276
rejected-direct-field-discriminator,direct,whitefoot-chain,head-buckets,wide256,64,32,64,churn,1,8,109,32768,32768,1048576,43263000,5230074108420963114,144157231638344912,4092201381492415276
rejected-direct-field-discriminator,direct,whitefoot-flat,physical-slots,wide256,64,32,64,churn,1,8,109,32768,32768,1048576,42899000,5230074108420963114,144157231638344912,4092201381492415276
rejected-direct-field-discriminator,candidate,cpp-unordered-map,chaining-buckets,word8,4096,2048,4096,replace,1,0,101,512,512,1048576,4387000,17620489557640355118,12892485500574870081,15318239530852537950
rejected-direct-field-discriminator,candidate,rust-hash-map,usable-entries,word8,4096,2048,3584,replace,1,0,101,512,512,1048576,2774000,17620489557640355118,12892485500574870081,15318239530852537950
rejected-direct-field-discriminator,candidate,whitefoot-chain,head-buckets,word8,4096,2048,4096,replace,1,0,101,512,512,1048576,3234000,17620489557640355118,12892485500574870081,15318239530852537950
rejected-direct-field-discriminator,candidate,whitefoot-flat,physical-slots,word8,4096,2048,4096,replace,1,0,101,512,512,1048576,3285000,17620489557640355118,12892485500574870081,15318239530852537950
rejected-direct-field-discriminator,candidate,rust-hash-map,usable-entries,word8,4096,2048,3584,replace,1,1,102,512,512,1048576,2902000,1935089821601506588,6558794978756541917,14466115479769115293
rejected-direct-field-discriminator,candidate,whitefoot-chain,head-buckets,word8,4096,2048,4096,replace,1,1,102,512,512,1048576,3150000,1935089821601506588,6558794978756541917,14466115479769115293
rejected-direct-field-discriminator,candidate,whitefoot-flat,physical-slots,word8,4096,2048,4096,replace,1,1,102,512,512,1048576,3208000,1935089821601506588,6558794978756541917,14466115479769115293
rejected-direct-field-discriminator,candidate,cpp-unordered-map,chaining-buckets,word8,4096,2048,4096,replace,1,1,102,512,512,1048576,4571000,1935089821601506588,6558794978756541917,14466115479769115293
rejected-direct-field-discriminator,candidate,whitefoot-chain,head-buckets,word8,4096,2048,4096,replace,1,2,103,512,512,1048576,3251000,1951882041121453793,5953993967926708049,11388540906096222742
rejected-direct-field-discriminator,candidate,whitefoot-flat,physical-slots,word8,4096,2048,4096,replace,1,2,103,512,512,1048576,3303000,1951882041121453793,5953993967926708049,11388540906096222742
rejected-direct-field-discriminator,candidate,cpp-unordered-map,chaining-buckets,word8,4096,2048,4096,replace,1,2,103,512,512,1048576,4551000,1951882041121453793,5953993967926708049,11388540906096222742
rejected-direct-field-discriminator,candidate,rust-hash-map,usable-entries,word8,4096,2048,3584,replace,1,2,103,512,512,1048576,2773000,1951882041121453793,5953993967926708049,11388540906096222742
rejected-direct-field-discriminator,candidate,whitefoot-flat,physical-slots,word8,4096,2048,4096,replace,1,3,104,512,512,1048576,3947000,14304161718858749203,13830605729479137478,9959520025842494717
rejected-direct-field-discriminator,candidate,cpp-unordered-map,chaining-buckets,word8,4096,2048,4096,replace,1,3,104,512,512,1048576,4365000,14304161718858749203,13830605729479137478,9959520025842494717
rejected-direct-field-discriminator,candidate,rust-hash-map,usable-entries,word8,4096,2048,3584,replace,1,3,104,512,512,1048576,2720000,14304161718858749203,13830605729479137478,9959520025842494717
rejected-direct-field-discriminator,candidate,whitefoot-chain,head-buckets,word8,4096,2048,4096,replace,1,3,104,512,512,1048576,3203000,14304161718858749203,13830605729479137478,9959520025842494717
rejected-direct-field-discriminator,candidate,cpp-unordered-map,chaining-buckets,word8,4096,2048,4096,replace,1,4,105,512,512,1048576,4393000,11379130351144432977,4209192350472890587,3105434443357397326
rejected-direct-field-discriminator,candidate,rust-hash-map,usable-entries,word8,4096,2048,3584,replace,1,4,105,512,512,1048576,2863000,11379130351144432977,4209192350472890587,3105434443357397326
rejected-direct-field-discriminator,candidate,whitefoot-chain,head-buckets,word8,4096,2048,4096,replace,1,4,105,512,512,1048576,3552000,11379130351144432977,4209192350472890587,3105434443357397326
rejected-direct-field-discriminator,candidate,whitefoot-flat,physical-slots,word8,4096,2048,4096,replace,1,4,105,512,512,1048576,3614000,11379130351144432977,4209192350472890587,3105434443357397326
rejected-direct-field-discriminator,candidate,rust-hash-map,usable-entries,word8,4096,2048,3584,replace,1,5,106,512,512,1048576,2772000,12251642353774623270,833403251416686189,10436227290064263060
rejected-direct-field-discriminator,candidate,whitefoot-chain,head-buckets,word8,4096,2048,4096,replace,1,5,106,512,512,1048576,2919000,12251642353774623270,833403251416686189,10436227290064263060
rejected-direct-field-discriminator,candidate,whitefoot-flat,physical-slots,word8,4096,2048,4096,replace,1,5,106,512,512,1048576,3401000,12251642353774623270,833403251416686189,10436227290064263060
rejected-direct-field-discriminator,candidate,cpp-unordered-map,chaining-buckets,word8,4096,2048,4096,replace,1,5,106,512,512,1048576,4459000,12251642353774623270,833403251416686189,10436227290064263060
rejected-direct-field-discriminator,candidate,whitefoot-chain,head-buckets,word8,4096,2048,4096,replace,1,6,107,512,512,1048576,3107000,8033389661832950008,3766264394704203104,14562156551781632605
rejected-direct-field-discriminator,candidate,whitefoot-flat,physical-slots,word8,4096,2048,4096,replace,1,6,107,512,512,1048576,3551000,8033389661832950008,3766264394704203104,14562156551781632605
rejected-direct-field-discriminator,candidate,cpp-unordered-map,chaining-buckets,word8,4096,2048,4096,replace,1,6,107,512,512,1048576,4308000,8033389661832950008,3766264394704203104,14562156551781632605
rejected-direct-field-discriminator,candidate,rust-hash-map,usable-entries,word8,4096,2048,3584,replace,1,6,107,512,512,1048576,2707000,8033389661832950008,3766264394704203104,14562156551781632605
rejected-direct-field-discriminator,candidate,whitefoot-flat,physical-slots,word8,4096,2048,4096,replace,1,7,108,512,512,1048576,3758000,1046993030128260120,2454500479893543789,14768026503605617582
rejected-direct-field-discriminator,candidate,cpp-unordered-map,chaining-buckets,word8,4096,2048,4096,replace,1,7,108,512,512,1048576,4740000,1046993030128260120,2454500479893543789,14768026503605617582
rejected-direct-field-discriminator,candidate,rust-hash-map,usable-entries,word8,4096,2048,3584,replace,1,7,108,512,512,1048576,2776000,1046993030128260120,2454500479893543789,14768026503605617582
rejected-direct-field-discriminator,candidate,whitefoot-chain,head-buckets,word8,4096,2048,4096,replace,1,7,108,512,512,1048576,3139000,1046993030128260120,2454500479893543789,14768026503605617582
rejected-direct-field-discriminator,candidate,cpp-unordered-map,chaining-buckets,word8,4096,2048,4096,replace,1,8,109,512,512,1048576,4709000,8413322795025042257,4904183427984515141,10319780408451309694
rejected-direct-field-discriminator,candidate,rust-hash-map,usable-entries,word8,4096,2048,3584,replace,1,8,109,512,512,1048576,2794000,8413322795025042257,4904183427984515141,10319780408451309694
rejected-direct-field-discriminator,candidate,whitefoot-chain,head-buckets,word8,4096,2048,4096,replace,1,8,109,512,512,1048576,3180000,8413322795025042257,4904183427984515141,10319780408451309694
rejected-direct-field-discriminator,candidate,whitefoot-flat,physical-slots,word8,4096,2048,4096,replace,1,8,109,512,512,1048576,3919000,8413322795025042257,4904183427984515141,10319780408451309694
rejected-direct-field-discriminator,candidate,cpp-unordered-map,chaining-buckets,word8,4096,2048,4096,churn,1,0,101,512,512,1048576,31065000,8799152866740530150,12892485500574870081,15318239530852537950
rejected-direct-field-discriminator,candidate,rust-hash-map,usable-entries,word8,4096,2048,3584,churn,1,0,101,512,512,1048576,11252000,8799152866740530150,12892485500574870081,15318239530852537950
rejected-direct-field-discriminator,candidate,whitefoot-chain,head-buckets,word8,4096,2048,4096,churn,1,0,101,512,512,1048576,8441000,8799152866740530150,12892485500574870081,15318239530852537950
rejected-direct-field-discriminator,candidate,whitefoot-flat,physical-slots,word8,4096,2048,4096,churn,1,0,101,512,512,1048576,15941000,8799152866740530150,12892485500574870081,15318239530852537950
rejected-direct-field-discriminator,candidate,rust-hash-map,usable-entries,word8,4096,2048,3584,churn,1,1,102,512,512,1048576,11359000,5607125520057204017,6558794978756541917,14466115479769115293
rejected-direct-field-discriminator,candidate,whitefoot-chain,head-buckets,word8,4096,2048,4096,churn,1,1,102,512,512,1048576,8731000,5607125520057204017,6558794978756541917,14466115479769115293
rejected-direct-field-discriminator,candidate,whitefoot-flat,physical-slots,word8,4096,2048,4096,churn,1,1,102,512,512,1048576,13256000,5607125520057204017,6558794978756541917,14466115479769115293
rejected-direct-field-discriminator,candidate,cpp-unordered-map,chaining-buckets,word8,4096,2048,4096,churn,1,1,102,512,512,1048576,31903000,5607125520057204017,6558794978756541917,14466115479769115293
rejected-direct-field-discriminator,candidate,whitefoot-chain,head-buckets,word8,4096,2048,4096,churn,1,2,103,512,512,1048576,8467000,7623919904794872868,5953993967926708049,11388540906096222742
rejected-direct-field-discriminator,candidate,whitefoot-flat,physical-slots,word8,4096,2048,4096,churn,1,2,103,512,512,1048576,12741000,7623919904794872868,5953993967926708049,11388540906096222742
rejected-direct-field-discriminator,candidate,cpp-unordered-map,chaining-buckets,word8,4096,2048,4096,churn,1,2,103,512,512,1048576,30519000,7623919904794872868,5953993967926708049,11388540906096222742
rejected-direct-field-discriminator,candidate,rust-hash-map,usable-entries,word8,4096,2048,3584,churn,1,2,103,512,512,1048576,10771000,7623919904794872868,5953993967926708049,11388540906096222742
rejected-direct-field-discriminator,candidate,whitefoot-flat,physical-slots,word8,4096,2048,4096,churn,1,3,104,512,512,1048576,13479000,13715727663386659120,13830605729479137478,9959520025842494717
rejected-direct-field-discriminator,candidate,cpp-unordered-map,chaining-buckets,word8,4096,2048,4096,churn,1,3,104,512,512,1048576,32732000,13715727663386659120,13830605729479137478,9959520025842494717
rejected-direct-field-discriminator,candidate,rust-hash-map,usable-entries,word8,4096,2048,3584,churn,1,3,104,512,512,1048576,11047000,13715727663386659120,13830605729479137478,9959520025842494717
rejected-direct-field-discriminator,candidate,whitefoot-chain,head-buckets,word8,4096,2048,4096,churn,1,3,104,512,512,1048576,8171000,13715727663386659120,13830605729479137478,9959520025842494717
rejected-direct-field-discriminator,candidate,cpp-unordered-map,chaining-buckets,word8,4096,2048,4096,churn,1,4,105,512,512,1048576,31023000,15082010733789155885,4209192350472890587,3105434443357397326
rejected-direct-field-discriminator,candidate,rust-hash-map,usable-entries,word8,4096,2048,3584,churn,1,4,105,512,512,1048576,11484000,15082010733789155885,4209192350472890587,3105434443357397326
rejected-direct-field-discriminator,candidate,whitefoot-chain,head-buckets,word8,4096,2048,4096,churn,1,4,105,512,512,1048576,8359000,15082010733789155885,4209192350472890587,3105434443357397326
rejected-direct-field-discriminator,candidate,whitefoot-flat,physical-slots,word8,4096,2048,4096,churn,1,4,105,512,512,1048576,13672000,15082010733789155885,4209192350472890587,3105434443357397326
rejected-direct-field-discriminator,candidate,rust-hash-map,usable-entries,word8,4096,2048,3584,churn,1,5,106,512,512,1048576,10881000,12842905645731754778,833403251416686189,10436227290064263060
rejected-direct-field-discriminator,candidate,whitefoot-chain,head-buckets,word8,4096,2048,4096,churn,1,5,106,512,512,1048576,9852000,12842905645731754778,833403251416686189,10436227290064263060
rejected-direct-field-discriminator,candidate,whitefoot-flat,physical-slots,word8,4096,2048,4096,churn,1,5,106,512,512,1048576,18916000,12842905645731754778,833403251416686189,10436227290064263060
rejected-direct-field-discriminator,candidate,cpp-unordered-map,chaining-buckets,word8,4096,2048,4096,churn,1,5,106,512,512,1048576,32777000,12842905645731754778,833403251416686189,10436227290064263060
rejected-direct-field-discriminator,candidate,whitefoot-chain,head-buckets,word8,4096,2048,4096,churn,1,6,107,512,512,1048576,8420000,2600790722277263761,3766264394704203104,14562156551781632605
rejected-direct-field-discriminator,candidate,whitefoot-flat,physical-slots,word8,4096,2048,4096,churn,1,6,107,512,512,1048576,12826000,2600790722277263761,3766264394704203104,14562156551781632605
rejected-direct-field-discriminator,candidate,cpp-unordered-map,chaining-buckets,word8,4096,2048,4096,churn,1,6,107,512,512,1048576,30798000,2600790722277263761,3766264394704203104,14562156551781632605
rejected-direct-field-discriminator,candidate,rust-hash-map,usable-entries,word8,4096,2048,3584,churn,1,6,107,512,512,1048576,10898000,2600790722277263761,3766264394704203104,14562156551781632605
rejected-direct-field-discriminator,candidate,whitefoot-flat,physical-slots,word8,4096,2048,4096,churn,1,7,108,512,512,1048576,14268000,10569362474842633493,2454500479893543789,14768026503605617582
rejected-direct-field-discriminator,candidate,cpp-unordered-map,chaining-buckets,word8,4096,2048,4096,churn,1,7,108,512,512,1048576,31864000,10569362474842633493,2454500479893543789,14768026503605617582
rejected-direct-field-discriminator,candidate,rust-hash-map,usable-entries,word8,4096,2048,3584,churn,1,7,108,512,512,1048576,10648000,10569362474842633493,2454500479893543789,14768026503605617582
rejected-direct-field-discriminator,candidate,whitefoot-chain,head-buckets,word8,4096,2048,4096,churn,1,7,108,512,512,1048576,8372000,10569362474842633493,2454500479893543789,14768026503605617582
rejected-direct-field-discriminator,candidate,cpp-unordered-map,chaining-buckets,word8,4096,2048,4096,churn,1,8,109,512,512,1048576,30616000,17633044524729442276,4904183427984515141,10319780408451309694
rejected-direct-field-discriminator,candidate,rust-hash-map,usable-entries,word8,4096,2048,3584,churn,1,8,109,512,512,1048576,12231000,17633044524729442276,4904183427984515141,10319780408451309694
rejected-direct-field-discriminator,candidate,whitefoot-chain,head-buckets,word8,4096,2048,4096,churn,1,8,109,512,512,1048576,8526000,17633044524729442276,4904183427984515141,10319780408451309694
rejected-direct-field-discriminator,candidate,whitefoot-flat,physical-slots,word8,4096,2048,4096,churn,1,8,109,512,512,1048576,12502000,17633044524729442276,4904183427984515141,10319780408451309694
rejected-direct-field-discriminator,candidate,cpp-unordered-map,chaining-buckets,word8,64,32,64,replace,1,0,101,32768,32768,1048576,2959000,18096573721732818519,12077982526663781769,12749132361983993480
rejected-direct-field-discriminator,candidate,rust-hash-map,usable-entries,word8,64,32,56,replace,1,0,101,32768,32768,1048576,2609000,18096573721732818519,12077982526663781769,12749132361983993480
rejected-direct-field-discriminator,candidate,whitefoot-chain,head-buckets,word8,64,32,64,replace,1,0,101,32768,32768,1048576,2329000,18096573721732818519,12077982526663781769,12749132361983993480
rejected-direct-field-discriminator,candidate,whitefoot-flat,physical-slots,word8,64,32,64,replace,1,0,101,32768,32768,1048576,2430000,18096573721732818519,12077982526663781769,12749132361983993480
rejected-direct-field-discriminator,candidate,rust-hash-map,usable-entries,word8,64,32,56,replace,1,1,102,32768,32768,1048576,2595000,14470636289158971276,7995702684288656807,12244221203303174045
rejected-direct-field-discriminator,candidate,whitefoot-chain,head-buckets,word8,64,32,64,replace,1,1,102,32768,32768,1048576,2436000,14470636289158971276,7995702684288656807,12244221203303174045
rejected-direct-field-discriminator,candidate,whitefoot-flat,physical-slots,word8,64,32,64,replace,1,1,102,32768,32768,1048576,2541000,14470636289158971276,7995702684288656807,12244221203303174045
rejected-direct-field-discriminator,candidate,cpp-unordered-map,chaining-buckets,word8,64,32,64,replace,1,1,102,32768,32768,1048576,2912000,14470636289158971276,7995702684288656807,12244221203303174045
rejected-direct-field-discriminator,candidate,whitefoot-chain,head-buckets,word8,64,32,64,replace,1,2,103,32768,32768,1048576,2340000,9973176258566731091,11373434725935837862,15648614559169679663
rejected-direct-field-discriminator,candidate,whitefoot-flat,physical-slots,word8,64,32,64,replace,1,2,103,32768,32768,1048576,2562000,9973176258566731091,11373434725935837862,15648614559169679663
rejected-direct-field-discriminator,candidate,cpp-unordered-map,chaining-buckets,word8,64,32,64,replace,1,2,103,32768,32768,1048576,3382000,9973176258566731091,11373434725935837862,15648614559169679663
rejected-direct-field-discriminator,candidate,rust-hash-map,usable-entries,word8,64,32,56,replace,1,2,103,32768,32768,1048576,2691000,9973176258566731091,11373434725935837862,15648614559169679663
rejected-direct-field-discriminator,candidate,whitefoot-flat,physical-slots,word8,64,32,64,replace,1,3,104,32768,32768,1048576,2487000,16089982674628147203,9676260734854056746,2848619765991137053
rejected-direct-field-discriminator,candidate,cpp-unordered-map,chaining-buckets,word8,64,32,64,replace,1,3,104,32768,32768,1048576,2890000,16089982674628147203,9676260734854056746,2848619765991137053
rejected-direct-field-discriminator,candidate,rust-hash-map,usable-entries,word8,64,32,56,replace,1,3,104,32768,32768,1048576,2618000,16089982674628147203,9676260734854056746,2848619765991137053
rejected-direct-field-discriminator,candidate,whitefoot-chain,head-buckets,word8,64,32,64,replace,1,3,104,32768,32768,1048576,2385000,16089982674628147203,9676260734854056746,2848619765991137053
rejected-direct-field-discriminator,candidate,cpp-unordered-map,chaining-buckets,word8,64,32,64,replace,1,4,105,32768,32768,1048576,2843000,2556899712354080479,3308030074824571516,10059556291468621031
rejected-direct-field-discriminator,candidate,rust-hash-map,usable-entries,word8,64,32,56,replace,1,4,105,32768,32768,1048576,2585000,2556899712354080479,3308030074824571516,10059556291468621031
rejected-direct-field-discriminator,candidate,whitefoot-chain,head-buckets,word8,64,32,64,replace,1,4,105,32768,32768,1048576,2355000,2556899712354080479,3308030074824571516,10059556291468621031
rejected-direct-field-discriminator,candidate,whitefoot-flat,physical-slots,word8,64,32,64,replace,1,4,105,32768,32768,1048576,3007000,2556899712354080479,3308030074824571516,10059556291468621031
rejected-direct-field-discriminator,candidate,rust-hash-map,usable-entries,word8,64,32,56,replace,1,5,106,32768,32768,1048576,2672000,3405593398268564637,5209183629775218254,900397986388891109
rejected-direct-field-discriminator,candidate,whitefoot-chain,head-buckets,word8,64,32,64,replace,1,5,106,32768,32768,1048576,2451000,3405593398268564637,5209183629775218254,900397986388891109
rejected-direct-field-discriminator,candidate,whitefoot-flat,physical-slots,word8,64,32,64,replace,1,5,106,32768,32768,1048576,2494000,3405593398268564637,5209183629775218254,900397986388891109
rejected-direct-field-discriminator,candidate,cpp-unordered-map,chaining-buckets,word8,64,32,64,replace,1,5,106,32768,32768,1048576,2905000,3405593398268564637,5209183629775218254,900397986388891109
rejected-direct-field-discriminator,candidate,whitefoot-chain,head-buckets,word8,64,32,64,replace,1,6,107,32768,32768,1048576,2337000,7681617421452767597,14798175020615415202,10515582106697849762
rejected-direct-field-discriminator,candidate,whitefoot-flat,physical-slots,word8,64,32,64,replace,1,6,107,32768,32768,1048576,3144000,7681617421452767597,14798175020615415202,10515582106697849762
rejected-direct-field-discriminator,candidate,cpp-unordered-map,chaining-buckets,word8,64,32,64,replace,1,6,107,32768,32768,1048576,3505000,7681617421452767597,14798175020615415202,10515582106697849762
rejected-direct-field-discriminator,candidate,rust-hash-map,usable-entries,word8,64,32,56,replace,1,6,107,32768,32768,1048576,2596000,7681617421452767597,14798175020615415202,10515582106697849762
rejected-direct-field-discriminator,candidate,whitefoot-flat,physical-slots,word8,64,32,64,replace,1,7,108,32768,32768,1048576,2644000,2327915804901543052,4417241696690132572,4713894674198377865
rejected-direct-field-discriminator,candidate,cpp-unordered-map,chaining-buckets,word8,64,32,64,replace,1,7,108,32768,32768,1048576,2878000,2327915804901543052,4417241696690132572,4713894674198377865
rejected-direct-field-discriminator,candidate,rust-hash-map,usable-entries,word8,64,32,56,replace,1,7,108,32768,32768,1048576,2601000,2327915804901543052,4417241696690132572,4713894674198377865
rejected-direct-field-discriminator,candidate,whitefoot-chain,head-buckets,word8,64,32,64,replace,1,7,108,32768,32768,1048576,2376000,2327915804901543052,4417241696690132572,4713894674198377865
rejected-direct-field-discriminator,candidate,cpp-unordered-map,chaining-buckets,word8,64,32,64,replace,1,8,109,32768,32768,1048576,2859000,15581882087185304535,144157231638344912,5599822130869204459
rejected-direct-field-discriminator,candidate,rust-hash-map,usable-entries,word8,64,32,56,replace,1,8,109,32768,32768,1048576,2703000,15581882087185304535,144157231638344912,5599822130869204459
rejected-direct-field-discriminator,candidate,whitefoot-chain,head-buckets,word8,64,32,64,replace,1,8,109,32768,32768,1048576,2380000,15581882087185304535,144157231638344912,5599822130869204459
rejected-direct-field-discriminator,candidate,whitefoot-flat,physical-slots,word8,64,32,64,replace,1,8,109,32768,32768,1048576,2932000,15581882087185304535,144157231638344912,5599822130869204459
rejected-direct-field-discriminator,candidate,cpp-unordered-map,chaining-buckets,word8,64,32,64,churn,1,0,101,32768,32768,1048576,29943000,18110906709719556088,12077982526663781769,12749132361983993480
rejected-direct-field-discriminator,candidate,rust-hash-map,usable-entries,word8,64,32,56,churn,1,0,101,32768,32768,1048576,13917000,18110906709719556088,12077982526663781769,12749132361983993480
rejected-direct-field-discriminator,candidate,whitefoot-chain,head-buckets,word8,64,32,64,churn,1,0,101,32768,32768,1048576,5336000,18110906709719556088,12077982526663781769,12749132361983993480
rejected-direct-field-discriminator,candidate,whitefoot-flat,physical-slots,word8,64,32,64,churn,1,0,101,32768,32768,1048576,7935000,18110906709719556088,12077982526663781769,12749132361983993480
rejected-direct-field-discriminator,candidate,rust-hash-map,usable-entries,word8,64,32,56,churn,1,1,102,32768,32768,1048576,14199000,9296874036845416241,7995702684288656807,12244221203303174045
rejected-direct-field-discriminator,candidate,whitefoot-chain,head-buckets,word8,64,32,64,churn,1,1,102,32768,32768,1048576,5884000,9296874036845416241,7995702684288656807,12244221203303174045
rejected-direct-field-discriminator,candidate,whitefoot-flat,physical-slots,word8,64,32,64,churn,1,1,102,32768,32768,1048576,9545000,9296874036845416241,7995702684288656807,12244221203303174045
rejected-direct-field-discriminator,candidate,cpp-unordered-map,chaining-buckets,word8,64,32,64,churn,1,1,102,32768,32768,1048576,30680000,9296874036845416241,7995702684288656807,12244221203303174045
rejected-direct-field-discriminator,candidate,whitefoot-chain,head-buckets,word8,64,32,64,churn,1,2,103,32768,32768,1048576,5686000,12903157730705904877,11373434725935837862,15648614559169679663
rejected-direct-field-discriminator,candidate,whitefoot-flat,physical-slots,word8,64,32,64,churn,1,2,103,32768,32768,1048576,8136000,12903157730705904877,11373434725935837862,15648614559169679663
rejected-direct-field-discriminator,candidate,cpp-unordered-map,chaining-buckets,word8,64,32,64,churn,1,2,103,32768,32768,1048576,29510000,12903157730705904877,11373434725935837862,15648614559169679663
rejected-direct-field-discriminator,candidate,rust-hash-map,usable-entries,word8,64,32,56,churn,1,2,103,32768,32768,1048576,17298000,12903157730705904877,11373434725935837862,15648614559169679663
rejected-direct-field-discriminator,candidate,whitefoot-flat,physical-slots,word8,64,32,64,churn,1,3,104,32768,32768,1048576,9109000,4253743068328656138,9676260734854056746,2848619765991137053
rejected-direct-field-discriminator,candidate,cpp-unordered-map,chaining-buckets,word8,64,32,64,churn,1,3,104,32768,32768,1048576,28962000,4253743068328656138,9676260734854056746,2848619765991137053
rejected-direct-field-discriminator,candidate,rust-hash-map,usable-entries,word8,64,32,56,churn,1,3,104,32768,32768,1048576,16219000,4253743068328656138,9676260734854056746,2848619765991137053
rejected-direct-field-discriminator,candidate,whitefoot-chain,head-buckets,word8,64,32,64,churn,1,3,104,32768,32768,1048576,6029000,4253743068328656138,9676260734854056746,2848619765991137053
rejected-direct-field-discriminator,candidate,cpp-unordered-map,chaining-buckets,word8,64,32,64,churn,1,4,105,32768,32768,1048576,28920000,628659943078117645,3308030074824571516,10059556291468621031
rejected-direct-field-discriminator,candidate,rust-hash-map,usable-entries,word8,64,32,56,churn,1,4,105,32768,32768,1048576,17420000,628659943078117645,3308030074824571516,10059556291468621031
rejected-direct-field-discriminator,candidate,whitefoot-chain,head-buckets,word8,64,32,64,churn,1,4,105,32768,32768,1048576,5349000,628659943078117645,3308030074824571516,10059556291468621031
rejected-direct-field-discriminator,candidate,whitefoot-flat,physical-slots,word8,64,32,64,churn,1,4,105,32768,32768,1048576,7791000,628659943078117645,3308030074824571516,10059556291468621031
rejected-direct-field-discriminator,candidate,rust-hash-map,usable-entries,word8,64,32,56,churn,1,5,106,32768,32768,1048576,16976000,2475384722324267649,5209183629775218254,900397986388891109
rejected-direct-field-discriminator,candidate,whitefoot-chain,head-buckets,word8,64,32,64,churn,1,5,106,32768,32768,1048576,6634000,2475384722324267649,5209183629775218254,900397986388891109
rejected-direct-field-discriminator,candidate,whitefoot-flat,physical-slots,word8,64,32,64,churn,1,5,106,32768,32768,1048576,9343000,2475384722324267649,5209183629775218254,900397986388891109
rejected-direct-field-discriminator,candidate,cpp-unordered-map,chaining-buckets,word8,64,32,64,churn,1,5,106,32768,32768,1048576,27899000,2475384722324267649,5209183629775218254,900397986388891109
rejected-direct-field-discriminator,candidate,whitefoot-chain,head-buckets,word8,64,32,64,churn,1,6,107,32768,32768,1048576,5421000,2402000015043713974,14798175020615415202,10515582106697849762
rejected-direct-field-discriminator,candidate,whitefoot-flat,physical-slots,word8,64,32,64,churn,1,6,107,32768,32768,1048576,8007000,2402000015043713974,14798175020615415202,10515582106697849762
rejected-direct-field-discriminator,candidate,cpp-unordered-map,chaining-buckets,word8,64,32,64,churn,1,6,107,32768,32768,1048576,28927000,2402000015043713974,14798175020615415202,10515582106697849762
rejected-direct-field-discriminator,candidate,rust-hash-map,usable-entries,word8,64,32,56,churn,1,6,107,32768,32768,1048576,17029000,2402000015043713974,14798175020615415202,10515582106697849762
rejected-direct-field-discriminator,candidate,whitefoot-flat,physical-slots,word8,64,32,64,churn,1,7,108,32768,32768,1048576,9100000,5723748881526033307,4417241696690132572,4713894674198377865
rejected-direct-field-discriminator,candidate,cpp-unordered-map,chaining-buckets,word8,64,32,64,churn,1,7,108,32768,32768,1048576,28350000,5723748881526033307,4417241696690132572,4713894674198377865
rejected-direct-field-discriminator,candidate,rust-hash-map,usable-entries,word8,64,32,56,churn,1,7,108,32768,32768,1048576,17413000,5723748881526033307,4417241696690132572,4713894674198377865
rejected-direct-field-discriminator,candidate,whitefoot-chain,head-buckets,word8,64,32,64,churn,1,7,108,32768,32768,1048576,5735000,5723748881526033307,4417241696690132572,4713894674198377865
rejected-direct-field-discriminator,candidate,cpp-unordered-map,chaining-buckets,word8,64,32,64,churn,1,8,109,32768,32768,1048576,30407000,2256372710712324380,144157231638344912,5599822130869204459
rejected-direct-field-discriminator,candidate,rust-hash-map,usable-entries,word8,64,32,56,churn,1,8,109,32768,32768,1048576,17800000,2256372710712324380,144157231638344912,5599822130869204459
rejected-direct-field-discriminator,candidate,whitefoot-chain,head-buckets,word8,64,32,64,churn,1,8,109,32768,32768,1048576,5341000,2256372710712324380,144157231638344912,5599822130869204459
rejected-direct-field-discriminator,candidate,whitefoot-flat,physical-slots,word8,64,32,64,churn,1,8,109,32768,32768,1048576,8325000,2256372710712324380,144157231638344912,5599822130869204459
rejected-direct-field-discriminator,candidate,cpp-unordered-map,chaining-buckets,wide256,4096,2048,4096,replace,1,0,101,512,512,1048576,26047000,2075292407092999172,12892485500574870081,14000432475348375067
rejected-direct-field-discriminator,candidate,rust-hash-map,usable-entries,wide256,4096,2048,3584,replace,1,0,101,512,512,1048576,29346000,2075292407092999172,12892485500574870081,14000432475348375067
rejected-direct-field-discriminator,candidate,whitefoot-chain,head-buckets,wide256,4096,2048,4096,replace,1,0,101,512,512,1048576,36378000,2075292407092999172,12892485500574870081,14000432475348375067
rejected-direct-field-discriminator,candidate,whitefoot-flat,physical-slots,wide256,4096,2048,4096,replace,1,0,101,512,512,1048576,33456000,2075292407092999172,12892485500574870081,14000432475348375067
rejected-direct-field-discriminator,candidate,rust-hash-map,usable-entries,wide256,4096,2048,3584,replace,1,1,102,512,512,1048576,28568000,15016135266304332727,6558794978756541917,6114081484065616256
rejected-direct-field-discriminator,candidate,whitefoot-chain,head-buckets,wide256,4096,2048,4096,replace,1,1,102,512,512,1048576,35708000,15016135266304332727,6558794978756541917,6114081484065616256
rejected-direct-field-discriminator,candidate,whitefoot-flat,physical-slots,wide256,4096,2048,4096,replace,1,1,102,512,512,1048576,32392000,15016135266304332727,6558794978756541917,6114081484065616256
rejected-direct-field-discriminator,candidate,cpp-unordered-map,chaining-buckets,wide256,4096,2048,4096,replace,1,1,102,512,512,1048576,25401000,15016135266304332727,6558794978756541917,6114081484065616256
rejected-direct-field-discriminator,candidate,whitefoot-chain,head-buckets,wide256,4096,2048,4096,replace,1,2,103,512,512,1048576,35784000,13111167608270029513,5953993967926708049,17365355996308864561
rejected-direct-field-discriminator,candidate,whitefoot-flat,physical-slots,wide256,4096,2048,4096,replace,1,2,103,512,512,1048576,32679000,13111167608270029513,5953993967926708049,17365355996308864561
rejected-direct-field-discriminator,candidate,cpp-unordered-map,chaining-buckets,wide256,4096,2048,4096,replace,1,2,103,512,512,1048576,24762000,13111167608270029513,5953993967926708049,17365355996308864561
rejected-direct-field-discriminator,candidate,rust-hash-map,usable-entries,wide256,4096,2048,3584,replace,1,2,103,512,512,1048576,28288000,13111167608270029513,5953993967926708049,17365355996308864561
rejected-direct-field-discriminator,candidate,whitefoot-flat,physical-slots,wide256,4096,2048,4096,replace,1,3,104,512,512,1048576,32353000,12269217098477494046,13830605729479137478,10986041400113567925
rejected-direct-field-discriminator,candidate,cpp-unordered-map,chaining-buckets,wide256,4096,2048,4096,replace,1,3,104,512,512,1048576,25530000,12269217098477494046,13830605729479137478,10986041400113567925
rejected-direct-field-discriminator,candidate,rust-hash-map,usable-entries,wide256,4096,2048,3584,replace,1,3,104,512,512,1048576,28706000,12269217098477494046,13830605729479137478,10986041400113567925
rejected-direct-field-discriminator,candidate,whitefoot-chain,head-buckets,wide256,4096,2048,4096,replace,1,3,104,512,512,1048576,35935000,12269217098477494046,13830605729479137478,10986041400113567925
rejected-direct-field-discriminator,candidate,cpp-unordered-map,chaining-buckets,wide256,4096,2048,4096,replace,1,4,105,512,512,1048576,25491000,8558675102460689755,4209192350472890587,9072634033921710457
rejected-direct-field-discriminator,candidate,rust-hash-map,usable-entries,wide256,4096,2048,3584,replace,1,4,105,512,512,1048576,28902000,8558675102460689755,4209192350472890587,9072634033921710457
rejected-direct-field-discriminator,candidate,whitefoot-chain,head-buckets,wide256,4096,2048,4096,replace,1,4,105,512,512,1048576,36266000,8558675102460689755,4209192350472890587,9072634033921710457
rejected-direct-field-discriminator,candidate,whitefoot-flat,physical-slots,wide256,4096,2048,4096,replace,1,4,105,512,512,1048576,32660000,8558675102460689755,4209192350472890587,9072634033921710457
rejected-direct-field-discriminator,candidate,rust-hash-map,usable-entries,wide256,4096,2048,3584,replace,1,5,106,512,512,1048576,31466000,1015220568023613307,833403251416686189,1227787846763681594
rejected-direct-field-discriminator,candidate,whitefoot-chain,head-buckets,wide256,4096,2048,4096,replace,1,5,106,512,512,1048576,35590000,1015220568023613307,833403251416686189,1227787846763681594
rejected-direct-field-discriminator,candidate,whitefoot-flat,physical-slots,wide256,4096,2048,4096,replace,1,5,106,512,512,1048576,32368000,1015220568023613307,833403251416686189,1227787846763681594
rejected-direct-field-discriminator,candidate,cpp-unordered-map,chaining-buckets,wide256,4096,2048,4096,replace,1,5,106,512,512,1048576,25426000,1015220568023613307,833403251416686189,1227787846763681594
rejected-direct-field-discriminator,candidate,whitefoot-chain,head-buckets,wide256,4096,2048,4096,replace,1,6,107,512,512,1048576,35510000,12194700616496320316,3766264394704203104,10472553841192511759
rejected-direct-field-discriminator,candidate,whitefoot-flat,physical-slots,wide256,4096,2048,4096,replace,1,6,107,512,512,1048576,32896000,12194700616496320316,3766264394704203104,10472553841192511759
rejected-direct-field-discriminator,candidate,cpp-unordered-map,chaining-buckets,wide256,4096,2048,4096,replace,1,6,107,512,512,1048576,24657000,12194700616496320316,3766264394704203104,10472553841192511759
rejected-direct-field-discriminator,candidate,rust-hash-map,usable-entries,wide256,4096,2048,3584,replace,1,6,107,512,512,1048576,29257000,12194700616496320316,3766264394704203104,10472553841192511759
rejected-direct-field-discriminator,candidate,whitefoot-flat,physical-slots,wide256,4096,2048,4096,replace,1,7,108,512,512,1048576,32331000,15102489409772330042,2454500479893543789,8088679192759448843
rejected-direct-field-discriminator,candidate,cpp-unordered-map,chaining-buckets,wide256,4096,2048,4096,replace,1,7,108,512,512,1048576,25618000,15102489409772330042,2454500479893543789,8088679192759448843
rejected-direct-field-discriminator,candidate,rust-hash-map,usable-entries,wide256,4096,2048,3584,replace,1,7,108,512,512,1048576,28915000,15102489409772330042,2454500479893543789,8088679192759448843
rejected-direct-field-discriminator,candidate,whitefoot-chain,head-buckets,wide256,4096,2048,4096,replace,1,7,108,512,512,1048576,35252000,15102489409772330042,2454500479893543789,8088679192759448843
rejected-direct-field-discriminator,candidate,cpp-unordered-map,chaining-buckets,wide256,4096,2048,4096,replace,1,8,109,512,512,1048576,25569000,3775378562665119119,4904183427984515141,6396831191577749462
rejected-direct-field-discriminator,candidate,rust-hash-map,usable-entries,wide256,4096,2048,3584,replace,1,8,109,512,512,1048576,28311000,3775378562665119119,4904183427984515141,6396831191577749462
rejected-direct-field-discriminator,candidate,whitefoot-chain,head-buckets,wide256,4096,2048,4096,replace,1,8,109,512,512,1048576,35320000,3775378562665119119,4904183427984515141,6396831191577749462
rejected-direct-field-discriminator,candidate,whitefoot-flat,physical-slots,wide256,4096,2048,4096,replace,1,8,109,512,512,1048576,32773000,3775378562665119119,4904183427984515141,6396831191577749462
rejected-direct-field-discriminator,candidate,cpp-unordered-map,chaining-buckets,wide256,4096,2048,4096,churn,1,0,101,512,512,1048576,62898000,3733185538357415121,12892485500574870081,14000432475348375067
rejected-direct-field-discriminator,candidate,rust-hash-map,usable-entries,wide256,4096,2048,3584,churn,1,0,101,512,512,1048576,33300000,3733185538357415121,12892485500574870081,14000432475348375067
rejected-direct-field-discriminator,candidate,whitefoot-chain,head-buckets,wide256,4096,2048,4096,churn,1,0,101,512,512,1048576,50574000,3733185538357415121,12892485500574870081,14000432475348375067
rejected-direct-field-discriminator,candidate,whitefoot-flat,physical-slots,wide256,4096,2048,4096,churn,1,0,101,512,512,1048576,51417000,3733185538357415121,12892485500574870081,14000432475348375067
rejected-direct-field-discriminator,candidate,rust-hash-map,usable-entries,wide256,4096,2048,3584,churn,1,1,102,512,512,1048576,34175000,3586090662414033173,6558794978756541917,6114081484065616256
rejected-direct-field-discriminator,candidate,whitefoot-chain,head-buckets,wide256,4096,2048,4096,churn,1,1,102,512,512,1048576,51974000,3586090662414033173,6558794978756541917,6114081484065616256
rejected-direct-field-discriminator,candidate,whitefoot-flat,physical-slots,wide256,4096,2048,4096,churn,1,1,102,512,512,1048576,49320000,3586090662414033173,6558794978756541917,6114081484065616256
rejected-direct-field-discriminator,candidate,cpp-unordered-map,chaining-buckets,wide256,4096,2048,4096,churn,1,1,102,512,512,1048576,64878000,3586090662414033173,6558794978756541917,6114081484065616256
rejected-direct-field-discriminator,candidate,whitefoot-chain,head-buckets,wide256,4096,2048,4096,churn,1,2,103,512,512,1048576,49698000,11765639576573538766,5953993967926708049,17365355996308864561
rejected-direct-field-discriminator,candidate,whitefoot-flat,physical-slots,wide256,4096,2048,4096,churn,1,2,103,512,512,1048576,49822000,11765639576573538766,5953993967926708049,17365355996308864561
rejected-direct-field-discriminator,candidate,cpp-unordered-map,chaining-buckets,wide256,4096,2048,4096,churn,1,2,103,512,512,1048576,61319000,11765639576573538766,5953993967926708049,17365355996308864561
rejected-direct-field-discriminator,candidate,rust-hash-map,usable-entries,wide256,4096,2048,3584,churn,1,2,103,512,512,1048576,33189000,11765639576573538766,5953993967926708049,17365355996308864561
rejected-direct-field-discriminator,candidate,whitefoot-flat,physical-slots,wide256,4096,2048,4096,churn,1,3,104,512,512,1048576,48958000,4848601812476263582,13830605729479137478,10986041400113567925
rejected-direct-field-discriminator,candidate,cpp-unordered-map,chaining-buckets,wide256,4096,2048,4096,churn,1,3,104,512,512,1048576,62715000,4848601812476263582,13830605729479137478,10986041400113567925
rejected-direct-field-discriminator,candidate,rust-hash-map,usable-entries,wide256,4096,2048,3584,churn,1,3,104,512,512,1048576,33365000,4848601812476263582,13830605729479137478,10986041400113567925
rejected-direct-field-discriminator,candidate,whitefoot-chain,head-buckets,wide256,4096,2048,4096,churn,1,3,104,512,512,1048576,50184000,4848601812476263582,13830605729479137478,10986041400113567925
rejected-direct-field-discriminator,candidate,cpp-unordered-map,chaining-buckets,wide256,4096,2048,4096,churn,1,4,105,512,512,1048576,63531000,1631485328074789459,4209192350472890587,9072634033921710457
rejected-direct-field-discriminator,candidate,rust-hash-map,usable-entries,wide256,4096,2048,3584,churn,1,4,105,512,512,1048576,33211000,1631485328074789459,4209192350472890587,9072634033921710457
rejected-direct-field-discriminator,candidate,whitefoot-chain,head-buckets,wide256,4096,2048,4096,churn,1,4,105,512,512,1048576,51221000,1631485328074789459,4209192350472890587,9072634033921710457
rejected-direct-field-discriminator,candidate,whitefoot-flat,physical-slots,wide256,4096,2048,4096,churn,1,4,105,512,512,1048576,50071000,1631485328074789459,4209192350472890587,9072634033921710457
rejected-direct-field-discriminator,candidate,rust-hash-map,usable-entries,wide256,4096,2048,3584,churn,1,5,106,512,512,1048576,33207000,11582209390180129761,833403251416686189,1227787846763681594
rejected-direct-field-discriminator,candidate,whitefoot-chain,head-buckets,wide256,4096,2048,4096,churn,1,5,106,512,512,1048576,50119000,11582209390180129761,833403251416686189,1227787846763681594
rejected-direct-field-discriminator,candidate,whitefoot-flat,physical-slots,wide256,4096,2048,4096,churn,1,5,106,512,512,1048576,51634000,11582209390180129761,833403251416686189,1227787846763681594
rejected-direct-field-discriminator,candidate,cpp-unordered-map,chaining-buckets,wide256,4096,2048,4096,churn,1,5,106,512,512,1048576,63161000,11582209390180129761,833403251416686189,1227787846763681594
rejected-direct-field-discriminator,candidate,whitefoot-chain,head-buckets,wide256,4096,2048,4096,churn,1,6,107,512,512,1048576,49389000,12490145925984139089,3766264394704203104,10472553841192511759
rejected-direct-field-discriminator,candidate,whitefoot-flat,physical-slots,wide256,4096,2048,4096,churn,1,6,107,512,512,1048576,48449000,12490145925984139089,3766264394704203104,10472553841192511759
rejected-direct-field-discriminator,candidate,cpp-unordered-map,chaining-buckets,wide256,4096,2048,4096,churn,1,6,107,512,512,1048576,62959000,12490145925984139089,3766264394704203104,10472553841192511759
rejected-direct-field-discriminator,candidate,rust-hash-map,usable-entries,wide256,4096,2048,3584,churn,1,6,107,512,512,1048576,32765000,12490145925984139089,3766264394704203104,10472553841192511759
rejected-direct-field-discriminator,candidate,whitefoot-flat,physical-slots,wide256,4096,2048,4096,churn,1,7,108,512,512,1048576,50547000,8993427988989229243,2454500479893543789,8088679192759448843
rejected-direct-field-discriminator,candidate,cpp-unordered-map,chaining-buckets,wide256,4096,2048,4096,churn,1,7,108,512,512,1048576,63034000,8993427988989229243,2454500479893543789,8088679192759448843
rejected-direct-field-discriminator,candidate,rust-hash-map,usable-entries,wide256,4096,2048,3584,churn,1,7,108,512,512,1048576,32779000,8993427988989229243,2454500479893543789,8088679192759448843
rejected-direct-field-discriminator,candidate,whitefoot-chain,head-buckets,wide256,4096,2048,4096,churn,1,7,108,512,512,1048576,50299000,8993427988989229243,2454500479893543789,8088679192759448843
rejected-direct-field-discriminator,candidate,cpp-unordered-map,chaining-buckets,wide256,4096,2048,4096,churn,1,8,109,512,512,1048576,62093000,8409122420295524922,4904183427984515141,6396831191577749462
rejected-direct-field-discriminator,candidate,rust-hash-map,usable-entries,wide256,4096,2048,3584,churn,1,8,109,512,512,1048576,33513000,8409122420295524922,4904183427984515141,6396831191577749462
rejected-direct-field-discriminator,candidate,whitefoot-chain,head-buckets,wide256,4096,2048,4096,churn,1,8,109,512,512,1048576,49516000,8409122420295524922,4904183427984515141,6396831191577749462
rejected-direct-field-discriminator,candidate,whitefoot-flat,physical-slots,wide256,4096,2048,4096,churn,1,8,109,512,512,1048576,50232000,8409122420295524922,4904183427984515141,6396831191577749462
rejected-direct-field-discriminator,candidate,cpp-unordered-map,chaining-buckets,wide256,64,32,64,replace,1,0,101,32768,32768,1048576,19854000,3780980432890818720,12077982526663781769,11044626966882154137
rejected-direct-field-discriminator,candidate,rust-hash-map,usable-entries,wide256,64,32,56,replace,1,0,101,32768,32768,1048576,23301000,3780980432890818720,12077982526663781769,11044626966882154137
rejected-direct-field-discriminator,candidate,whitefoot-chain,head-buckets,wide256,64,32,64,replace,1,0,101,32768,32768,1048576,34664000,3780980432890818720,12077982526663781769,11044626966882154137
rejected-direct-field-discriminator,candidate,whitefoot-flat,physical-slots,wide256,64,32,64,replace,1,0,101,32768,32768,1048576,29381000,3780980432890818720,12077982526663781769,11044626966882154137
rejected-direct-field-discriminator,candidate,rust-hash-map,usable-entries,wide256,64,32,56,replace,1,1,102,32768,32768,1048576,23434000,9155012714890369401,7995702684288656807,13271203342924839154
rejected-direct-field-discriminator,candidate,whitefoot-chain,head-buckets,wide256,64,32,64,replace,1,1,102,32768,32768,1048576,33964000,9155012714890369401,7995702684288656807,13271203342924839154
rejected-direct-field-discriminator,candidate,whitefoot-flat,physical-slots,wide256,64,32,64,replace,1,1,102,32768,32768,1048576,28827000,9155012714890369401,7995702684288656807,13271203342924839154
rejected-direct-field-discriminator,candidate,cpp-unordered-map,chaining-buckets,wide256,64,32,64,replace,1,1,102,32768,32768,1048576,19755000,9155012714890369401,7995702684288656807,13271203342924839154
rejected-direct-field-discriminator,candidate,whitefoot-chain,head-buckets,wide256,64,32,64,replace,1,2,103,32768,32768,1048576,33539000,7966748677558471718,11373434725935837862,10301316140389128545
rejected-direct-field-discriminator,candidate,whitefoot-flat,physical-slots,wide256,64,32,64,replace,1,2,103,32768,32768,1048576,29230000,7966748677558471718,11373434725935837862,10301316140389128545
rejected-direct-field-discriminator,candidate,cpp-unordered-map,chaining-buckets,wide256,64,32,64,replace,1,2,103,32768,32768,1048576,19864000,7966748677558471718,11373434725935837862,10301316140389128545
rejected-direct-field-discriminator,candidate,rust-hash-map,usable-entries,wide256,64,32,56,replace,1,2,103,32768,32768,1048576,22996000,7966748677558471718,11373434725935837862,10301316140389128545
rejected-direct-field-discriminator,candidate,whitefoot-flat,physical-slots,wide256,64,32,64,replace,1,3,104,32768,32768,1048576,28844000,604199612727605340,9676260734854056746,5530695440243242490
rejected-direct-field-discriminator,candidate,cpp-unordered-map,chaining-buckets,wide256,64,32,64,replace,1,3,104,32768,32768,1048576,19766000,604199612727605340,9676260734854056746,5530695440243242490
rejected-direct-field-discriminator,candidate,rust-hash-map,usable-entries,wide256,64,32,56,replace,1,3,104,32768,32768,1048576,24084000,604199612727605340,9676260734854056746,5530695440243242490
rejected-direct-field-discriminator,candidate,whitefoot-chain,head-buckets,wide256,64,32,64,replace,1,3,104,32768,32768,1048576,34435000,604199612727605340,9676260734854056746,5530695440243242490
rejected-direct-field-discriminator,candidate,cpp-unordered-map,chaining-buckets,wide256,64,32,64,replace,1,4,105,32768,32768,1048576,20329000,1616134074880064606,3308030074824571516,704020370171199482
rejected-direct-field-discriminator,candidate,rust-hash-map,usable-entries,wide256,64,32,56,replace,1,4,105,32768,32768,1048576,23592000,1616134074880064606,3308030074824571516,704020370171199482
rejected-direct-field-discriminator,candidate,whitefoot-chain,head-buckets,wide256,64,32,64,replace,1,4,105,32768,32768,1048576,34415000,1616134074880064606,3308030074824571516,704020370171199482
rejected-direct-field-discriminator,candidate,whitefoot-flat,physical-slots,wide256,64,32,64,replace,1,4,105,32768,32768,1048576,28930000,1616134074880064606,3308030074824571516,704020370171199482
rejected-direct-field-discriminator,candidate,rust-hash-map,usable-entries,wide256,64,32,56,replace,1,5,106,32768,32768,1048576,24608000,12038047902605871988,5209183629775218254,4761421479010371445
rejected-direct-field-discriminator,candidate,whitefoot-chain,head-buckets,wide256,64,32,64,replace,1,5,106,32768,32768,1048576,35091000,12038047902605871988,5209183629775218254,4761421479010371445
rejected-direct-field-discriminator,candidate,whitefoot-flat,physical-slots,wide256,64,32,64,replace,1,5,106,32768,32768,1048576,29234000,12038047902605871988,5209183629775218254,4761421479010371445
rejected-direct-field-discriminator,candidate,cpp-unordered-map,chaining-buckets,wide256,64,32,64,replace,1,5,106,32768,32768,1048576,19791000,12038047902605871988,5209183629775218254,4761421479010371445
rejected-direct-field-discriminator,candidate,whitefoot-chain,head-buckets,wide256,64,32,64,replace,1,6,107,32768,32768,1048576,34267000,4190916600001790122,14798175020615415202,14370455518956635646
rejected-direct-field-discriminator,candidate,whitefoot-flat,physical-slots,wide256,64,32,64,replace,1,6,107,32768,32768,1048576,28869000,4190916600001790122,14798175020615415202,14370455518956635646
rejected-direct-field-discriminator,candidate,cpp-unordered-map,chaining-buckets,wide256,64,32,64,replace,1,6,107,32768,32768,1048576,20381000,4190916600001790122,14798175020615415202,14370455518956635646
rejected-direct-field-discriminator,candidate,rust-hash-map,usable-entries,wide256,64,32,56,replace,1,6,107,32768,32768,1048576,23780000,4190916600001790122,14798175020615415202,14370455518956635646
rejected-direct-field-discriminator,candidate,whitefoot-flat,physical-slots,wide256,64,32,64,replace,1,7,108,32768,32768,1048576,29256000,17489706095589245015,4417241696690132572,17119788813254958275
rejected-direct-field-discriminator,candidate,cpp-unordered-map,chaining-buckets,wide256,64,32,64,replace,1,7,108,32768,32768,1048576,19740000,17489706095589245015,4417241696690132572,17119788813254958275
rejected-direct-field-discriminator,candidate,rust-hash-map,usable-entries,wide256,64,32,56,replace,1,7,108,32768,32768,1048576,23568000,17489706095589245015,4417241696690132572,17119788813254958275
rejected-direct-field-discriminator,candidate,whitefoot-chain,head-buckets,wide256,64,32,64,replace,1,7,108,32768,32768,1048576,34813000,17489706095589245015,4417241696690132572,17119788813254958275
rejected-direct-field-discriminator,candidate,cpp-unordered-map,chaining-buckets,wide256,64,32,64,replace,1,8,109,32768,32768,1048576,21053000,15345665397381154913,144157231638344912,4092201381492415276
rejected-direct-field-discriminator,candidate,rust-hash-map,usable-entries,wide256,64,32,56,replace,1,8,109,32768,32768,1048576,23020000,15345665397381154913,144157231638344912,4092201381492415276
rejected-direct-field-discriminator,candidate,whitefoot-chain,head-buckets,wide256,64,32,64,replace,1,8,109,32768,32768,1048576,33494000,15345665397381154913,144157231638344912,4092201381492415276
rejected-direct-field-discriminator,candidate,whitefoot-flat,physical-slots,wide256,64,32,64,replace,1,8,109,32768,32768,1048576,28688000,15345665397381154913,144157231638344912,4092201381492415276
rejected-direct-field-discriminator,candidate,cpp-unordered-map,chaining-buckets,wide256,64,32,64,churn,1,0,101,32768,32768,1048576,51775000,10226348043398880542,12077982526663781769,11044626966882154137
rejected-direct-field-discriminator,candidate,rust-hash-map,usable-entries,wide256,64,32,56,churn,1,0,101,32768,32768,1048576,28861000,10226348043398880542,12077982526663781769,11044626966882154137
rejected-direct-field-discriminator,candidate,whitefoot-chain,head-buckets,wide256,64,32,64,churn,1,0,101,32768,32768,1048576,42761000,10226348043398880542,12077982526663781769,11044626966882154137
rejected-direct-field-discriminator,candidate,whitefoot-flat,physical-slots,wide256,64,32,64,churn,1,0,101,32768,32768,1048576,37684000,10226348043398880542,12077982526663781769,11044626966882154137
rejected-direct-field-discriminator,candidate,rust-hash-map,usable-entries,wide256,64,32,56,churn,1,1,102,32768,32768,1048576,28465000,12303747803428189049,7995702684288656807,13271203342924839154
rejected-direct-field-discriminator,candidate,whitefoot-chain,head-buckets,wide256,64,32,64,churn,1,1,102,32768,32768,1048576,42787000,12303747803428189049,7995702684288656807,13271203342924839154
rejected-direct-field-discriminator,candidate,whitefoot-flat,physical-slots,wide256,64,32,64,churn,1,1,102,32768,32768,1048576,39798000,12303747803428189049,7995702684288656807,13271203342924839154
rejected-direct-field-discriminator,candidate,cpp-unordered-map,chaining-buckets,wide256,64,32,64,churn,1,1,102,32768,32768,1048576,52079000,12303747803428189049,7995702684288656807,13271203342924839154
rejected-direct-field-discriminator,candidate,whitefoot-chain,head-buckets,wide256,64,32,64,churn,1,2,103,32768,32768,1048576,42631000,11700360037907166720,11373434725935837862,10301316140389128545
rejected-direct-field-discriminator,candidate,whitefoot-flat,physical-slots,wide256,64,32,64,churn,1,2,103,32768,32768,1048576,37558000,11700360037907166720,11373434725935837862,10301316140389128545
rejected-direct-field-discriminator,candidate,cpp-unordered-map,chaining-buckets,wide256,64,32,64,churn,1,2,103,32768,32768,1048576,51528000,11700360037907166720,11373434725935837862,10301316140389128545
rejected-direct-field-discriminator,candidate,rust-hash-map,usable-entries,wide256,64,32,56,churn,1,2,103,32768,32768,1048576,28163000,11700360037907166720,11373434725935837862,10301316140389128545
rejected-direct-field-discriminator,candidate,whitefoot-flat,physical-slots,wide256,64,32,64,churn,1,3,104,32768,32768,1048576,39560000,947460494304570851,9676260734854056746,5530695440243242490
rejected-direct-field-discriminator,candidate,cpp-unordered-map,chaining-buckets,wide256,64,32,64,churn,1,3,104,32768,32768,1048576,52840000,947460494304570851,9676260734854056746,5530695440243242490
rejected-direct-field-discriminator,candidate,rust-hash-map,usable-entries,wide256,64,32,56,churn,1,3,104,32768,32768,1048576,28513000,947460494304570851,9676260734854056746,5530695440243242490
rejected-direct-field-discriminator,candidate,whitefoot-chain,head-buckets,wide256,64,32,64,churn,1,3,104,32768,32768,1048576,42962000,947460494304570851,9676260734854056746,5530695440243242490
rejected-direct-field-discriminator,candidate,cpp-unordered-map,chaining-buckets,wide256,64,32,64,churn,1,4,105,32768,32768,1048576,51763000,6593924960691878977,3308030074824571516,704020370171199482
rejected-direct-field-discriminator,candidate,rust-hash-map,usable-entries,wide256,64,32,56,churn,1,4,105,32768,32768,1048576,28258000,6593924960691878977,3308030074824571516,704020370171199482
rejected-direct-field-discriminator,candidate,whitefoot-chain,head-buckets,wide256,64,32,64,churn,1,4,105,32768,32768,1048576,42715000,6593924960691878977,3308030074824571516,704020370171199482
rejected-direct-field-discriminator,candidate,whitefoot-flat,physical-slots,wide256,64,32,64,churn,1,4,105,32768,32768,1048576,37996000,6593924960691878977,3308030074824571516,704020370171199482
rejected-direct-field-discriminator,candidate,rust-hash-map,usable-entries,wide256,64,32,56,churn,1,5,106,32768,32768,1048576,28498000,4908526729440067003,5209183629775218254,4761421479010371445
rejected-direct-field-discriminator,candidate,whitefoot-chain,head-buckets,wide256,64,32,64,churn,1,5,106,32768,32768,1048576,43018000,4908526729440067003,5209183629775218254,4761421479010371445
rejected-direct-field-discriminator,candidate,whitefoot-flat,physical-slots,wide256,64,32,64,churn,1,5,106,32768,32768,1048576,39480000,4908526729440067003,5209183629775218254,4761421479010371445
rejected-direct-field-discriminator,candidate,cpp-unordered-map,chaining-buckets,wide256,64,32,64,churn,1,5,106,32768,32768,1048576,50559000,4908526729440067003,5209183629775218254,4761421479010371445
rejected-direct-field-discriminator,candidate,whitefoot-chain,head-buckets,wide256,64,32,64,churn,1,6,107,32768,32768,1048576,43999000,3387322086436567767,14798175020615415202,14370455518956635646
rejected-direct-field-discriminator,candidate,whitefoot-flat,physical-slots,wide256,64,32,64,churn,1,6,107,32768,32768,1048576,39378000,3387322086436567767,14798175020615415202,14370455518956635646
rejected-direct-field-discriminator,candidate,cpp-unordered-map,chaining-buckets,wide256,64,32,64,churn,1,6,107,32768,32768,1048576,52148000,3387322086436567767,14798175020615415202,14370455518956635646
rejected-direct-field-discriminator,candidate,rust-hash-map,usable-entries,wide256,64,32,56,churn,1,6,107,32768,32768,1048576,28826000,3387322086436567767,14798175020615415202,14370455518956635646
rejected-direct-field-discriminator,candidate,whitefoot-flat,physical-slots,wide256,64,32,64,churn,1,7,108,32768,32768,1048576,39711000,2286297560001194550,4417241696690132572,17119788813254958275
rejected-direct-field-discriminator,candidate,cpp-unordered-map,chaining-buckets,wide256,64,32,64,churn,1,7,108,32768,32768,1048576,51003000,2286297560001194550,4417241696690132572,17119788813254958275
rejected-direct-field-discriminator,candidate,rust-hash-map,usable-entries,wide256,64,32,56,churn,1,7,108,32768,32768,1048576,29627000,2286297560001194550,4417241696690132572,17119788813254958275
rejected-direct-field-discriminator,candidate,whitefoot-chain,head-buckets,wide256,64,32,64,churn,1,7,108,32768,32768,1048576,42784000,2286297560001194550,4417241696690132572,17119788813254958275
rejected-direct-field-discriminator,candidate,cpp-unordered-map,chaining-buckets,wide256,64,32,64,churn,1,8,109,32768,32768,1048576,53074000,5230074108420963114,144157231638344912,4092201381492415276
rejected-direct-field-discriminator,candidate,rust-hash-map,usable-entries,wide256,64,32,56,churn,1,8,109,32768,32768,1048576,28168000,5230074108420963114,144157231638344912,4092201381492415276
rejected-direct-field-discriminator,candidate,whitefoot-chain,head-buckets,wide256,64,32,64,churn,1,8,109,32768,32768,1048576,42619000,5230074108420963114,144157231638344912,4092201381492415276
rejected-direct-field-discriminator,candidate,whitefoot-flat,physical-slots,wide256,64,32,64,churn,1,8,109,32768,32768,1048576,37579000,5230074108420963114,144157231638344912,4092201381492415276
