id	repo	file	line	fn	class	measure	exits	needs	conf	note
1	SG	renderer/html/tree_builder/adoption.wf	26	find_last_formatting_element	C2	idx - scan_from	idx <= scan_from; return on hit	local	high	backward scan of AFE
2	SG	renderer/html/tree_builder/adoption.wf	55	find_furthest_block	C1	len - idx	idx >= len; return on special	local	high	
3	SG	renderer/html/tree_builder/adoption.wf	81	run_any_other_end_tag_html	C2	idx	idx == 0; return on match or special	local	high	
4	SG	renderer/html/tree_builder/adoption.wf	133	adoption_agency	C1	8 - outer	outer >= 8; many early returns; propagate error	local	high	outer incremented before every continuing path; the 8-iteration cap of the adoption agency algorithm
5	SG	renderer/html/tree_builder/adoption.wf	249	adoption_reparent	C2	node_idx	node_idx == 0; node_idx == stack_idx; node_idx >= open_len; afe_i out of range	local	high	node_idx is decremented at the top of every iteration; remove_open_at/afe_remove_at inside do not affect the measure; inner counter is not needed
6	SG	renderer/html/tree_builder/afe.wf	54	clone_attrs	C1	count - i	i >= count; propagate error	local	high	
7	SG	renderer/html/tree_builder/afe.wf	74	afe_clone_attrs_at	C1	count - i	i >= count; propagate error	local	high	
8	SG	renderer/html/tree_builder/afe.wf	101	snapshot_element_attributes	C1	count - i	i >= count; propagate error	local	high	
9	SG	renderer/html/tree_builder/afe.wf	243	afe_node_eq_attrs	C1	existing_count - i	i >= existing_count; return False on mismatch	local	high	
10	SG	renderer/html/tree_builder/afe.wf	291	afe_attr_find	C1	count - i	i >= count; return on name hit	local	high	
11	SG	renderer/html/tree_builder/afe.wf	380	afe_index_of_node	C1	len - idx	idx >= len; return on hit	local	high	
12	SG	renderer/html/tree_builder/afe.wf	412	afe_last_marker_index	C2	idx	idx == 0; return on marker	local	high	
13	SG	renderer/html/tree_builder/afe.wf	449	afe_push_element	C1	len - idx	idx >= len	local	high	
14	SG	renderer/html/tree_builder/afe.wf	482	afe_clear_to_last_marker	C3	afe_len	len == 0; marker removed	afe_remove_at removes exactly one entry (remove_at)	high	cursor is the list length, re-read each iteration
15	SG	renderer/html/tree_builder/dispatch.wf	253	process_token	C7	(insertion-mode rank in the reprocess order, open-element depth / foreign-content pop count)	dispatch returns again == False (token consumed)	every again==True path moves to a strictly later mode or pops the open-element stack (initial->before html->before head->in head->after head->in body; after body/after after body->in body; in cell->in row->in table body->in table; in table text->original mode; foreign content pops out then reprocesses as HTML); acyclicity of the reprocess graph is not local	medium	no non-terminating chain found in a sample of modes (not all 24 verified); mode_caption_colgroup close step reports no-close to avoid an endless reprocess in the fragment case
16	SG	renderer/html/tree_builder/elements.wf	93	build_attributes	C1	min(end64, attrs_len) - idx	idx >= end64 or idx >= attrs_len; propagate error	local	high	
17	SG	renderer/html/tree_builder/elements.wf	227	stack_contains_html_tag	C1	len - idx	idx >= len; return on hit	local	high	
18	SG	renderer/html/tree_builder/elements.wf	263	in_body_process_html_start_tag	C1	count - i	i >= count	local	high	
19	SG	renderer/html/tree_builder/entry.wf	29	drive_tree_construction	C1	source_len - tokenizer.position	token is EndOfFile	callee-advance: every non-EOF token returned by next_token consumes >= 1 byte (tokenizer.position strictly rises) and EOF is returned once the source is exhausted; process_token never resets the position	medium	callee-advance; measure lives in the tokenizer state, and the exit is on the token kind rather than a comparison. The tree builder reprocesses via its own loop and never rewinds the tokenizer
20	SG	renderer/html/tree_builder/entry.wf	85	copy_bytes_owned	C1	len - i	i >= len; propagate error	local	high	
21	SG	renderer/html/tree_builder/foreign.wf	42	element_attr_value_is	C1	count - i	i >= count; return on name hit	local	high	
22	SG	renderer/html/tree_builder/foreign.wf	291	token_has_any_attr	C1	min(end64, attrs_len) - idx	idx >= end64 or idx >= attrs_len; return on hit; propagate error	local	high	
23	SG	renderer/html/tree_builder/foreign.wf	383	foreign_any_other_end_tag	C2	idx	idx == 0; html element reached; return on match	local	high	
24	SG	renderer/html/tree_builder/foreign.wf	497	pop_out_of_foreign_content	C3	open_len	current_entry None; html / integration-point reached	pop_open_if_any pops exactly one when len > 0	high	the guard (current_entry Some) implies len > 0
25	SG	renderer/html/tree_builder/implied.wf	37	generate_implied_end_tags	C3	open_len	current_entry None; non-html; not an implied tag	pop_open_if_any pops exactly one when len > 0	high	
26	SG	renderer/html/tree_builder/implied.wf	63	generate_implied_end_tags_except	C3	open_len	current_entry None; non-html; except match; not implied	pop_open_if_any pops exactly one when len > 0	high	
27	SG	renderer/html/tree_builder/implied.wf	93	generate_all_implied_end_tags_thoroughly	C3	open_len	current_entry None; non-html; not implied or thorough	pop_open_if_any pops exactly one when len > 0	high	
28	SG	renderer/html/tree_builder/insert.wf	114	move_all_children	C6	number of children of from_node (first_child chain of from_node)	from_node has no first child; propagate error	append_child moves the child out of from_node's child list to to_node (unlink then link) and to_node != from_node; arena child links consistent	medium	if from_node == to_node the loop would never end (unlink then relink as last child leaves first_child non-empty): callers pass a fresh node (adoption.wf:366) and node 0 vs html_node (entry.wf:194), so not reachable; refuse_cycle does not reject parent == old parent
29	SG	renderer/html/tree_builder/insert.wf	263	last_template_or_table	C2	idx	idx == 0; return on table/template	local	high	
30	SG	renderer/html/tree_builder/insert.wf	293	element_above_in_stack	C1	len - idx	idx >= len; return on match	local	high	
31	SG	renderer/html/tree_builder/insert.wf	424	insert_characters_replacing_nul	C1	len - i	i >= len; NUL found	local	high	
32	SG	renderer/html/tree_builder/insert.wf	445	insert_characters_replacing_nul	C1	len - j	j >= len; propagate error	local	high	
33	SG	renderer/html/tree_builder/insert.wf	480	insert_characters_dropping_nul	C1	len - i	i >= len; NUL found	local	high	
34	SG	renderer/html/tree_builder/insert.wf	501	insert_characters_dropping_nul	C1	len - j	j >= len; propagate error	local	high	
35	SG	renderer/html/tree_builder/insert.wf	542	insert_characters_only_ws	C1	len - j	j >= len; propagate error	local	high	
36	SG	renderer/html/tree_builder/mode_body_end.wf	183	has_any_heading_in_scope	C2	idx	idx == 0; prev >= open_len; return on heading or scope boundary	local	high	
37	SG	renderer/html/tree_builder/mode_body_end.wf	214	pop_until_any_heading	C3	open_len	open_len == 0; html heading popped	pop_open pops exactly one	high	
38	SG	renderer/html/tree_builder/mode_body_helpers.wf	60	token_attr_value_is_hidden	C1	min(end64, attrs_len) - idx	idx >= end64 or idx >= attrs_len; return on attribute hit; propagate error	local	high	
39	SG	renderer/html/tree_builder/mode_body_helpers.wf	139	in_body_li	C2	idx	idx == 0 (can_go_up false); li found; special non-address/div/p element	local	high	uses non-wrapping idx - 1 under the idx > 0 guard
40	SG	renderer/html/tree_builder/mode_body_helpers.wf	182	in_body_dd_dt	C2	idx	idx == 0 (can_go_up false); dd/dt found; special non-address/div/p element	local	high	uses non-wrapping idx - 1 under the idx > 0 guard
41	SG	renderer/html/tree_builder/mode_body_start.wf	58	in_body_start_tag	C1	count - i	i >= count	local	high	
42	SG	renderer/html/tree_builder/mode_table.wf	13	clear_stack_to_table_context	C3	open_len	current_entry None; html table/template/html reached	pop_open_if_any pops exactly one when len > 0	high	
43	SG	renderer/html/tree_builder/mode_table.wf	273	mode_in_table_text	C1	blen - i	i >= blen; propagate error	local	high	
44	SG	renderer/html/tree_builder/mode_table_body.wf	11	clear_stack_to_table_body_context	C3	open_len	current_entry None; html tbody/tfoot/thead/template/html reached	pop_open_if_any pops exactly one when len > 0	high	
45	SG	renderer/html/tree_builder/mode_table_body.wf	40	clear_stack_to_table_row_context	C3	open_len	current_entry None; html tr/template/html reached	pop_open_if_any pops exactly one when len > 0	high	
46	SG	renderer/html/tree_builder/mode_table_body.wf	398	in_cell_close	C3	open_len	open_len == 0; html td/th popped	pop_open pops exactly one	high	
47	SG	renderer/html/tree_builder/reconstruct.wf	24	reconstruct_start_index	C2	idx	idx == 0 return 0; boundary return idx	local	high	
48	SG	renderer/html/tree_builder/reconstruct.wf	83	reconstruct_active_formatting_elements	C1	afe_len - idx	idx >= afe_len (re-read each iteration); propagate error	reconstruct_one only replaces the entry at idx (set_afe_at) and never grows the AFE list, so afe_len is unchanged by the body	medium	len is re-read each iteration; a callee that pushed to the AFE list would break the bound
49	SG	renderer/html/tree_builder/reset_mode.wf	28	reset_insertion_mode	C2	idx	idx == 0 (at_top) returns; mode found returns	local	high	every non-returning path reaches set idx = idx -wrap 1 after the at_top guard
50	SG	renderer/html/tree_builder/stack.wf	109	stack_contains_node	C1	len - idx	idx >= len; return on match	local	high	
51	SG	renderer/html/tree_builder/stack.wf	131	stack_index_of_node	C1	len - idx	idx >= len; return on match	local	high	
52	SG	renderer/html/tree_builder/stack.wf	219	pop_until_node	C3	open_len	open_len == 0; target node popped	pop_open pops exactly one	high	
53	SG	renderer/html/tree_builder/stack.wf	240	pop_to_root	C3	open_len - 1	open_len <= 1	pop_open pops exactly one	high	
54	SG	renderer/html/tree_builder/stack.wf	254	pop_until_html_tag	C3	open_len	open_len == 0; html tag id popped	pop_open pops exactly one	high	
55	SG	renderer/html/tree_builder/stack.wf	384	has_in_scope	C2	idx	idx == 0; return on target or scope boundary	local	high	
56	SG	renderer/html/tree_builder/stack.wf	417	has_tag_in_scope	C2	idx	idx == 0; return on tag match or scope boundary	local	high	
57	SG	renderer/html/tree_builder/util.wf	11	bytes_eq	C1	la - idx	idx >= la; return on difference	local	high	
58	SG	renderer/html/tree_builder/util.wf	54	bytes_eq_ascii_ci	C1	la - idx	idx >= la; return on difference	local	high	
59	SG	renderer/html/tree_builder/util.wf	104	bytes_all_ws	C1	len - i	i >= len; return on non-ws	local	high	
60	SG	renderer/html/tree_builder/util.wf	131	bytes_all_ws_or_nul	C1	len - i	i >= len; return on non-ws non-NUL	local	high	
61	SG	renderer/html/tree_builder/util.wf	154	bytes_any_non_ws_non_nul	C1	len - i	i >= len; return on non-ws non-NUL	local	high	
62	SG	renderer/html/tree_builder/util.wf	179	first_non_ws_or_nul	C1	len - i	i >= len; return on non-ws non-NUL	local	high	
63	SG	renderer/html/tree_builder/util.wf	206	first_non_ws	C1	len - i	i >= len; return on non-ws	local	high	
64	SG	renderer/html/tokenizer/charref.wf	27	numeric_reference_value	C1	count - at	at >= count; return on match	local	high	
65	SG	renderer/html/tokenizer/charref.wf	74	consume_hex_digits	C1	length - at	at >= length; non-hex byte	local	high	value saturates to out_of_range instead of overflowing
66	SG	renderer/html/tokenizer/charref.wf	104	consume_decimal_digits	C1	length - at	at >= length; non-digit byte	local	high	value saturates to out_of_range instead of overflowing
67	SG	renderer/html/tokenizer/charref.wf	149	find_named_entity	C1	bucket_end - index	index >= bucket_end; return on match	local	high	
68	SG	renderer/html/tokenizer/charref.wf	182	name_matches	C1	name_len - i (also bounded by 32)	i >= name_len; i >= 32; source exhausted; mismatch	local	high	
69	SG	renderer/html/tokenizer/comments.wf	15	parse_comment	C7	(len - position, phase rank with Body lowest)	EOF; '>' in Start/StartDash/End/EndBang	next_char advances position >= 1 on non-EOF; the non-advancing transitions (Start, StartDash, EndDash, End, EndBang -> Body) all land in Body, and Body always advances	high	callee-advance too; reconsume-without-advance only into Body
70	SG	renderer/html/tokenizer/comments.wf	136	parse_bogus_comment	C1	len - position	EOF; '>'	callee-advance: next_char advances on non-EOF	high	callee-advance
71	SG	renderer/html/tokenizer/data_state.wf	46	match_cdata_open	C1	7 - i	i >= 7; out of range; mismatch	local	high	
72	SG	renderer/html/tokenizer/data_state.wf	84	keyword7_matches	C1	7 - i	i >= 7; out of range; mismatch	local	high	
73	SG	renderer/html/tokenizer/data_state.wf	137	markup_declaration_open	C1	7 - i	i >= 7	local	high	
74	SG	renderer/html/tokenizer/data_state.wf	239	scan_data	C1	len - position	EOF; tag or Characters token produced	callee-advance: next_char, open_tag (Literal returns pos after '<', LiteralLtSlash and Skip return past '/'), resolve_character_reference (matched consumes >= 2 bytes) all advance strictly	high	callee-advance; output text before '<' is returned first so the tag is re-scanned from an advanced position
75	SG	renderer/html/tokenizer/doctype.wf	38	keyword_matches	C1	6 - i	i >= 6; out of range; mismatch	local	high	
76	SG	renderer/html/tokenizer/doctype.wf	99	parse_doctype	C7	(len - position, phase rank with Bogus lowest)	EOF; '>' in most phases	next_char advances on non-EOF; the non-advancing transitions (AfterName, AfterPublicKeyword, BeforePublicId, AfterPublicId, BetweenPublicSystem, AfterSystemKeyword, BeforeSystemId, AfterSystemId -> Bogus) all land in Bogus, and Bogus always advances; keyword matches advance by 6	high	reconsume-without-advance only into the terminal Bogus phase
77	SG	renderer/html/tokenizer/script_data.wf	14	double_escape_word	C1	len - position	first non-alpha char returns	callee-advance: alpha char is not EOF so next_char advances	high	callee-advance
78	SG	renderer/html/tokenizer/script_data.wf	56	scan_script_data	C1	len - position	EOF; end tag Characters/tag token produced	callee-advance: every continuing path sets position to after/after2/after3/after4 or to next from try_end_tag_open (>= after2, past an alphabetic byte) or double_escape_word (>= after)	high	callee-advance; mode/dash_count/escaped_flag do not affect the measure
79	SG	renderer/html/tokenizer/tags.wf	18	consume_attribute_name	C1	len - position	EOF; whitespace, '/' or '>' return; '=' return	callee-advance: next_char advances on non-EOF	high	callee-advance
80	SG	renderer/html/tokenizer/tags.wf	47	consume_attribute_value	C1	len - position	first non-whitespace char	callee-advance: whitespace char is not EOF so next_char advances	high	callee-advance
81	SG	renderer/html/tokenizer/tags.wf	78	consume_attribute_value	C1	len - inner	EOF; closing quote return	callee-advance: next_char advances and resolve_character_reference matched consumes >= 2 bytes	high	callee-advance
82	SG	renderer/html/tokenizer/tags.wf	114	consume_attribute_value	C1	source.len - inner	eof; whitespace; '>'	callee-advance: next_char after>pos when not eof; resolve_character_reference matched => next>=pos+1	high	continuing paths set inner to ref_next (numeric/named match end > pos) or uafter (> pos)
83	SG	renderer/html/tokenizer/tags.wf	179	attribute_name_matches	C1	left_len - i	i >= left_len; byte/range mismatch return	local	high	
84	SG	renderer/html/tokenizer/tags.wf	209	attribute_name_hash	C1	name_end - i	i >= name_end	local	high	
85	SG	renderer/html/tokenizer/tags.wf	301	attribute_is_duplicate	C6	cursor (chain index, strictly falls)	cursor == 0; link index out of range	arena links acyclic: links[rel].next <= rel < cursor, since next is the bucket head at insertion (an earlier rel+1) and attribute_index_relink relinks in ascending order	medium	hash-chain walk over index^.links; descent holds by construction of attribute_index_insert/relink, not visible locally
86	SG	renderer/html/tokenizer/tags.wf	390	parse_attributes	C1	source.len - position	eof; '>' ; '/>' ; eof after '/'; value eof	callee-advance: next_char, consume_attribute_name(start) returns next>=start and consumes the non-terminator ch, consume_attribute_value returns next>=start	medium	every continuing branch (ws, slash, quirky '=', '=' after pending, new name) sets position past the current char; several state flags (quirky, has_pending) do not affect descent
87	SG	renderer/html/tokenizer/tags.wf	485	parse_tag	C1	source.len - position	eof; whitespace; '/'; '>' (breaks)	callee-advance: next_char	high	
88	SG	renderer/html/tokenizer/tags.wf	577	record_last_start_tag	C1	copy_len - i	i >= copy_len	local	high	
89	SG	renderer/html/tokenizer/text_states.wf	22	last_start_tag_matches	C1	name_len - i	i >= name_len; mismatch/range return	local	high	
90	SG	renderer/html/tokenizer/text_states.wf	56	restore_source_case	C1	len - i	i >= len	local	high	
91	SG	renderer/html/tokenizer/text_states.wf	111	scan_foreign_text	C1	source.len - position	eof (returns token); appropriate end tag (returns)	callee-advance: next_char; resolve_character_reference matched next>pos; try_end_tag_open non-produced next=term_at>=after2>position	high	
92	SG	renderer/html/tokenizer/text_states.wf	188	scan_end_tag_name	C1	source.len - position	non-alpha char returns (eof is non-alpha)	callee-advance: next_char after>pos for alpha char	high	
93	SG	renderer/html/tokenizer/text_states.wf	207	scan_plaintext	C1	source.len - position	eof	callee-advance: next_char	high	
94	SG	renderer/html/tokenizer/text_states.wf	235	scan_cdata_section	C1	source.len - position	eof (returns token); tag produced (returns)	callee-advance: next_char; match_cdata_close then position+3; open_tag Literal/LiteralLtSlash/Skip next>position (open_tag returns pos=after, after, after2 all past '<'); resolve_character_reference	medium	three continuing modes (in_cdata, tag-open kinds, char ref) each advance; the open_tag result kinds are the non-local fact
95	SG	renderer/html/tokenizer/types.wf	46	truncate_bytes	C3	cell^.inner.len	len <= length	local	high	take_back pops one element while len > length
96	SG	renderer/html/tokenizer/types.wf	60	truncate_attributes	C3	cell^.inner.len	len <= length	local	high	
97	SG	renderer/text/idna/bidi_rule.wf	39	rtl_end_ok	C2	at	at == 0 (False); first non-NSM class returns	local	high	at falls by 1 on NSM path; invariant at<=length
98	SG	renderer/text/idna/bidi_rule.wf	114	ltr_end_ok	C2	at	at == 0 (False); first non-NSM class returns	local	high	
99	SG	renderer/text/idna/buffer.wf	48	truncate_codepoints_to	C3	buffer^.inner.len	len <= length	local	high	
100	SG	renderer/text/idna/buffer.wf	99	truncate_bytes_to	C3	buffer^.inner.len	len <= length	local	high	
101	SG	renderer/text/idna/contextj.wf	27	joining_scan_backward_ok	C2	at	at == 0; prev >= length; non-transparent joining type returns	local	high	
102	SG	renderer/text/idna/contextj.wf	59	joining_scan_forward_ok	C1	length - at	at >= length; non-transparent joining type returns	local	high	
103	SG	renderer/text/idna/idna.wf	111	scan_labels_pass1	C1	total - pos	end >= total; invalid content returns	callee-advance: label_end ensures result >= from, so next = end+1 > pos	high	
104	SG	renderer/text/idna/idna.wf	159	scan_labels_pass2_bidi	C1	total - pos	end >= total; error returns	callee-advance: label_end ensures result >= from	high	
105	SG	renderer/text/idna/idna.wf	200	assemble_labels	C1	total - pos	end >= total; buffer append failure returns	callee-advance: label_end ensures result >= from	high	
106	SG	renderer/text/idna/labels.wf	21	label_end	C1	length - at	at >= length; full stop found returns	local	high	
107	SG	renderer/text/idna/punycode.wf	120	punycode_adapt	C2	d	d <= threshold (455)	d / 35 < d for d > 455 (division by constant >1)	high	d = d / (base - tmin) = d / 35; k grows but is not a measure
108	SG	renderer/text/idna/punycode.wf	210	last_hyphen_index	C2	at	at == 0; hyphen found returns	local	high	
109	SG	renderer/text/idna/punycode.wf	273	punycode_decode	C1	digits.len - pos	pos >= length; inner-loop failure returns False	inner @digits loop consumes >= 1 digit before it can break, so pos = cursor > old pos	high	outer measure advances via nested loop; return False on overflow/invalid digit
110	SG	renderer/text/idna/punycode.wf	282	punycode_decode	C1	length - cursor	cursor >= length returns False; digit < threshold breaks; invalid digit/overflow returns	local	high	
111	SG	renderer/text/idna/punycode.wf	439	punycode_encode	C1	4294967295 - n (also total - h)	h >= total; find_min None or overflow returns False	find_min_codepoint_at_least returns m >= floor (doc only, no ensures), so n = m then n+1 strictly rises; checked add overflow returns False	medium	each outer iteration handles all codepoints equal to m so h rises by >= 1 as well; contract on find_min missing
112	SG	renderer/text/idna/punycode.wf	488	punycode_encode	C2	q	q < t	t >= 1 (punycode_threshold clamps to tmin=1..tmax=26) and base_minus_t >= 10 so (q - t) / (36 - t) < q	high	
113	SG	renderer/text/normalization/buffer.wf	44	truncate_to	C3	output^.inner.len	len <= length	local	high	
114	SG	renderer/text/normalization/compose.wf	22	canonical_compose	C1	total - read_pos	read_pos >= total	local	high	output length not changed in loop; read_pos +1 every iteration; writes are in place
115	SG	renderer/text/normalization/decompose.wf	68	run_end	C1	total - at	at >= total; starter found returns	local	high	
116	SG	renderer/text/normalization/decompose.wf	158	canonical_order	C1	total - pos	pos >= total	callee-advance: run_end(from: pos) must return > pos; its ensures only gives result >= from, strictness holds because value at from is a non-starter (checked by caller) but is not stated in the contract	medium	contract gap: run_end ensures result >= from does not imply progress; a starter at from would return from
117	SG	renderer/proto/layout/driver.wf	496	tokenize_page	C1	source.len - tokenizer.position	next_token returns EndOfFile	callee-advance: every non-EOF token from next_token must consume >= 1 byte (tokenizer.position strictly rises); only in prose in module.wfm	medium	tokenizer-only (Data state); progress relies on scan_data/open_tag/parse_* returning positions past the '<' or run start
118	SG	renderer/proto/style/cascade.wf	105	cascade_element	C2	pending (u64 bitmask)	pending == 0	x & (x - 1) < x for x != 0 (clear lowest set bit)	high	measure equally popcount(pending)
119	SG	renderer/proto/style/store.wf	114	walk_rules	C4	(remaining items per frame, outermost first) lexicographic, bounded by nesting_ceiling	stack empty; take_item/push failure propagates	each frame's item list is finite and owned; stack depth capped by nesting_ceiling (push fails via propagate); each iteration either advances top.next or pops	medium	could be viewed as C7 lexicographic over frame counters; explicit stack replaces recursion over nested @media/@supports
120	SG	renderer/url/builder.wf	92	find_byte_or_end	C1	length - pos	pos >= length; target found	local	high	
121	SG	renderer/url/builder.wf	125	count_decimal_digits	C2	v	v < 10	v / 10 < v for v >= 10	high	
122	SG	renderer/url/bytes.wf	79	truncate_bytes_to	C3	buffer^.inner.len	len <= length	local	high	
123	SG	renderer/url/bytes.wf	209	decode_scalar_inner	C1	need - index	index >= need; byte unavailable or out of range breaks	local	high	
124	SG	renderer/url/host.wf	16	percent_decode_bytes	C1	length - pos	pos >= length	local	high	advance is 1 or 3, clamped to length; pos < length so clamped > pos
125	SG	renderer/url/host.wf	70	decode_all_scalars	C1	length - pos	pos >= length	callee-advance: decode_scalar ensures next > pos	high	
126	SG	renderer/url/host.wf	194	opaque_host_parse	C1	length - pos	pos >= length; forbidden code point returns Err	callee-advance: decode_scalar ensures next > pos	high	
127	SG	renderer/url/ipv4.wf	72	find_dot_or_end	C1	length - pos	pos >= length; dot found	local	high	
128	SG	renderer/url/ipv4.wf	198	parse_ipv4_address	C1	length - cursor	cursor >= length; slot beyond 4 returns None	callee-advance: find_dot_or_end ensures result >= start = cursor+1	high	count also bounded by 4 so 5 - count is a second measure
129	SG	renderer/url/ipv6.wf	15	parse_ipv4_tail_pieces	C1	length - pos	pos >= length; missing dot/digit/too big returns None	inner @octet_digits consumes >= 1 digit (first_digit guard) before exit; dot consumed when numbers_seen>0	high	numbers_seen <= 4 also bounds it (room check)
130	SG	renderer/url/ipv6.wf	45	parse_ipv4_tail_pieces	C1	length - pos	pos >= length; non-digit; leading zero or >255 returns None	local	high	
131	SG	renderer/url/ipv6.wf	129	parse_ipv6_address	C1	length - pos	pos >= length; piece_index == 8 returns; break after ipv4 tail	hex loop may consume 0 digits but then the following char check either returns None, or ':' advances pos+1, or at_end exits next iteration	high	no path returns to header without pos advance or exit
132	SG	renderer/url/ipv6.wf	153	parse_ipv6_address	C1	min(4 - digit_count, length - pos)	digit_count >= 4; pos >= length; non-hex	local	high	
133	SG	renderer/url/ipv6.wf	253	parse_ipv6_address	C2	swaps	swaps == 0; write_index == 0; index out of range returns None	local	high	write_index also falls by 1
134	SG	renderer/url/parser.wf	7	clean_input	C1	length - lo	lo >= length; non-trim byte	local	high	
135	SG	renderer/url/parser.wf	26	clean_input	C2	hi - lo	hi <= lo; at >= length; non-trim byte	local	high	hi falls toward lo
136	SG	renderer/url/parser.wf	552	run_special_authority_ignore_slashes_state	C1	length - p	p >= length; non-separator	local	high	
137	SG	renderer/url/parser.wf	589	scan_authority_terminator	C1	length - pos	pos >= length; terminator byte	local	high	
138	SG	renderer/url/parser.wf	645	process_userinfo_segment	C1	seg_end - pos	pos >= seg_end; pos >= length	callee-advance: decode_scalar ensures next > pos, clamped to seg_end (pos < seg_end)	high	
139	SG	renderer/url/parser.wf	692	run_authority_and_host_state	C1	length - scan_pos	scan_pos >= length; terminator byte	local	high	both branches (at sign, ordinary) set scan_pos = scan_pos+1
140	SG	renderer/url/parser.wf	818	scan_host	C1	terminator - pos	pos >= terminator; colon outside brackets	local	high	
141	SG	renderer/url/parser.wf	863	run_port_state	C1	length - digit_end	digit_end >= length; non-digit	local	high	
142	SG	renderer/url/parser.wf	999	run_path_state	C1	length - scan_pos	scan_pos >= length; '?' or '#' returns after subparser	callee-advance: decode_scalar ensures next > pos for non-terminator; terminator slash path uses scan_pos+1	high	
143	SG	renderer/url/parser.wf	1056	run_opaque_path_state	C1	length - scan_pos	scan_pos >= length; '?' or '#' returns	callee-advance: decode_scalar ensures next > pos; space path next = scan_pos+1	high	
144	SG	renderer/url/parser.wf	1131	run_query_state	C1	length - scan_pos	scan_pos >= length; '#' returns	callee-advance: decode_scalar ensures next > pos	high	
145	SG	renderer/url/parser.wf	1167	run_fragment_state	C1	length - scan_pos	scan_pos >= length	callee-advance: decode_scalar ensures next > pos	high	
146	SG	renderer/url/path.wf	249	truncate_pathspans_to	C3	buffer^.inner.len	len <= length	local	high	
147	SG	renderer/url/path.wf	269	path_clone_list_from_base	C1	length - pos	seg_end >= length	callee-advance: find_byte_or_end ensures result >= start, next = seg_end+1 > pos	high	
148	SG	renderer/url/scheme.wf	171	scan_scheme	C1	length - pos	pos >= length; non-scheme char	local	high	
149	SG	renderer/image/png/checksums.wf	59	adler32	C1	length - block_start	remaining == 0	imin(remaining, 5552) >= 1 when remaining != 0, so block_end > block_start	high	
150	SG	renderer/image/png/checksums.wf	70	adler32	C1	block_end - at	left < 8	local	high	at += 8 while left >= 8
151	SG	renderer/image/png/chunks.wf	231	parse_chunks	C1	length - offset	remaining < 12; IEND; malformed chunk returns	offset = crc_end = offset + 12 + chunk_length >= offset + 12 (checked chunk_length <= remaining - 12)	high	
152	SG	renderer/image/png/huffman.wf	174	build_table	C1	size - slot	slot >= size	step = 1 << length > 0 with length in 1..15 (code lengths checked by counts table); step must be nonzero	medium	if step could be 0 this would run forever; step = ishl.wrap(1, length32) is >= 1 for every length so it is nonzero
153	SG	renderer/image/png/inflate.wf	110	read_code_lengths	C1	total - position	position == total; error returns	repeat >= 1 on every symbol branch (1, extra+3, extra+3, extra+11); repeat <= remaining checked	high	
154	SG	renderer/image/png/inflate.wf	194	inflate	C7	(true unread stream bits, hold)	final_seen (final block bit); any Err propagate; stored block Truncated	each block consumes >= 3 header bits; past the stream refill fabricates zero bits (filled = kept|56 without loading) so the raw consumed-bit count is not monotone; termination then needs the hold reservoir to drain and copy_stored to return Truncated once start > end (needs end + 16 <= input.len)	low	no infinite loop found; non-local argument through refill, take_bits, copy_stored; a corrupt stream can only end by final bit, Truncated or another Err
155	SG	renderer/image/png/inflate_codes.wf	20	inflate_codes	C1	out_length - at	end-of-block symbol; invalid code/distance; OutputFull; distance>at	every continuing path grows at: literal +1, match +copy_length with copy_length>=3 (length base entries of the runtime-built table are >=3)	high	past the padded input refill supplies zero bits so input bits are not a measure; out_length - at is the only one; a table entry of kind entry_base with value 0 would stall at
156	SG	renderer/image/png/rows.wf	30	scatter_pixels	C1	src_length - at	column>=width; rest<4	local	high	at += 4 each continuing iteration
157	SG	renderer/font/shape_apply.wf	361	next_match	C1	length - at	following>=length; verdict match; verdict mismatch	local (at<length so the +wrap 1 cannot wrap)	high	
158	SG	renderer/font/shape_apply.wf	385	previous_match	C2	at	at==0; verdict match; verdict mismatch	local	high	
159	SG	renderer/font/shape_apply.wf	424	ligature_base_skippable	C2	position	position==0; lig id differs; component==0	local	high	
160	SG	renderer/font/shape_apply.wf	647	ligate_input	C1	target - buffer^.index	index>=target; buffer^.failed	callee-advance: next_glyph adds 1 to buffer^.index on every path	high	
161	SG	renderer/font/shape_apply.wf	1039	apply_forward	C7	(buffer^.budget, length - buffer^.index)	buffer^.failed; index>=length	every applied subtable that leaves index unchanged went through recurse (spend >=1 from budget) or move_to; substitutions/positionings advance index by >=1; not-applied path does next_glyph	medium	chained-context apply_records can end with move_to(end)==index when a nested lookup deletes glyphs, so index alone is not a measure; budget exhaustion sets failed (HarfBuzz max_ops analogue)
162	SG	renderer/font/shape_apply.wf	1046	apply_forward	C1	length - stop	stop>=length; item applicable and allowed	local	high	
163	SG	renderer/font/shape_buffer.wf	483	merge_clusters	C1	length - stop	stop>=length; cluster differs	local	high	
164	SG	renderer/font/shape_buffer.wf	498	merge_clusters	C2	begin - index	index>=begin; cluster differs	local (begin>index>=0 so begin -wrap 1 cannot wrap)	high	
165	SG	renderer/font/shape_buffer.wf	518	merge_clusters	C2	position	position==0; cluster differs from old	local	high	
166	SG	renderer/font/shape_buffer.wf	556	merge_out_clusters	C2	begin	begin==0; cluster differs	local	high	
167	SG	renderer/font/shape_buffer.wf	570	merge_out_clusters	C1	out_length - stop	stop>=out_length; cluster differs	local	high	
168	SG	renderer/font/shape_buffer.wf	588	merge_out_clusters	C1	length - position	position>=length; cluster differs from old	local	high	
169	SG	renderer/font/shape_buffer.wf	628	delete_glyph	C2	position	position==0; cluster differs from old	local	high	
170	SG	renderer/font/shape_normalize.wf	48	set_unicode_props	C1	count - position	position>=count	local (step is 1 or 2)	high	
171	SG	renderer/font/shape_normalize.wf	268	variation_cluster	C1	end - buffer^.index	index+1>=end; buffer^.failed	callee-advance: set_glyph->next_char->next_glyph advances buffer^.index by 1 in both branches	high	
172	SG	renderer/font/shape_normalize.wf	287	variation_cluster	C1	end - buffer^.index	index>=end; failed; next item not a variation selector	callee-advance: set_glyph advances buffer^.index by 1	high	
173	SG	renderer/font/shape_normalize.wf	324	decompose_cluster	C1	end - buffer^.index	index>=end; failed	callee-advance: decompose_current advances index by 1 on every path (next_char or skip_glyph)	high	
174	SG	renderer/font/shape_normalize.wf	342	decompose_all	C1	count - buffer^.index	index>=count; failed	callee-advance: decompose_cluster with cluster_end>=index+1 advances index by >=1 (decompose_current per step)	high	several inner scans; the first decompose_current loop may run zero times but decompose_cluster always advances
175	SG	renderer/font/shape_normalize.wf	351	decompose_all	C1	count - end	end>=count; mark found	local	high	
176	SG	renderer/font/shape_normalize.wf	365	decompose_all	C1	end - buffer^.index	index>=end; failed	callee-advance: decompose_current advances index by 1	high	
177	SG	renderer/font/shape_normalize.wf	383	decompose_all	C1	count - cluster_end	cluster_end>=count; item not a mark	local	high	
178	SG	renderer/font/shape_normalize.wf	408	sort_marks	C2	target - start	target<=start; before_class<=class	local	high	
179	SG	renderer/font/shape_normalize.wf	441	reorder_marks	C1	count - position	position>=count	local (class 0: +1; else position=end+1 with end>=position+1)	high	
180	SG	renderer/font/shape_normalize.wf	451	reorder_marks	C1	count - end	end>=count; next_class==0	local	high	
181	SG	renderer/font/shape_normalize.wf	506	recompose	C1	count - buffer^.index	index>=count	callee-advance: next_glyph advances index by 1 in both the composed and the not-composed branch	high	
182	SG	renderer/font/shape_normalize.wf	607	fraction_masks	C1	count - position	position>=count	local (next_position=position+1, then end>=next_position)	high	
183	SG	renderer/font/shape_normalize.wf	615	fraction_masks	C2	start	start==0; category not decimal number	local	high	
184	SG	renderer/font/shape_normalize.wf	628	fraction_masks	C1	count - end	end>=count; category not decimal number	local	high	
185	SG	renderer/font/shape_position.wf	338	find_base	C2	position - until	position<=until; usable base found	local	high	
186	SG	renderer/font/shape_position.wf	755	hide_ignorables	C2	back	back==0; cluster differs from old	local	high	
187	SG	renderer/oracle/html_tree/html_tree.wf	123	space_index	C1	min(length,stop) - at	at>=length or at>=stop; space found	local	high	
188	SG	renderer/oracle/html_tree/html_tree.wf	192	print_cases	C1	length - position	position>=length; any malformed case returns	callee: line_end(text,position)>=position for position<length (no ensures; doc only); ordering checks give input_end>=header_end+1 so new position>header_end>=position	high	
189	SG	renderer/oracle/html_tokenizer/html_tokenizer.wf	166	space_index	C1	min(length,stop) - at	at>=length or at>=stop; space found	local	high	
190	SG	renderer/oracle/html_tokenizer/html_tokenizer.wf	215	print_cases	C1	length - position	position>=length; any malformed case returns	callee: line_end(text,position)>=position (unstated); ordering checks give input_end>=header_end+1	high	
191	SG	renderer/oracle/html_tokenizer/html_tokenizer.wf	372	put_tokens	C1	limit - count	count>=limit (Err NoEndOfFile); end-of-file token; propagate error exits	local	high	fuel counter: terminates whatever next_token does; count+1 on every continuing path
192	SG	renderer/oracle/text_properties/text_properties.wf	415	put_all_pairs	C1	length - at	at>=length; parse failure	callee: line_end>=at; stop=min(line_end,length); at=stop+1	high	
193	SG	renderer/oracle/font_shape/font_shape.wf	244	print_cases	C1	length - position	position>=length; malformed case returns 2	callee: line_end(text,position)>=position; values_end<length checked before use so new position=values_end+1>header_end>=position	high	
194	SG	renderer/oracle/font_shape/font_shape.wf	411	parse_values	C1	end - at	at>=end after a value; missing separator; no digits; too many digits	local (at<end proved before the separator byte is read, then at+1)	high	
195	SG	renderer/oracle/font_shape/font_shape.wf	414	parse_values	C1	end - at	at>=end; non-hex byte; digit limit exceeded	local	high	
196	SG	renderer/oracle/idna/idna.wf	127	print_cases	C1	length - position	position>=length; unterminated line; parse failure	callee: line_end>=position; position=end+1	high	
197	SG	renderer/oracle/line_break/line_break.wf	156	judge_lines	C1	length - start	start>=length	callee: line_end(text,start)>=start; start=end+1	high	
198	SG	renderer/oracle/line_break/line_break.wf	221	skip_blanks	C1	min(stop,length) - at	at>=stop or at>=length; non-blank byte	local	high	
199	SG	renderer/oracle/line_break/line_break.wf	244	field_end	C1	min(stop,length) - at	at>=stop or at>=length; blank byte	local	high	
200	SG	renderer/oracle/line_break/line_break.wf	358	parse_case	C1	stop - at	skip_blanks reaches stop; bad marker/code point; no room	callee-advance: skip_blanks leaves at on a non-blank byte (or at stop) and field_end then returns >at because that byte is not blank; both contracts are doc-only	medium	
201	SG	renderer/oracle/url/url.wf	232	print_cases	C1	length - position	position>=length; malformed case returns	callee: line_end>=position; base_end>=input_end>=header_end+1	high	
202	SG	renderer/oracle/png/png.wf	296	check_cases	C1	length - start	start>=length	callee: line_end(text,start)>=start; start=end+1	high	
203	SG	renderer/oracle/png/png.wf	499	little_endian_u32	C2	remaining	remaining==0	local	high	
204	SG	renderer/oracle/png/png.wf	686	sample_sum	C1	length - at	at>=length; stride wrapped or zero (next<=at)	local	high	explicit no-advance guard breaks the loop, so a zero stride cannot spin
205	SG	renderer/oracle/css_syntax/css_syntax.wf	95	print_cases	C1	length - position	position>=length; malformed case returns	callee: line_end>=position; data_end>=data_start=header_end+1	high	
206	SG	renderer/oracle/normalization/normalization.wf	248	scan_lines	C1	length - start	start>=length; unparsed line returns	callee: line_end(text,start)>=start; start=end+1	high	
207	SG	renderer/oracle/normalization/normalization.wf	339	skip_blanks	C1	min(stop,length) - at	at>=stop or at>=length; non-blank	local	high	
208	SG	renderer/oracle/normalization/normalization.wf	362	field_end	C1	min(stop,length) - at	at>=stop or at>=length; blank or semicolon	local	high	
209	SG	renderer/oracle/normalization/normalization.wf	451	parse_case	C1	stop - at	no readable byte (return False); semicolon; bad code point; no room	callee-advance: skip_blanks leaves at on a non-blank byte; the byte is not a semicolon so field_end returns >at; doc-only contracts	medium	
210	SG	renderer/oracle/normalization/normalization.wf	508	judge_lines	C1	length - start	start>=length	callee: line_end(text,start)>=start; start=end+1	high	
211	SG	renderer/oracle/normalization/normalization.wf	553	fill_prefix	C3	output^.inner.len	len==0	local (take_back lowers len by 1 [OP-10])	high	
212	SG	renderer/oracle/normalization/normalization.wf	805	judge_code_point	C10	composed (True=1, False=0)	judge_call fails (return False); composed already False	local: composed is set True->False on the one continuing path, so at most 2 iterations	high	two-state flag, not a numeric descent
213	SG	renderer/oracle/dom_serialize/dom_serialize.wf	58	serialize_document	C1	budget - visits	stack empty; visits>=budget (return False); push failure	local for termination (fuel counter incremented on every continuing path before the pop); stack.len is not a measure	high	fuel makes the walk finite regardless of tree shape; the underlying structure is also a C4 worklist (Enter pushes children)
214	SG	renderer/oracle/css_color/css_color.wf	159	print_cases	C1	length - position	position>=length; malformed case returns	callee: line_end>=position; data_end>=data_start=header_end+1	high	
215	SG	renderer/oracle/css_rules/css_rules.wf	192	print_cases	C1	length - position	position>=length; malformed case returns	callee: line_end>=position; data_end>=data_start=header_end+1	high	
216	SG	renderer/oracle/css_rules/css_rules.wf	534	parent_table	C1	count - at (outer)	at>=count	@close terminates (inner C6 parent-chain walk) and at<limit after @close so every branch advances at by >=1	medium	outer loop; every branch advances at: valid nested +1, non-nested +1, invalid nested via @block up to limit (>=1 because at<limit after @close)
217	SG	renderer/oracle/css_rules/css_rules.wf	535	parent_table	C6	depth of container chain (container index strictly decreases)	at!=limit; container==top_level	arena parent links acyclic: table[i] is written in index order with parent = an earlier container index or top_level, so parent_of(container)<container; never blocked_start because only valid nested components become container	medium	
218	SG	renderer/oracle/css_rules/css_rules.wf	565	parent_table	C1	limit - at	at>=limit	local	high	
219	SG	renderer/oracle/css_rules/css_rules.wf	654	range_is_siblings	C1	end - at	at==end (True); at>=count or at>end (False); invalid nested end	local (next=at+1, or closing>=next)	high	
220	SG	renderer/oracle/support/support.wf	84	widen	C1	total - cell^.inner.len	len>=total; no room (return False)	callee-advance: place_back raises len by 1 when len<cap [OP-10]	high	
221	SG	renderer/oracle/support/support.wf	102	truncate	C3	buffer^.inner.len	len<=length	local (take_back lowers len by 1 [OP-10])	high	
222	SG	renderer/oracle/support/support.wf	118	read_open_file	C1	cap - filled	read stalled (next==filled); ReadEnd; read error; window full at cap (FileTooLarge)	read_at ensures filled<=next<=room and the stall check makes next>filled; widen fails at cap so filled<cap	high	every continuing iteration makes a waiting read_at but progress is strict, so not C9
223	SG	renderer/oracle/support/support.wf	210	skip_separators	C1	length - at	at>=length; byte not slash	local	high	
224	SG	renderer/oracle/support/support.wf	231	component_end	C1	length - at	at>=length; slash	local	high	
225	SG	renderer/oracle/support/support.wf	433	line_end	C1	length - at	at>=length; line feed	local	high	
226	SG	renderer/oracle/support/support.wf	525	put_decimal	C2	rest	rest==0 after rest/10	local	high	
227	SG	renderer/oracle/support/support.wf	539	put_decimal	C2	count	count==0	local	high	
228	SG	renderer/oracle/support/support.wf	558	put_hex	C2	probe	probe==0 (probe >> 4 each step)	local	high	
229	SG	renderer/oracle/support/support.wf	569	put_hex	C2	remaining	remaining==0	local	high	
230	SG	renderer/oracle/support/support.wf	615	flush	C1	length - sent	sent>=length; stalled (next==sent); write error	write_once ensures sent<=next<=end; stall check makes next>sent	high	waiting host write each iteration but strict progress, so not C9
231	SG	renderer/oracle/css_json/css_json.wf	180	put_sequence	C1	to - at	at>=to; invalid end	local (next=at+1, or closing>=next)	high	recursion into put_sequence is separate from the loop
232	SG	renderer/oracle/css_selectors/css_selectors.wf	730	print_cases	C1	length - position	position>=length; malformed case returns	callee: line_end>=position; data_end>=data_start=header_end+1	high	
233	SG	renderer/base/atom/atom.wf	222	rebuild_index	C3	index^.inner.len	len==0	local (take_back lowers len by 1 [OP-10])	high	
234	SG	renderer/tools/normalization_tables/expand.wf	23	expand_cp	C4	stack.inner.len (needs well-founded expansion)	stack empty	decomposition mapping graph acyclic: no code point expands (directly or transitively) to itself; not proved, comes from the input UCD data	medium	SUSPECT: data-dependent nontermination. A UnicodeData line whose decomposition field names its own code point (e.g. 0041;...;0041;) or a cycle A->B, B->A makes pop one push one forever (room check does not stop it because each pop frees a slot). Real Unicode data is acyclic and a build-time tool reads trusted UCD input
235	SG	renderer/tools/normalization_tables/io.wf	60	widen	C1	total - cell^.inner.len	len>=total; no room (return False)	callee-advance: place_back raises len by 1 when len<cap [OP-10]	high	
236	SG	renderer/tools/normalization_tables/io.wf	78	truncate	C3	buffer^.inner.len	len<=length	local (take_back lowers len by 1 [OP-10])	high	
237	SG	renderer/tools/normalization_tables/io.wf	94	read_open_file	C1	cap - filled	read stalled (next==filled); ReadEnd; read error; window full at cap (FileTooLarge)	read_at ensures filled<=next<=room and the stall check makes next>filled; widen fails at cap so filled<cap	high	waiting read each iteration but strict progress, so not C9
238	SG	renderer/tools/normalization_tables/io.wf	157	skip_separators	C1	length - at	at>=length; byte not slash	local	high	
239	SG	renderer/tools/normalization_tables/io.wf	178	component_end	C1	length - at	at>=length; slash	local	high	
240	SG	renderer/tools/normalization_tables/io.wf	300	put_decimal	C2	rest	rest==0 after rest/10	local	high	
241	SG	renderer/tools/normalization_tables/io.wf	314	put_decimal	C2	count	count==0	local	high	
242	SG	renderer/tools/normalization_tables/io.wf	333	line_end	C1	length - at	at>=length; line feed	local	high	
243	SG	renderer/tools/normalization_tables/io.wf	355	flush	C1	length - sent	sent>=length; stalled (next==sent); write error	write_once ensures sent<=next<=end; stall check makes next>sent	high	waiting host write each iteration but strict progress, so not C9
244	SG	renderer/tools/normalization_tables/props.wf	156	parse_full_composition_exclusion	C1	length - at	at>=length	callee: line_end>=at; stop=min(line_end,length); at=stop+1	high	
245	SG	renderer/tools/normalization_tables/text_util.wf	67	skip_ws	C1	stop - at	at>=stop or at>=length; non-blank byte	local (loop invariant at>=from)	high	
246	SG	renderer/tools/normalization_tables/text_util.wf	106	trim_ws_end	C2	at - from	at<=from; non-blank byte before at	local (invariants at<=stop, at>=from)	high	
247	SG	renderer/tools/normalization_tables/ucd_data.wf	152	parse_unicode_data	C1	length - at	at>=length	callee: line_end>=at; stop=min(line_end,length); at=stop+1	high	
248	SG	renderer/tools/properties_tables/build.wf	28	fill_categories	C1	length - at	at>=length returns	callee-advance: parse_ucd_line next_line = min(line_end,length)+1 > start when start<length	high	callee-advance; inner for is bounded
249	SG	renderer/tools/properties_tables/build.wf	73	fill_pictographic	C1	length - at	at>=length returns	callee-advance: parse_ucd_line next_line = min(line_end,length)+1 > start when start<length	high	callee-advance; inner for is bounded
250	SG	renderer/tools/properties_tables/io.wf	60	widen	C1	total - cell.inner.len	len>=total break; len==cap return False	place_back increments len by 1 when len<cap	high	grow makes cap>=total so the return False path is not reached in practice
251	SG	renderer/tools/properties_tables/io.wf	78	truncate	C3	buffer.inner.len	len<=length break	take_back decrements len by 1 (len>length so nonempty)	high	
252	SG	renderer/tools/properties_tables/io.wf	94	read_open_file	C1	file_ceiling - filled	read stalled (next==filled) or ReadEnd break; read error or window cannot widen or filled>=room returns	callee-advance: read_at contract ensures start<=next<=end so next>filled after the stall test; widen rejects total>file_ceiling and doubling continues only while filled>=window	high	callee-advance; window doubles on demand but stays bounded by file_ceiling; window==0 returns FileTooLarge
253	SG	renderer/tools/properties_tables/io.wf	157	skip_separators	C1	length - at	at>=length or byte!=slash break	local	high	
254	SG	renderer/tools/properties_tables/io.wf	178	component_end	C1	length - at	at>=length or slash break	local	high	
255	SG	renderer/tools/properties_tables/io.wf	300	put_decimal	C2	rest	rest==0 break	local (rest/10 < rest for rest>0)	high	count capped at 20 by guard, not needed for termination
256	SG	renderer/tools/properties_tables/io.wf	314	put_decimal	C2	count	count==0 break	local	high	
257	SG	renderer/tools/properties_tables/io.wf	333	line_end	C1	length - at	at>=length or newline returns	local	high	
258	SG	renderer/tools/properties_tables/io.wf	355	flush	C1	length - sent	sent>=length break; stalled or write error break	callee-advance: write_once contract ensures start<=next<=end; stalled test makes next>sent	high	callee-advance
259	SG	renderer/tools/properties_tables/ucd_parse.wf	50	skip_ws	C1	min(stop,length) - at	not readable returns stop; non-blank returns at	local	high	
260	SG	renderer/tools/properties_tables/ucd_parse.wf	89	trim_ws_end	C2	at - from	at<=from returns; non-blank returns	local	high	
261	SG	renderer/tools/idna_tables/idna_bidi.wf	190	parse_derived_bidi_class	C1	length - at	at>=length returns	callee-advance: line_end result >= start, stop=min(found,length)>=at so at=stop+1>at	high	callee-advance
262	SG	renderer/tools/idna_tables/idna_joining.wf	112	parse_derived_joining_type	C1	length - at	at>=length returns	callee-advance: line_end result >= start, stop=min(found,length)>=at so at=stop+1>at	high	callee-advance
263	SG	renderer/tools/idna_tables/idna_mapping.wf	37	parse_mapping_field	C1	stop - at (also at<length)	at>=stop or at>=length returns	callee-advance: find_byte(from=at) returns token_end>=at (contract) and if token_end==at the byte is a space, which skip_ws (is_blank includes space) consumes; so next>at	high	callee-advance
264	SG	renderer/tools/idna_tables/idna_mapping.wf	207	parse_idna_mapping	C1	length - at	at>=length returns	callee-advance: line_end result >= start, stop=min(found,length)>=at so at=stop+1>at	high	callee-advance
265	SG	renderer/tools/idna_tables/idna_mark.wf	90	parse_derived_general_category_mark	C1	length - at	at>=length returns	callee-advance: line_end result >= start, stop=min(found,length)>=at so at=stop+1>at	high	callee-advance
266	SG	renderer/tools/idna_tables/idna_virama.wf	59	parse_unicode_data_virama	C1	length - at	at>=length returns	callee-advance: line_end result >= start, stop=min(found,length)>=at so at=stop+1>at	high	callee-advance
267	SG	renderer/tools/idna_tables/io.wf	60	widen	C1	total - cell.inner.len	len>=total break; len==cap return False	place_back increments len by 1 when len<cap	high	grow makes cap>=total so the return False path is not reached in practice
268	SG	renderer/tools/idna_tables/io.wf	78	truncate	C3	buffer.inner.len	len<=length break	take_back decrements len by 1 (len>length so nonempty)	high	
269	SG	renderer/tools/idna_tables/io.wf	94	read_open_file	C1	file_ceiling - filled	read stalled (next==filled) or ReadEnd break; read error or window cannot widen or filled>=room returns	callee-advance: read_at contract ensures start<=next<=end so next>filled after the stall test; widen rejects total>file_ceiling and doubling continues only while filled>=window	high	callee-advance; window doubles on demand but stays bounded by file_ceiling; window==0 returns FileTooLarge
270	SG	renderer/tools/idna_tables/io.wf	157	skip_separators	C1	length - at	at>=length or byte!=slash break	local	high	
271	SG	renderer/tools/idna_tables/io.wf	178	component_end	C1	length - at	at>=length or slash break	local	high	
272	SG	renderer/tools/idna_tables/io.wf	300	put_decimal	C2	rest	rest==0 break	local (rest/10 < rest for rest>0)	high	count capped at 20 by guard, not needed for termination
273	SG	renderer/tools/idna_tables/io.wf	314	put_decimal	C2	count	count==0 break	local	high	
274	SG	renderer/tools/idna_tables/io.wf	333	line_end	C1	length - at	at>=length or newline returns	local	high	
275	SG	renderer/tools/idna_tables/io.wf	355	flush	C1	length - sent	sent>=length break; stalled or write error break	callee-advance: write_once contract ensures start<=next<=end; stalled test makes next>sent	high	callee-advance
276	SG	renderer/tools/idna_tables/text_util.wf	67	skip_ws	C1	min(stop,length) - at	not readable returns stop; non-blank returns at	local	high	
277	SG	renderer/tools/idna_tables/text_util.wf	106	trim_ws_end	C2	at - from	at<=from returns; non-blank returns	local	high	
278	SG	renderer/tools/html_entities/html_entities.wf	105	widen	C1	total - cell.inner.len	len>=total break; len==cap return False	place_back increments len by 1 when len<cap	high	grow makes cap>=total so the return False path is not reached in practice
279	SG	renderer/tools/html_entities/html_entities.wf	123	truncate	C3	buffer.inner.len	len<=length break	take_back decrements len by 1 (len>length so nonempty)	high	
280	SG	renderer/tools/html_entities/html_entities.wf	139	read_open_file	C1	file_ceiling - filled	read stalled (next==filled) or ReadEnd break; read error or window cannot widen or filled>=room returns	callee-advance: read_at contract ensures start<=next<=end so next>filled after the stall test; widen rejects total>file_ceiling and doubling continues only while filled>=window	high	callee-advance; window doubles on demand but stays bounded by file_ceiling; window==0 returns FileTooLarge
281	SG	renderer/tools/html_entities/html_entities.wf	218	flush	C1	length - sent	sent>=length break; stalled or write error break	callee-advance: write_once contract ensures start<=next<=end; stalled test makes next>sent	high	callee-advance
282	SG	renderer/tools/html_entities/html_entities.wf	285	put_decimal	C2	rest	rest==0 break	local (rest/10 < rest for rest>0)	high	count capped at 20 by guard, not needed for termination
283	SG	renderer/tools/html_entities/html_entities.wf	299	put_decimal	C2	count	count==0 break	local	high	
284	SG	renderer/tools/html_entities/html_entities.wf	408	find_byte	C1	length - at	at>=length or byte found returns	local	high	
285	SG	renderer/tools/html_entities/html_entities.wf	440	matches_at	C1	plen - i	i>=plen break; idx out of range or mismatch returns False	local	high	
286	SG	renderer/tools/html_entities/html_entities.wf	474	find_pattern	C1	stop+1 - at (stop=length-plen)	at>stop returns None; match returns Some	local	high	stop<=length so at+1 cannot wrap
287	SG	renderer/tools/html_entities/html_entities.wf	493	digits_end	C1	length - at	at>=length or non-digit returns	local	high	
288	SG	renderer/tools/html_entities/html_entities.wf	518	count_entries	C1	length - pos	pos>length or no more pattern break	callee-advance: find_pattern returns at>=from; pos=at+codepoints_key.len with constant length>0 so pos rises	high	callee-advance
289	SG	renderer/tools/html_entities/html_entities.wf	581	build_name_array	C1	name_len - i	i>=name_len break	local	high	
290	SG	renderer/tools/html_entities/html_entities.wf	616	collect_entries	C1	length - pos	pos>length; no further name pattern break; any malformed shape returns False	callee-advance: pos=key_at+codepoints_key.len where key_at>=name_end>=name_start=quote_at+2>quote_at>=pos (find_pattern/find_byte return >=from)	high	callee-advance; long body but only one continuing path (the final set pos)
291	SG	renderer/tools/html_entities/html_entities.wf	742	entity_before	C1	bound - i	i>=bound break; differing byte returns	local	high	
292	SG	renderer/tools/html_entities/html_entities.wf	768	sort_entries	C3	remaining_box.inner.len	len==0 break	remove_at decrements len by 1; best_index=0..len-1 is always in range so the removal always happens	high	selection sort; inner findmin loop is separate C1
293	SG	renderer/tools/html_entities/html_entities.wf	777	sort_entries	C1	remaining - i	i>=remaining break	local	high	
294	SG	renderer/tools/html_entities/html_entities.wf	809	build_index	C1	total - i	i>=total break	local	high	
295	SG	renderer/tools/html_entities/html_entities.wf	854	print_entity_table	C1	total - i	i>=total break	local	high	
296	SG	renderer/tools/line_break_tables/build.wf	29	parse_lb_ranges	C1	length - at	at>=length returns	callee-advance: parse_ucd_line next_line = min(line_end,length)+1 > start when start<length	high	callee-advance; inner for is bounded
297	SG	renderer/tools/line_break_tables/build.wf	71	parse_kind_ranges	C1	length - at	at>=length returns	callee-advance: parse_ucd_line next_line = min(line_end,length)+1 > start when start<length	high	callee-advance; inner for is bounded
298	SG	renderer/tools/line_break_tables/build.wf	111	parse_wide_ranges	C1	length - at	at>=length returns	callee-advance: parse_ucd_line next_line = min(line_end,length)+1 > start when start<length	high	callee-advance; inner for is bounded
299	SG	renderer/tools/line_break_tables/build.wf	151	parse_pict_ranges	C1	length - at	at>=length returns	callee-advance: parse_ucd_line next_line = min(line_end,length)+1 > start when start<length	high	callee-advance; inner for is bounded
300	SG	renderer/tools/line_break_tables/cursor.wf	5	advance_cursor	C1	count - at	at>=count returns; cp<=ends[at] returns	local	high	
301	SG	renderer/tools/line_break_tables/io.wf	60	widen	C1	total - cell.inner.len	len>=total break; len==cap return False	place_back increments len by 1 when len<cap	high	grow makes cap>=total so the return False path is not reached in practice
302	SG	renderer/tools/line_break_tables/io.wf	78	truncate	C3	buffer.inner.len	len<=length break	take_back decrements len by 1 (len>length so nonempty)	high	
303	SG	renderer/tools/line_break_tables/io.wf	94	read_open_file	C1	file_ceiling - filled	read stalled (next==filled) or ReadEnd break; read error or window cannot widen or filled>=room returns	callee-advance: read_at contract ensures start<=next<=end so next>filled after the stall test; widen rejects total>file_ceiling and doubling continues only while filled>=window	high	callee-advance; window doubles on demand but stays bounded by file_ceiling; window==0 returns FileTooLarge
304	SG	renderer/tools/line_break_tables/io.wf	157	skip_separators	C1	length - at	at>=length or byte!=slash break	local	high	
305	SG	renderer/tools/line_break_tables/io.wf	178	component_end	C1	length - at	at>=length or slash break	local	high	
306	SG	renderer/tools/line_break_tables/io.wf	300	put_decimal	C2	rest	rest==0 break	local (rest/10 < rest for rest>0)	high	count capped at 20 by guard, not needed for termination
307	SG	renderer/tools/line_break_tables/io.wf	314	put_decimal	C2	count	count==0 break	local	high	
308	SG	renderer/tools/line_break_tables/io.wf	333	line_end	C1	length - at	at>=length or newline returns	local	high	
309	SG	renderer/tools/line_break_tables/io.wf	355	flush	C1	length - sent	sent>=length break; stalled or write error break	callee-advance: write_once contract ensures start<=next<=end; stalled test makes next>sent	high	callee-advance
310	SG	renderer/tools/line_break_tables/ucd_parse.wf	49	skip_ws	C1	min(stop,length) - at	not readable returns stop; non-blank returns at	local	high	
311	SG	renderer/tools/line_break_tables/ucd_parse.wf	88	trim_ws_end	C2	at - from	at<=from returns; non-blank returns	local	high	
312	SG	renderer/tools/static_atoms/static_atoms.wf	209	read_all	C9	none needed (each iteration is a read_next host call)	ReadEnd returns; ReadFailed returns Err; propagate push failure exits	read_next reports ReadEnd at end of input	medium	legitimately unbounded; Ok(0) from read_next is allowed by its contract (start<=next<=end) so a source returning Ok(0) forever would spin, but each iteration still waits on the host
313	SG	renderer/tools/static_atoms/static_atoms.wf	319	parse	C1	length - position	position>=length break; count>=name_ceiling, no newline, empty name, bad byte, out of order, push failure all return	callee-advance: line_end contract ensures result>=start and end<length is tested, so position=end+1>position	high	callee-advance; declared invariants only bound position<=length
314	SG	renderer/tools/static_atoms/static_atoms.wf	558	flush	C1	length - sent	sent>=length returns True; stalled or write error returns False	callee-advance: write_once contract ensures start<=next<=end; stalled test makes next>sent	high	callee-advance
315	SG	renderer/tools/static_atoms/static_atoms.wf	579	truncate	C3	buffer.inner.len	len==0 break	take_back decrements len by 1	high	
316	SG	renderer/css/syntax/decode.wf	74	decode_utf8	C1	need - index	index>=need, byte unavailable or invalid break	local	high	
317	SG	renderer/css/syntax/decode.wf	236	consume_escape	C1	6 - count	count>=6, cur>=length, non-hex break	local	high	cur=after also advances via peek_pp but count alone bounds the loop
318	SG	renderer/css/syntax/decode.wf	292	consume_ident_sequence	C1	length - pos	pos>=length; non-name char or invalid escape break; push failure exits	callee-advance: peek_pp next>pos (decode_utf8 returns pos+1+index>=pos+1); consume_escape(pos:after) returns >=after>pos	high	callee-advance
319	SG	renderer/css/syntax/numbers.wf	8	pow10	C2	e	e==0 break	local (ishr.wrap by 1 strictly decreases nonzero e)	high	binary exponentiation; halving
320	SG	renderer/css/syntax/numbers.wf	119	consume_number	C1	length - pos	pos>=length or non-digit break	local	high	
321	SG	renderer/css/syntax/numbers.wf	168	consume_number	C1	length - pos	pos>=length or non-digit break	local	high	frac_count also rises
322	SG	renderer/css/syntax/numbers.wf	253	consume_number	C1	length - pos	pos>=length or non-digit break	local	high	
323	SG	renderer/css/syntax/strings.wf	16	consume_string_token	C1	length - pos	pos>=length break; closing quote returns; newline returns	callee-advance: peek_pp next>pos; consume_escape(pos:after) returns >=after>pos; afternext>after; after>pos	high	callee-advance
324	SG	renderer/css/syntax/strings.wf	72	consume_bad_url_remnants	C1	length - pos	pos>=length break; ')' break	callee-advance: peek_pp next>pos; consume_escape(pos:after)>=after>pos	high	callee-advance
325	SG	renderer/css/syntax/strings.wf	106	consume_url_token	C1	length - pos	pos>=length or non-whitespace break	local	high	
326	SG	renderer/css/syntax/strings.wf	123	consume_url_token	C1	length - pos	EOF returns; ')' , bad char, invalid escape, whitespace-then-close each return	callee-advance: peek_pp next>pos; consume_escape(pos:after)>=after>pos	high	callee-advance; contains inner loop @tail_ws (row 327) whose result only feeds returns
327	SG	renderer/css/syntax/strings.wf	146	consume_url_token	C1	length - wpos	wpos>=length or non-whitespace break	local	high	
328	SG	renderer/css/syntax/tokenizer.wf	25	skip_whitespace_run	C1	length - p	bound reached or exit byte	local	high	
329	SG	renderer/css/syntax/tokenizer.wf	50	consume_comment	C1	length - pos	bound reached or exit byte	local	high	
330	SG	renderer/css/syntax/tokenizer.wf	271	consume_unicode_range	C1	6 - count	count>=6, pos>=length, non-hex break	local	high	pos and count both rise
331	SG	renderer/css/syntax/tokenizer.wf	298	consume_unicode_range	C1	remaining - wild_count	wild_count>=remaining, pos>=length, non-'?' break	local	high	
332	SG	renderer/css/syntax/tokenizer.wf	347	consume_unicode_range	C1	6 - ecount	ecount>=6, epos>=length, non-hex break	local	high	
333	SG	renderer/css/syntax/tokenizer.wf	820	consume_component_values	C1	length - pos	pos>=length break	callee-advance: peek_pp after>pos; consume_component returns a position >pos on every path (spot-checked, delegates to consume_hash/numeric/ident/etc.); close branch sets pos=after	medium	callee-advance across many callees
334	SG	renderer/css/syntax/tokenizer.wf	864	consume_component_values	C3	open_blocks.inner.len	len==0 break	close_innermost take_back decrements len by 1 (contract requires len>0)	high	
335	SG	renderer/css/rules/lists.wf	50	consume_rules_list	C1	limit - pos	pos>=limit break	callee-advance: step_advance ensures result>at; consume_at_rule start=after_name>pos and next>=start; consume_qualified_rule/attempt_declaration (scan_to_semicolon, non-semicolon first step) return >pos	medium	callee-advance across several callees; attempt_declaration only advances because the caller already excluded a leading semicolon
336	SG	renderer/css/rules/lists.wf	98	consume_declaration_list	C1	limit - pos	pos>=limit break	callee-advance: step_advance ensures result>at; consume_at_rule start=after_name>pos and next>=start; consume_qualified_rule/attempt_declaration (scan_to_semicolon, non-semicolon first step) return >pos	medium	callee-advance across several callees; attempt_declaration only advances because the caller already excluded a leading semicolon
337	SG	renderer/css/rules/lists.wf	143	consume_block_contents	C1	limit - pos	pos>=limit break	callee-advance: step_advance ensures result>at; consume_at_rule start=after_name>pos and next>=start; consume_qualified_rule/attempt_declaration (scan_to_semicolon, non-semicolon first step) return >pos	medium	callee-advance across several callees; attempt_declaration only advances because the caller already excluded a leading semicolon
338	SG	renderer/css/rules/scan.wf	70	skip_ws	C1	limit - pos	pos>=limit or non-whitespace break	callee-advance: step_advance ensures result>at	high	callee-advance via contract
339	SG	renderer/css/rules/scan.wf	98	scan_to_semicolon	C1	limit - pos	pos>=limit or semicolon break	callee-advance: step_advance ensures result>at	high	callee-advance via contract
340	SG	renderer/css/rules/scan.wf	123	find_leading_brace	C1	limit - pos	pos>=limit break; semicolon or brace returns	callee-advance: step_advance ensures result>at	high	callee-advance via contract
341	SG	renderer/css/rules/scan.wf	157	consume_at_rule	C1	limit - pos	pos>=limit break; semicolon or brace returns	callee-advance: step_advance ensures result>at	high	callee-advance via contract
342	SG	renderer/css/rules/scan.wf	201	consume_qualified_rule	C1	limit - pos	pos>=limit break; brace returns	callee-advance: step_advance ensures result>at	high	callee-advance via contract
343	SG	renderer/css/rules/scan.wf	254	name_matches_important_ci	C1	9 - i	i>=9 break; mismatch returns False	local	high	
344	SG	renderer/css/rules/scan.wf	284	strip_important	C1	limit - pos	pos>=limit break	callee-advance: step_advance ensures result>at	high	callee-advance via contract
345	SG	renderer/css/selectors/anb.wf	737	skip_ws_components	C1	limit - pos	pos>=limit or non-whitespace break	local	high	
346	SG	renderer/css/selectors/match.wf	794	backtrack	C3	stack.len	result global, stack empty, or a frame is retried (return Some) or no room/no parent (return None)	take_back decrements len by 1; every continuing path pops a frame without pushing back	high	continuing paths are only: non-descendant frame not retried, or retry found no previous sibling
347	SG	renderer/css/selectors/match.wf	857	match_complex	C7	(last_tried tree position of each frame bottom-to-top, i) lexicographic	compound i==comp_start matched returns True; no more compounds/parent/sibling/room returns False; backtrack exhausted returns False	parent_of and previous_element_sibling arena links acyclic (frame last_tried moves strictly up or to an earlier sibling on backtrack); frame compound_index strictly decreases up the stack so depth<=compound count	medium	forward steps lower i (Child/NextSibling) or push a frame with lower i (Descendant/SubsequentSibling); backtrack keeps depth, restores i to the frame index (i may rise) but moves last_tried strictly up the arena; exponential worst case but finite
348	SG	renderer/css/selectors/nth.wf	67	nth_scan	C1	node_count - step	step>=node_count break; cursor None break	local (step incremented unconditionally at end of every continuing iteration)	high	cursor follows next_sibling links (C6-like) but step bound alone guarantees termination
349	SG	renderer/css/selectors/parse.wf	156	parse_one_compound	C1	limit - cur	saw_pseudo_element; cur>=limit; try_any_simple None; Err	callee-advance: try_any_simple returns step.pos > cur on every Some (try_id/try_class/try_attribute/try_pseudo/try_type_or_universal consume >=1 component by inspection; contracts state only requires, no ensures result>pos)	medium	callee-advance; no ensures on try_* to make it machine-checkable; also count+wrap 1 per iteration is a second measure only up to u64
350	SG	renderer/css/selectors/parse.wf	260	parse_complex_selector	C1	max_compounds_per_selector - count (secondary limit - cur)	count>max_compounds_per_selector -> TooLarge; cur>=limit or comma; parse_one_compound None/Err; bad combinator	local: count +wrap 1 each continuing iteration against the constant max_compounds_per_selector guard (also cp.pos>cur via parse_one_compound callee-advance)	high	count-bound makes it local; the cursor argument additionally needs callee-advance
351	SG	renderer/css/selectors/parse.wf	382	parse_complex_selector_list	C1	limit - cur	cur>=limit after a selector; next token not a comma; None/Err from parse_complex_selector	callee-advance: parse_complex_selector returns pos > loop cur (it consumed >=1 compound); continue path then adds comma+1	medium	callee-advance
352	SG	renderer/css/selectors/positions.wf	96	sibling_positions	C1	count - step	step>=count; cursor None; child index >= count	local: step +wrap 1 each continuing iteration against step<count guard	high	sibling cursor (C6 next_sibling chain) is additionally cut by the step<count bound, so acyclic links are not needed
353	SG	renderer/css/selectors/positions.wf	149	sibling_positions	C1	count - back	back>=count; again None; child index >= count	local: back +wrap 1 each continuing iteration against back<count guard	high	same as 352; step counter bounds the sibling chain walk
354	SG	renderer/css/selectors/scan.wf	609	skip_ws	C1	limit - pos	pos>=limit; non-whitespace component	callee-advance: component_end ensures result > at (contract ensures result > at, result <= limit)	high	callee-advance stated by contract
355	SG	renderer/css/selectors/text_cmp.wf	145	bytes_word_contains	C1	h - pos	pos>=h; word_start>=h; word match; order/bound check false	callee-advance: word_end > word_start >= pos because skip_ws_bytes stops on a non-ws byte before h and word_end_bytes advances past at least it (contracts state only >= at)	medium	callee-advance; strictness word_end>word_start relies on skip_ws_bytes postcondition (byte at word_start non-ws), not stated in contracts
356	SG	renderer/css/selectors/text_cmp.wf	183	skip_ws_bytes	C1	limit - pos	pos>=limit; non-space byte	local	high	
357	SG	renderer/css/selectors/text_cmp.wf	207	word_end_bytes	C1	limit - pos	pos>=limit; ascii space byte	local	high	
358	SG	renderer/css/color/scan.wf	308	next_lead	C1	limit - pos	pos>=limit; every non-Whitespace lead returns	local	high	only Whitespace continues, with pos+1
359	WF	lib/std/collections/hash_map/hash-map.wf	249	hash_map_rebuild	C3	previous.inner.len	previous.inner.len==0	local: take_back pops one slot per iteration	high	inner @owner loop (360) runs to completion per iteration
360	WF	lib/std/collections/hash_map/hash-map.wf	263	hash_map_rebuild	C10	pending.len (1 -> 0) via first vacant bucket found	pending.len==0	not local: for @vacancy over 0..count must find an available (Vacant or Deleted) bucket; needs hash_map_probe to hit every bucket over steps 0..count (permutation) AND occupied buckets < capacity (capacity>=old_count, retained owners inserted so far < old_count); the exchange then always returns HashMapInserted because the bucket was available	medium	syntactic no-progress path: if for @vacancy finds no available bucket the loop returns to header with pending.len still 1 and loops forever; excluded only by the pigeonhole argument in the fn doc, not machine-checked; HashMapReturned arm (place_back) is unreachable on an available bucket. Not SUSPECT: no input triggers it given capacity>=old_count
361	WF	lib/std/collections/hash_map/hash-map.wf	413	hash_map_free	C3	storage.inner.len	storage.inner.len==0	local: take_back pops one	high	
362	WF	lib/std/collections/slab/slab.wf	114	slab_free	C3	cells.inner.len	cells.inner.len==0	local: take_back pops one cell each iteration	high	inner storage pop is a guarded single pop, not a loop
363	WF	lib/std/collections/deque/deque.wf	86	deque_rebase	C3	values.inner.len	values.inner.len<=0	local: take_front pops one; done counter matches built.len	high	invariant counter/input_lo/input_hi/output_lo/output_hi are all equality-style facts
364	WF	lib/std/collections/deque/deque.wf	111	deque_drain	C3	values^.inner.len	values^.inner.len==0	local: take_front pops one; DequeDrain::accept cannot re-push (env is a separate value)	high	callee accept must not grow values; separated by the borrow, not stated by contract
365	WF	lib/std/collections/priority_queue/priority-queue.wf	69	priority_queue_sift_rise_indexed	C2	at	at==0; order<=0	local: invariant progress parent < at (parent=(at-1)/2) with set at = parent	high	sift-up; heap index falls toward the root
366	WF	lib/std/collections/priority_queue/priority-queue.wf	134	priority_queue_sift_sink_indexed	C1	count - at (equivalently parents - at)	at>=parents; order<=0	callee-advance: priority_queue_child returns best; invariant progress best > at is checked inline (best>=2at+1)	high	invariant children: 2*at+2<=count with use steps
367	WF	lib/std/collections/priority_queue/priority-queue.wf	350	priority_queue_drain	C3	queue^.storage.inner.len	storage.inner.len==0	callee-shrink: priority_queue_pop removes exactly one element (len decreases)	medium	callee-shrink; no explicit contract seen in this loop; consume takes separate env
368	WF	lib/std/collections/priority_queue/priority-queue.wf	366	priority_queue_free	C3	queue.storage.inner.len	storage.inner.len==0	local: take_back pops one	high	
369	WF	lib/std/collections/vector/grow-vector.wf	141	grow_vector_truncate	C3	values^.storage.inner.len - retained	len<=retained	local: take_back pops one; invariant len>=retained	high	
370	WF	lib/std/collections/ordered_map/ordered-map.wf	481	ordered_map_free_node	C3	node.inner.entries.len	entries.len==0	local: take_back pops one entry; per-entry link free is a callee (recursion into child nodes)	high	recursion through ordered_map_free_link depends on owned Box link ownership (C5) but not on this loop's measure
371	WF	tests/programs/adaptive_quadrature.wf	101	main	C9	64 - sent	sent>=64; write_once Err (return exit_status 1)	callee-advance not proven: write_once contract only gives start<=next<=end, so Ok(next==sent) is admitted; needs host write to write >=1 byte per call	medium	every continuing iteration performs a waiting host write; termination needs progress per write; contract allows next==start
372	WF	tests/programs/busy_contexts.wf	18	play	C9	none (external: stop flag set by another context)	done!=0 after the turn condition holds	waits on atomic turn==mine, set by another thread; termination depends on the other thread setting stop	medium	atomic-when blocks until turn==mine; no local descent measure
373	WF	tests/programs/byte_string.wf	137	bs_find	C1	last - start	start>last; match found	local: start +wrap 1 per continuing iteration against start>last guard	high	inner @compare is a separate C1 loop; +wrap could wrap only if last is u64::MAX
374	WF	tests/programs/byte_string.wf	144	bs_find	C1	needle_length - offset	offset>=needle_length; mismatch	local: offset +wrap 1 per continuing iteration (offset starts 0)	high	
375	WF	tests/programs/byte_string.wf	227	publish_all	C9	length - sent	sent>=length; write_once Err (return)	callee-advance not proven: write_once contract only gives start<=next<=end; needs >=1 byte written per host write	medium	every continuing iteration performs a waiting host write
376	WF	tests/programs/deadlines.wf	154	parse_port	C1	length - index	index>=length; non-digit byte	local: index +wrap 1 on the only continuing path	high	
377	WF	tests/programs/dir_walk.wf	25	publish_all	C9	length - sent	sent>=length; write_once Err (return)	callee-advance not proven: write_once contract only gives start<=next<=end; needs >=1 byte written per host write	medium	every continuing iteration performs a waiting host write
378	WF	tests/programs/dir_walk.wf	73	record_before	C1	shared - at	at>=shared; byte difference returns	local	high	
379	WF	tests/programs/dir_walk.wf	115	record_line	C1	min(count - taken, spare - cursor)	taken>=count; cursor>=spare	local: taken and cursor both +wrap 1 per continuing iteration	high	
380	WF	tests/programs/dir_walk.wf	166	walk	C9	none locally (directory listing entries remaining, host state)	ended!=0 (ListEnd or ListFailed); produced==0	each continuing iteration performs a waiting directory_next host call that consumes entries from the listing; termination needs the host directory to end (ListEnd) or return an empty batch	medium	recursion via walk on subdirectories (depth param) is separate from this loop; produced>0 without the source advancing would loop forever
381	WF	tests/programs/dir_walk.wf	196	walk	C1	produced - at	header_end>produced; unreadable index; name_end>produced or > entries_room	local: at = name_end = at + 3 + name_count >= at+3 on every continuing path (set at before any continue path); guard at+3<=produced	high	+wrap on at+3 cannot wrap because guarded by <= produced; recurses into walk in the body but that does not touch the header
382	WF	tests/programs/dir_walk.wf	283	walk	C1	min(prefix_length - cursor, ...)	cursor>=prefix_length; cursor>=prefix_room; cursor>=child_room	local	high	
383	WF	tests/programs/dir_walk.wf	310	walk	C1	name_count - taken	taken>=name_count; source_at>=entries_room; cursor>=child_room	local	high	
384	WF	tests/programs/dir_walk.wf	402	exercise	C1	stored - seed	seed>=stored; seed>=order_room	local	high	
385	WF	tests/programs/dir_walk.wf	417	exercise	C1	stored - selected	selected>=stored; selected>=order_room	local	high	selection sort outer loop
386	WF	tests/programs/dir_walk.wf	430	exercise	C1	stored - probe	probe>=stored; probe or best out of room	local	high	
387	WF	tests/programs/dir_walk.wf	472	exercise	C1	stored - emitted	emitted>=stored; emitted>=order_room; status!=0	local	high	
388	WF	tests/programs/feedback_controller.wf	21	main	C1	4096 - iteration	iteration==4096	local: iteration +wrap 1 from 0; equality exit needs initial iteration<=4096	high	
389	WF	tests/programs/grayscale_pixels.wf	26	grayscale	C1	8 - pixel	pixel==8; out-of-bounds Err; propagate Err	local: pixel +wrap 1 from 0; equality exit needs initial pixel<=8	high	
390	WF	tests/programs/io_chunked_read.wf	26	exercise	C9	none locally (file remaining bytes)	ReadEnd; ReadFailed	every continuing iteration performs a waiting read_at; ends at end of file; contract permits Ok(next==start), so termination needs the host to return ReadEnd at EOF and not repeat empty reads	medium	file is finite; total grows by n per read
391	WF	tests/programs/io_complete_first_slice.wf	68	exercise	C9	none locally (file remaining bytes)	ReadEnd; ReadFailed; write Err; chunk>page_length return	every continuing iteration performs a waiting read_at and write_once; termination needs the file to end (ReadEnd)	medium	the write side also needs progress but the loop does not depend on it
392	WF	tests/programs/mandelbrot_grid.wf	9	mandelbrot_escapes	C1	64 - iteration	iteration==64_u32; escape	local: iteration +wrap 1 from 0; equality exit	high	escape is an early exit only
393	WF	tests/programs/mandelbrot_grid.wf	39	main	C1	48 - y	y==48	local: y +wrap 1 from 0; equality exit	high	
394	WF	tests/programs/mandelbrot_grid.wf	45	main	C1	64 - x	x==64	local: x +wrap 1 from 0; equality exit	high	
395	WF	tests/programs/owned_link_cursors.wf	22	sum	C5	remaining length of owned Option<Box> chain from cursor	cursor^ is None -> return	owned chain: cursor = &node^.inner.next moves to the owned child; finiteness from Box ownership	high	
396	WF	tests/programs/owned_link_cursors.wf	51	remove_even	C5	remaining length of owned chain from cursor (removal shortens it too)	cursor^ is None -> return	owned chain: else-branch advances to next; even-branch replaces cursor^ with without_first(head), a shorter chain (callee removes exactly one node)	medium	callee-shrink: without_first must return the tail; if it returned the same list the loop would not progress
397	WF	tests/programs/owned_link_cursors.wf	71	raise_values	C5	remaining length of owned chain from cursor	cursor^ is None -> return	owned chain	high	
398	WF	tests/programs/owned_link_cursors.wf	108	edge	C5	depth of remaining owned tree below cursor	Leaf -> return	owned chain: cursor descends into an owned Box child each iteration	high	binary tree descent, single path
399	WF	tests/programs/owned_link_cursors.wf	131	repeated_sum	C5	remaining length of owned chain from cursor	cursor^ is None -> break	owned chain	high	
400	WF	tests/programs/par_layout.wf	71	measure_words	C1	spare - k	k>=spare	local: k +wrap 1	high	
401	WF	tests/programs/par_layout.wf	175	spell_hex	C1	limit - cursor	cursor>=limit	local: cursor +wrap 1	high	
402	WF	tests/programs/par_layout.wf	226	main	C1	batches - batch	batch>=batches	local: batch +wrap 1 per iteration	high	inner @reps runs to completion first
403	WF	tests/programs/par_layout.wf	233	main	C1	repetitions - i	i==repetitions	local: i +wrap 1 from 0; equality exit needs initial i<=repetitions (repetitions=1_u64)	high	
404	WF	tests/programs/par_layout.wf	247	main	C1	batches - band_batch	band_batch>=batches	local	high	
405	WF	tests/programs/par_layout.wf	254	main	C1	repetitions - j	j==repetitions	local: j +wrap 1 from 0; equality exit	high	
406	WF	tests/programs/pipe_contexts.wf	16	consume	C9	262144 - count	count>=262144; read_next Err (ReadEnd/DeadlinePassed)	every continuing iteration performs a waiting read_next; count += n where the contract only gives next>=start (n may be 0)	medium	bound exists but strict advance per read is not contract-stated; also a pipe peer must eventually close
407	WF	tests/programs/pipe_contexts.wf	41	produce	C9	262144 - count	count>=262144; write_once Err	every continuing iteration performs a waiting write_once; count += n where the contract gives next>=start	medium	bound exists but strict advance per write is not contract-stated; window &chunk[count..] uses count<262144 so bounded
408	WF	tests/programs/poll_contexts.wf	18	main	C9	none (external: cell set by another context)	seen!=0	spin-poll on an atomic cell with no host call; termination depends on another thread storing nonzero	medium	busy wait, no waiting host call, no local measure
409	WF	tests/programs/raw_deflate.wf	30	read_bits	C1	input_length - state^.input_offset	state^.bits>=count; input exhausted -> Truncated	local: input_offset +wrap 1 and bits +wrap 8 per iteration; exits when bits>=count or offset>=len	high	bits u32 +8 only reached below count so no wrap
410	WF	tests/programs/raw_deflate.wf	61	decode_fixed_symbol	C1	9 - bit_length	found; bit_length==9 -> InvalidHuffmanCode; read_bits Err	local: bit_length +wrap 1 from 1 with equality exit at 9 (initial 1_u32); read_bits also consumes >=1 bit each iteration	high	
411	WF	tests/programs/raw_deflate.wf	129	decode_fixed	C1	8*(input_length - input_offset) + state.bits (remaining bits)	end-of-block symbol; any Err (Truncated, InvalidDistance, OutputFull)	callee-advance: decode_fixed_symbol calls read_bits >=7 times, each removing count>=1 bits from the reservoir (bits -wrap count after filling) or failing with Truncated	medium	measure is over stream bits; not local arithmetic; decode_length/copy_distance also consume or fail
412	WF	tests/programs/raw_deflate.wf	196	inflate	C1	8*(input_length - input_offset) + state.bits (remaining bits)	final_block after the block; any Err	callee-advance: each iteration reads 1+2 header bits via read_bits (count>=1); stored path also advances input_offset by >=4	medium	not local; a block that consumed nothing cannot occur because the 3 header bits are always consumed
413	WF	tests/programs/raw_deflate.wf	288	inflate	C1	copy_length - copied	copied==copy_length; source outside input	local: copied +wrap 1 from 0; equality exit	high	
414	WF	tests/programs/raw_deflate_boundary.wf	157	copy_range	C1	to - cursor	cursor>=to; out of room -> return	local: cursor +wrap 1	high	
415	WF	tests/programs/raw_deflate_boundary.wf	213	publish_all	C9	length - sent	sent>=length; write_once Err (return)	callee-advance not proven: write_once contract only gives start<=next<=end; needs >=1 byte written per host write	medium	every continuing iteration performs a waiting host write
416	WF	tests/programs/raw_deflate_boundary.wf	316	exercise	C9	4097 - filled	spare==0; filled>4097; ended!=0 (ReadEnd, ReadFailed)	every continuing iteration performs a waiting read_at; bounded by 4097-filled only if each Ok(endpoint) has endpoint>filled, but read_at contract only gives start<=next<=end	medium	bound exists; strict advance per read is not contract-stated
417	WF	tests/programs/raw_deflate_dynamic.wf	72	copy_distance	C1	copy_length - copied	copied==copy_length; distance out of history	local: copied +wrap 1 (copied starts 0); equality exit needs copy_length>=0 trivially	high	
418	WF	tests/programs/raw_deflate_dynamic.wf	155	build_huffman_table	C1	max_bits - length + 1	length>max_bits; oversubscribed -> Err	local: length +wrap 1	high	initial length assumed <=max_bits+1
419	WF	tests/programs/raw_deflate_dynamic.wf	199	build_huffman_table	C1	max_bits - length + 1	length>max_bits	local: length +wrap 1	high	
420	WF	tests/programs/raw_deflate_dynamic.wf	251	decode_table_symbol	C1	table^.max_bits - bit_length	found; bit_length==table^.max_bits -> InvalidHuffmanCode; index out of counts -> Err; read_bits Err	local: bit_length +wrap 1 from 1 with equality exit at table^.max_bits; if max_bits==0 the equality is never hit, but read_bits then consumes input each iteration and hits Truncated	medium	equality exit needs max_bits>=1; otherwise the input bit-stream measure (see 411) terminates it
421	WF	tests/programs/raw_deflate_dynamic_decode.wf	45	read_dynamic_code_lengths	C1	code_count - code_index	code_index==code_count; ordered index >=19 -> Err	local: code_index +wrap 1 from 0; equality exit needs code_count>=code_index (code_count=bits+4)	high	
422	WF	tests/programs/raw_deflate_dynamic_decode.wf	151	decode_dynamic	C1	total_lengths - position	position==total_lengths; any Err	local: position advances by 1 (direct) or by repeat_count>=3 (16,17) / >=11 (18) via inner C1 loops; overrun check keeps position<=total_lengths so equality exit is reachable	high	the direct-length branch has no overrun check but only advances 1 from position<total
423	WF	tests/programs/raw_deflate_dynamic_decode.wf	196	decode_dynamic	C1	repeat_count - repeated	repeated==repeat_count; store Err	local: repeated +wrap 1 from 0	high	
424	WF	tests/programs/raw_deflate_dynamic_decode.wf	245	decode_dynamic	C1	repeat_count - repeated	repeated==repeat_count; store Err	local: repeated +wrap 1 from 0	high	
425	WF	tests/programs/raw_deflate_dynamic_decode.wf	272	decode_dynamic	C1	8*(input.len - input_offset) + bits (unread compressed bits)	symbol==256 end-of-block break; any decode/emit/copy error returns	decode_table_symbol consumes >=1 bit per call (read_bits count 1 inside its loop) or returns Truncated/InvalidHuffmanCode	high	callee-advance; every continuing path decodes a symbol so at least one bit is consumed; measure is the bit reservoir plus unread bytes
426	WF	tests/programs/raw_deflate_vectors.wf	445	check_fixed_match	C1	16 - fixed_match_index	index==16 break; index>=output.len return; byte mismatch return	local	high	equality exit; init 0 and the room check bound it even if index started above 16
427	WF	tests/programs/raw_deflate_vectors.wf	499	check_fixed_phrase	C1	17 - fixed_phrase_index	index==17 break; room check return; mismatch return	local	high	equality exit; init 0
428	WF	tests/programs/raw_deflate_vectors.wf	554	check_dynamic	C1	100 - dynamic_output_index	index==100 break; room check return; mismatch return	local	high	equality exit; init 0
429	WF	tests/programs/raw_deflate_vectors.wf	648	check_dynamic_match	C1	4 - dynamic_match_repeat (outer; inner loop is a fixed 100-step scan)	repeat==4 break; inner returns on mismatch	local	high	outer loop over 4 repeats; nested loop is loop 430
430	WF	tests/programs/raw_deflate_vectors.wf	655	check_dynamic_match	C1	100 - dynamic_match_index	index==100 break; room check / expected-byte check / mismatch return	local	high	equality exit; inner index reset to 0 each outer iteration
431	WF	tests/programs/raw_deflate_vectors.wf	719	check_mixed_block	C1	100 - mixed_block_index	index==100 break; room check / mismatch return	local	high	equality exit; init 0
432	WF	tests/programs/redis_subset.wf	242	put_decimal	C2	rest	rest==0 after rest/10 break	local	high	decimal digit extraction; rest/10 < rest for rest>0; count<20 only caps the digit buffer
433	WF	tests/programs/redis_subset.wf	281	read_number	C1	held - index	index>=held return (incomplete); CR byte break; non-digit return; digits>=18 return	local	high	index advances by 1 on every continuing path
434	WF	tests/programs/redis_subset.wf	537	decimal_value	C2	rest	rest==0 after rest/10 break	local	high	decimal digit extraction; rest/10 < rest for rest>0; count<20 only caps the digit buffer
435	WF	tests/programs/redis_subset.wf	731	log_decimal	C2	rest	rest==0 after rest/10 break	local	high	decimal digit extraction; rest/10 < rest for rest>0; count<20 only caps the digit buffer
436	WF	tests/programs/redis_subset.wf	760	decimal_length	C2	rest	rest==0 break at the top	local	high	rest/10 each iteration
437	WF	tests/programs/redis_subset.wf	1297	send_all	C1	length - sent	sent>=length break; send_once Err return	send/write Ok next > sent on every continuing call (callee-advance); contract ensures only start<=next<=end	medium	callee-advance; waiting host call each iteration (also C9-like); ensures does not exclude next==start so the descent proof needs strict advance from callee prose; append_all guards this explicitly, this loop does not
438	WF	tests/programs/redis_subset.wf	1368	serve	C9	none (held is not monotone: receive raises it, keep_rest lowers it by the consumed bytes)	held>=16384 (incomplete command fills the buffer); receive_next Err (peer closed or idle deadline); send error; malformed command	every continuing iteration makes a waiting receive_next call; server loop runs while the peer keeps sending	high	legitimate long-running server loop; contains inner loop 439
439	WF	tests/programs/redis_subset.wf	1394	serve	C1	held - consumed	command.state==0 (incomplete) break; state==2 (malformed) break; send_all Err break	parse_command returns state 1 only with next > start (position starts at header.next >= start+2 and never falls) and next <= held	high	callee-advance; callee-advance via parse_command; consumed rises by the whole command each iteration
440	WF	tests/programs/redis_subset.wf	1480	expire_keys	C9	none	stop flag (store.stopping) break after the batches loop	each iteration sleeps 100ms (sleep_until)	high	background expiry ticker; runs until program stops
441	WF	tests/programs/redis_subset.wf	1487	expire_keys	C3	priority queue length of due entries (store.due len)	expire_batch returns False (queue empty or head not yet due)	expire_batch pops up to 256 entries per call and returns True only after popping 256; no concurrent push of already-due entries between atomic sections	medium	other client contexts may push new expiries between atomic blocks; not provable locally, terminates in practice because new entries are due in the future
442	WF	tests/programs/redis_subset.wf	1510	append_all	C1	length - written	written>=length break; append_once Err return; next==written return False	local (explicit next==written no-progress guard plus append_once ensures start<=next)	high	callee-advance; contrast with send_all: this loop guards zero progress
443	WF	tests/programs/redis_subset.wf	1533	write_log	C9	none	stop flag (store.stopping) break after final sync	each iteration sleeps 10ms (sleep_until) and appends	high	background log writer runs until program stops
444	WF	tests/programs/redis_subset.wf	1589	replay	C9	none local (file_offset rises by got>=1 on every continuing iteration toward the external file length)	held>=65536 break; got==0 or read Err ends; malformed command break	read_at Ok with next==held ends the loop, so continuing iterations read >=1 byte; finite file	medium	waiting file read every iteration; held falls again in keep_rest so it is not the measure; contains loop 445
445	WF	tests/programs/redis_subset.wf	1612	replay	C1	held - consumed	command.state==0 break; state==2 break	parse_command returns state 1 only with next > start and next <= held	high	callee-advance; same shape as loop 439
446	WF	tests/programs/redis_subset.wf	1783	main	C9	count - accepted when count!=0, otherwise none (count==0 accepts forever)	count!=0 and accepted>=count break; tcp_accept Err break	every continuing iteration makes a waiting tcp_accept call	high	accepted counter is a bounded cursor only when count!=0; with count==0 the server accepts indefinitely by design
447	WF	tests/programs/run_views.wf	9	view_total	C1	width - at	at==width break; at>=width return 0	local	high	at advances by 1; redundant equality plus < guard
448	WF	tests/programs/sha256_abc.wf	119	main	C1	1024 - iteration	iteration==1024 break	local	high	equality exit; init 0
449	WF	tests/programs/stdin_echo.wf	17	publish_all	C1	length - sent	sent>=length break; write_once Err return	write Ok next > sent on every continuing call (callee-advance); contract ensures only start<=next<=end	medium	callee-advance; waiting host call each iteration (also C9-like); ensures does not exclude next==start so the descent proof needs strict advance from callee prose; append_all guards this explicitly, this loop does not
450	WF	tests/programs/stdin_echo.wf	52	main	C9	none	ReadEnd or read Err ends; publish_all Err ends	every continuing iteration makes a waiting read_next call	high	stdin echo loop runs until EOF
451	WF	tests/programs/tcp_client.wf	129	parse_port	C1	length - index	index>=length break; non-digit byte break	local	high	index +1 on every continuing path (ended==0)
452	WF	tests/programs/tcp_client.wf	162	send_all	C1	length - sent	sent>=length break; send_once Err return	send/write Ok next > sent on every continuing call (callee-advance); contract ensures only start<=next<=end	medium	callee-advance; waiting host call each iteration (also C9-like); ensures does not exclude next==start so the descent proof needs strict advance from callee prose; append_all guards this explicitly, this loop does not
453	WF	tests/programs/tcp_client.wf	187	publish_all	C1	length - sent	sent>=length break; write_once Err return	write Ok next > sent on every continuing call (callee-advance); contract ensures only start<=next<=end	medium	callee-advance; waiting host call each iteration (also C9-like); ensures does not exclude next==start so the descent proof needs strict advance from callee prose; append_all guards this explicitly, this loop does not
454	WF	tests/programs/tcp_client.wf	283	main	C9	none	ReadEnd or receive Err ends; publish_all Err ends	every continuing iteration makes a waiting receive_next call	high	runs until peer closes
455	WF	tests/programs/tcp_contexts.wf	39	parse_port	C1	length - index	index>=length break; non-digit byte break	local	high	index +1 on every continuing path
456	WF	tests/programs/tcp_contexts.wf	72	send_all	C1	length - sent	sent>=length break; send_once Err return	send/write Ok next > sent on every continuing call (callee-advance); contract ensures only start<=next<=end	medium	callee-advance; waiting host call each iteration (also C9-like); ensures does not exclude next==start so the descent proof needs strict advance from callee prose; append_all guards this explicitly, this loop does not
457	WF	tests/programs/tcp_contexts.wf	102	serve	C9	none	receive Err (end or failure) ends; send_all Err ends	every continuing iteration makes a waiting receive_next call	high	echo loop runs until peer closes
458	WF	tests/programs/tcp_contexts.wf	187	main	C9	count - accepted when count!=0, otherwise none	count!=0 and accepted>=count break; tcp_accept Err break	every continuing iteration makes a waiting tcp_accept call	high	accepts forever when count==0
459	WF	tests/programs/tcp_echo.wf	222	parse_port	C1	length - index	index>=length break; non-digit byte break	local	high	index +1 on every continuing path
460	WF	tests/programs/tcp_echo.wf	255	send_all	C1	length - sent	sent>=length break; send_once Err return	send/write Ok next > sent on every continuing call (callee-advance); contract ensures only start<=next<=end	medium	callee-advance; waiting host call each iteration (also C9-like); ensures does not exclude next==start so the descent proof needs strict advance from callee prose; append_all guards this explicitly, this loop does not
461	WF	tests/programs/tcp_echo.wf	333	main	C9	none	ReadEnd or receive Err ends; send_all Err ends	every continuing iteration makes a waiting receive_next call	high	runs until peer closes
462	WF	tests/programs/tcp_fanout.wf	131	parse_port	C1	length - index	index>=length break; non-digit byte break	local	high	index +1 on every continuing path
463	WF	tests/programs/tcp_fanout.wf	164	send_all	C1	length - sent	sent>=length break; send_once Err return	send/write Ok next > sent on every continuing call (callee-advance); contract ensures only start<=next<=end	medium	callee-advance; waiting host call each iteration (also C9-like); ensures does not exclude next==start so the descent proof needs strict advance from callee prose; append_all guards this explicitly, this loop does not
464	WF	tests/programs/tcp_gather.wf	38	parse_port	C1	length - index	index>=length break; non-digit byte break	local	high	index +1 on every continuing path
465	WF	tests/programs/tcp_gather.wf	71	send_all	C1	length - sent	sent>=length break; send_once Err return	send/write Ok next > sent on every continuing call (callee-advance); contract ensures only start<=next<=end	medium	callee-advance; waiting host call each iteration (also C9-like); ensures does not exclude next==start so the descent proof needs strict advance from callee prose; append_all guards this explicitly, this loop does not
466	WF	tests/programs/tcp_refused.wf	216	parse_port	C1	length - index	index>=length break; non-digit byte break	local	high	index +1 on every continuing path
467	WF	tests/programs/wfgrep.wf	212	widen_window	C1	total - cell.inner.len	len>=total break; len>=cap return False	place_back grows inner.len by exactly 1 (kernel builtin)	high	callee-advance; length is a cursor toward total; cap check is the failure exit
468	WF	tests/programs/wfgrep.wf	315	copy_range	C1	to - cursor	cursor>=to break; source or destination room exhausted return	local	high	cursor +1 every continuing path
469	WF	tests/programs/wfgrep.wf	344	publish_all	C1	length - sent	sent>=length break; write_once Err return	write Ok next > sent on every continuing call (callee-advance); contract ensures only start<=next<=end	medium	callee-advance; waiting host call each iteration (also C9-like); ensures does not exclude next==start so the descent proof needs strict advance from callee prose; append_all guards this explicitly, this loop does not
470	WF	tests/programs/wfgrep.wf	402	name_before	C1	shared - at	at>=shared break; byte differs return	local	high	at +1
471	WF	tests/programs/wfgrep.wf	426	put_decimal	C2	probe	probe<10 break	local	high	probe/10 < probe for probe>=10
472	WF	tests/programs/wfgrep.wf	439	put_decimal	C2	cursor - at (cursor falls toward at)	cursor<=at break	local	high	cursor -1 each iteration under the cursor>at guard, so no wrap
473	WF	tests/programs/wfgrep.wf	468	assemble_failure	C1	path_length - copied_count	copied_count>=path_length break; source or report room exhausted break	local	high	copied_count +1
474	WF	tests/programs/wfgrep.wf	596	scan_line	C1	pattern_length - ahead	ahead>=pattern_length break; mismatch, newline or end of input break	local	high	ahead +1; nested in the scan_line for loop
475	WF	tests/programs/wfgrep.wf	749	search_file	C9	none local (file_offset rises by the bytes received toward the external file size)	ended (ReadEnd or Err) break; overlong line (spare==0) status 6; line/shift status error; widen_window failure	read_at Ok must have next > carry on a continuing call (contract ensures only start<=next; ReadEnd signals EOF); window doubling is bounded by widen_window ceiling	medium	waiting file read every iteration; carry (tail of incomplete line) is not monotone so it cannot be the measure; contains loop 476
476	WF	tests/programs/wfgrep.wf	805	search_file	C1	available - scan	complete==false (terminator>=available) break; status!=0 break; hit publish error break	scan_line returns terminator >= scan (its for range is scan..available) so scan'=terminator+1 > scan; continuing needs terminator<available	high	callee-advance; callee-advance via scan_line; all publish/copy calls do not touch scan
477	WF	tests/programs/wfgrep.wf	976	keep_entry	C1	name_count - taken	taken>=name_count break; source unreadable return False; push_byte failure return False	local	high	taken +1
478	WF	tests/programs/wfgrep.wf	1020	walk	C9	none (each batch is one directory_next host call; directory finite)	directory_next end or failure; empty batch (produced==0); overflowed keep_entry	every continuing iteration makes a waiting directory_next call; Ok with produced>0 must eventually stop because the directory is finite	medium	contains stored_entry loops (479); directory iterator state advances in the host
479	WF	tests/programs/wfgrep.wf	1050	walk	C1	produced - at	header_end>produced break; unreadable break; name_end>produced/wrapped/unaddressable break; keep_entry failure break	at'=name_end=at+3+name_count > at (ordered check name_at<=name_end excludes wrap)	high	at strictly rises by >=3 on every continuing path; reads guarded by at<entries_room
480	WF	tests/programs/wfgrep.wf	1163	walk	C1	stored - selected	selected>=stored break; selected>=order.len break	local	high	selection sort outer index +1
481	WF	tests/programs/wfgrep.wf	1176	walk	C1	stored - probe	probe>=stored break; probe/best not readable break	local	high	probe +1; name_before is a side-effect-free comparison
482	WF	tests/programs/wfgrep.wf	1214	walk	C1	stored - visited	visited>=stored break; any bounds failure sets failed and breaks; stopped halt break	local (set visited = visited+1 precedes every continuing path)	high	recursion into walk for subdirectories is bounded by the path-length check cursor>65536 outside this loop
483	WF	tests/programs/wfgrep.wf	1282	walk	C1	prefix_length - cursor	cursor>=prefix_length break; room checks break	local	high	cursor +1
484	WF	tests/programs/wfgrep.wf	1309	walk	C1	name_count - taken	taken>=name_count break; room checks break	local	high	taken +1 and cursor +1
485	WF	tests/programs/wfgrep.wf	1434	search_root	C1	length - start	start>=length break; non-separator byte break	local	high	start +1 only on a slash
486	WF	tests/programs/wfgrep.wf	1453	search_root	C1	length - end	end>=length break; separator byte break	local	high	end +1
487	WF	tests/programs/wfgrep.wf	1471	search_root	C1	length - next	next>=length break; non-separator byte break	local	high	next +1 only on a slash
488	WF	tests/programs/wfgrep.wf	1613	exercise	C1	root_length - copied	copied>=root_length break; room checks break	local	high	copied +1
489	WF	tests/programs/wfgrep.wf	1635	exercise	C2	display (falls toward 1)	display<=1 break; last byte not a slash break	local	high	display = display-1 under display>1 guard
490	WF	tests/programs/compute/bfs.wf	114	bfs_sparse	C6	none scalar; walks frontier links vertex -> links[vertex] until the count sentinel	vertex>=count (sentinel or end) break	links acyclic: each vertex is linked at most once ever (guarded by distance==count when discovered), links are written only for newly discovered vertices never for ones on the list being walked	medium	intrusive singly linked frontier list stored as indices in a Box<Array<u64>>; could also be read as C4 stack push once per vertex; per-level bound is the level for-range
491	WF	tests/programs/compute/merge_sort.wf	30	lower_bound	C1	upper - lower	lower>=upper return lower	search_step returns (middle+1, upper) or (lower, middle) with lower<=middle<upper so upper-lower strictly falls; the contract does not state the strict shrink (ensures only next_lower<=next_upper<=len)	medium	callee-advance; binary search; strict descent is in the callee body not its contract
492	WF	tests/programs/containers/indexed-membership-program.wf	465	indexed_expire	C2	at	at==0 break; not before break; index-out-of-range failure break	local	high	set at = previous = at-1 under at!=0 guard
493	WF	tests/programs/containers/indexed-membership-program.wf	1034	indexed_heapify_reports	C3	priority_queue_len(queue)	remaining==0 break	priority_queue_remove_at_indexed ensures len+1 == entry len (contract)	high	the for loop inside only reads
494	WF	tests/programs/containers/indexed-store.wf	538	record_store_expire	C3	priority_queue_len(store.due)	length==0 break; first.deadline>now break	priority_queue_remove_at_indexed ensures len+1 == entry len; the detach/delete calls do not push into due	medium	also exits on the head not yet due
495	WF	tests/programs/containers/packed-page.wf	27	checksum	C1	used - at	at>=used break; width>remaining return None	local	high	at' = at+1+width >= at+1
496	WF	tests/programs/containers/priority-queue-program.wf	41	priority_test_sort	C2	at	at==0 break; sorted pair break	local	high	set at = previous = at-1 under at!=0
497	WF	tests/programs/containers/priority-queue-program.wf	236	priority_test_scalar_heapify	C3	priority_queue_len(queue)	length==0 break	priority_queue_pop shrinks len by 1 (library callee)	high	
498	WF	tests/programs/containers/priority.wf	10	push	C2	at	at==0 break; parent<=child break	local	high	at' = (at-1)/2 < at
499	WF	tests/programs/containers/priority.wf	42	pop	C1	count - at	left>=count break; heap order satisfied break	local	high	best >= left = 2*at+1 > at; index at least doubles so this also gives a log bound
500	WF	tests/programs/parallel/range_fold.wf	11	mix	C1	24 - round	round==24 break	local	high	equality exit; init 0
501	WF	tests/programs/parallel/range_fold.wf	35	spell	C1	(at + 8) - cursor	cursor>=limit break	local	high	cursor +1; limit=at+wrap 8 (if it wrapped the loop exits at once)
502	WF	tests/programs/parallel/spine.wf	33	spell	C1	8 - cursor	cursor>=8 break	local	high	cursor +1
503	WF	tests/programs/parallel/tree.wf	73	spell	C1	(at + 8) - cursor	cursor>=limit break	local	high	cursor +1
504	WF	tests/programs/parallel/window.wf	75	spell	C1	(at + 8) - cursor	cursor>=limit break	local	high	cursor +1
