# The suite of research/investigations/concurrent-map/DESIGN.md, stage (c): raw output of redis-bench.sh suite at ec0bb2e99, run 2026-10-01 14:17 to 22:35 UTC, one line per run. verify-suite lines check each server line with redis-benchmark's default suite; pilot lines give the rates that size the runs (12 s at the faster of Redis and firn); the rest are the server line, the pass, the server CPUs (0 and 1 with redis-benchmark on 2 and 3 with --threads 2, or 0 with redis-benchmark on 1 to 3 with --threads 3) and the pipeline depth, then redis-benchmark --csv: test, rps, avg, min, p50, p95, p99, max ms.
# Every run: redis-benchmark 7.0.15 -c 50 -r 100000, one test per run. Lines: redis-server 7.0.15 (reference) and valkey-server 7.2.13 with --save "" --appendonly no, valkey-io adding --io-threads 2 --io-threads-do-reads yes, dragonfly 2.0.0 with --proactor_threads 2 or 1 and --dbfilename empty, garnet-server 2.1.8 with --bind 127.0.0.1, firn (apps/firn at ec0bb2e99) and firn-base (apps/firn at e92a54ed7), both built with the compiler at ec0bb2e99, WF_DRIVERS 2 or 1 and arguments port 0 - 0. Host: 4 CPUs (Intel Xeon, named at 2.80 GHz), Linux 6.18. Each server line runs both depths, then stops; the lines interleave within a pass. From 14:23:09 to 14:23:33 make static ran at nice 19 on CPU 3, a client CPU, while the reference line's first pass ran SET to LPUSH at depth 1 on two CPUs; its LPUSH read 121,223 against 142,995 and 140,235 in the other passes, which the median of the three sets aside.
verify-suite,reference,20 tests
verify-suite,valkey,20 tests
verify-suite,valkey-io,20 tests
verify-suite,dragonfly-2,20 tests
verify-suite,garnet-2,20 tests
verify-suite,firn-2,20 tests
verify-suite,firn-base-2,20 tests
pilot,reference,1,ping_inline,133088.95
pilot,reference,1,ping_mbulk,133155.50
pilot,reference,1,set,112026.26
pilot,reference,1,get,114025.09
pilot,reference,1,incr,114220.45
pilot,reference,1,lpush,133111.25
pilot,reference,1,rpush,151486.00
pilot,reference,1,lpop,133199.80
pilot,reference,1,rpop,129636.69
pilot,reference,1,sadd,132492.67
pilot,reference,1,hset,113976.04
pilot,reference,1,spop,133111.25
pilot,reference,1,zadd,88760.55
pilot,reference,1,zpopmin,130915.24
pilot,reference,1,lrange_100,88593.09
pilot,reference,1,lrange_300,44404.97
pilot,reference,1,lrange_500,33277.87
pilot,reference,1,lrange_600,28514.40
pilot,reference,1,mset,66510.98
pilot,reference,16,ping_inline,1059595.75
pilot,reference,16,ping_mbulk,1587283.00
pilot,reference,16,set,636434.50
pilot,reference,16,get,636434.50
pilot,reference,16,incr,795225.56
pilot,reference,16,lpush,1061006.62
pilot,reference,16,rpush,1065246.38
pilot,reference,16,lpop,1002865.94
pilot,reference,16,rpop,1042952.88
pilot,reference,16,sadd,795225.56
pilot,reference,16,hset,636434.50
pilot,reference,16,spop,1061006.62
pilot,reference,16,zadd,244722.36
pilot,reference,16,zpopmin,1065246.38
pilot,reference,16,lrange_100,176958.08
pilot,reference,16,lrange_300,56873.81
pilot,reference,16,lrange_500,33211.56
pilot,reference,16,lrange_600,30637.26
pilot,reference,16,mset,151147.58
pilot,firn-2,1,ping_inline,151085.09
pilot,firn-2,1,ping_mbulk,166458.17
pilot,firn-2,1,set,152090.80
pilot,firn-2,1,get,152090.80
pilot,firn-2,1,incr,152004.00
pilot,firn-2,1,lpush,152004.00
pilot,firn-2,1,rpush,148253.42
pilot,firn-2,1,lpop,152293.55
pilot,firn-2,1,rpop,177422.38
pilot,firn-2,1,sadd,177422.38
pilot,firn-2,1,hset,177422.38
pilot,firn-2,1,spop,152090.80
pilot,firn-2,1,zadd,132713.08
pilot,firn-2,1,zpopmin,151226.92
pilot,firn-2,1,lrange_100,114106.22
pilot,firn-2,1,lrange_300,58478.26
pilot,firn-2,1,lrange_500,49950.05
pilot,firn-2,1,lrange_600,39920.16
pilot,firn-2,1,mset,133088.95
pilot,firn-2,16,ping_inline,1596806.38
pilot,firn-2,16,ping_mbulk,1587283.00
pilot,firn-2,16,set,1590451.12
pilot,firn-2,16,get,1590451.12
pilot,firn-2,16,incr,1596806.38
pilot,firn-2,16,lpush,2244552.25
pilot,firn-2,16,rpush,1590451.12
pilot,firn-2,16,lpop,1596806.38
pilot,firn-2,16,rpop,1590451.12
pilot,firn-2,16,sadd,1065246.38
pilot,firn-2,16,hset,1062421.38
pilot,firn-2,16,spop,1593625.62
pilot,firn-2,16,zadd,393878.41
pilot,firn-2,16,zpopmin,1596806.38
pilot,firn-2,16,lrange_100,318608.12
pilot,firn-2,16,lrange_300,117737.59
pilot,firn-2,16,lrange_500,66095.62
pilot,firn-2,16,lrange_600,56665.00
pilot,firn-2,16,mset,319117.50
reference,pass 1,2 server CPUs,pipeline 1,"PING_INLINE","142119.78","0.303","0.040","0.271","0.543","0.823","8.495"
reference,pass 1,2 server CPUs,pipeline 1,"PING_MBULK","137720.56","0.311","0.032","0.271","0.559","0.959","70.591"
reference,pass 1,2 server CPUs,pipeline 1,"SET","119646.65","0.370","0.040","0.327","0.639","1.071","17.999"
reference,pass 1,2 server CPUs,pipeline 1,"GET","119489.98","0.353","0.040","0.311","0.623","1.183","22.623"
reference,pass 1,2 server CPUs,pipeline 1,"INCR","130242.70","0.337","0.048","0.303","0.567","0.903","9.103"
reference,pass 1,2 server CPUs,pipeline 1,"LPUSH","121223.44","0.315","0.032","0.239","0.567","2.935","38.239"
reference,pass 1,2 server CPUs,pipeline 1,"RPUSH","142530.42","0.302","0.040","0.271","0.551","0.831","23.535"
reference,pass 1,2 server CPUs,pipeline 1,"LPOP","140503.03","0.307","0.040","0.271","0.551","0.863","64.223"
reference,pass 1,2 server CPUs,pipeline 1,"RPOP","141862.27","0.301","0.040","0.271","0.543","0.807","8.751"
reference,pass 1,2 server CPUs,pipeline 1,"SADD","124850.12","0.362","0.048","0.327","0.615","0.935","49.151"
reference,pass 1,2 server CPUs,pipeline 1,"HSET","121536.08","0.371","0.048","0.335","0.631","1.055","17.183"
reference,pass 1,2 server CPUs,pipeline 1,"SPOP","137690.69","0.318","0.032","0.279","0.575","0.871","55.071"
reference,pass 1,2 server CPUs,pipeline 1,"ZADD","88436.09","0.515","0.064","0.487","0.823","1.231","10.319"
reference,pass 1,2 server CPUs,pipeline 1,"ZPOPMIN","131941.55","0.330","0.040","0.287","0.607","1.015","51.871"
reference,pass 1,2 server CPUs,pipeline 1,"LRANGE_100 (first 100 elements)","82956.20","0.526","0.056","0.471","0.919","1.503","48.735"
reference,pass 1,2 server CPUs,pipeline 1,"LRANGE_300 (first 300 elements)","47540.14","0.848","0.080","0.807","1.343","1.895","10.775"
reference,pass 1,2 server CPUs,pipeline 1,"LRANGE_500 (first 500 elements)","32791.79","1.217","0.080","1.151","1.967","2.791","48.703"
reference,pass 1,2 server CPUs,pipeline 1,"LRANGE_600 (first 600 elements)","27727.15","1.401","0.088","1.311","2.335","3.279","71.679"
reference,pass 1,2 server CPUs,pipeline 1,"MSET (10 keys)","62500.21","0.724","0.088","0.695","1.111","1.583","48.959"
reference,pass 1,2 server CPUs,pipeline 16,"PING_INLINE","1344207.62","0.530","0.064","0.495","0.879","1.463","20.783"
reference,pass 1,2 server CPUs,pipeline 16,"PING_MBULK","1555017.50","0.451","0.056","0.415","0.767","1.295","16.143"
reference,pass 1,2 server CPUs,pipeline 16,"SET","630027.56","1.166","0.104","1.095","1.719","2.455","49.727"
reference,pass 1,2 server CPUs,pipeline 16,"GET","719390.25","1.011","0.104","0.967","1.503","2.015","53.087"
reference,pass 1,2 server CPUs,pipeline 16,"INCR","728636.38","0.991","0.104","0.943","1.487","2.039","52.511"
reference,pass 1,2 server CPUs,pipeline 16,"LPUSH","1209893.12","0.594","0.072","0.559","0.975","1.343","39.039"
reference,pass 1,2 server CPUs,pipeline 16,"RPUSH","1192093.88","0.604","0.072","0.567","0.991","1.455","97.151"
reference,pass 1,2 server CPUs,pipeline 16,"LPOP","1046628.75","0.683","0.072","0.639","1.103","1.791","95.743"
reference,pass 1,2 server CPUs,pipeline 16,"RPOP","1155781.75","0.620","0.080","0.591","0.975","1.383","104.127"
reference,pass 1,2 server CPUs,pipeline 16,"SADD","810741.44","0.885","0.088","0.855","1.327","1.911","18.335"
reference,pass 1,2 server CPUs,pipeline 16,"HSET","697699.94","1.039","0.096","0.967","1.615","2.655","126.719"
reference,pass 1,2 server CPUs,pipeline 16,"SPOP","1389487.75","0.514","0.064","0.463","0.791","1.231","187.519"
reference,pass 1,2 server CPUs,pipeline 16,"ZADD","248190.70","3.064","0.160","2.887","4.359","5.607","59.135"
reference,pass 1,2 server CPUs,pipeline 16,"ZPOPMIN","1449117.50","0.497","0.072","0.463","0.807","1.255","13.463"
reference,pass 1,2 server CPUs,pipeline 16,"LRANGE_100 (first 100 elements)","179405.56","3.700","0.160","3.591","5.671","6.887","13.959"
reference,pass 1,2 server CPUs,pipeline 16,"LRANGE_300 (first 300 elements)","59813.89","9.325","0.312","8.799","15.663","18.831","60.703"
reference,pass 1,2 server CPUs,pipeline 16,"LRANGE_500 (first 500 elements)","34661.19","14.629","0.352","13.903","24.815","32.271","208.767"
reference,pass 1,2 server CPUs,pipeline 16,"LRANGE_600 (first 600 elements)","31154.77","16.043","0.496","15.383","26.799","34.527","48.863"
reference,pass 1,2 server CPUs,pipeline 16,"MSET (10 keys)","128435.20","5.984","0.312","5.607","8.655","12.599","37.983"
valkey,pass 1,2 server CPUs,pipeline 1,"PING_INLINE","145018.56","0.301","0.040","0.271","0.567","0.839","10.783"
valkey,pass 1,2 server CPUs,pipeline 1,"PING_MBULK","147930.02","0.281","0.032","0.247","0.527","0.815","29.071"
valkey,pass 1,2 server CPUs,pipeline 1,"SET","128049.53","0.350","0.048","0.319","0.591","0.919","9.855"
valkey,pass 1,2 server CPUs,pipeline 1,"GET","123575.73","0.362","0.040","0.327","0.615","0.951","8.359"
valkey,pass 1,2 server CPUs,pipeline 1,"INCR","130242.70","0.341","0.048","0.311","0.567","0.831","13.903"
valkey,pass 1,2 server CPUs,pipeline 1,"LPUSH","148853.36","0.302","0.040","0.279","0.519","0.735","7.063"
valkey,pass 1,2 server CPUs,pipeline 1,"RPUSH","142541.59","0.304","0.040","0.271","0.535","0.799","30.527"
valkey,pass 1,2 server CPUs,pipeline 1,"LPOP","140546.25","0.317","0.032","0.287","0.567","0.823","9.503"
valkey,pass 1,2 server CPUs,pipeline 1,"RPOP","137332.70","0.315","0.040","0.287","0.559","0.887","18.559"
valkey,pass 1,2 server CPUs,pipeline 1,"SADD","133000.31","0.335","0.040","0.303","0.575","0.871","24.111"
valkey,pass 1,2 server CPUs,pipeline 1,"HSET","128979.77","0.352","0.048","0.319","0.591","0.903","34.143"
valkey,pass 1,2 server CPUs,pipeline 1,"SPOP","151989.50","0.280","0.040","0.263","0.495","0.727","9.255"
valkey,pass 1,2 server CPUs,pipeline 1,"ZADD","86028.37","0.529","0.072","0.487","0.871","1.415","79.103"
valkey,pass 1,2 server CPUs,pipeline 1,"ZPOPMIN","151126.25","0.290","0.040","0.263","0.511","0.743","12.303"
valkey,pass 1,2 server CPUs,pipeline 1,"LRANGE_100 (first 100 elements)","89712.05","0.479","0.064","0.455","0.735","1.103","19.583"
valkey,pass 1,2 server CPUs,pipeline 1,"LRANGE_300 (first 300 elements)","45901.36","0.866","0.080","0.807","1.399","2.215","49.023"
valkey,pass 1,2 server CPUs,pipeline 1,"LRANGE_500 (first 500 elements)","33244.65","1.176","0.080","1.103","1.975","2.711","35.391"
valkey,pass 1,2 server CPUs,pipeline 1,"LRANGE_600 (first 600 elements)","28134.26","1.389","0.088","1.311","2.295","3.247","20.191"
valkey,pass 1,2 server CPUs,pipeline 1,"MSET (10 keys)","65143.90","0.700","0.080","0.663","1.127","1.679","46.271"
valkey,pass 1,2 server CPUs,pipeline 16,"PING_INLINE","1320948.62","0.537","0.064","0.511","0.847","1.215","18.671"
valkey,pass 1,2 server CPUs,pipeline 16,"PING_MBULK","1492509.62","0.479","0.064","0.439","0.791","1.311","10.735"
valkey,pass 1,2 server CPUs,pipeline 16,"SET","662550.31","1.101","0.088","1.031","1.671","2.335","47.135"
valkey,pass 1,2 server CPUs,pipeline 16,"GET","680917.06","1.069","0.096","0.999","1.631","2.487","39.295"
valkey,pass 1,2 server CPUs,pipeline 16,"INCR","702510.62","1.036","0.096","0.975","1.567","2.255","48.959"
valkey,pass 1,2 server CPUs,pipeline 16,"LPUSH","1196403.88","0.599","0.072","0.567","0.967","1.343","23.359"
valkey,pass 1,2 server CPUs,pipeline 16,"RPUSH","1230761.88","0.583","0.064","0.551","0.935","1.319","65.119"
valkey,pass 1,2 server CPUs,pipeline 16,"LPOP","1160470.00","0.620","0.080","0.591","0.999","1.399","59.775"
valkey,pass 1,2 server CPUs,pipeline 16,"RPOP","1156061.75","0.619","0.088","0.599","0.959","1.359","9.111"
valkey,pass 1,2 server CPUs,pipeline 16,"SADD","896295.06","0.797","0.096","0.743","1.311","2.023","38.239"
valkey,pass 1,2 server CPUs,pipeline 16,"HSET","661602.06","1.095","0.104","1.023","1.695","2.599","14.159"
valkey,pass 1,2 server CPUs,pipeline 16,"SPOP","1416137.50","0.511","0.064","0.479","0.807","1.335","35.295"
valkey,pass 1,2 server CPUs,pipeline 16,"ZADD","277493.31","2.721","0.112","2.623","3.799","5.375","26.879"
valkey,pass 1,2 server CPUs,pipeline 16,"ZPOPMIN","1413624.50","0.506","0.064","0.463","0.783","1.183","155.391"
valkey,pass 1,2 server CPUs,pipeline 16,"LRANGE_100 (first 100 elements)","181500.69","3.636","0.152","3.511","5.719","7.215","41.631"
valkey,pass 1,2 server CPUs,pipeline 16,"LRANGE_300 (first 300 elements)","64034.81","8.727","0.304","8.575","13.495","16.543","36.735"
valkey,pass 1,2 server CPUs,pipeline 16,"LRANGE_500 (first 500 elements)","39008.11","13.253","0.424","13.079","20.927","26.207","52.799"
valkey,pass 1,2 server CPUs,pipeline 16,"LRANGE_600 (first 600 elements)","30803.35","16.405","0.528","15.807","27.215","34.943","59.519"
valkey,pass 1,2 server CPUs,pipeline 16,"MSET (10 keys)","184133.47","4.107","0.384","3.943","5.911","7.327","19.599"
valkey-io,pass 1,2 server CPUs,pipeline 1,"PING_INLINE","172603.02","0.221","0.048","0.183","0.391","0.719","46.015"
valkey-io,pass 1,2 server CPUs,pipeline 1,"PING_MBULK","177523.91","0.211","0.048","0.175","0.399","0.695","12.879"
valkey-io,pass 1,2 server CPUs,pipeline 1,"SET","137680.30","0.301","0.056","0.279","0.487","0.815","49.503"
valkey-io,pass 1,2 server CPUs,pipeline 1,"GET","151648.53","0.273","0.056","0.255","0.439","0.743","72.383"
valkey-io,pass 1,2 server CPUs,pipeline 1,"INCR","145888.91","0.285","0.056","0.271","0.471","0.783","19.919"
valkey-io,pass 1,2 server CPUs,pipeline 1,"LPUSH","155198.58","0.260","0.048","0.231","0.447","0.735","17.871"
valkey-io,pass 1,2 server CPUs,pipeline 1,"RPUSH","165227.50","0.252","0.048","0.239","0.415","0.647","19.951"
valkey-io,pass 1,2 server CPUs,pipeline 1,"LPOP","162388.75","0.251","0.048","0.223","0.431","0.775","53.119"
valkey-io,pass 1,2 server CPUs,pipeline 1,"RPOP","166946.52","0.242","0.040","0.215","0.423","0.727","9.063"
valkey-io,pass 1,2 server CPUs,pipeline 1,"SADD","160648.08","0.258","0.056","0.247","0.439","0.695","7.399"
valkey-io,pass 1,2 server CPUs,pipeline 1,"HSET","146781.73","0.284","0.056","0.271","0.463","0.791","32.591"
valkey-io,pass 1,2 server CPUs,pipeline 1,"SPOP","169728.44","0.234","0.048","0.199","0.407","0.679","20.127"
valkey-io,pass 1,2 server CPUs,pipeline 1,"ZADD","101012.12","0.422","0.064","0.407","0.647","1.119","37.151"
valkey-io,pass 1,2 server CPUs,pipeline 1,"ZPOPMIN","168701.69","0.230","0.048","0.191","0.423","0.719","9.343"
valkey-io,pass 1,2 server CPUs,pipeline 1,"LRANGE_100 (first 100 elements)","86893.95","0.488","0.080","0.463","0.735","1.311","61.439"
valkey-io,pass 1,2 server CPUs,pipeline 1,"LRANGE_300 (first 300 elements)","45958.48","0.876","0.080","0.807","1.367","2.679","34.047"
valkey-io,pass 1,2 server CPUs,pipeline 1,"LRANGE_500 (first 500 elements)","33725.37","1.173","0.088","1.127","1.863","2.743","22.783"
valkey-io,pass 1,2 server CPUs,pipeline 1,"LRANGE_600 (first 600 elements)","26927.60","1.462","0.088","1.375","2.343","3.775","50.527"
valkey-io,pass 1,2 server CPUs,pipeline 1,"MSET (10 keys)","63661.18","0.689","0.072","0.647","1.023","1.775","64.031"
valkey-io,pass 1,2 server CPUs,pipeline 16,"PING_INLINE","1418648.12","0.486","0.072","0.471","0.727","1.183","15.263"
valkey-io,pass 1,2 server CPUs,pipeline 16,"PING_MBULK","1620228.75","0.416","0.064","0.399","0.647","1.143","36.607"
valkey-io,pass 1,2 server CPUs,pipeline 16,"SET","680674.19","1.055","0.080","0.967","1.543","2.631","69.951"
valkey-io,pass 1,2 server CPUs,pipeline 16,"GET","739659.12","0.963","0.088","0.895","1.391","2.415","39.999"
valkey-io,pass 1,2 server CPUs,pipeline 16,"INCR","797307.00","0.887","0.096","0.831","1.351","2.039","24.095"
valkey-io,pass 1,2 server CPUs,pipeline 16,"LPUSH","1132230.88","0.612","0.072","0.567","0.951","1.759","32.559"
valkey-io,pass 1,2 server CPUs,pipeline 16,"RPUSH","1249046.12","0.549","0.080","0.519","0.831","1.367","84.863"
valkey-io,pass 1,2 server CPUs,pipeline 16,"LPOP","1126230.12","0.620","0.080","0.583","0.951","1.487","19.551"
valkey-io,pass 1,2 server CPUs,pipeline 16,"RPOP","1138544.62","0.613","0.072","0.575","0.911","1.631","58.399"
valkey-io,pass 1,2 server CPUs,pipeline 16,"SADD","928994.19","0.746","0.088","0.695","1.111","1.775","16.431"
valkey-io,pass 1,2 server CPUs,pipeline 16,"HSET","748800.25","0.950","0.088","0.887","1.391","2.111","45.727"
valkey-io,pass 1,2 server CPUs,pipeline 16,"SPOP","1538126.00","0.448","0.072","0.439","0.679","1.159","20.047"
valkey-io,pass 1,2 server CPUs,pipeline 16,"ZADD","254896.41","2.980","0.160","2.743","4.191","6.751","97.023"
valkey-io,pass 1,2 server CPUs,pipeline 16,"ZPOPMIN","1473408.62","0.459","0.072","0.439","0.695","1.415","18.703"
valkey-io,pass 1,2 server CPUs,pipeline 16,"LRANGE_100 (first 100 elements)","170889.56","3.885","0.152","3.647","5.831","7.719","273.663"
valkey-io,pass 1,2 server CPUs,pipeline 16,"LRANGE_300 (first 300 elements)","61221.25","9.158","0.240","8.671","15.623","19.871","40.255"
valkey-io,pass 1,2 server CPUs,pipeline 16,"LRANGE_500 (first 500 elements)","35529.12","14.679","0.440","13.999","24.927","31.343","96.511"
valkey-io,pass 1,2 server CPUs,pipeline 16,"LRANGE_600 (first 600 elements)","32261.90","16.108","0.376","15.799","25.535","32.287","54.719"
valkey-io,pass 1,2 server CPUs,pipeline 16,"MSET (10 keys)","147455.69","5.202","0.256","4.847","7.583","9.823","44.095"
dragonfly-2,pass 1,2 server CPUs,pipeline 1,"PING_INLINE","168574.80","0.169","0.016","0.151","0.255","0.487","42.239"
dragonfly-2,pass 1,2 server CPUs,pipeline 1,"PING_MBULK","169898.70","0.172","0.024","0.151","0.279","0.567","17.583"
dragonfly-2,pass 1,2 server CPUs,pipeline 1,"SET","169696.89","0.220","0.008","0.183","0.415","0.823","16.335"
dragonfly-2,pass 1,2 server CPUs,pipeline 1,"GET","178005.45","0.199","0.008","0.167","0.367","0.647","61.791"
dragonfly-2,pass 1,2 server CPUs,pipeline 1,"INCR","182350.19","0.210","0.008","0.183","0.391","0.679","50.143"
dragonfly-2,pass 1,2 server CPUs,pipeline 1,"LPUSH","173669.33","0.222","0.032","0.191","0.431","0.679","14.919"
dragonfly-2,pass 1,2 server CPUs,pipeline 1,"RPUSH","161484.67","0.238","0.024","0.199","0.455","0.735","51.615"
dragonfly-2,pass 1,2 server CPUs,pipeline 1,"LPOP","166017.70","0.215","0.040","0.183","0.399","0.727","47.679"
dragonfly-2,pass 1,2 server CPUs,pipeline 1,"RPOP","189166.50","0.182","0.040","0.159","0.311","0.607","32.239"
dragonfly-2,pass 1,2 server CPUs,pipeline 1,"SADD","177378.06","0.211","0.032","0.183","0.383","0.679","16.255"
dragonfly-2,pass 1,2 server CPUs,pipeline 1,"HSET","166933.44","0.233","0.032","0.199","0.423","0.767","43.199"
dragonfly-2,pass 1,2 server CPUs,pipeline 1,"SPOP","169366.19","0.206","0.040","0.175","0.359","0.711","37.727"
dragonfly-2,pass 1,2 server CPUs,pipeline 1,"ZADD","129602.62","0.335","0.040","0.279","0.631","1.087","51.711"
dragonfly-2,pass 1,2 server CPUs,pipeline 1,"ZPOPMIN","164899.95","0.205","0.032","0.167","0.383","0.791","37.599"
dragonfly-2,pass 1,2 server CPUs,pipeline 1,"LRANGE_100 (first 100 elements)","91212.03","0.468","0.056","0.399","0.895","1.399","20.095"
dragonfly-2,pass 1,2 server CPUs,pipeline 1,"LRANGE_300 (first 300 elements)","45979.56","0.957","0.064","0.807","1.847","2.631","55.935"
dragonfly-2,pass 1,2 server CPUs,pipeline 1,"LRANGE_500 (first 500 elements)","31515.91","1.390","0.080","1.255","2.415","3.407","52.927"
dragonfly-2,pass 1,2 server CPUs,pipeline 1,"LRANGE_600 (first 600 elements)","25535.29","1.777","0.088","1.703","2.871","3.767","54.815"
dragonfly-2,pass 1,2 server CPUs,pipeline 1,"MSET (10 keys)","84034.10","0.561","0.024","0.519","0.879","1.367","50.527"
dragonfly-2,pass 1,2 server CPUs,pipeline 16,"PING_INLINE","2016382.12","0.332","0.056","0.303","0.543","0.847","7.607"
dragonfly-2,pass 1,2 server CPUs,pipeline 16,"PING_MBULK","2004357.25","0.347","0.056","0.319","0.575","0.823","37.183"
dragonfly-2,pass 1,2 server CPUs,pipeline 16,"SET","803055.75","0.939","0.088","0.863","1.575","2.303","17.519"
dragonfly-2,pass 1,2 server CPUs,pipeline 16,"GET","876926.31","0.855","0.040","0.783","1.423","2.095","34.847"
dragonfly-2,pass 1,2 server CPUs,pipeline 16,"INCR","788838.62","0.960","0.064","0.863","1.663","2.463","63.007"
dragonfly-2,pass 1,2 server CPUs,pipeline 16,"LPUSH","615156.81","1.242","0.056","0.871","3.191","5.495","54.623"
dragonfly-2,pass 1,2 server CPUs,pipeline 16,"RPUSH","663264.06","1.160","0.056","0.831","2.775","4.671","71.103"
dragonfly-2,pass 1,2 server CPUs,pipeline 16,"LPOP","870273.44","0.871","0.048","0.639","2.071","3.471","38.463"
dragonfly-2,pass 1,2 server CPUs,pipeline 16,"RPOP","953651.31","0.795","0.056","0.591","1.719","2.767","45.887"
dragonfly-2,pass 1,2 server CPUs,pipeline 16,"SADD","740697.69","1.033","0.064","0.639","2.983","4.999","33.215"
dragonfly-2,pass 1,2 server CPUs,pipeline 16,"HSET","653430.00","1.177","0.080","0.679","3.439","7.543","103.871"
dragonfly-2,pass 1,2 server CPUs,pipeline 16,"SPOP","1060885.50","0.704","0.048","0.607","1.327","1.919","45.855"
dragonfly-2,pass 1,2 server CPUs,pipeline 16,"ZADD","438129.78","1.791","0.104","0.799","2.623","30.671","192.127"
dragonfly-2,pass 1,2 server CPUs,pipeline 16,"ZPOPMIN","957605.19","0.786","0.048","0.671","1.479","2.319","36.511"
dragonfly-2,pass 1,2 server CPUs,pipeline 16,"LRANGE_100 (first 100 elements)","99208.89","7.723","0.240","6.103","11.023","65.343","165.887"
dragonfly-2,pass 1,2 server CPUs,pipeline 16,"LRANGE_300 (first 300 elements)","38122.55","19.584","0.456","16.055","47.103","88.575","150.655"
dragonfly-2,pass 1,2 server CPUs,pipeline 16,"LRANGE_500 (first 500 elements)","23295.80","31.887","0.744","27.087","75.007","99.455","148.095"
dragonfly-2,pass 1,2 server CPUs,pipeline 16,"LRANGE_600 (first 600 elements)","19684.01","37.320","0.672","32.111","83.391","104.703","192.383"
dragonfly-2,pass 1,2 server CPUs,pipeline 16,"MSET (10 keys)","120225.55","6.577","0.672","5.983","10.183","15.399","70.463"
garnet-2,pass 1,2 server CPUs,pipeline 1,"PING_INLINE","129455.34","0.254","0.008","0.215","0.463","0.903","22.591"
garnet-2,pass 1,2 server CPUs,pipeline 1,"PING_MBULK","139939.67","0.226","0.008","0.199","0.375","0.799","28.015"
garnet-2,pass 1,2 server CPUs,pipeline 1,"SET","125816.22","0.301","0.008","0.231","0.623","1.639","24.591"
garnet-2,pass 1,2 server CPUs,pipeline 1,"GET","130317.03","0.278","0.008","0.239","0.495","0.863","42.879"
garnet-2,pass 1,2 server CPUs,pipeline 1,"INCR","137622.53","0.276","0.008","0.231","0.503","0.903","20.367"
garnet-2,pass 1,2 server CPUs,pipeline 1,"LPUSH","135004.73","0.272","0.008","0.231","0.519","0.879","33.055"
garnet-2,pass 1,2 server CPUs,pipeline 1,"RPUSH","132109.95","0.275","0.008","0.231","0.503","0.831","158.207"
garnet-2,pass 1,2 server CPUs,pipeline 1,"LPOP","125983.95","0.286","0.008","0.239","0.543","0.911","46.527"
garnet-2,pass 1,2 server CPUs,pipeline 1,"RPOP","130963.22","0.281","0.008","0.239","0.535","0.919","20.335"
garnet-2,pass 1,2 server CPUs,pipeline 1,"SADD","119893.52","0.325","0.008","0.271","0.623","0.967","33.023"
garnet-2,pass 1,2 server CPUs,pipeline 1,"HSET","125187.80","0.309","0.008","0.255","0.583","0.951","20.159"
garnet-2,pass 1,2 server CPUs,pipeline 1,"SPOP","42077.97","1.064","0.008","0.215","6.519","20.911","101.439"
garnet-2,pass 1,2 server CPUs,pipeline 1,"ZADD","67641.73","0.716","0.008","0.735","1.135","1.607","83.519"
garnet-2,pass 1,2 server CPUs,pipeline 1,"ZPOPMIN","131922.36","0.261","0.008","0.215","0.503","0.927","39.231"
garnet-2,pass 1,2 server CPUs,pipeline 1,"LRANGE_100 (first 100 elements)","97714.62","0.312","0.008","0.271","0.519","1.103","43.871"
garnet-2,pass 1,2 server CPUs,pipeline 1,"LRANGE_300 (first 300 elements)","62310.43","0.424","0.024","0.383","0.623","1.279","14.927"
garnet-2,pass 1,2 server CPUs,pipeline 1,"LRANGE_500 (first 500 elements)","47902.26","0.539","0.032","0.495","0.815","1.335","12.911"
garnet-2,pass 1,2 server CPUs,pipeline 1,"LRANGE_600 (first 600 elements)","41597.95","0.627","0.024","0.567","0.975","1.551","32.831"
garnet-2,pass 1,2 server CPUs,pipeline 1,"MSET (10 keys)","82934.41","0.580","0.008","0.575","0.855","1.159","9.015"
garnet-2,pass 1,2 server CPUs,pipeline 16,"PING_INLINE","1780825.25","0.259","0.008","0.231","0.415","0.919","57.055"
garnet-2,pass 1,2 server CPUs,pipeline 16,"PING_MBULK","1805955.12","0.262","0.008","0.231","0.383","0.815","186.367"
garnet-2,pass 1,2 server CPUs,pipeline 16,"SET","1074871.75","0.713","0.016","0.703","1.047","1.511","18.895"
garnet-2,pass 1,2 server CPUs,pipeline 16,"GET","1211388.38","0.625","0.016","0.623","0.911","1.391","21.135"
garnet-2,pass 1,2 server CPUs,pipeline 16,"INCR","1049610.00","0.735","0.016","0.727","1.063","1.647","34.783"
garnet-2,pass 1,2 server CPUs,pipeline 16,"LPUSH","660648.50","1.185","0.008","1.039","2.143","3.407","1017.343"
garnet-2,pass 1,2 server CPUs,pipeline 16,"RPUSH","443269.78","1.775","0.008","1.351","3.335","5.431","2394.111"
garnet-2,pass 1,2 server CPUs,pipeline 16,"LPOP","1141119.62","0.667","0.008","0.551","1.495","2.647","58.239"
garnet-2,pass 1,2 server CPUs,pipeline 16,"RPOP","1231000.00","0.611","0.016","0.511","1.439","2.439","37.983"
garnet-2,pass 1,2 server CPUs,pipeline 16,"SADD","671762.06","1.173","0.016","0.975","2.383","3.823","482.815"
garnet-2,pass 1,2 server CPUs,pipeline 16,"HSET","822361.56","0.940","0.016","0.839","1.903","2.903","32.959"
garnet-2,pass 1,2 server CPUs,pipeline 16,"SPOP","512173.09","1.488","0.008","0.247","1.055","2.599","548.351"
garnet-2,pass 1,2 server CPUs,pipeline 16,"ZADD","188925.73","4.213","0.040","3.911","7.031","9.807","83.391"
garnet-2,pass 1,2 server CPUs,pipeline 16,"ZPOPMIN","1665653.75","0.409","0.008","0.279","1.119","2.055","21.183"
garnet-2,pass 1,2 server CPUs,pipeline 16,"LRANGE_100 (first 100 elements)","362467.94","1.157","0.056","1.031","1.815","2.639","45.535"
garnet-2,pass 1,2 server CPUs,pipeline 16,"LRANGE_300 (first 300 elements)","128092.84","2.117","0.136","1.967","3.911","5.175","26.623"
garnet-2,pass 1,2 server CPUs,pipeline 16,"LRANGE_500 (first 500 elements)","73528.51","2.674","0.248","2.327","4.943","8.295","55.775"
garnet-2,pass 1,2 server CPUs,pipeline 16,"LRANGE_600 (first 600 elements)","64520.73","2.873","0.504","2.455","4.975","8.679","91.327"
garnet-2,pass 1,2 server CPUs,pipeline 16,"MSET (10 keys)","283493.03","2.772","0.096","2.599","3.551","8.343","49.055"
firn-2,pass 1,2 server CPUs,pipeline 1,"PING_INLINE","172619.44","0.164","0.024","0.143","0.239","0.655","16.575"
firn-2,pass 1,2 server CPUs,pipeline 1,"PING_MBULK","169884.25","0.168","0.008","0.151","0.247","0.631","30.287"
firn-2,pass 1,2 server CPUs,pipeline 1,"SET","162143.75","0.178","0.032","0.159","0.279","0.495","53.183"
firn-2,pass 1,2 server CPUs,pipeline 1,"GET","169665.33","0.171","0.008","0.151","0.255","0.503","40.383"
firn-2,pass 1,2 server CPUs,pipeline 1,"INCR","169631.64","0.169","0.024","0.151","0.255","0.439","50.399"
firn-2,pass 1,2 server CPUs,pipeline 1,"LPUSH","177817.20","0.165","0.016","0.151","0.255","0.471","11.559"
firn-2,pass 1,2 server CPUs,pipeline 1,"RPUSH","173077.50","0.165","0.024","0.151","0.247","0.479","48.191"
firn-2,pass 1,2 server CPUs,pipeline 1,"LPOP","178225.38","0.159","0.016","0.151","0.231","0.407","10.495"
firn-2,pass 1,2 server CPUs,pipeline 1,"RPOP","177053.56","0.162","0.016","0.151","0.239","0.455","32.719"
firn-2,pass 1,2 server CPUs,pipeline 1,"SADD","173759.00","0.166","0.016","0.151","0.239","0.447","21.583"
firn-2,pass 1,2 server CPUs,pipeline 1,"HSET","177363.30","0.164","0.008","0.151","0.239","0.423","15.543"
firn-2,pass 1,2 server CPUs,pipeline 1,"SPOP","169712.67","0.173","0.024","0.151","0.247","0.543","41.727"
firn-2,pass 1,2 server CPUs,pipeline 1,"ZADD","181944.12","0.193","0.024","0.175","0.319","0.519","16.783"
firn-2,pass 1,2 server CPUs,pipeline 1,"ZPOPMIN","161265.80","0.173","0.024","0.159","0.263","0.479","19.359"
firn-2,pass 1,2 server CPUs,pipeline 1,"LRANGE_100 (first 100 elements)","124377.78","0.217","0.032","0.199","0.303","0.567","14.231"
firn-2,pass 1,2 server CPUs,pipeline 1,"LRANGE_300 (first 300 elements)","73820.75","0.350","0.032","0.327","0.503","0.903","16.943"
firn-2,pass 1,2 server CPUs,pipeline 1,"LRANGE_500 (first 500 elements)","46963.96","0.533","0.048","0.503","0.775","1.207","20.015"
firn-2,pass 1,2 server CPUs,pipeline 1,"LRANGE_600 (first 600 elements)","42521.04","0.579","0.048","0.543","0.831","1.335","48.959"
firn-2,pass 1,2 server CPUs,pipeline 1,"MSET (10 keys)","141898.53","0.261","0.016","0.223","0.479","0.735","35.615"
firn-2,pass 1,2 server CPUs,pipeline 16,"PING_INLINE","2321502.50","0.186","0.032","0.175","0.255","0.415","8.367"
firn-2,pass 1,2 server CPUs,pipeline 16,"PING_MBULK","2239817.50","0.193","0.032","0.183","0.279","0.479","13.719"
firn-2,pass 1,2 server CPUs,pipeline 16,"SET","1907588.62","0.316","0.032","0.279","0.535","0.855","45.023"
firn-2,pass 1,2 server CPUs,pipeline 16,"GET","2062620.12","0.272","0.048","0.247","0.455","0.671","12.727"
firn-2,pass 1,2 server CPUs,pipeline 16,"INCR","2070861.25","0.327","0.032","0.311","0.503","0.735","20.687"
firn-2,pass 1,2 server CPUs,pipeline 16,"LPUSH","2195341.00","0.291","0.040","0.263","0.455","0.751","110.847"
firn-2,pass 1,2 server CPUs,pipeline 16,"RPUSH","1957078.00","0.325","0.040","0.287","0.527","0.775","272.895"
firn-2,pass 1,2 server CPUs,pipeline 16,"LPOP","2394312.00","0.237","0.024","0.215","0.391","0.623","20.575"
firn-2,pass 1,2 server CPUs,pipeline 16,"RPOP","2312824.00","0.247","0.032","0.223","0.399","0.623","25.183"
firn-2,pass 1,2 server CPUs,pipeline 16,"SADD","1649201.38","0.454","0.072","0.439","0.639","0.863","129.407"
firn-2,pass 1,2 server CPUs,pipeline 16,"HSET","1341583.88","0.570","0.088","0.551","0.855","1.167","6.999"
firn-2,pass 1,2 server CPUs,pipeline 16,"SPOP","2316879.25","0.210","0.032","0.175","0.319","0.631","145.023"
firn-2,pass 1,2 server CPUs,pipeline 16,"ZADD","449419.41","1.746","0.040","1.703","2.647","3.551","52.511"
firn-2,pass 1,2 server CPUs,pipeline 16,"ZPOPMIN","2471518.25","0.191","0.024","0.175","0.295","0.575","4.975"
firn-2,pass 1,2 server CPUs,pipeline 16,"LRANGE_100 (first 100 elements)","354897.62","1.113","0.136","1.015","1.703","2.567","31.615"
firn-2,pass 1,2 server CPUs,pipeline 16,"LRANGE_300 (first 300 elements)","134162.38","1.938","0.128","1.775","3.551","4.935","15.319"
firn-2,pass 1,2 server CPUs,pipeline 16,"LRANGE_500 (first 500 elements)","77139.86","2.379","0.120","2.103","4.519","6.495","39.935"
firn-2,pass 1,2 server CPUs,pipeline 16,"LRANGE_600 (first 600 elements)","61587.17","2.746","0.272","2.383","5.215","7.551","65.183"
firn-2,pass 1,2 server CPUs,pipeline 16,"MSET (10 keys)","463947.69","1.694","0.064","1.759","2.655","3.631","19.343"
firn-base-2,pass 1,2 server CPUs,pipeline 1,"PING_INLINE","176828.44","0.157","0.016","0.143","0.231","0.399","6.215"
firn-base-2,pass 1,2 server CPUs,pipeline 1,"PING_MBULK","173620.08","0.161","0.016","0.151","0.231","0.391","32.751"
firn-base-2,pass 1,2 server CPUs,pipeline 1,"SET","177988.11","0.160","0.016","0.151","0.231","0.423","27.023"
firn-base-2,pass 1,2 server CPUs,pipeline 1,"GET","173751.91","0.163","0.024","0.151","0.239","0.415","16.239"
firn-base-2,pass 1,2 server CPUs,pipeline 1,"INCR","169584.33","0.168","0.016","0.151","0.247","0.503","60.191"
firn-base-2,pass 1,2 server CPUs,pipeline 1,"LPUSH","173669.33","0.166","0.016","0.151","0.247","0.471","17.279"
firn-base-2,pass 1,2 server CPUs,pipeline 1,"RPUSH","173028.09","0.166","0.024","0.151","0.247","0.479","26.175"
firn-base-2,pass 1,2 server CPUs,pipeline 1,"LPOP","177688.19","0.164","0.024","0.143","0.239","0.455","36.319"
firn-base-2,pass 1,2 server CPUs,pipeline 1,"RPOP","177363.30","0.159","0.016","0.143","0.231","0.423","17.343"
firn-base-2,pass 1,2 server CPUs,pipeline 1,"SADD","166828.78","0.171","0.008","0.151","0.255","0.471","64.063"
firn-base-2,pass 1,2 server CPUs,pipeline 1,"HSET","166868.02","0.171","0.016","0.151","0.255","0.487","26.591"
firn-base-2,pass 1,2 server CPUs,pipeline 1,"SPOP","173751.91","0.168","0.008","0.143","0.231","0.479","35.647"
firn-base-2,pass 1,2 server CPUs,pipeline 1,"ZADD","167567.03","0.205","0.016","0.175","0.375","0.679","31.935"
firn-base-2,pass 1,2 server CPUs,pipeline 1,"ZPOPMIN","172732.16","0.164","0.024","0.151","0.239","0.407","9.887"
firn-base-2,pass 1,2 server CPUs,pipeline 1,"LRANGE_100 (first 100 elements)","121626.84","0.221","0.024","0.199","0.303","0.583","88.063"
firn-base-2,pass 1,2 server CPUs,pipeline 1,"LRANGE_300 (first 300 elements)","71921.70","0.347","0.032","0.335","0.487","0.775","8.911"
firn-base-2,pass 1,2 server CPUs,pipeline 1,"LRANGE_500 (first 500 elements)","50960.80","0.493","0.024","0.463","0.743","1.207","23.663"
firn-base-2,pass 1,2 server CPUs,pipeline 1,"LRANGE_600 (first 600 elements)","45544.97","0.549","0.040","0.519","0.791","1.183","15.543"
firn-base-2,pass 1,2 server CPUs,pipeline 1,"MSET (10 keys)","155735.55","0.227","0.016","0.191","0.415","0.631","117.375"
firn-base-2,pass 1,2 server CPUs,pipeline 16,"PING_INLINE","2252990.00","0.197","0.024","0.183","0.271","0.511","15.855"
firn-base-2,pass 1,2 server CPUs,pipeline 16,"PING_MBULK","2175106.50","0.198","0.032","0.183","0.287","0.503","8.535"
firn-base-2,pass 1,2 server CPUs,pipeline 16,"SET","1122012.00","0.689","0.016","0.663","1.127","1.511","38.783"
firn-base-2,pass 1,2 server CPUs,pipeline 16,"GET","1315963.88","0.576","0.024","0.559","0.903","1.167","10.823"
firn-base-2,pass 1,2 server CPUs,pipeline 16,"INCR","1298832.75","0.588","0.024","0.567","0.967","1.335","39.839"
firn-base-2,pass 1,2 server CPUs,pipeline 16,"LPUSH","1495538.00","0.504","0.016","0.471","0.831","1.167","108.031"
firn-base-2,pass 1,2 server CPUs,pipeline 16,"RPUSH","1413525.75","0.541","0.024","0.471","0.943","1.911","257.919"
firn-base-2,pass 1,2 server CPUs,pipeline 16,"LPOP","1803282.50","0.418","0.016","0.399","0.671","0.903","12.119"
firn-base-2,pass 1,2 server CPUs,pipeline 16,"RPOP","1815929.88","0.400","0.032","0.383","0.631","0.863","26.799"
firn-base-2,pass 1,2 server CPUs,pipeline 16,"SADD","1469643.62","0.517","0.024","0.471","0.823","1.143","262.911"
firn-base-2,pass 1,2 server CPUs,pipeline 16,"HSET","1341583.88","0.566","0.016","0.535","0.927","1.247","14.047"
firn-base-2,pass 1,2 server CPUs,pipeline 16,"SPOP","2315756.75","0.242","0.040","0.199","0.383","0.775","197.887"
firn-base-2,pass 1,2 server CPUs,pipeline 16,"ZADD","410896.62","1.919","0.072","1.855","3.335","4.583","34.079"
firn-base-2,pass 1,2 server CPUs,pipeline 16,"ZPOPMIN","2253255.00","0.221","0.016","0.191","0.335","0.663","53.375"
firn-base-2,pass 1,2 server CPUs,pipeline 16,"LRANGE_100 (first 100 elements)","372315.91","1.053","0.088","1.007","1.503","1.983","8.191"
firn-base-2,pass 1,2 server CPUs,pipeline 16,"LRANGE_300 (first 300 elements)","136945.23","1.913","0.128","1.727","3.487","5.175","35.519"
firn-base-2,pass 1,2 server CPUs,pipeline 16,"LRANGE_500 (first 500 elements)","71908.62","2.452","0.096","2.167","4.871","6.799","35.615"
firn-base-2,pass 1,2 server CPUs,pipeline 16,"LRANGE_600 (first 600 elements)","64508.49","2.463","0.160","2.223","4.711","6.735","27.487"
firn-base-2,pass 1,2 server CPUs,pipeline 16,"MSET (10 keys)","305913.41","2.579","0.112","2.359","4.679","6.695","126.463"
reference,pass 1,1 server CPU,pipeline 1,"PING_INLINE","120843.96","0.390","0.032","0.367","0.639","0.927","28.623"
reference,pass 1,1 server CPU,pipeline 1,"PING_MBULK","121016.54","0.388","0.032","0.367","0.647","0.983","34.079"
reference,pass 1,1 server CPU,pipeline 1,"SET","112285.59","0.420","0.040","0.399","0.655","0.943","5.455"
reference,pass 1,1 server CPU,pipeline 1,"GET","105771.66","0.449","0.032","0.423","0.727","1.079","60.223"
reference,pass 1,1 server CPU,pipeline 1,"INCR","108859.45","0.438","0.032","0.415","0.703","1.023","11.919"
reference,pass 1,1 server CPU,pipeline 1,"LPUSH","115790.58","0.406","0.032","0.383","0.671","0.983","25.711"
reference,pass 1,1 server CPU,pipeline 1,"RPUSH","119170.91","0.396","0.032","0.375","0.655","0.959","26.751"
reference,pass 1,1 server CPU,pipeline 1,"LPOP","114191.64","0.413","0.032","0.391","0.679","0.951","17.647"
reference,pass 1,1 server CPU,pipeline 1,"RPOP","112026.79","0.422","0.032","0.391","0.695","1.015","45.087"
reference,pass 1,1 server CPU,pipeline 1,"SADD","110543.56","0.431","0.024","0.407","0.687","0.975","8.143"
reference,pass 1,1 server CPU,pipeline 1,"HSET","107773.68","0.440","0.032","0.415","0.695","0.999","27.839"
reference,pass 1,1 server CPU,pipeline 1,"SPOP","121640.23","0.388","0.024","0.367","0.655","0.951","27.295"
reference,pass 1,1 server CPU,pipeline 1,"ZADD","84891.09","0.548","0.048","0.511","0.903","1.263","12.935"
reference,pass 1,1 server CPU,pipeline 1,"ZPOPMIN","117033.66","0.400","0.032","0.375","0.671","0.999","20.319"
reference,pass 1,1 server CPU,pipeline 1,"LRANGE_100 (first 100 elements)","84226.80","0.528","0.056","0.503","0.839","1.199","54.239"
reference,pass 1,1 server CPU,pipeline 1,"LRANGE_300 (first 300 elements)","49189.68","0.859","0.056","0.823","1.335","2.007","17.615"
reference,pass 1,1 server CPU,pipeline 1,"LRANGE_500 (first 500 elements)","34202.62","1.239","0.064","1.199","1.895","2.487","39.391"
reference,pass 1,1 server CPU,pipeline 1,"LRANGE_600 (first 600 elements)","26923.06","1.548","0.064","1.447","2.439","3.719","125.119"
reference,pass 1,1 server CPU,pipeline 1,"MSET (10 keys)","66439.30","0.697","0.056","0.663","1.079","1.615","44.223"
reference,pass 1,1 server CPU,pipeline 16,"PING_INLINE","1343924.75","0.541","0.048","0.511","0.863","1.231","15.975"
reference,pass 1,1 server CPU,pipeline 16,"PING_MBULK","1463271.75","0.498","0.040","0.463","0.831","1.263","47.007"
reference,pass 1,1 server CPU,pipeline 16,"SET","668538.06","1.105","0.072","1.039","1.735","2.495","31.071"
reference,pass 1,1 server CPU,pipeline 16,"GET","718794.19","1.023","0.080","0.975","1.559","2.183","43.359"
reference,pass 1,1 server CPU,pipeline 16,"INCR","750290.94","0.978","0.080","0.927","1.495","2.095","53.855"
reference,pass 1,1 server CPU,pipeline 16,"LPUSH","1195288.88","0.604","0.056","0.575","0.959","1.359","41.279"
reference,pass 1,1 server CPU,pipeline 16,"RPUSH","1229730.88","0.595","0.048","0.567","0.967","1.479","19.711"
reference,pass 1,1 server CPU,pipeline 16,"LPOP","1094015.50","0.663","0.048","0.623","1.039","1.719","36.671"
reference,pass 1,1 server CPU,pipeline 16,"RPOP","1121352.75","0.648","0.056","0.615","0.999","1.455","47.615"
reference,pass 1,1 server CPU,pipeline 16,"SADD","823485.19","0.898","0.072","0.863","1.399","1.943","22.271"
reference,pass 1,1 server CPU,pipeline 16,"HSET","771922.44","0.957","0.072","0.935","1.367","1.975","40.095"
reference,pass 1,1 server CPU,pipeline 16,"SPOP","1340402.25","0.541","0.048","0.503","0.879","1.471","26.671"
reference,pass 1,1 server CPU,pipeline 16,"ZADD","248151.61","3.112","0.120","2.967","4.591","7.127","38.207"
reference,pass 1,1 server CPU,pipeline 16,"ZPOPMIN","1445400.88","0.506","0.048","0.479","0.799","1.263","19.071"
reference,pass 1,1 server CPU,pipeline 16,"LRANGE_100 (first 100 elements)","185994.94","3.741","0.152","3.647","5.327","7.095","60.031"
reference,pass 1,1 server CPU,pipeline 16,"LRANGE_300 (first 300 elements)","63976.82","9.696","0.344","9.263","14.871","19.519","50.783"
reference,pass 1,1 server CPU,pipeline 16,"LRANGE_500 (first 500 elements)","41093.83","14.049","0.416","13.591","20.287","26.175","63.615"
reference,pass 1,1 server CPU,pipeline 16,"LRANGE_600 (first 600 elements)","33082.80","16.737","0.464","16.167","26.175","35.359","88.319"
reference,pass 1,1 server CPU,pipeline 16,"MSET (10 keys)","162559.92","4.688","0.400","4.487","6.631","9.391","69.375"
valkey,pass 1,1 server CPU,pipeline 1,"PING_INLINE","116938.98","0.403","0.032","0.375","0.679","1.007","33.695"
valkey,pass 1,1 server CPU,pipeline 1,"PING_MBULK","120782.38","0.393","0.032","0.367","0.639","0.935","35.839"
valkey,pass 1,1 server CPU,pipeline 1,"SET","107301.42","0.444","0.040","0.415","0.711","1.031","35.071"
valkey,pass 1,1 server CPU,pipeline 1,"GET","105771.66","0.448","0.040","0.423","0.743","1.039","11.639"
valkey,pass 1,1 server CPU,pipeline 1,"INCR","107259.14","0.438","0.040","0.415","0.703","1.023","41.151"
valkey,pass 1,1 server CPU,pipeline 1,"LPUSH","119562.73","0.399","0.032","0.383","0.647","0.935","10.383"
valkey,pass 1,1 server CPU,pipeline 1,"RPUSH","117226.61","0.404","0.032","0.383","0.679","0.975","32.159"
valkey,pass 1,1 server CPU,pipeline 1,"LPOP","114184.51","0.414","0.032","0.383","0.695","0.999","50.719"
valkey,pass 1,1 server CPU,pipeline 1,"RPOP","112026.79","0.421","0.032","0.391","0.703","1.047","36.415"
valkey,pass 1,1 server CPU,pipeline 1,"SADD","106405.56","0.443","0.024","0.415","0.719","1.071","35.967"
valkey,pass 1,1 server CPU,pipeline 1,"HSET","106410.89","0.448","0.032","0.423","0.743","1.063","27.455"
valkey,pass 1,1 server CPU,pipeline 1,"SPOP","117702.18","0.401","0.032","0.383","0.671","0.959","37.919"
valkey,pass 1,1 server CPU,pipeline 1,"ZADD","84873.00","0.543","0.048","0.495","0.911","1.319","30.687"
valkey,pass 1,1 server CPU,pipeline 1,"ZPOPMIN","118959.29","0.395","0.032","0.367","0.663","0.967","34.655"
valkey,pass 1,1 server CPU,pipeline 1,"LRANGE_100 (first 100 elements)","82865.83","0.546","0.056","0.511","0.895","1.247","36.223"
valkey,pass 1,1 server CPU,pipeline 1,"LRANGE_300 (first 300 elements)","49953.02","0.843","0.056","0.791","1.407","1.943","43.007"
valkey,pass 1,1 server CPU,pipeline 1,"LRANGE_500 (first 500 elements)","36278.96","1.155","0.056","1.111","1.839","2.479","22.543"
valkey,pass 1,1 server CPU,pipeline 1,"LRANGE_600 (first 600 elements)","31361.18","1.332","0.056","1.303","2.063","2.711","48.063"
valkey,pass 1,1 server CPU,pipeline 1,"MSET (10 keys)","76000.19","0.607","0.056","0.567","0.999","1.439","79.103"
valkey,pass 1,1 server CPU,pipeline 16,"PING_INLINE","1276679.38","0.564","0.056","0.535","0.911","1.319","16.311"
valkey,pass 1,1 server CPU,pipeline 16,"PING_MBULK","1464171.62","0.491","0.040","0.455","0.823","1.199","34.655"
valkey,pass 1,1 server CPU,pipeline 16,"SET","786087.75","0.940","0.064","0.887","1.559","2.191","10.439"
valkey,pass 1,1 server CPU,pipeline 16,"GET","793968.88","0.914","0.064","0.863","1.495","2.047","47.071"
valkey,pass 1,1 server CPU,pipeline 16,"INCR","860271.19","0.845","0.072","0.799","1.391","1.911","31.759"
valkey,pass 1,1 server CPU,pipeline 16,"LPUSH","1144888.25","0.636","0.056","0.599","1.047","1.479","53.247"
valkey,pass 1,1 server CPU,pipeline 16,"RPUSH","1210773.62","0.603","0.056","0.575","0.975","1.423","26.143"
valkey,pass 1,1 server CPU,pipeline 16,"LPOP","1109792.62","0.660","0.056","0.623","1.071","1.535","41.983"
valkey,pass 1,1 server CPU,pipeline 16,"RPOP","1138069.38","0.640","0.056","0.607","1.047","1.623","40.607"
valkey,pass 1,1 server CPU,pipeline 16,"SADD","945905.00","0.772","0.072","0.727","1.279","1.823","29.167"
valkey,pass 1,1 server CPU,pipeline 16,"HSET","805577.62","0.921","0.080","0.863","1.463","2.055","159.487"
valkey,pass 1,1 server CPU,pipeline 16,"SPOP","1365380.62","0.534","0.048","0.495","0.879","1.367","35.903"
valkey,pass 1,1 server CPU,pipeline 16,"ZADD","290274.75","2.629","0.104","2.575","4.095","5.183","25.311"
valkey,pass 1,1 server CPU,pipeline 16,"ZPOPMIN","1343547.88","0.542","0.048","0.503","0.887","1.383","64.895"
valkey,pass 1,1 server CPU,pipeline 16,"LRANGE_100 (first 100 elements)","190517.83","3.636","0.144","3.535","5.415","7.575","43.839"
valkey,pass 1,1 server CPU,pipeline 16,"LRANGE_300 (first 300 elements)","67020.73","9.269","0.280","9.175","13.775","17.135","29.487"
valkey,pass 1,1 server CPU,pipeline 16,"LRANGE_500 (first 500 elements)","41541.51","13.893","0.432","13.327","21.951","30.015","59.231"
valkey,pass 1,1 server CPU,pipeline 16,"LRANGE_600 (first 600 elements)","33478.61","16.504","0.536","16.047","25.679","32.639","46.079"
valkey,pass 1,1 server CPU,pipeline 16,"MSET (10 keys)","188734.55","4.050","0.368","3.919","6.135","7.495","27.391"
dragonfly-1,pass 1,1 server CPU,pipeline 1,"PING_INLINE","127158.23","0.364","0.048","0.343","0.551","0.903","16.319"
dragonfly-1,pass 1,1 server CPU,pipeline 1,"PING_MBULK","57824.78","0.765","0.032","0.351","0.687","4.127","1661.951"
dragonfly-1,pass 1,1 server CPU,pipeline 1,"SET","95504.45","0.487","0.032","0.407","0.639","0.927","555.519"
dragonfly-1,pass 1,1 server CPU,pipeline 1,"GET","112257.97","0.415","0.056","0.391","0.623","0.863","8.783"
dragonfly-1,pass 1,1 server CPU,pipeline 1,"INCR","105637.86","0.440","0.048","0.407","0.663","1.095","52.031"
dragonfly-1,pass 1,1 server CPU,pipeline 1,"LPUSH","40481.35","1.110","0.048","0.399","1.759","12.327","3000.319"
dragonfly-1,pass 1,1 server CPU,pipeline 1,"RPUSH","113564.88","0.411","0.048","0.383","0.631","0.855","21.583"
dragonfly-1,pass 1,1 server CPU,pipeline 1,"LPOP","119743.35","0.392","0.048","0.375","0.583","0.743","12.223"
dragonfly-1,pass 1,1 server CPU,pipeline 1,"RPOP","119893.52","0.388","0.040","0.367","0.559","0.767","16.959"
dragonfly-1,pass 1,1 server CPU,pipeline 1,"SADD","110474.73","0.424","0.048","0.399","0.607","0.839","331.007"
dragonfly-1,pass 1,1 server CPU,pipeline 1,"HSET","105087.31","0.446","0.064","0.423","0.647","0.863","18.223"
dragonfly-1,pass 1,1 server CPU,pipeline 1,"SPOP","115834.61","0.401","0.056","0.367","0.647","0.911","10.767"
dragonfly-1,pass 1,1 server CPU,pipeline 1,"ZADD","87206.06","0.535","0.072","0.511","0.759","1.007","63.519"
dragonfly-1,pass 1,1 server CPU,pipeline 1,"ZPOPMIN","115169.38","0.402","0.048","0.375","0.615","0.855","24.575"
dragonfly-1,pass 1,1 server CPU,pipeline 1,"LRANGE_100 (first 100 elements)","62897.34","0.714","0.072","0.655","1.071","1.767","149.247"
dragonfly-1,pass 1,1 server CPU,pipeline 1,"LRANGE_300 (first 300 elements)","37356.40","1.179","0.088","1.119","1.719","2.407","34.591"
dragonfly-1,pass 1,1 server CPU,pipeline 1,"LRANGE_500 (first 500 elements)","25728.68","1.700","0.072","1.623","2.431","3.367","78.271"
dragonfly-1,pass 1,1 server CPU,pipeline 1,"LRANGE_600 (first 600 elements)","19302.20","2.277","0.104","2.159","3.159","4.655","47.071"
dragonfly-1,pass 1,1 server CPU,pipeline 1,"MSET (10 keys)","61969.12","0.741","0.064","0.703","1.031","1.687","42.591"
dragonfly-1,pass 1,1 server CPU,pipeline 16,"PING_INLINE","1049092.88","0.692","0.080","0.647","1.047","1.575","37.951"
dragonfly-1,pass 1,1 server CPU,pipeline 16,"PING_MBULK","1028699.88","0.711","0.072","0.655","1.063","1.599","109.567"
dragonfly-1,pass 1,1 server CPU,pipeline 16,"SET","467138.84","1.588","0.080","1.623","2.455","3.535","37.599"
dragonfly-1,pass 1,1 server CPU,pipeline 16,"GET","529224.50","1.381","0.072","1.423","2.191","2.927","41.919"
dragonfly-1,pass 1,1 server CPU,pipeline 16,"INCR","450015.94","1.652","0.072","1.679","2.551","3.447","51.999"
dragonfly-1,pass 1,1 server CPU,pipeline 16,"LPUSH","490255.56","1.522","0.072","1.503","2.439","3.423","74.815"
dragonfly-1,pass 1,1 server CPU,pipeline 16,"RPUSH","548195.44","1.362","0.080","1.375","2.175","2.879","66.495"
dragonfly-1,pass 1,1 server CPU,pipeline 16,"LPOP","593020.56","1.245","0.064","1.231","2.007","2.511","40.319"
dragonfly-1,pass 1,1 server CPU,pipeline 16,"RPOP","614133.44","1.204","0.064","1.199","1.903","2.431","51.103"
dragonfly-1,pass 1,1 server CPU,pipeline 16,"SADD","423936.59","1.758","0.080","1.743","2.703","3.583","191.871"
dragonfly-1,pass 1,1 server CPU,pipeline 16,"HSET","368704.75","2.044","0.088","2.007","3.071","4.279","43.583"
dragonfly-1,pass 1,1 server CPU,pipeline 16,"SPOP","734474.75","0.997","0.064","0.903","1.743","2.503","46.911"
dragonfly-1,pass 1,1 server CPU,pipeline 16,"ZADD","250731.73","3.026","0.128","2.871","4.367","5.719","43.039"
dragonfly-1,pass 1,1 server CPU,pipeline 16,"ZPOPMIN","689269.06","1.059","0.064","0.967","1.783","2.295","85.695"
dragonfly-1,pass 1,1 server CPU,pipeline 16,"LRANGE_100 (first 100 elements)","86256.34","8.670","0.480","6.839","11.711","76.351","137.727"
dragonfly-1,pass 1,1 server CPU,pipeline 16,"LRANGE_300 (first 300 elements)","31688.51","22.860","2.352","18.719","55.391","108.287","146.687"
dragonfly-1,pass 1,1 server CPU,pipeline 16,"LRANGE_500 (first 500 elements)","19680.21","36.390","2.256","30.239","87.295","119.039","181.375"
dragonfly-1,pass 1,1 server CPU,pipeline 16,"LRANGE_600 (first 600 elements)","16167.00","43.982","2.320","37.343","98.751","124.479","159.615"
dragonfly-1,pass 1,1 server CPU,pipeline 16,"MSET (10 keys)","124219.02","6.265","0.176","5.975","8.535","10.015","44.127"
garnet-1,pass 1,1 server CPU,pipeline 1,"PING_INLINE","33533.50","1.473","0.008","0.143","3.023","11.879","2034.687"
garnet-1,pass 1,1 server CPU,pipeline 1,"PING_MBULK","33128.77","1.473","0.016","0.167","0.631","3.391","3000.319"
garnet-1,pass 1,1 server CPU,pipeline 1,"SET","30645.45","1.537","0.016","0.167","0.679","3.895","3000.319"
garnet-1,pass 1,1 server CPU,pipeline 1,"GET","32258.52","1.537","0.032","0.167","0.759","6.607","3000.319"
garnet-1,pass 1,1 server CPU,pipeline 1,"INCR","30241.04","1.639","0.032","0.175","0.831","9.183","1456.127"
garnet-1,pass 1,1 server CPU,pipeline 1,"LPUSH","30634.66","1.599","0.032","0.175","0.695","4.695","3000.319"
garnet-1,pass 1,1 server CPU,pipeline 1,"RPUSH","30406.68","1.360","0.024","0.175","0.679","3.591","3000.319"
garnet-1,pass 1,1 server CPU,pipeline 1,"LPOP","31896.17","1.559","0.024","0.167","0.663","4.407","3000.319"
garnet-1,pass 1,1 server CPU,pipeline 1,"RPOP","32331.61","1.530","0.024","0.167","0.647","4.303","3000.319"
garnet-1,pass 1,1 server CPU,pipeline 1,"SADD","30182.01","1.472","0.032","0.175","0.663","3.287","3000.319"
garnet-1,pass 1,1 server CPU,pipeline 1,"HSET","30613.82","1.448","0.032","0.175","0.631","3.311","3000.319"
garnet-1,pass 1,1 server CPU,pipeline 1,"SPOP","20592.70","2.175","0.016","0.167","1.799","6.687","3000.319"
garnet-1,pass 1,1 server CPU,pipeline 1,"ZADD","24953.50","1.876","0.032","0.191","0.815","4.687","3000.319"
garnet-1,pass 1,1 server CPU,pipeline 1,"ZPOPMIN","32660.66","1.519","0.024","0.159","0.687","5.447","3000.319"
garnet-1,pass 1,1 server CPU,pipeline 1,"LRANGE_100 (first 100 elements)","31002.92","1.591","0.032","0.175","0.775","4.359","2756.607"
garnet-1,pass 1,1 server CPU,pipeline 1,"LRANGE_300 (first 300 elements)","31528.96","1.556","0.032","0.191","2.303","30.751","459.007"
garnet-1,pass 1,1 server CPU,pipeline 1,"LRANGE_500 (first 500 elements)","34733.79","1.356","0.040","0.303","4.959","16.639","277.247"
garnet-1,pass 1,1 server CPU,pipeline 1,"LRANGE_600 (first 600 elements)","35447.83","1.280","0.032","0.455","3.911","12.847","342.783"
garnet-1,pass 1,1 server CPU,pipeline 1,"MSET (10 keys)","27270.94","1.448","0.032","0.335","1.543","7.215","3000.319"
garnet-1,pass 1,1 server CPU,pipeline 16,"PING_INLINE","547163.88","1.439","0.016","0.159","0.631","3.351","3000.319"
garnet-1,pass 1,1 server CPU,pipeline 16,"PING_MBULK","528800.88","1.443","0.016","0.167","0.655","3.415","3000.319"
garnet-1,pass 1,1 server CPU,pipeline 16,"SET","339085.44","1.899","0.040","0.223","1.047","5.039","3000.319"
garnet-1,pass 1,1 server CPU,pipeline 16,"GET","348191.56","2.284","0.032","0.215","1.031","5.703","2926.591"
garnet-1,pass 1,1 server CPU,pipeline 16,"INCR","330151.78","2.405","0.040","0.231","1.111","6.615","2693.119"
garnet-1,pass 1,1 server CPU,pipeline 16,"LPUSH","303910.09","2.573","0.024","0.231","1.503","10.215","3000.319"
garnet-1,pass 1,1 server CPU,pipeline 16,"RPUSH","288796.78","2.559","0.032","0.271","1.615","8.863","3000.319"
garnet-1,pass 1,1 server CPU,pipeline 16,"LPOP","401031.38","1.971","0.032","0.207","0.887","4.975","3000.319"
garnet-1,pass 1,1 server CPU,pipeline 16,"RPOP","401375.91","1.918","0.032","0.215","0.871","5.463","3000.319"
garnet-1,pass 1,1 server CPU,pipeline 16,"SADD","313123.66","2.513","0.040","0.239","1.399","18.607","3000.319"
garnet-1,pass 1,1 server CPU,pipeline 16,"HSET","328482.75","2.421","0.040","0.231","1.175","10.583","2390.015"
garnet-1,pass 1,1 server CPU,pipeline 16,"SPOP","274538.38","2.139","0.032","0.183","0.839","11.263","3000.319"
garnet-1,pass 1,1 server CPU,pipeline 16,"ZADD","154720.09","5.089","0.056","0.511","2.615","13.055","3000.319"
garnet-1,pass 1,1 server CPU,pipeline 16,"ZPOPMIN","425285.88","1.865","0.024","0.191","0.903","6.671","2363.391"
garnet-1,pass 1,1 server CPU,pipeline 16,"LRANGE_100 (first 100 elements)","363847.72","1.981","0.048","1.551","5.383","9.775","60.511"
garnet-1,pass 1,1 server CPU,pipeline 16,"LRANGE_300 (first 300 elements)","170882.92","2.369","0.128","2.023","4.639","7.439","105.855"
garnet-1,pass 1,1 server CPU,pipeline 16,"LRANGE_500 (first 500 elements)","109204.46","2.193","0.192","1.863","4.167","7.055","119.999"
garnet-1,pass 1,1 server CPU,pipeline 16,"LRANGE_600 (first 600 elements)","90315.32","2.658","0.496","2.175","5.671","9.711","83.071"
garnet-1,pass 1,1 server CPU,pipeline 16,"MSET (10 keys)","115857.07","5.332","0.440","1.919","2.791","9.583","3000.319"
firn-1,pass 1,1 server CPU,pipeline 1,"PING_INLINE","124975.66","0.370","0.048","0.327","0.607","1.031","43.807"
firn-1,pass 1,1 server CPU,pipeline 1,"PING_MBULK","128821.04","0.358","0.024","0.327","0.575","0.871","9.407"
firn-1,pass 1,1 server CPU,pipeline 1,"SET","119638.80","0.391","0.064","0.359","0.575","0.807","70.079"
firn-1,pass 1,1 server CPU,pipeline 1,"GET","123692.98","0.377","0.056","0.351","0.551","0.775","13.119"
firn-1,pass 1,1 server CPU,pipeline 1,"INCR","119570.56","0.391","0.048","0.359","0.591","0.807","38.751"
firn-1,pass 1,1 server CPU,pipeline 1,"LPUSH","127958.54","0.365","0.032","0.335","0.559","0.839","9.551"
firn-1,pass 1,1 server CPU,pipeline 1,"RPUSH","125281.39","0.372","0.048","0.343","0.575","0.807","55.135"
firn-1,pass 1,1 server CPU,pipeline 1,"LPOP","132862.45","0.351","0.048","0.327","0.543","0.719","13.591"
firn-1,pass 1,1 server CPU,pipeline 1,"RPOP","129003.21","0.360","0.056","0.335","0.551","0.759","18.927"
firn-1,pass 1,1 server CPU,pipeline 1,"SADD","121612.44","0.387","0.048","0.359","0.583","0.855","39.295"
firn-1,pass 1,1 server CPU,pipeline 1,"HSET","116610.20","0.402","0.048","0.367","0.607","0.887","60.351"
firn-1,pass 1,1 server CPU,pipeline 1,"SPOP","130317.03","0.360","0.056","0.327","0.543","0.839","22.831"
firn-1,pass 1,1 server CPU,pipeline 1,"ZADD","92279.35","0.516","0.064","0.487","0.743","1.023","11.663"
firn-1,pass 1,1 server CPU,pipeline 1,"ZPOPMIN","134384.19","0.346","0.056","0.327","0.527","0.719","42.559"
firn-1,pass 1,1 server CPU,pipeline 1,"LRANGE_100 (first 100 elements)","114049.23","0.392","0.072","0.375","0.591","0.815","9.127"
firn-1,pass 1,1 server CPU,pipeline 1,"LRANGE_300 (first 300 elements)","96725.02","0.436","0.064","0.423","0.679","0.871","37.183"
firn-1,pass 1,1 server CPU,pipeline 1,"LRANGE_500 (first 500 elements)","74850.27","0.457","0.096","0.399","0.831","1.223","16.591"
firn-1,pass 1,1 server CPU,pipeline 1,"LRANGE_600 (first 600 elements)","65992.84","0.467","0.096","0.383","0.887","1.263","33.823"
firn-1,pass 1,1 server CPU,pipeline 1,"MSET (10 keys)","74120.20","0.644","0.088","0.591","0.967","1.343","127.039"
firn-1,pass 1,1 server CPU,pipeline 16,"PING_INLINE","1781984.50","0.418","0.064","0.391","0.639","0.887","36.351"
firn-1,pass 1,1 server CPU,pipeline 16,"PING_MBULK","1771028.12","0.412","0.064","0.391","0.647","0.879","17.215"
firn-1,pass 1,1 server CPU,pipeline 16,"SET","857117.00","0.897","0.104","0.855","1.247","1.911","54.239"
firn-1,pass 1,1 server CPU,pipeline 16,"GET","919115.06","0.832","0.104","0.807","1.135","1.519","20.639"
firn-1,pass 1,1 server CPU,pipeline 16,"INCR","823414.56","0.934","0.088","0.887","1.343","1.863","58.207"
firn-1,pass 1,1 server CPU,pipeline 16,"LPUSH","1380555.62","0.548","0.064","0.511","0.783","1.103","119.487"
firn-1,pass 1,1 server CPU,pipeline 16,"RPUSH","1387526.25","0.547","0.040","0.511","0.759","1.039","249.087"
firn-1,pass 1,1 server CPU,pipeline 16,"LPOP","1563580.62","0.476","0.064","0.447","0.695","0.951","30.191"
firn-1,pass 1,1 server CPU,pipeline 16,"RPOP","1590054.50","0.471","0.072","0.447","0.679","0.911","9.927"
firn-1,pass 1,1 server CPU,pipeline 16,"SADD","1001485.44","0.761","0.080","0.719","1.063","1.679","55.647"
firn-1,pass 1,1 server CPU,pipeline 16,"HSET","926396.75","0.831","0.080","0.799","1.191","1.535","25.551"
firn-1,pass 1,1 server CPU,pipeline 16,"SPOP","1560721.38","0.479","0.072","0.439","0.687","0.967","173.439"
firn-1,pass 1,1 server CPU,pipeline 16,"ZADD","355968.06","2.197","0.216","2.135","2.799","3.471","30.431"
firn-1,pass 1,1 server CPU,pipeline 16,"ZPOPMIN","1629949.00","0.456","0.072","0.439","0.639","0.919","16.447"
firn-1,pass 1,1 server CPU,pipeline 16,"LRANGE_100 (first 100 elements)","565746.06","0.871","0.112","0.759","1.535","2.263","46.047"
firn-1,pass 1,1 server CPU,pipeline 16,"LRANGE_300 (first 300 elements)","194448.12","1.672","0.128","1.487","3.335","4.599","17.567"
firn-1,pass 1,1 server CPU,pipeline 16,"LRANGE_500 (first 500 elements)","109159.38","1.985","0.192","1.783","3.751","5.447","15.119"
firn-1,pass 1,1 server CPU,pipeline 16,"LRANGE_600 (first 600 elements)","96932.86","2.072","0.192","1.815","3.879","7.327","39.423"
firn-1,pass 1,1 server CPU,pipeline 16,"MSET (10 keys)","242706.56","3.264","0.240","3.071","4.815","6.143","23.487"
firn-base-1,pass 1,1 server CPU,pipeline 1,"PING_INLINE","134258.16","0.342","0.048","0.319","0.511","0.735","26.639"
firn-base-1,pass 1,1 server CPU,pipeline 1,"PING_MBULK","130889.13","0.353","0.048","0.327","0.543","0.783","113.471"
firn-base-1,pass 1,1 server CPU,pipeline 1,"SET","119623.12","0.391","0.048","0.367","0.567","0.791","28.927"
firn-base-1,pass 1,1 server CPU,pipeline 1,"GET","123642.71","0.379","0.056","0.359","0.551","0.759","35.359"
firn-base-1,pass 1,1 server CPU,pipeline 1,"INCR","121546.55","0.388","0.056","0.359","0.575","0.767","71.295"
firn-base-1,pass 1,1 server CPU,pipeline 1,"LPUSH","130252.00","0.358","0.056","0.335","0.527","0.751","31.295"
firn-base-1,pass 1,1 server CPU,pipeline 1,"RPUSH","125324.58","0.372","0.048","0.343","0.567","0.767","15.919"
firn-base-1,pass 1,1 server CPU,pipeline 1,"LPOP","125871.13","0.367","0.048","0.335","0.575","0.903","54.047"
firn-base-1,pass 1,1 server CPU,pipeline 1,"RPOP","128987.58","0.361","0.056","0.335","0.551","0.767","8.119"
firn-base-1,pass 1,1 server CPU,pipeline 1,"SADD","121411.33","0.384","0.056","0.359","0.575","0.799","38.815"
firn-base-1,pass 1,1 server CPU,pipeline 1,"HSET","118111.02","0.396","0.040","0.367","0.575","0.839","54.047"
firn-base-1,pass 1,1 server CPU,pipeline 1,"SPOP","130317.03","0.357","0.032","0.327","0.559","0.879","24.607"
firn-base-1,pass 1,1 server CPU,pipeline 1,"ZADD","97961.31","0.488","0.056","0.471","0.679","0.951","26.287"
firn-base-1,pass 1,1 server CPU,pipeline 1,"ZPOPMIN","131931.95","0.356","0.048","0.327","0.551","0.799","36.415"
firn-base-1,pass 1,1 server CPU,pipeline 1,"LRANGE_100 (first 100 elements)","116464.66","0.393","0.064","0.367","0.607","0.887","26.431"
firn-base-1,pass 1,1 server CPU,pipeline 1,"LRANGE_300 (first 300 elements)","100219.94","0.413","0.080","0.399","0.639","0.927","16.607"
firn-base-1,pass 1,1 server CPU,pipeline 1,"LRANGE_500 (first 500 elements)","79866.89","0.412","0.088","0.383","0.671","1.015","24.559"
firn-base-1,pass 1,1 server CPU,pipeline 1,"LRANGE_600 (first 600 elements)","70927.15","0.441","0.096","0.383","0.815","1.151","20.655"
firn-base-1,pass 1,1 server CPU,pipeline 1,"MSET (10 keys)","81829.59","0.581","0.072","0.551","0.887","1.175","30.143"
firn-base-1,pass 1,1 server CPU,pipeline 16,"PING_INLINE","1868520.75","0.395","0.056","0.375","0.591","0.839","13.511"
firn-base-1,pass 1,1 server CPU,pipeline 16,"PING_MBULK","1904169.50","0.388","0.064","0.367","0.591","0.799","12.559"
firn-base-1,pass 1,1 server CPU,pipeline 16,"SET","930315.62","0.833","0.080","0.799","1.159","1.511","46.367"
firn-base-1,pass 1,1 server CPU,pipeline 16,"GET","1003703.62","0.764","0.088","0.735","1.047","1.463","45.631"
firn-base-1,pass 1,1 server CPU,pipeline 16,"INCR","957366.00","0.802","0.080","0.767","1.151","1.687","21.679"
firn-base-1,pass 1,1 server CPU,pipeline 16,"LPUSH","1475385.62","0.518","0.080","0.495","0.711","0.951","115.967"
firn-base-1,pass 1,1 server CPU,pipeline 16,"RPUSH","1387425.50","0.546","0.072","0.511","0.775","1.039","246.655"
firn-base-1,pass 1,1 server CPU,pipeline 16,"LPOP","1595875.75","0.474","0.064","0.447","0.687","0.983","34.911"
firn-base-1,pass 1,1 server CPU,pipeline 16,"RPOP","1623462.50","0.466","0.072","0.439","0.679","0.959","19.007"
firn-base-1,pass 1,1 server CPU,pipeline 16,"SADD","1062590.25","0.720","0.080","0.671","1.023","1.599","38.623"
firn-base-1,pass 1,1 server CPU,pipeline 16,"HSET","980019.38","0.790","0.088","0.759","1.079","1.479","54.879"
firn-base-1,pass 1,1 server CPU,pipeline 16,"SPOP","1662336.62","0.451","0.064","0.415","0.663","1.007","118.783"
firn-base-1,pass 1,1 server CPU,pipeline 16,"ZADD","355914.47","2.224","0.152","2.143","2.927","3.751","29.935"
firn-base-1,pass 1,1 server CPU,pipeline 16,"ZPOPMIN","1665653.75","0.446","0.072","0.415","0.695","1.015","32.527"
firn-base-1,pass 1,1 server CPU,pipeline 16,"LRANGE_100 (first 100 elements)","585499.50","0.785","0.120","0.663","1.599","2.319","31.311"
firn-base-1,pass 1,1 server CPU,pipeline 16,"LRANGE_300 (first 300 elements)","194502.20","1.541","0.112","1.383","2.975","4.431","40.447"
firn-base-1,pass 1,1 server CPU,pipeline 16,"LRANGE_500 (first 500 elements)","121742.45","1.757","0.272","1.575","3.183","4.783","19.679"
firn-base-1,pass 1,1 server CPU,pipeline 16,"LRANGE_600 (first 600 elements)","96905.23","2.073","0.240","1.839","3.871","6.207","29.679"
firn-base-1,pass 1,1 server CPU,pipeline 16,"MSET (10 keys)","231623.05","3.397","0.248","3.199","4.919","6.239","22.975"
reference,pass 2,2 server CPUs,pipeline 1,"PING_INLINE","147965.56","0.297","0.048","0.271","0.527","0.823","8.295"
reference,pass 2,2 server CPUs,pipeline 1,"PING_MBULK","153630.14","0.287","0.040","0.263","0.503","0.767","41.535"
reference,pass 2,2 server CPUs,pipeline 1,"SET","128013.61","0.351","0.048","0.319","0.583","0.903","31.407"
reference,pass 2,2 server CPUs,pipeline 1,"GET","128049.53","0.349","0.048","0.319","0.583","0.903","18.063"
reference,pass 2,2 server CPUs,pipeline 1,"INCR","132590.61","0.341","0.048","0.311","0.575","0.855","25.983"
reference,pass 2,2 server CPUs,pipeline 1,"LPUSH","142995.38","0.314","0.040","0.279","0.543","0.879","80.511"
reference,pass 2,2 server CPUs,pipeline 1,"RPUSH","142463.41","0.315","0.040","0.279","0.559","0.911","27.423"
reference,pass 2,2 server CPUs,pipeline 1,"LPOP","140546.25","0.319","0.048","0.287","0.567","0.895","19.455"
reference,pass 2,2 server CPUs,pipeline 1,"RPOP","137244.19","0.327","0.040","0.287","0.583","0.951","37.151"
reference,pass 2,2 server CPUs,pipeline 1,"SADD","128893.88","0.350","0.040","0.319","0.591","0.887","10.183"
reference,pass 2,2 server CPUs,pipeline 1,"HSET","125180.45","0.357","0.048","0.319","0.607","1.063","34.239"
reference,pass 2,2 server CPUs,pipeline 1,"SPOP","152040.16","0.289","0.048","0.263","0.503","0.735","46.591"
reference,pass 2,2 server CPUs,pipeline 1,"ZADD","90961.68","0.509","0.056","0.471","0.815","1.279","40.479"
reference,pass 2,2 server CPUs,pipeline 1,"ZPOPMIN","148068.22","0.301","0.032","0.271","0.551","0.983","9.679"
reference,pass 2,2 server CPUs,pipeline 1,"LRANGE_100 (first 100 elements)","88311.84","0.486","0.072","0.455","0.775","1.191","13.599"
reference,pass 2,2 server CPUs,pipeline 1,"LRANGE_300 (first 300 elements)","48359.18","0.852","0.080","0.807","1.351","2.167","46.367"
reference,pass 2,2 server CPUs,pipeline 1,"LRANGE_500 (first 500 elements)","34179.22","1.161","0.080","1.111","1.855","2.663","44.191"
reference,pass 2,2 server CPUs,pipeline 1,"LRANGE_600 (first 600 elements)","28985.42","1.343","0.088","1.287","2.231","2.951","40.191"
reference,pass 2,2 server CPUs,pipeline 1,"MSET (10 keys)","65093.46","0.693","0.072","0.663","1.039","1.671","31.791"
reference,pass 2,2 server CPUs,pipeline 16,"PING_INLINE","1297601.38","0.545","0.064","0.503","0.911","1.495","48.671"
reference,pass 2,2 server CPUs,pipeline 16,"PING_MBULK","1585962.38","0.449","0.056","0.415","0.735","1.303","20.351"
reference,pass 2,2 server CPUs,pipeline 16,"SET","668983.31","1.082","0.104","1.031","1.623","2.295","33.247"
reference,pass 2,2 server CPUs,pipeline 16,"GET","699714.94","1.028","0.096","0.983","1.519","2.263","35.007"
reference,pass 2,2 server CPUs,pipeline 16,"INCR","765854.50","0.939","0.096","0.903","1.391","1.975","64.031"
reference,pass 2,2 server CPUs,pipeline 16,"LPUSH","1223578.75","0.588","0.072","0.559","0.943","1.423","20.479"
reference,pass 2,2 server CPUs,pipeline 16,"RPUSH","1269146.38","0.569","0.080","0.543","0.855","1.263","67.903"
reference,pass 2,2 server CPUs,pipeline 16,"LPOP","1110114.12","0.644","0.080","0.615","1.007","1.527","22.367"
reference,pass 2,2 server CPUs,pipeline 16,"RPOP","1120628.50","0.640","0.080","0.607","1.023","1.527","37.759"
reference,pass 2,2 server CPUs,pipeline 16,"SADD","762297.12","0.944","0.096","0.879","1.415","2.079","80.767"
reference,pass 2,2 server CPUs,pipeline 16,"HSET","760230.88","0.952","0.080","0.919","1.391","1.975","41.535"
reference,pass 2,2 server CPUs,pipeline 16,"SPOP","1415613.38","0.500","0.064","0.463","0.807","1.271","23.679"
reference,pass 2,2 server CPUs,pipeline 16,"ZADD","262090.72","2.909","0.176","2.839","3.919","5.007","15.487"
reference,pass 2,2 server CPUs,pipeline 16,"ZPOPMIN","1502287.75","0.481","0.056","0.447","0.767","1.287","33.023"
reference,pass 2,2 server CPUs,pipeline 16,"LRANGE_100 (first 100 elements)","181535.16","3.743","0.176","3.647","5.439","6.863","44.287"
reference,pass 2,2 server CPUs,pipeline 16,"LRANGE_300 (first 300 elements)","64756.80","8.887","0.296","8.703","13.423","16.079","49.087"
reference,pass 2,2 server CPUs,pipeline 16,"LRANGE_500 (first 500 elements)","37641.88","13.553","0.456","13.047","22.223","29.007","53.855"
reference,pass 2,2 server CPUs,pipeline 16,"LRANGE_600 (first 600 elements)","31895.68","15.859","0.440","15.055","26.015","35.839","59.679"
reference,pass 2,2 server CPUs,pipeline 16,"MSET (10 keys)","146935.16","5.203","0.456","4.999","6.991","8.719","51.743"
valkey,pass 2,2 server CPUs,pipeline 1,"PING_INLINE","147929.34","0.298","0.040","0.271","0.511","0.799","23.871"
valkey,pass 2,2 server CPUs,pipeline 1,"PING_MBULK","150663.67","0.293","0.032","0.263","0.519","0.799","8.583"
valkey,pass 2,2 server CPUs,pipeline 1,"SET","128022.59","0.354","0.040","0.319","0.591","0.895","26.415"
valkey,pass 2,2 server CPUs,pipeline 1,"GET","127977.70","0.351","0.040","0.319","0.607","0.935","16.687"
valkey,pass 2,2 server CPUs,pipeline 1,"INCR","132542.44","0.340","0.048","0.311","0.567","0.855","29.343"
valkey,pass 2,2 server CPUs,pipeline 1,"LPUSH","142995.38","0.303","0.040","0.271","0.527","0.839","15.815"
valkey,pass 2,2 server CPUs,pipeline 1,"RPUSH","139768.80","0.314","0.040","0.279","0.559","0.871","31.487"
valkey,pass 2,2 server CPUs,pipeline 1,"LPOP","143312.66","0.312","0.040","0.287","0.535","0.831","18.623"
valkey,pass 2,2 server CPUs,pipeline 1,"RPOP","141900.09","0.319","0.040","0.287","0.543","0.831","24.431"
valkey,pass 2,2 server CPUs,pipeline 1,"SADD","133041.86","0.339","0.048","0.303","0.583","0.879","40.831"
valkey,pass 2,2 server CPUs,pipeline 1,"HSET","123374.23","0.365","0.040","0.327","0.623","0.967","32.623"
valkey,pass 2,2 server CPUs,pipeline 1,"SPOP","148938.31","0.300","0.040","0.271","0.535","0.775","7.799"
valkey,pass 2,2 server CPUs,pipeline 1,"ZADD","90972.06","0.507","0.056","0.471","0.807","1.127","45.855"
valkey,pass 2,2 server CPUs,pipeline 1,"ZPOPMIN","148116.55","0.295","0.040","0.271","0.511","0.751","9.511"
valkey,pass 2,2 server CPUs,pipeline 1,"LRANGE_100 (first 100 elements)","91212.03","0.478","0.064","0.455","0.735","1.071","30.479"
valkey,pass 2,2 server CPUs,pipeline 1,"LRANGE_300 (first 300 elements)","50070.64","0.824","0.080","0.783","1.279","1.743","67.007"
valkey,pass 2,2 server CPUs,pipeline 1,"LRANGE_500 (first 500 elements)","34212.39","1.175","0.072","1.127","1.879","2.655","12.167"
valkey,pass 2,2 server CPUs,pipeline 1,"LRANGE_600 (first 600 elements)","29889.69","1.305","0.080","1.239","2.151","3.103","52.319"
valkey,pass 2,2 server CPUs,pipeline 1,"MSET (10 keys)","70936.66","0.639","0.072","0.615","0.983","1.423","67.455"
valkey,pass 2,2 server CPUs,pipeline 16,"PING_INLINE","1418858.25","0.512","0.072","0.495","0.751","1.063","6.719"
valkey,pass 2,2 server CPUs,pipeline 16,"PING_MBULK","1553495.50","0.449","0.056","0.423","0.703","0.999","11.127"
valkey,pass 2,2 server CPUs,pipeline 16,"SET","699663.62","1.032","0.096","0.999","1.479","2.087","20.223"
valkey,pass 2,2 server CPUs,pipeline 16,"GET","770381.19","0.942","0.104","0.919","1.335","1.911","9.463"
valkey,pass 2,2 server CPUs,pipeline 16,"INCR","797373.38","0.905","0.104","0.879","1.287","1.847","32.687"
valkey,pass 2,2 server CPUs,pipeline 16,"LPUSH","1196138.25","0.600","0.080","0.567","0.935","1.375","50.911"
valkey,pass 2,2 server CPUs,pipeline 16,"RPUSH","1293225.62","0.561","0.080","0.543","0.871","1.271","6.207"
valkey,pass 2,2 server CPUs,pipeline 16,"LPOP","1160821.50","0.618","0.080","0.591","0.959","1.399","37.919"
valkey,pass 2,2 server CPUs,pipeline 16,"RPOP","1121814.12","0.637","0.072","0.607","1.015","1.487","22.351"
valkey,pass 2,2 server CPUs,pipeline 16,"SADD","946255.12","0.749","0.096","0.727","1.063","1.519","33.407"
valkey,pass 2,2 server CPUs,pipeline 16,"HSET","749284.31","0.966","0.096","0.935","1.383","1.895","9.063"
valkey,pass 2,2 server CPUs,pipeline 16,"SPOP","1415927.75","0.503","0.064","0.463","0.815","1.431","24.095"
valkey,pass 2,2 server CPUs,pipeline 16,"ZADD","269595.25","2.799","0.192","2.703","3.839","4.847","15.007"
valkey,pass 2,2 server CPUs,pipeline 16,"ZPOPMIN","1392867.62","0.511","0.072","0.479","0.815","1.215","35.071"
valkey,pass 2,2 server CPUs,pipeline 16,"LRANGE_100 (first 100 elements)","183662.97","3.645","0.152","3.535","5.383","6.775","61.503"
valkey,pass 2,2 server CPUs,pipeline 16,"LRANGE_300 (first 300 elements)","63215.39","8.837","0.320","8.391","14.223","18.495","87.295"
valkey,pass 2,2 server CPUs,pipeline 16,"LRANGE_500 (first 500 elements)","38108.49","13.470","0.440","12.975","22.879","27.999","36.799"
valkey,pass 2,2 server CPUs,pipeline 16,"LRANGE_600 (first 600 elements)","32646.02","15.272","0.456","14.759","24.543","33.375","47.135"
valkey,pass 2,2 server CPUs,pipeline 16,"MSET (10 keys)","154705.45","4.955","0.200","4.599","7.175","9.655","158.079"
valkey-io,pass 2,2 server CPUs,pipeline 1,"PING_INLINE","181247.83","0.215","0.048","0.183","0.383","0.647","17.151"
valkey-io,pass 2,2 server CPUs,pipeline 1,"PING_MBULK","181524.81","0.208","0.048","0.175","0.375","0.655","11.383"
valkey-io,pass 2,2 server CPUs,pipeline 1,"SET","145937.16","0.285","0.056","0.271","0.463","0.799","14.607"
valkey-io,pass 2,2 server CPUs,pipeline 1,"GET","148926.16","0.280","0.056","0.271","0.455","0.735","20.175"
valkey-io,pass 2,2 server CPUs,pipeline 1,"INCR","155172.19","0.270","0.056","0.263","0.431","0.711","27.871"
valkey-io,pass 2,2 server CPUs,pipeline 1,"LPUSH","165777.42","0.249","0.048","0.231","0.423","0.711","11.471"
valkey-io,pass 2,2 server CPUs,pipeline 1,"RPUSH","161527.73","0.251","0.056","0.231","0.431","0.711","25.231"
valkey-io,pass 2,2 server CPUs,pipeline 1,"LPOP","178242.75","0.226","0.056","0.207","0.391","0.623","10.607"
valkey-io,pass 2,2 server CPUs,pipeline 1,"RPOP","173759.00","0.226","0.056","0.199","0.399","0.639","20.095"
valkey-io,pass 2,2 server CPUs,pipeline 1,"SADD","154717.61","0.266","0.056","0.247","0.439","0.743","36.127"
valkey-io,pass 2,2 server CPUs,pipeline 1,"HSET","152054.64","0.278","0.056","0.271","0.447","0.679","10.559"
valkey-io,pass 2,2 server CPUs,pipeline 1,"SPOP","169744.23","0.226","0.048","0.191","0.399","0.719","20.367"
valkey-io,pass 2,2 server CPUs,pipeline 1,"ZADD","93131.98","0.460","0.072","0.447","0.703","1.087","152.191"
valkey-io,pass 2,2 server CPUs,pipeline 1,"ZPOPMIN","181436.11","0.220","0.048","0.191","0.399","0.679","20.191"
valkey-io,pass 2,2 server CPUs,pipeline 1,"LRANGE_100 (first 100 elements)","82900.95","0.506","0.072","0.479","0.775","1.263","27.695"
valkey-io,pass 2,2 server CPUs,pipeline 1,"LRANGE_300 (first 300 elements)","44366.19","0.912","0.088","0.823","1.423","3.007","74.303"
valkey-io,pass 2,2 server CPUs,pipeline 1,"LRANGE_500 (first 500 elements)","32349.35","1.214","0.080","1.167","1.935","2.655","38.943"
valkey-io,pass 2,2 server CPUs,pipeline 1,"LRANGE_600 (first 600 elements)","27683.89","1.414","0.088","1.351","2.263","3.231","25.999"
valkey-io,pass 2,2 server CPUs,pipeline 1,"MSET (10 keys)","59093.76","0.742","0.080","0.719","1.039","1.599","36.287"
valkey-io,pass 2,2 server CPUs,pipeline 16,"PING_INLINE","1367324.12","0.504","0.072","0.487","0.751","1.239","34.943"
valkey-io,pass 2,2 server CPUs,pipeline 16,"PING_MBULK","1731110.38","0.395","0.080","0.391","0.607","0.927","11.255"
valkey-io,pass 2,2 server CPUs,pipeline 16,"SET","686822.50","1.037","0.096","0.975","1.463","2.127","82.687"
valkey-io,pass 2,2 server CPUs,pipeline 16,"GET","712647.94","0.998","0.104","0.951","1.359","2.111","42.335"
valkey-io,pass 2,2 server CPUs,pipeline 16,"INCR","743190.44","0.961","0.096","0.911","1.359","2.159","28.799"
valkey-io,pass 2,2 server CPUs,pipeline 16,"LPUSH","1164539.75","0.600","0.072","0.575","0.911","1.519","43.295"
valkey-io,pass 2,2 server CPUs,pipeline 16,"RPUSH","1250765.12","0.559","0.080","0.543","0.831","1.367","32.735"
valkey-io,pass 2,2 server CPUs,pipeline 16,"LPOP","1093515.88","0.638","0.080","0.615","0.951","1.447","39.327"
valkey-io,pass 2,2 server CPUs,pipeline 16,"RPOP","1155851.75","0.603","0.080","0.591","0.887","1.351","9.551"
valkey-io,pass 2,2 server CPUs,pipeline 16,"SADD","880672.38","0.794","0.096","0.751","1.135","1.847","31.327"
valkey-io,pass 2,2 server CPUs,pipeline 16,"HSET","678719.75","1.041","0.104","0.983","1.455","2.119","35.359"
valkey-io,pass 2,2 server CPUs,pipeline 16,"SPOP","1470361.38","0.466","0.040","0.455","0.719","1.207","14.487"
valkey-io,pass 2,2 server CPUs,pipeline 16,"ZADD","251518.95","2.990","0.160","2.863","4.103","5.455","27.855"
valkey-io,pass 2,2 server CPUs,pipeline 16,"ZPOPMIN","1562942.88","0.443","0.072","0.439","0.655","1.199","25.807"
valkey-io,pass 2,2 server CPUs,pipeline 16,"LRANGE_100 (first 100 elements)","177663.19","3.758","0.160","3.575","5.727","7.567","39.935"
valkey-io,pass 2,2 server CPUs,pipeline 16,"LRANGE_300 (first 300 elements)","64736.04","8.662","0.312","8.471","13.623","16.831","42.591"
valkey-io,pass 2,2 server CPUs,pipeline 16,"LRANGE_500 (first 500 elements)","38592.45","13.808","0.456","13.631","21.535","27.311","62.943"
valkey-io,pass 2,2 server CPUs,pipeline 16,"LRANGE_600 (first 600 elements)","31166.19","16.675","0.512","16.247","27.919","35.775","55.103"
valkey-io,pass 2,2 server CPUs,pipeline 16,"MSET (10 keys)","130550.03","5.892","0.296","5.655","8.447","10.431","44.063"
dragonfly-2,pass 2,2 server CPUs,pipeline 1,"PING_INLINE","176828.44","0.157","0.040","0.151","0.231","0.399","11.135"
dragonfly-2,pass 2,2 server CPUs,pipeline 1,"PING_MBULK","169913.16","0.169","0.032","0.151","0.255","0.495","36.639"
dragonfly-2,pass 2,2 server CPUs,pipeline 1,"SET","177970.75","0.210","0.008","0.175","0.399","0.743","19.167"
dragonfly-2,pass 2,2 server CPUs,pipeline 1,"GET","192074.30","0.179","0.008","0.159","0.319","0.599","16.247"
dragonfly-2,pass 2,2 server CPUs,pipeline 1,"INCR","182350.19","0.212","0.008","0.175","0.407","0.767","36.095"
dragonfly-2,pass 2,2 server CPUs,pipeline 1,"LPUSH","173685.88","0.219","0.040","0.183","0.423","0.703","34.111"
dragonfly-2,pass 2,2 server CPUs,pipeline 1,"RPUSH","177297.67","0.214","0.032","0.183","0.415","0.663","16.399"
dragonfly-2,pass 2,2 server CPUs,pipeline 1,"LPOP","187380.59","0.190","0.032","0.167","0.335","0.623","33.151"
dragonfly-2,pass 2,2 server CPUs,pipeline 1,"RPOP","193498.95","0.175","0.032","0.159","0.295","0.551","12.815"
dragonfly-2,pass 2,2 server CPUs,pipeline 1,"SADD","181135.70","0.204","0.032","0.183","0.367","0.671","12.471"
dragonfly-2,pass 2,2 server CPUs,pipeline 1,"HSET","173759.00","0.230","0.032","0.199","0.407","0.687","47.135"
dragonfly-2,pass 2,2 server CPUs,pipeline 1,"SPOP","197243.05","0.167","0.032","0.151","0.279","0.559","16.415"
dragonfly-2,pass 2,2 server CPUs,pipeline 1,"ZADD","148117.28","0.290","0.040","0.263","0.503","0.767","11.551"
dragonfly-2,pass 2,2 server CPUs,pipeline 1,"ZPOPMIN","196101.58","0.172","0.040","0.151","0.295","0.543","23.903"
dragonfly-2,pass 2,2 server CPUs,pipeline 1,"LRANGE_100 (first 100 elements)","91193.80","0.463","0.040","0.407","0.871","1.295","28.463"
dragonfly-2,pass 2,2 server CPUs,pipeline 1,"LRANGE_300 (first 300 elements)","49213.83","0.881","0.080","0.751","1.703","2.199","40.095"
dragonfly-2,pass 2,2 server CPUs,pipeline 1,"LRANGE_500 (first 500 elements)","33279.72","1.338","0.072","1.207","2.263","2.911","37.119"
dragonfly-2,pass 2,2 server CPUs,pipeline 1,"LRANGE_600 (first 600 elements)","25192.85","1.802","0.112","1.719","2.815","3.711","43.839"
dragonfly-2,pass 2,2 server CPUs,pipeline 1,"MSET (10 keys)","87491.40","0.542","0.024","0.503","0.839","1.271","20.079"
dragonfly-2,pass 2,2 server CPUs,pipeline 16,"PING_INLINE","2189155.75","0.316","0.056","0.295","0.503","0.727","20.111"
dragonfly-2,pass 2,2 server CPUs,pipeline 16,"PING_MBULK","2004568.38","0.347","0.040","0.319","0.559","0.775","17.823"
dragonfly-2,pass 2,2 server CPUs,pipeline 16,"SET","794729.31","0.943","0.064","0.879","1.551","2.287","24.431"
dragonfly-2,pass 2,2 server CPUs,pipeline 16,"GET","856232.56","0.878","0.072","0.815","1.463","2.127","23.295"
dragonfly-2,pass 2,2 server CPUs,pipeline 16,"INCR","781375.81","0.970","0.064","0.903","1.647","2.423","28.655"
dragonfly-2,pass 2,2 server CPUs,pipeline 16,"LPUSH","672810.94","1.144","0.048","0.823","2.695","4.159","58.847"
dragonfly-2,pass 2,2 server CPUs,pipeline 16,"RPUSH","706422.75","1.085","0.056","0.807","2.463","3.623","42.207"
dragonfly-2,pass 2,2 server CPUs,pipeline 16,"LPOP","969867.88","0.780","0.056","0.591","1.599","2.343","66.815"
dragonfly-2,pass 2,2 server CPUs,pipeline 16,"RPOP","942024.88","0.803","0.064","0.599","1.679","2.567","22.511"
dragonfly-2,pass 2,2 server CPUs,pipeline 16,"SADD","740697.69","1.028","0.072","0.591","3.439","5.287","42.143"
dragonfly-2,pass 2,2 server CPUs,pipeline 16,"HSET","670474.50","1.154","0.080","0.623","4.383","7.623","89.855"
dragonfly-2,pass 2,2 server CPUs,pipeline 16,"SPOP","1158650.12","0.644","0.056","0.583","1.079","1.607","95.551"
dragonfly-2,pass 2,2 server CPUs,pipeline 16,"ZADD","419726.84","1.875","0.112","0.847","2.775","31.455","278.015"
dragonfly-2,pass 2,2 server CPUs,pipeline 16,"ZPOPMIN","994998.50","0.754","0.048","0.655","1.319","1.951","95.423"
dragonfly-2,pass 2,2 server CPUs,pipeline 16,"LRANGE_100 (first 100 elements)","104146.23","7.383","0.440","5.935","10.103","63.263","112.511"
dragonfly-2,pass 2,2 server CPUs,pipeline 16,"LRANGE_300 (first 300 elements)","39012.15","19.272","0.784","15.879","46.079","88.127","121.215"
dragonfly-2,pass 2,2 server CPUs,pipeline 16,"LRANGE_500 (first 500 elements)","24379.92","30.437","0.912","26.047","72.127","96.959","133.887"
dragonfly-2,pass 2,2 server CPUs,pipeline 16,"LRANGE_600 (first 600 elements)","20869.93","35.451","0.768","30.559","79.743","101.119","141.439"
dragonfly-2,pass 2,2 server CPUs,pipeline 16,"MSET (10 keys)","113306.62","7.009","0.784","6.247","11.439","15.687","61.535"
garnet-2,pass 2,2 server CPUs,pipeline 1,"PING_INLINE","136708.03","0.231","0.008","0.199","0.407","0.871","20.655"
garnet-2,pass 2,2 server CPUs,pipeline 1,"PING_MBULK","140136.03","0.227","0.008","0.191","0.399","0.863","20.319"
garnet-2,pass 2,2 server CPUs,pipeline 1,"SET","128031.57","0.299","0.008","0.231","0.591","1.711","51.647"
garnet-2,pass 2,2 server CPUs,pipeline 1,"GET","143088.20","0.246","0.008","0.215","0.439","0.791","20.415"
garnet-2,pass 2,2 server CPUs,pipeline 1,"INCR","139806.02","0.267","0.008","0.223","0.495","0.967","35.487"
garnet-2,pass 2,2 server CPUs,pipeline 1,"LPUSH","140257.52","0.254","0.008","0.215","0.495","0.863","21.583"
garnet-2,pass 2,2 server CPUs,pipeline 1,"RPUSH","132157.98","0.274","0.008","0.223","0.519","0.879","167.807"
garnet-2,pass 2,2 server CPUs,pipeline 1,"LPOP","132862.45","0.254","0.008","0.215","0.463","0.807","204.927"
garnet-2,pass 2,2 server CPUs,pipeline 1,"RPOP","137315.00","0.256","0.008","0.215","0.479","0.863","20.415"
garnet-2,pass 2,2 server CPUs,pipeline 1,"SADD","127070.67","0.298","0.008","0.255","0.583","0.871","24.495"
garnet-2,pass 2,2 server CPUs,pipeline 1,"HSET","116597.42","0.338","0.008","0.279","0.655","1.247","42.303"
garnet-2,pass 2,2 server CPUs,pipeline 1,"SPOP","43911.41","1.024","0.008","0.215","6.679","19.503","67.263"
garnet-2,pass 2,2 server CPUs,pipeline 1,"ZADD","69205.51","0.698","0.008","0.719","1.103","1.599","89.599"
garnet-2,pass 2,2 server CPUs,pipeline 1,"ZPOPMIN","145131.48","0.237","0.008","0.199","0.463","0.847","25.567"
garnet-2,pass 2,2 server CPUs,pipeline 1,"LRANGE_100 (first 100 elements)","101375.21","0.290","0.008","0.255","0.471","1.031","24.575"
garnet-2,pass 2,2 server CPUs,pipeline 1,"LRANGE_300 (first 300 elements)","65229.59","0.410","0.016","0.375","0.607","1.175","28.879"
garnet-2,pass 2,2 server CPUs,pipeline 1,"LRANGE_500 (first 500 elements)","49904.34","0.521","0.024","0.487","0.791","1.287","47.231"
garnet-2,pass 2,2 server CPUs,pipeline 1,"LRANGE_600 (first 600 elements)","43493.92","0.597","0.024","0.559","0.887","1.391","36.895"
garnet-2,pass 2,2 server CPUs,pipeline 1,"MSET (10 keys)","80831.46","0.595","0.016","0.591","0.847","1.247","9.703"
garnet-2,pass 2,2 server CPUs,pipeline 16,"PING_INLINE","1915019.12","0.240","0.008","0.215","0.359","0.775","30.079"
garnet-2,pass 2,2 server CPUs,pipeline 16,"PING_MBULK","1857196.62","0.249","0.008","0.223","0.375","0.783","24.463"
garnet-2,pass 2,2 server CPUs,pipeline 16,"SET","1004126.06","0.761","0.016","0.743","1.127","1.671","83.775"
garnet-2,pass 2,2 server CPUs,pipeline 16,"GET","1174270.88","0.650","0.016","0.647","0.927","1.319","20.447"
garnet-2,pass 2,2 server CPUs,pipeline 16,"INCR","1021792.75","0.760","0.016","0.751","1.087","1.559","26.831"
garnet-2,pass 2,2 server CPUs,pipeline 16,"LPUSH","717778.50","1.090","0.008","0.967","1.847","2.863","697.343"
garnet-2,pass 2,2 server CPUs,pipeline 16,"RPUSH","537345.12","1.465","0.008","1.207","2.367","3.823","2365.439"
garnet-2,pass 2,2 server CPUs,pipeline 16,"LPOP","1143230.12","0.660","0.008","0.591","1.327","2.263","41.727"
garnet-2,pass 2,2 server CPUs,pipeline 16,"RPOP","1231000.00","0.620","0.008","0.535","1.335","2.391","38.015"
garnet-2,pass 2,2 server CPUs,pipeline 16,"SADD","646910.94","1.214","0.016","1.047","2.351","3.695","559.103"
garnet-2,pass 2,2 server CPUs,pipeline 16,"HSET","784317.00","1.003","0.024","0.935","1.871","2.823","45.663"
garnet-2,pass 2,2 server CPUs,pipeline 16,"SPOP","501916.47","1.488","0.008","0.279","0.895","2.199","486.911"
garnet-2,pass 2,2 server CPUs,pipeline 16,"ZADD","185216.67","4.288","0.080","4.191","5.927","7.447","137.855"
garnet-2,pass 2,2 server CPUs,pipeline 16,"ZPOPMIN","1663773.50","0.420","0.008","0.327","1.063","2.023","39.039"
garnet-2,pass 2,2 server CPUs,pipeline 16,"LRANGE_100 (first 100 elements)","379146.38","1.129","0.040","1.047","1.703","2.583","47.423"
garnet-2,pass 2,2 server CPUs,pipeline 16,"LRANGE_300 (first 300 elements)","134187.86","2.070","0.248","1.927","3.719","4.951","64.447"
garnet-2,pass 2,2 server CPUs,pipeline 16,"LRANGE_500 (first 500 elements)","75230.20","2.537","0.200","2.319","4.575","6.167","33.503"
garnet-2,pass 2,2 server CPUs,pipeline 16,"LRANGE_600 (first 600 elements)","66107.72","2.742","0.392","2.503","4.767","6.823","39.071"
garnet-2,pass 2,2 server CPUs,pipeline 16,"MSET (10 keys)","263970.78","2.977","0.088","2.895","4.111","7.671","51.551"
firn-2,pass 2,2 server CPUs,pipeline 1,"PING_INLINE","168574.80","0.168","0.024","0.151","0.247","0.647","32.895"
firn-2,pass 2,2 server CPUs,pipeline 1,"PING_MBULK","169884.25","0.168","0.016","0.151","0.247","0.647","27.407"
firn-2,pass 2,2 server CPUs,pipeline 1,"SET","169712.67","0.169","0.024","0.151","0.263","0.519","43.103"
firn-2,pass 2,2 server CPUs,pipeline 1,"GET","165856.97","0.178","0.008","0.159","0.279","0.559","28.287"
firn-2,pass 2,2 server CPUs,pipeline 1,"INCR","169584.33","0.171","0.024","0.151","0.263","0.503","8.879"
firn-2,pass 2,2 server CPUs,pipeline 1,"LPUSH","169049.95","0.173","0.016","0.151","0.263","0.535","13.911"
firn-2,pass 2,2 server CPUs,pipeline 1,"RPUSH","172224.81","0.172","0.008","0.151","0.255","0.527","64.799"
firn-2,pass 2,2 server CPUs,pipeline 1,"LPOP","178242.75","0.161","0.016","0.151","0.231","0.439","21.471"
firn-2,pass 2,2 server CPUs,pipeline 1,"RPOP","177348.52","0.165","0.016","0.151","0.239","0.471","39.807"
firn-2,pass 2,2 server CPUs,pipeline 1,"SADD","173744.83","0.164","0.032","0.151","0.231","0.431","11.327"
firn-2,pass 2,2 server CPUs,pipeline 1,"HSET","170189.36","0.169","0.024","0.151","0.255","0.463","23.311"
firn-2,pass 2,2 server CPUs,pipeline 1,"SPOP","165856.97","0.177","0.024","0.151","0.255","0.591","36.863"
firn-2,pass 2,2 server CPUs,pipeline 1,"ZADD","172093.91","0.217","0.032","0.191","0.359","0.647","34.495"
firn-2,pass 2,2 server CPUs,pipeline 1,"ZPOPMIN","176994.44","0.164","0.016","0.151","0.239","0.479","17.839"
firn-2,pass 2,2 server CPUs,pipeline 1,"LRANGE_100 (first 100 elements)","127315.20","0.214","0.024","0.199","0.303","0.511","42.495"
firn-2,pass 2,2 server CPUs,pipeline 1,"LRANGE_300 (first 300 elements)","70124.91","0.366","0.032","0.343","0.511","0.815","38.943"
firn-2,pass 2,2 server CPUs,pipeline 1,"LRANGE_500 (first 500 elements)","48874.84","0.515","0.056","0.487","0.735","1.087","13.759"
firn-2,pass 2,2 server CPUs,pipeline 1,"LRANGE_600 (first 600 elements)","42472.03","0.590","0.064","0.551","0.855","1.287","32.831"
firn-2,pass 2,2 server CPUs,pipeline 1,"MSET (10 keys)","152014.86","0.261","0.040","0.231","0.447","0.663","14.983"
firn-2,pass 2,2 server CPUs,pipeline 16,"PING_INLINE","2253519.75","0.193","0.032","0.183","0.271","0.511","41.599"
firn-2,pass 2,2 server CPUs,pipeline 16,"PING_MBULK","2307937.50","0.193","0.008","0.183","0.263","0.495","16.071"
firn-2,pass 2,2 server CPUs,pipeline 16,"SET","1817313.25","0.386","0.048","0.375","0.583","0.863","25.807"
firn-2,pass 2,2 server CPUs,pipeline 16,"GET","1955874.50","0.310","0.040","0.287","0.503","0.751","26.847"
firn-2,pass 2,2 server CPUs,pipeline 16,"INCR","1781984.50","0.392","0.040","0.375","0.583","0.911","32.591"
firn-2,pass 2,2 server CPUs,pipeline 16,"LPUSH","2070939.62","0.335","0.016","0.303","0.535","0.807","115.391"
firn-2,pass 2,2 server CPUs,pipeline 16,"RPUSH","2119896.00","0.330","0.024","0.295","0.543","0.751","245.119"
firn-2,pass 2,2 server CPUs,pipeline 16,"LPOP","2394611.50","0.246","0.040","0.223","0.415","0.647","16.375"
firn-2,pass 2,2 server CPUs,pipeline 16,"RPOP","2462000.00","0.250","0.040","0.223","0.415","0.655","52.671"
firn-2,pass 2,2 server CPUs,pipeline 16,"SADD","1460575.88","0.507","0.016","0.463","0.711","0.983","276.223"
firn-2,pass 2,2 server CPUs,pipeline 16,"HSET","1274397.50","0.609","0.040","0.575","0.983","1.343","13.983"
firn-2,pass 2,2 server CPUs,pipeline 16,"SPOP","2248503.25","0.218","0.032","0.175","0.311","0.631","224.511"
firn-2,pass 2,2 server CPUs,pipeline 16,"ZADD","402122.19","1.971","0.088","1.895","3.007","3.767","22.447"
firn-2,pass 2,2 server CPUs,pipeline 16,"ZPOPMIN","2394312.00","0.201","0.016","0.175","0.311","0.703","42.815"
firn-2,pass 2,2 server CPUs,pipeline 16,"LRANGE_100 (first 100 elements)","379108.78","1.060","0.112","0.983","1.583","2.255","29.791"
firn-2,pass 2,2 server CPUs,pipeline 16,"LRANGE_300 (first 300 elements)","131014.83","1.992","0.144","1.807","3.567","4.975","54.399"
firn-2,pass 2,2 server CPUs,pipeline 16,"LRANGE_500 (first 500 elements)","73480.83","2.482","0.312","2.199","4.759","6.847","26.431"
firn-2,pass 2,2 server CPUs,pipeline 16,"LRANGE_600 (first 600 elements)","63025.68","2.592","0.264","2.311","4.887","7.063","65.247"
firn-2,pass 2,2 server CPUs,pipeline 16,"MSET (10 keys)","288773.41","2.720","0.200","2.527","4.671","5.999","17.087"
firn-base-2,pass 2,2 server CPUs,pipeline 1,"PING_INLINE","172619.44","0.165","0.024","0.151","0.239","0.439","40.127"
firn-base-2,pass 2,2 server CPUs,pipeline 1,"PING_MBULK","181524.81","0.157","0.032","0.143","0.223","0.399","9.487"
firn-base-2,pass 2,2 server CPUs,pipeline 1,"SET","173751.91","0.167","0.008","0.151","0.239","0.455","34.495"
firn-base-2,pass 2,2 server CPUs,pipeline 1,"GET","169712.67","0.168","0.024","0.151","0.255","0.439","29.951"
firn-base-2,pass 2,2 server CPUs,pipeline 1,"INCR","169584.33","0.171","0.016","0.151","0.263","0.511","56.671"
firn-base-2,pass 2,2 server CPUs,pipeline 1,"LPUSH","165762.36","0.174","0.024","0.159","0.263","0.527","48.287"
firn-base-2,pass 2,2 server CPUs,pipeline 1,"RPUSH","173061.03","0.169","0.016","0.151","0.247","0.503","47.071"
firn-base-2,pass 2,2 server CPUs,pipeline 1,"LPOP","178242.75","0.162","0.008","0.143","0.239","0.455","11.183"
firn-base-2,pass 2,2 server CPUs,pipeline 1,"RPOP","177289.45","0.162","0.016","0.143","0.239","0.455","44.127"
firn-base-2,pass 2,2 server CPUs,pipeline 1,"SADD","166894.17","0.177","0.008","0.159","0.271","0.535","22.511"
firn-base-2,pass 2,2 server CPUs,pipeline 1,"HSET","163711.58","0.176","0.008","0.159","0.263","0.551","23.903"
firn-base-2,pass 2,2 server CPUs,pipeline 1,"SPOP","165841.89","0.179","0.016","0.151","0.247","0.559","57.535"
firn-base-2,pass 2,2 server CPUs,pipeline 1,"ZADD","167567.03","0.203","0.024","0.175","0.351","0.615","19.759"
firn-base-2,pass 2,2 server CPUs,pipeline 1,"ZPOPMIN","176977.19","0.160","0.016","0.151","0.231","0.423","11.311"
firn-base-2,pass 2,2 server CPUs,pipeline 1,"LRANGE_100 (first 100 elements)","121670.08","0.222","0.016","0.207","0.319","0.567","8.455"
firn-base-2,pass 2,2 server CPUs,pipeline 1,"LRANGE_300 (first 300 elements)","70124.91","0.368","0.032","0.343","0.535","0.951","20.719"
firn-base-2,pass 2,2 server CPUs,pipeline 1,"LRANGE_500 (first 500 elements)","46061.71","0.541","0.032","0.519","0.767","1.151","8.047"
firn-base-2,pass 2,2 server CPUs,pipeline 1,"LRANGE_600 (first 600 elements)","43493.92","0.567","0.072","0.543","0.807","1.087","60.511"
firn-base-2,pass 2,2 server CPUs,pipeline 1,"MSET (10 keys)","152029.31","0.243","0.016","0.207","0.463","0.727","17.823"
firn-base-2,pass 2,2 server CPUs,pipeline 16,"PING_INLINE","2321502.50","0.192","0.024","0.183","0.263","0.503","9.559"
firn-base-2,pass 2,2 server CPUs,pipeline 16,"PING_MBULK","2307658.00","0.193","0.016","0.175","0.271","0.511","24.095"
firn-base-2,pass 2,2 server CPUs,pipeline 16,"SET","1045203.94","0.744","0.024","0.719","1.167","1.615","63.999"
firn-base-2,pass 2,2 server CPUs,pipeline 16,"GET","1231000.00","0.629","0.024","0.615","0.991","1.375","11.071"
firn-base-2,pass 2,2 server CPUs,pipeline 16,"INCR","1216382.88","0.630","0.024","0.607","0.991","1.423","15.079"
firn-base-2,pass 2,2 server CPUs,pipeline 16,"LPUSH","1559800.88","0.477","0.016","0.439","0.791","1.127","116.287"
firn-base-2,pass 2,2 server CPUs,pipeline 16,"RPUSH","1588995.50","0.471","0.024","0.431","0.751","1.103","241.023"
firn-base-2,pass 2,2 server CPUs,pipeline 16,"LPOP","1781653.12","0.406","0.016","0.383","0.663","0.999","15.175"
firn-base-2,pass 2,2 server CPUs,pipeline 16,"RPOP","1816102.75","0.398","0.024","0.375","0.631","0.879","42.239"
firn-base-2,pass 2,2 server CPUs,pipeline 16,"SADD","1460575.88","0.513","0.024","0.479","0.799","1.111","257.535"
firn-base-2,pass 2,2 server CPUs,pipeline 16,"HSET","1213966.12","0.629","0.024","0.599","1.015","1.527","10.015"
firn-base-2,pass 2,2 server CPUs,pipeline 16,"SPOP","2184796.00","0.235","0.016","0.183","0.343","0.727","253.951"
firn-base-2,pass 2,2 server CPUs,pipeline 16,"ZADD","419987.94","1.883","0.096","1.799","3.255","4.567","12.615"
firn-base-2,pass 2,2 server CPUs,pipeline 16,"ZPOPMIN","2393714.00","0.208","0.024","0.183","0.319","0.815","31.183"
firn-base-2,pass 2,2 server CPUs,pipeline 16,"LRANGE_100 (first 100 elements)","372243.41","1.057","0.104","0.999","1.559","2.167","33.759"
firn-base-2,pass 2,2 server CPUs,pipeline 16,"LRANGE_300 (first 300 elements)","131099.94","1.946","0.120","1.807","3.551","4.799","15.703"
firn-base-2,pass 2,2 server CPUs,pipeline 16,"LRANGE_500 (first 500 elements)","68451.88","2.741","0.184","2.247","5.239","9.495","73.855"
firn-base-2,pass 2,2 server CPUs,pipeline 16,"LRANGE_600 (first 600 elements)","66094.87","2.417","0.272","2.239","4.487","6.071","16.703"
firn-base-2,pass 2,2 server CPUs,pipeline 16,"MSET (10 keys)","294435.19","2.663","0.120","2.455","5.119","7.455","21.247"
reference,pass 2,1 server CPU,pipeline 1,"PING_INLINE","118824.35","0.398","0.032","0.375","0.663","0.983","26.591"
reference,pass 2,1 server CPU,pipeline 1,"PING_MBULK","117458.48","0.398","0.032","0.375","0.671","0.999","10.383"
reference,pass 2,1 server CPU,pipeline 1,"SET","104249.16","0.455","0.032","0.423","0.743","1.111","29.199"
reference,pass 2,1 server CPU,pipeline 1,"GET","105771.66","0.446","0.032","0.423","0.711","1.023","40.543"
reference,pass 2,1 server CPU,pipeline 1,"INCR","105686.83","0.448","0.040","0.423","0.727","1.047","23.759"
reference,pass 2,1 server CPU,pipeline 1,"LPUSH","113981.69","0.411","0.032","0.383","0.671","0.975","39.839"
reference,pass 2,1 server CPU,pipeline 1,"RPUSH","119030.45","0.398","0.024","0.375","0.647","0.935","25.727"
reference,pass 2,1 server CPU,pipeline 1,"LPOP","114170.23","0.410","0.024","0.383","0.695","1.095","56.383"
reference,pass 2,1 server CPU,pipeline 1,"RPOP","113411.23","0.419","0.032","0.391","0.687","0.999","18.607"
reference,pass 2,1 server CPU,pipeline 1,"SADD","105066.57","0.452","0.032","0.423","0.743","1.111","35.295"
reference,pass 2,1 server CPU,pipeline 1,"HSET","105113.26","0.452","0.032","0.431","0.719","1.055","39.839"
reference,pass 2,1 server CPU,pipeline 1,"SPOP","117709.77","0.405","0.032","0.383","0.655","0.943","14.151"
reference,pass 2,1 server CPU,pipeline 1,"ZADD","82678.70","0.557","0.048","0.519","0.887","1.271","32.127"
reference,pass 2,1 server CPU,pipeline 1,"ZPOPMIN","117018.57","0.403","0.032","0.383","0.671","0.983","8.207"
reference,pass 2,1 server CPU,pipeline 1,"LRANGE_100 (first 100 elements)","85515.55","0.526","0.048","0.503","0.807","1.143","17.919"
reference,pass 2,1 server CPU,pipeline 1,"LRANGE_300 (first 300 elements)","46611.76","0.916","0.056","0.871","1.351","1.903","119.103"
reference,pass 2,1 server CPU,pipeline 1,"LRANGE_500 (first 500 elements)","33235.43","1.255","0.056","1.215","1.863","2.559","42.495"
reference,pass 2,1 server CPU,pipeline 1,"LRANGE_600 (first 600 elements)","27319.19","1.514","0.072","1.447","2.319","3.119","37.663"
reference,pass 2,1 server CPU,pipeline 1,"MSET (10 keys)","64455.08","0.714","0.056","0.687","1.079","1.503","28.863"
reference,pass 2,1 server CPU,pipeline 16,"PING_INLINE","1343547.88","0.533","0.048","0.511","0.847","1.183","37.599"
reference,pass 2,1 server CPU,pipeline 16,"PING_MBULK","1523061.62","0.472","0.040","0.447","0.751","1.055","10.927"
reference,pass 2,1 server CPU,pipeline 16,"SET","662987.56","1.118","0.064","1.071","1.639","2.199","55.007"
reference,pass 2,1 server CPU,pipeline 16,"GET","686526.06","1.072","0.064","1.023","1.575","2.271","57.631"
reference,pass 2,1 server CPU,pipeline 16,"INCR","736081.75","0.994","0.064","0.959","1.463","2.103","69.567"
reference,pass 2,1 server CPU,pipeline 16,"LPUSH","1193911.38","0.606","0.056","0.575","0.951","1.359","65.407"
reference,pass 2,1 server CPU,pipeline 16,"RPUSH","1230206.50","0.585","0.064","0.559","0.919","1.311","15.527"
reference,pass 2,1 server CPU,pipeline 16,"LPOP","1092518.38","0.659","0.056","0.623","1.031","1.607","45.599"
reference,pass 2,1 server CPU,pipeline 16,"RPOP","1191945.12","0.606","0.056","0.591","0.911","1.279","63.775"
reference,pass 2,1 server CPU,pipeline 16,"SADD","739369.56","0.986","0.080","0.943","1.423","2.063","88.255"
reference,pass 2,1 server CPU,pipeline 16,"HSET","670263.00","1.089","0.080","1.039","1.575","2.239","76.031"
reference,pass 2,1 server CPU,pipeline 16,"SPOP","1341248.38","0.539","0.048","0.503","0.863","1.399","17.679"
reference,pass 2,1 server CPU,pipeline 16,"ZADD","232823.20","3.295","0.160","3.119","4.695","6.767","71.103"
reference,pass 2,1 server CPU,pipeline 16,"ZPOPMIN","1367714.50","0.526","0.056","0.495","0.839","1.399","156.671"
reference,pass 2,1 server CPU,pipeline 16,"LRANGE_100 (first 100 elements)","175252.66","3.965","0.176","3.815","5.615","7.215","41.119"
reference,pass 2,1 server CPU,pipeline 16,"LRANGE_300 (first 300 elements)","64060.94","9.753","0.280","9.399","14.703","17.039","62.911"
reference,pass 2,1 server CPU,pipeline 16,"LRANGE_500 (first 500 elements)","39042.68","14.827","0.480","14.191","22.623","28.303","44.703"
reference,pass 2,1 server CPU,pipeline 16,"LRANGE_600 (first 600 elements)","31539.15","17.442","0.480","16.927","26.943","33.311","50.943"
reference,pass 2,1 server CPU,pipeline 16,"MSET (10 keys)","129521.20","5.945","0.496","5.775","7.951","9.799","42.207"
valkey,pass 2,1 server CPU,pipeline 1,"PING_INLINE","118832.14","0.397","0.024","0.375","0.663","0.975","30.431"
valkey,pass 2,1 server CPU,pipeline 1,"PING_MBULK","120965.23","0.385","0.032","0.367","0.647","0.959","12.807"
valkey,pass 2,1 server CPU,pipeline 1,"SET","107005.75","0.445","0.032","0.423","0.711","1.015","121.983"
valkey,pass 2,1 server CPU,pipeline 1,"GET","105771.66","0.450","0.040","0.423","0.735","1.071","31.567"
valkey,pass 2,1 server CPU,pipeline 1,"INCR","108852.96","0.434","0.040","0.415","0.695","0.991","22.399"
valkey,pass 2,1 server CPU,pipeline 1,"LPUSH","115775.88","0.407","0.032","0.375","0.671","0.975","51.871"
valkey,pass 2,1 server CPU,pipeline 1,"RPUSH","113557.79","0.416","0.024","0.391","0.679","0.975","8.735"
valkey,pass 2,1 server CPU,pipeline 1,"LPOP","112345.42","0.422","0.032","0.391","0.687","1.007","54.943"
valkey,pass 2,1 server CPU,pipeline 1,"RPOP","113489.82","0.415","0.032","0.391","0.679","0.967","22.751"
valkey,pass 2,1 server CPU,pipeline 1,"SADD","107768.22","0.441","0.032","0.415","0.703","1.023","39.263"
valkey,pass 2,1 server CPU,pipeline 1,"HSET","106416.20","0.448","0.032","0.423","0.719","1.047","32.015"
valkey,pass 2,1 server CPU,pipeline 1,"SPOP","115724.43","0.405","0.032","0.383","0.663","0.967","48.063"
valkey,pass 2,1 server CPU,pipeline 1,"ZADD","83748.26","0.550","0.040","0.511","0.879","1.239","36.159"
valkey,pass 2,1 server CPU,pipeline 1,"ZPOPMIN","117056.31","0.403","0.016","0.383","0.655","0.943","21.823"
valkey,pass 2,1 server CPU,pipeline 1,"LRANGE_100 (first 100 elements)","85478.19","0.520","0.040","0.495","0.807","1.119","21.471"
valkey,pass 2,1 server CPU,pipeline 1,"LRANGE_300 (first 300 elements)","50059.93","0.837","0.056","0.807","1.271","1.719","48.895"
valkey,pass 2,1 server CPU,pipeline 1,"LRANGE_500 (first 500 elements)","33653.41","1.236","0.056","1.183","1.919","2.551","44.479"
valkey,pass 2,1 server CPU,pipeline 1,"LRANGE_600 (first 600 elements)","29872.91","1.381","0.056","1.343","2.087","2.799","21.391"
valkey,pass 2,1 server CPU,pipeline 1,"MSET (10 keys)","65127.97","0.705","0.048","0.679","1.071","1.479","38.463"
valkey,pass 2,1 server CPU,pipeline 16,"PING_INLINE","1255433.50","0.574","0.048","0.543","0.903","1.287","42.879"
valkey,pass 2,1 server CPU,pipeline 16,"PING_MBULK","1493211.75","0.492","0.040","0.463","0.791","1.071","12.759"
valkey,pass 2,1 server CPU,pipeline 16,"SET","651268.50","1.135","0.080","1.079","1.655","2.351","93.823"
valkey,pass 2,1 server CPU,pipeline 16,"GET","692982.25","1.062","0.080","1.007","1.615","2.263","35.391"
valkey,pass 2,1 server CPU,pipeline 16,"INCR","734417.25","0.996","0.064","0.959","1.479","1.983","42.239"
valkey,pass 2,1 server CPU,pipeline 16,"LPUSH","1157583.00","0.623","0.048","0.591","0.991","1.447","55.423"
valkey,pass 2,1 server CPU,pipeline 16,"RPUSH","1191796.12","0.604","0.056","0.575","0.951","1.495","17.791"
valkey,pass 2,1 server CPU,pipeline 16,"LPOP","1078134.25","0.669","0.056","0.631","1.063","1.471","66.687"
valkey,pass 2,1 server CPU,pipeline 16,"RPOP","1105376.12","0.652","0.056","0.623","1.039","1.431","18.767"
valkey,pass 2,1 server CPU,pipeline 16,"SADD","810741.44","0.886","0.072","0.839","1.399","1.847","42.239"
valkey,pass 2,1 server CPU,pipeline 16,"HSET","669207.50","1.098","0.064","1.047","1.623","2.263","46.783"
valkey,pass 2,1 server CPU,pipeline 16,"SPOP","1340120.50","0.536","0.056","0.503","0.871","1.287","10.839"
valkey,pass 2,1 server CPU,pipeline 16,"ZADD","218760.70","3.494","0.152","3.279","5.103","6.535","60.511"
valkey,pass 2,1 server CPU,pipeline 16,"ZPOPMIN","1343642.12","0.541","0.048","0.511","0.895","1.351","47.743"
valkey,pass 2,1 server CPU,pipeline 16,"LRANGE_100 (first 100 elements)","185949.70","3.757","0.152","3.655","5.271","6.487","47.327"
valkey,pass 2,1 server CPU,pipeline 16,"LRANGE_300 (first 300 elements)","61883.58","10.030","0.360","9.455","16.087","18.735","59.871"
valkey,pass 2,1 server CPU,pipeline 16,"LRANGE_500 (first 500 elements)","39523.22","14.548","0.720","13.951","22.895","28.495","52.575"
valkey,pass 2,1 server CPU,pipeline 16,"LRANGE_600 (first 600 elements)","32678.97","17.104","0.712","16.383","27.007","36.031","43.039"
valkey,pass 2,1 server CPU,pipeline 16,"MSET (10 keys)","132832.36","5.762","0.304","5.527","8.327","9.639","72.639"
dragonfly-1,pass 2,1 server CPU,pipeline 1,"PING_INLINE","125010.13","0.367","0.048","0.343","0.567","0.807","50.079"
dragonfly-1,pass 2,1 server CPU,pipeline 1,"PING_MBULK","133104.48","0.350","0.048","0.335","0.527","0.719","11.135"
dragonfly-1,pass 2,1 server CPU,pipeline 1,"SET","107314.05","0.431","0.048","0.407","0.639","0.935","39.391"
dragonfly-1,pass 2,1 server CPU,pipeline 1,"GET","112251.05","0.416","0.056","0.399","0.591","0.815","27.199"
dragonfly-1,pass 2,1 server CPU,pipeline 1,"INCR","108820.49","0.425","0.048","0.407","0.615","0.839","26.927"
dragonfly-1,pass 2,1 server CPU,pipeline 1,"LPUSH","112200.84","0.418","0.048","0.391","0.615","0.879","60.767"
dragonfly-1,pass 2,1 server CPU,pipeline 1,"RPUSH","108482.01","0.429","0.048","0.391","0.639","0.943","63.423"
dragonfly-1,pass 2,1 server CPU,pipeline 1,"LPOP","119798.30","0.386","0.056","0.367","0.559","0.791","8.711"
dragonfly-1,pass 2,1 server CPU,pipeline 1,"RPOP","113477.73","0.409","0.048","0.383","0.623","0.911","45.567"
dragonfly-1,pass 2,1 server CPU,pipeline 1,"SADD","105092.50","0.441","0.056","0.407","0.647","0.919","66.239"
dragonfly-1,pass 2,1 server CPU,pipeline 1,"HSET","100149.06","0.465","0.064","0.431","0.679","1.039","94.399"
dragonfly-1,pass 2,1 server CPU,pipeline 1,"SPOP","119623.12","0.384","0.048","0.359","0.583","0.855","57.695"
dragonfly-1,pass 2,1 server CPU,pipeline 1,"ZADD","83585.63","0.552","0.056","0.511","0.799","1.207","50.399"
dragonfly-1,pass 2,1 server CPU,pipeline 1,"ZPOPMIN","120925.17","0.383","0.056","0.359","0.575","0.791","8.319"
dragonfly-1,pass 2,1 server CPU,pipeline 1,"LRANGE_100 (first 100 elements)","65935.14","0.683","0.072","0.647","1.015","1.343","10.127"
dragonfly-1,pass 2,1 server CPU,pipeline 1,"LRANGE_300 (first 300 elements)","36350.17","1.197","0.088","1.135","1.743","2.487","40.895"
dragonfly-1,pass 2,1 server CPU,pipeline 1,"LRANGE_500 (first 500 elements)","26876.56","1.622","0.096","1.567","2.287","3.015","48.223"
dragonfly-1,pass 2,1 server CPU,pipeline 1,"LRANGE_600 (first 600 elements)","19481.96","2.235","0.104","2.143","3.071","4.335","339.711"
dragonfly-1,pass 2,1 server CPU,pipeline 1,"MSET (10 keys)","60736.57","0.759","0.064","0.703","1.103","1.767","111.551"
dragonfly-1,pass 2,1 server CPU,pipeline 16,"PING_INLINE","1110114.12","0.658","0.072","0.623","0.983","1.359","46.495"
dragonfly-1,pass 2,1 server CPU,pipeline 16,"PING_MBULK","1026814.50","0.708","0.080","0.655","1.079","1.591","69.247"
dragonfly-1,pass 2,1 server CPU,pipeline 16,"SET","469206.03","1.582","0.088","1.623","2.391","3.207","176.895"
dragonfly-1,pass 2,1 server CPU,pipeline 16,"GET","547456.38","1.339","0.080","1.367","2.119","2.839","52.319"
dragonfly-1,pass 2,1 server CPU,pipeline 16,"INCR","469280.94","1.584","0.088","1.623","2.431","3.303","56.703"
dragonfly-1,pass 2,1 server CPU,pipeline 16,"LPUSH","534650.88","1.392","0.064","1.407","2.175","2.823","47.071"
dragonfly-1,pass 2,1 server CPU,pipeline 16,"RPUSH","568593.88","1.314","0.056","1.335","2.047","2.719","43.103"
dragonfly-1,pass 2,1 server CPU,pipeline 16,"LPOP","602151.94","1.229","0.064","1.231","1.959","2.479","37.215"
dragonfly-1,pass 2,1 server CPU,pipeline 16,"RPOP","600095.06","1.235","0.056","1.215","1.991","2.719","39.423"
dragonfly-1,pass 2,1 server CPU,pipeline 16,"SADD","439745.44","1.687","0.072","1.687","2.599","3.615","106.559"
dragonfly-1,pass 2,1 server CPU,pipeline 16,"HSET","397514.12","1.877","0.096","1.887","2.823","3.855","40.543"
dragonfly-1,pass 2,1 server CPU,pipeline 16,"SPOP","687698.50","1.063","0.064","0.951","1.847","2.519","46.463"
dragonfly-1,pass 2,1 server CPU,pipeline 16,"ZADD","261989.02","2.920","0.120","2.807","4.079","5.343","30.255"
dragonfly-1,pass 2,1 server CPU,pipeline 16,"ZPOPMIN","706603.75","1.043","0.064","0.959","1.767","2.535","78.079"
dragonfly-1,pass 2,1 server CPU,pipeline 16,"LRANGE_100 (first 100 elements)","90842.89","8.246","1.752","6.615","10.839","74.623","136.191"
dragonfly-1,pass 2,1 server CPU,pipeline 16,"LRANGE_300 (first 300 elements)","32254.13","22.337","1.152","18.175","53.631","107.263","139.263"
dragonfly-1,pass 2,1 server CPU,pipeline 16,"LRANGE_500 (first 500 elements)","20708.39","34.546","2.336","29.327","83.391","115.135","143.359"
dragonfly-1,pass 2,1 server CPU,pipeline 16,"LRANGE_600 (first 600 elements)","16646.28","42.728","2.536","36.895","96.639","123.007","159.615"
dragonfly-1,pass 2,1 server CPU,pipeline 16,"MSET (10 keys)","129521.20","6.003","0.184","5.703","8.095","10.359","69.887"
garnet-1,pass 2,1 server CPU,pipeline 1,"PING_INLINE","35877.27","1.366","0.008","0.327","3.847","8.815","566.783"
garnet-1,pass 2,1 server CPU,pipeline 1,"PING_MBULK","33273.35","1.489","0.024","0.159","0.679","4.863","3000.319"
garnet-1,pass 2,1 server CPU,pipeline 1,"SET","30013.98","1.657","0.032","0.175","0.735","4.719","2369.535"
garnet-1,pass 2,1 server CPU,pipeline 1,"GET","31698.25","1.559","0.024","0.167","0.679","4.655","3000.319"
garnet-1,pass 2,1 server CPU,pipeline 1,"INCR","31947.05","1.553","0.024","0.175","0.679","5.295","3000.319"
garnet-1,pass 2,1 server CPU,pipeline 1,"LPUSH","31820.54","1.478","0.024","0.175","0.679","4.447","3000.319"
garnet-1,pass 2,1 server CPU,pipeline 1,"RPUSH","31159.82","1.584","0.024","0.175","0.671","4.751","3000.319"
garnet-1,pass 2,1 server CPU,pipeline 1,"LPOP","31479.71","1.570","0.032","0.175","0.719","4.343","3000.319"
garnet-1,pass 2,1 server CPU,pipeline 1,"RPOP","32327.19","1.534","0.024","0.167","0.679","4.567","3000.319"
garnet-1,pass 2,1 server CPU,pipeline 1,"SADD","30372.32","1.627","0.024","0.175","0.799","6.367","3000.319"
garnet-1,pass 2,1 server CPU,pipeline 1,"HSET","30163.19","1.644","0.032","0.183","1.207","14.271","3000.319"
garnet-1,pass 2,1 server CPU,pipeline 1,"SPOP","20352.73","2.443","0.024","0.175","2.775","12.135","3000.319"
garnet-1,pass 2,1 server CPU,pipeline 1,"ZADD","24362.20","2.034","0.032","0.207","0.959","8.495","3000.319"
garnet-1,pass 2,1 server CPU,pipeline 1,"ZPOPMIN","31264.09","1.587","0.024","0.175","0.703","4.095","3000.319"
garnet-1,pass 2,1 server CPU,pipeline 1,"LRANGE_100 (first 100 elements)","31801.45","1.549","0.032","0.183","0.863","6.111","2265.087"
garnet-1,pass 2,1 server CPU,pipeline 1,"LRANGE_300 (first 300 elements)","34638.43","1.395","0.040","0.215","2.087","20.271","636.415"
garnet-1,pass 2,1 server CPU,pipeline 1,"LRANGE_500 (first 500 elements)","36307.53","1.301","0.040","0.311","5.287","15.839","149.375"
garnet-1,pass 2,1 server CPU,pipeline 1,"LRANGE_600 (first 600 elements)","36829.55","1.256","0.040","0.455","4.151","13.135","291.071"
garnet-1,pass 2,1 server CPU,pipeline 1,"MSET (10 keys)","25919.28","1.599","0.040","0.327","1.311","9.423","3000.319"
garnet-1,pass 2,1 server CPU,pipeline 16,"PING_INLINE","503989.47","1.576","0.032","0.167","0.783","4.071","2422.783"
garnet-1,pass 2,1 server CPU,pipeline 16,"PING_MBULK","536063.50","1.475","0.032","0.175","0.799","6.399","2531.327"
garnet-1,pass 2,1 server CPU,pipeline 16,"SET","325912.28","2.440","0.040","0.255","1.303","8.951","2680.831"
garnet-1,pass 2,1 server CPU,pipeline 16,"GET","334386.16","2.377","0.040","0.231","1.271","12.159","2516.991"
garnet-1,pass 2,1 server CPU,pipeline 16,"INCR","318851.16","2.493","0.040","0.247","1.383","15.583","1421.311"
garnet-1,pass 2,1 server CPU,pipeline 16,"LPUSH","296330.25","2.675","0.032","0.247","2.015","18.159","3000.319"
garnet-1,pass 2,1 server CPU,pipeline 16,"RPUSH","272178.44","2.522","0.032","0.263","1.847","13.183","3000.319"
garnet-1,pass 2,1 server CPU,pipeline 16,"LPOP","409577.62","1.934","0.032","0.199","0.935","7.087","1693.695"
garnet-1,pass 2,1 server CPU,pipeline 16,"RPOP","403284.19","1.962","0.032","0.207","0.983","9.079","3000.319"
garnet-1,pass 2,1 server CPU,pipeline 16,"SADD","313000.97","2.539","0.040","0.239","1.415","15.335","1454.079"
garnet-1,pass 2,1 server CPU,pipeline 16,"HSET","312438.97","2.525","0.048","0.271","1.327","10.743","3000.319"
garnet-1,pass 2,1 server CPU,pipeline 16,"SPOP","267937.72","2.266","0.032","0.183","0.967","12.519","3000.319"
garnet-1,pass 2,1 server CPU,pipeline 16,"ZADD","147345.34","5.379","0.080","0.575","3.455","29.919","3000.319"
garnet-1,pass 2,1 server CPU,pipeline 16,"ZPOPMIN","423051.19","1.841","0.032","0.199","0.991","8.783","3000.319"
garnet-1,pass 2,1 server CPU,pipeline 16,"LRANGE_100 (first 100 elements)","347321.22","2.056","0.056","1.791","4.943","9.911","59.999"
garnet-1,pass 2,1 server CPU,pipeline 16,"LRANGE_300 (first 300 elements)","176211.53","2.173","0.192","1.863","4.375","7.559","39.551"
garnet-1,pass 2,1 server CPU,pipeline 16,"LRANGE_500 (first 500 elements)","93136.69","3.338","0.304","2.455","8.575","11.903","128.319"
garnet-1,pass 2,1 server CPU,pipeline 16,"LRANGE_600 (first 600 elements)","90507.66","2.806","0.280","2.247","5.983","10.407","87.295"
garnet-1,pass 2,1 server CPU,pipeline 16,"MSET (10 keys)","107683.03","6.361","0.136","2.111","4.831","31.375","3000.319"
firn-1,pass 2,1 server CPU,pipeline 1,"PING_INLINE","120386.59","0.381","0.048","0.335","0.639","1.087","41.599"
firn-1,pass 2,1 server CPU,pipeline 1,"PING_MBULK","126793.13","0.364","0.056","0.327","0.583","0.911","16.335"
firn-1,pass 2,1 server CPU,pipeline 1,"SET","117709.77","0.398","0.056","0.367","0.607","0.887","40.447"
firn-1,pass 2,1 server CPU,pipeline 1,"GET","115834.61","0.399","0.056","0.367","0.607","0.895","16.079"
firn-1,pass 2,1 server CPU,pipeline 1,"INCR","112214.65","0.412","0.032","0.375","0.623","0.911","42.431"
firn-1,pass 2,1 server CPU,pipeline 1,"LPUSH","125770.46","0.369","0.048","0.343","0.567","0.831","11.311"
firn-1,pass 2,1 server CPU,pipeline 1,"RPUSH","117196.38","0.393","0.048","0.351","0.599","0.911","58.367"
firn-1,pass 2,1 server CPU,pipeline 1,"LPOP","123824.31","0.374","0.056","0.343","0.591","0.863","49.567"
firn-1,pass 2,1 server CPU,pipeline 1,"RPOP","125202.53","0.371","0.048","0.335","0.567","0.839","33.791"
firn-1,pass 2,1 server CPU,pipeline 1,"SADD","116539.99","0.399","0.016","0.367","0.599","0.943","47.679"
firn-1,pass 2,1 server CPU,pipeline 1,"HSET","118229.07","0.396","0.048","0.367","0.591","0.879","59.327"
firn-1,pass 2,1 server CPU,pipeline 1,"SPOP","125824.89","0.367","0.048","0.327","0.559","0.855","44.831"
firn-1,pass 2,1 server CPU,pipeline 1,"ZADD","92279.35","0.510","0.064","0.487","0.743","1.047","68.351"
firn-1,pass 2,1 server CPU,pipeline 1,"ZPOPMIN","120804.41","0.387","0.048","0.351","0.615","0.847","35.455"
firn-1,pass 2,1 server CPU,pipeline 1,"LRANGE_100 (first 100 elements)","111741.07","0.407","0.072","0.383","0.607","0.927","34.783"
firn-1,pass 2,1 server CPU,pipeline 1,"LRANGE_300 (first 300 elements)","93527.92","0.446","0.088","0.431","0.655","0.959","17.679"
firn-1,pass 2,1 server CPU,pipeline 1,"LRANGE_500 (first 500 elements)","74859.62","0.455","0.088","0.399","0.855","1.183","21.519"
firn-1,pass 2,1 server CPU,pipeline 1,"LRANGE_600 (first 600 elements)","68356.45","0.431","0.072","0.375","0.767","1.135","47.807"
firn-1,pass 2,1 server CPU,pipeline 1,"MSET (10 keys)","76014.66","0.627","0.072","0.591","0.927","1.279","42.975"
firn-1,pass 2,1 server CPU,pipeline 16,"PING_INLINE","1781653.12","0.411","0.064","0.383","0.639","0.927","15.311"
firn-1,pass 2,1 server CPU,pipeline 16,"PING_MBULK","1813693.38","0.403","0.064","0.383","0.607","0.879","8.279"
firn-1,pass 2,1 server CPU,pipeline 16,"SET","857040.06","0.893","0.088","0.855","1.247","1.767","43.135"
firn-1,pass 2,1 server CPU,pipeline 16,"GET","908137.75","0.841","0.080","0.791","1.231","1.879","32.287"
firn-1,pass 2,1 server CPU,pipeline 16,"INCR","841531.81","0.913","0.080","0.879","1.287","1.735","23.519"
firn-1,pass 2,1 server CPU,pipeline 16,"LPUSH","1313308.25","0.571","0.064","0.527","0.863","1.311","117.887"
firn-1,pass 2,1 server CPU,pipeline 16,"RPUSH","1338670.38","0.560","0.072","0.511","0.831","1.383","243.839"
firn-1,pass 2,1 server CPU,pipeline 16,"LPOP","1563580.62","0.479","0.072","0.447","0.703","0.991","55.263"
firn-1,pass 2,1 server CPU,pipeline 16,"RPOP","1526101.50","0.490","0.072","0.455","0.719","1.103","14.103"
firn-1,pass 2,1 server CPU,pipeline 16,"SADD","1022064.44","0.748","0.096","0.719","1.039","1.471","26.127"
firn-1,pass 2,1 server CPU,pipeline 16,"HSET","926598.75","0.833","0.104","0.791","1.215","1.647","70.911"
firn-1,pass 2,1 server CPU,pipeline 16,"SPOP","1469683.38","0.508","0.072","0.455","0.751","1.079","178.559"
firn-1,pass 2,1 server CPU,pipeline 16,"ZADD","349493.03","2.231","0.168","2.167","2.887","3.455","15.191"
firn-1,pass 2,1 server CPU,pipeline 16,"ZPOPMIN","1596008.75","0.466","0.064","0.439","0.679","0.999","32.751"
firn-1,pass 2,1 server CPU,pipeline 16,"LRANGE_100 (first 100 elements)","545563.94","0.932","0.104","0.775","1.767","2.319","16.703"
firn-1,pass 2,1 server CPU,pipeline 16,"LRANGE_300 (first 300 elements)","188005.86","1.746","0.152","1.535","3.703","4.975","16.463"
firn-1,pass 2,1 server CPU,pipeline 16,"LRANGE_500 (first 500 elements)","109144.35","2.026","0.200","1.783","3.927","5.751","23.535"
firn-1,pass 2,1 server CPU,pipeline 16,"LRANGE_600 (first 600 elements)","87491.51","2.721","0.176","2.079","6.359","11.351","39.647"
firn-1,pass 2,1 server CPU,pipeline 16,"MSET (10 keys)","224903.03","3.527","0.280","3.215","5.631","7.063","55.615"
firn-base-1,pass 2,1 server CPU,pipeline 1,"PING_INLINE","133901.19","0.346","0.048","0.319","0.535","0.767","64.255"
firn-base-1,pass 2,1 server CPU,pipeline 1,"PING_MBULK","133122.22","0.349","0.056","0.327","0.543","0.775","8.935"
firn-base-1,pass 2,1 server CPU,pipeline 1,"SET","115812.55","0.400","0.048","0.367","0.599","0.879","57.247"
firn-base-1,pass 2,1 server CPU,pipeline 1,"GET","119646.65","0.388","0.056","0.359","0.599","0.879","10.391"
firn-base-1,pass 2,1 server CPU,pipeline 1,"INCR","112131.86","0.412","0.048","0.383","0.623","0.919","61.919"
firn-base-1,pass 2,1 server CPU,pipeline 1,"LPUSH","119554.89","0.387","0.056","0.351","0.599","0.895","65.791"
firn-base-1,pass 2,1 server CPU,pipeline 1,"RPUSH","123101.03","0.378","0.056","0.343","0.599","0.847","44.575"
firn-base-1,pass 2,1 server CPU,pipeline 1,"LPOP","128202.24","0.361","0.056","0.335","0.583","0.799","24.911"
firn-base-1,pass 2,1 server CPU,pipeline 1,"RPOP","121494.46","0.381","0.048","0.343","0.607","0.871","37.759"
firn-base-1,pass 2,1 server CPU,pipeline 1,"SADD","123352.78","0.381","0.056","0.359","0.559","0.839","42.751"
firn-base-1,pass 2,1 server CPU,pipeline 1,"HSET","114972.95","0.406","0.056","0.375","0.607","0.895","65.183"
firn-base-1,pass 2,1 server CPU,pipeline 1,"SPOP","119630.97","0.385","0.032","0.343","0.583","0.975","39.775"
firn-base-1,pass 2,1 server CPU,pipeline 1,"ZADD","92284.70","0.510","0.072","0.479","0.751","1.063","15.503"
firn-base-1,pass 2,1 server CPU,pipeline 1,"ZPOPMIN","120796.38","0.386","0.048","0.343","0.615","0.927","47.327"
firn-base-1,pass 2,1 server CPU,pipeline 1,"LRANGE_100 (first 100 elements)","109480.69","0.411","0.072","0.383","0.639","0.895","20.959"
firn-base-1,pass 2,1 server CPU,pipeline 1,"LRANGE_300 (first 300 elements)","93515.45","0.432","0.088","0.423","0.671","0.951","27.695"
firn-base-1,pass 2,1 server CPU,pipeline 1,"LRANGE_500 (first 500 elements)","74887.69","0.435","0.080","0.367","0.863","1.223","20.463"
firn-base-1,pass 2,1 server CPU,pipeline 1,"LRANGE_600 (first 600 elements)","59805.49","0.542","0.088","0.447","0.983","1.407","44.575"
firn-base-1,pass 2,1 server CPU,pipeline 1,"MSET (10 keys)","77867.77","0.618","0.080","0.591","0.895","1.191","16.223"
firn-base-1,pass 2,1 server CPU,pipeline 16,"PING_INLINE","1781156.25","0.409","0.064","0.383","0.615","0.927","61.535"
firn-base-1,pass 2,1 server CPU,pipeline 16,"PING_MBULK","1813520.62","0.411","0.064","0.383","0.639","0.895","12.295"
firn-base-1,pass 2,1 server CPU,pipeline 16,"SET","876402.81","0.879","0.080","0.831","1.263","1.687","37.055"
firn-base-1,pass 2,1 server CPU,pipeline 16,"GET","963472.38","0.798","0.096","0.759","1.151","1.471","61.119"
firn-base-1,pass 2,1 server CPU,pipeline 16,"INCR","933941.62","0.821","0.080","0.791","1.151","1.495","53.695"
firn-base-1,pass 2,1 server CPU,pipeline 16,"LPUSH","1345924.50","0.562","0.072","0.519","0.831","1.119","119.295"
firn-base-1,pass 2,1 server CPU,pipeline 16,"RPUSH","1362466.00","0.551","0.072","0.511","0.791","1.071","244.095"
firn-base-1,pass 2,1 server CPU,pipeline 16,"LPOP","1563580.62","0.473","0.072","0.447","0.695","0.991","34.431"
firn-base-1,pass 2,1 server CPU,pipeline 16,"RPOP","1622910.12","0.463","0.072","0.439","0.695","0.903","16.655"
firn-base-1,pass 2,1 server CPU,pipeline 16,"SADD","1064537.00","0.721","0.088","0.687","1.071","1.455","36.095"
firn-base-1,pass 2,1 server CPU,pipeline 16,"HSET","961468.44","0.799","0.104","0.767","1.151","1.503","10.959"
firn-base-1,pass 2,1 server CPU,pipeline 16,"SPOP","1662192.12","0.448","0.072","0.415","0.647","0.927","119.999"
firn-base-1,pass 2,1 server CPU,pipeline 16,"ZADD","363077.59","2.178","0.112","2.119","2.783","3.679","34.207"
firn-base-1,pass 2,1 server CPU,pipeline 16,"ZPOPMIN","1741021.38","0.423","0.064","0.399","0.623","0.879","87.615"
firn-base-1,pass 2,1 server CPU,pipeline 16,"LRANGE_100 (first 100 elements)","545174.94","0.864","0.096","0.719","1.639","2.351","10.735"
firn-base-1,pass 2,1 server CPU,pipeline 16,"LRANGE_300 (first 300 elements)","187980.84","1.675","0.072","1.503","3.215","4.503","25.855"
firn-base-1,pass 2,1 server CPU,pipeline 16,"LRANGE_500 (first 500 elements)","105430.28","2.090","0.264","1.887","3.871","5.591","20.655"
firn-base-1,pass 2,1 server CPU,pipeline 16,"LRANGE_600 (first 600 elements)","93571.48","2.078","0.304","1.839","3.943","6.511","24.047"
firn-base-1,pass 2,1 server CPU,pipeline 16,"MSET (10 keys)","221405.19","3.585","0.344","3.375","5.079","5.895","76.415"
reference,pass 3,2 server CPUs,pipeline 1,"PING_INLINE","151047.41","0.290","0.040","0.271","0.503","0.727","8.271"
reference,pass 3,2 server CPUs,pipeline 1,"PING_MBULK","140106.55","0.308","0.040","0.271","0.583","0.895","12.519"
reference,pass 3,2 server CPUs,pipeline 1,"SET","121640.23","0.367","0.056","0.327","0.615","0.991","8.271"
reference,pass 3,2 server CPUs,pipeline 1,"GET","125833.56","0.360","0.048","0.327","0.599","0.903","12.503"
reference,pass 3,2 server CPUs,pipeline 1,"INCR","127922.65","0.347","0.048","0.311","0.591","0.911","8.999"
reference,pass 3,2 server CPUs,pipeline 1,"LPUSH","140235.95","0.295","0.040","0.263","0.559","0.831","13.191"
reference,pass 3,2 server CPUs,pipeline 1,"RPUSH","142441.08","0.302","0.048","0.271","0.551","0.807","18.831"
reference,pass 3,2 server CPUs,pipeline 1,"LPOP","137874.23","0.319","0.040","0.279","0.583","0.919","35.263"
reference,pass 3,2 server CPUs,pipeline 1,"RPOP","141871.73","0.315","0.040","0.279","0.567","0.879","6.207"
reference,pass 3,2 server CPUs,pipeline 1,"SADD","127040.33","0.352","0.048","0.311","0.599","0.919","31.119"
reference,pass 3,2 server CPUs,pipeline 1,"HSET","130947.10","0.345","0.048","0.319","0.559","0.823","15.759"
reference,pass 3,2 server CPUs,pipeline 1,"SPOP","137721.86","0.321","0.040","0.279","0.607","0.911","14.831"
reference,pass 3,2 server CPUs,pipeline 1,"ZADD","89686.15","0.511","0.064","0.479","0.799","1.151","13.215"
reference,pass 3,2 server CPUs,pipeline 1,"ZPOPMIN","142320.12","0.311","0.040","0.279","0.559","0.839","41.471"
reference,pass 3,2 server CPUs,pipeline 1,"LRANGE_100 (first 100 elements)","88294.75","0.490","0.064","0.471","0.743","1.015","7.719"
reference,pass 3,2 server CPUs,pipeline 1,"LRANGE_300 (first 300 elements)","45979.56","0.887","0.080","0.831","1.439","2.055","11.055"
reference,pass 3,2 server CPUs,pipeline 1,"LRANGE_500 (first 500 elements)","31094.10","1.292","0.080","1.215","2.103","2.863","31.839"
reference,pass 3,2 server CPUs,pipeline 1,"LRANGE_600 (first 600 elements)","28511.01","1.402","0.080","1.327","2.279","3.047","37.759"
reference,pass 3,2 server CPUs,pipeline 1,"MSET (10 keys)","66502.94","0.682","0.088","0.663","1.039","1.511","16.719"
reference,pass 3,2 server CPUs,pipeline 16,"PING_INLINE","1320857.50","0.542","0.072","0.511","0.863","1.175","46.303"
reference,pass 3,2 server CPUs,pipeline 16,"PING_MBULK","1620090.88","0.433","0.056","0.407","0.679","0.991","16.007"
reference,pass 3,2 server CPUs,pipeline 16,"SET","640665.44","1.135","0.104","1.063","1.735","2.431","50.431"
reference,pass 3,2 server CPUs,pipeline 16,"GET","699407.19","1.033","0.088","0.983","1.519","2.183","83.199"
reference,pass 3,2 server CPUs,pipeline 16,"INCR","736251.44","0.975","0.088","0.919","1.455","2.143","94.399"
reference,pass 3,2 server CPUs,pipeline 16,"LPUSH","1156688.12","0.614","0.072","0.583","1.007","1.423","54.303"
reference,pass 3,2 server CPUs,pipeline 16,"RPUSH","1271852.88","0.564","0.088","0.551","0.847","1.191","7.567"
reference,pass 3,2 server CPUs,pipeline 16,"LPOP","1078741.12","0.658","0.064","0.623","1.063","1.479","46.495"
reference,pass 3,2 server CPUs,pipeline 16,"RPOP","1105760.38","0.643","0.080","0.615","1.031","1.503","38.239"
reference,pass 3,2 server CPUs,pipeline 16,"SADD","751011.12","0.959","0.088","0.911","1.447","2.415","30.287"
reference,pass 3,2 server CPUs,pipeline 16,"HSET","707377.88","1.019","0.096","0.975","1.487","2.463","44.255"
reference,pass 3,2 server CPUs,pipeline 16,"SPOP","1442631.25","0.497","0.064","0.471","0.767","1.319","11.879"
reference,pass 3,2 server CPUs,pipeline 16,"ZADD","232926.47","3.245","0.200","3.039","4.799","7.103","41.791"
reference,pass 3,2 server CPUs,pipeline 16,"ZPOPMIN","1445400.88","0.490","0.064","0.463","0.759","1.375","21.983"
reference,pass 3,2 server CPUs,pipeline 16,"LRANGE_100 (first 100 elements)","176588.25","3.803","0.152","3.663","5.639","7.495","52.799"
reference,pass 3,2 server CPUs,pipeline 16,"LRANGE_300 (first 300 elements)","61848.36","8.969","0.312","8.599","14.247","18.287","50.655"
reference,pass 3,2 server CPUs,pipeline 16,"LRANGE_500 (first 500 elements)","38108.49","13.640","0.464","13.215","21.423","30.271","85.247"
reference,pass 3,2 server CPUs,pipeline 16,"LRANGE_600 (first 600 elements)","29161.33","17.205","0.664","16.687","28.143","34.655","56.607"
reference,pass 3,2 server CPUs,pipeline 16,"MSET (10 keys)","112253.74","6.864","0.368","6.455","9.567","12.415","78.015"
valkey,pass 3,2 server CPUs,pipeline 1,"PING_INLINE","136800.88","0.327","0.040","0.287","0.599","0.895","11.807"
valkey,pass 3,2 server CPUs,pipeline 1,"PING_MBULK","147842.42","0.295","0.048","0.263","0.527","0.823","61.311"
valkey,pass 3,2 server CPUs,pipeline 1,"SET","117641.48","0.376","0.056","0.335","0.639","1.063","48.607"
valkey,pass 3,2 server CPUs,pipeline 1,"GET","128013.61","0.352","0.048","0.319","0.575","0.895","42.367"
valkey,pass 3,2 server CPUs,pipeline 1,"INCR","125701.12","0.357","0.048","0.327","0.591","0.911","31.263"
valkey,pass 3,2 server CPUs,pipeline 1,"LPUSH","140246.73","0.318","0.040","0.287","0.559","0.887","33.471"
valkey,pass 3,2 server CPUs,pipeline 1,"RPUSH","139618.50","0.320","0.040","0.287","0.575","0.847","30.543"
valkey,pass 3,2 server CPUs,pipeline 1,"LPOP","132872.11","0.332","0.048","0.287","0.599","0.935","17.615"
valkey,pass 3,2 server CPUs,pipeline 1,"RPOP","139565.33","0.315","0.048","0.279","0.559","0.847","107.519"
valkey,pass 3,2 server CPUs,pipeline 1,"SADD","127055.50","0.355","0.040","0.319","0.607","0.903","15.055"
valkey,pass 3,2 server CPUs,pipeline 1,"HSET","123395.68","0.360","0.048","0.327","0.607","0.951","17.663"
valkey,pass 3,2 server CPUs,pipeline 1,"SPOP","145925.48","0.295","0.040","0.271","0.535","0.791","8.351"
valkey,pass 3,2 server CPUs,pipeline 1,"ZADD","86042.30","0.532","0.056","0.495","0.847","1.215","46.143"
valkey,pass 3,2 server CPUs,pipeline 1,"ZPOPMIN","142297.81","0.303","0.040","0.271","0.543","0.839","14.287"
valkey,pass 3,2 server CPUs,pipeline 1,"LRANGE_100 (first 100 elements)","85531.57","0.507","0.056","0.479","0.831","1.183","10.799"
valkey,pass 3,2 server CPUs,pipeline 1,"LRANGE_300 (first 300 elements)","48199.74","0.841","0.072","0.791","1.335","1.967","141.055"
valkey,pass 3,2 server CPUs,pipeline 1,"LRANGE_500 (first 500 elements)","30691.29","1.294","0.088","1.199","2.127","3.119","74.815"
valkey,pass 3,2 server CPUs,pipeline 1,"LRANGE_600 (first 600 elements)","28983.66","1.363","0.088","1.311","2.191","2.863","12.927"
valkey,pass 3,2 server CPUs,pipeline 1,"MSET (10 keys)","60757.36","0.737","0.080","0.703","1.159","1.647","35.743"
valkey,pass 3,2 server CPUs,pipeline 16,"PING_INLINE","1298568.75","0.546","0.072","0.519","0.879","1.279","43.199"
valkey,pass 3,2 server CPUs,pipeline 16,"PING_MBULK","1586755.12","0.445","0.064","0.415","0.711","1.039","8.319"
valkey,pass 3,2 server CPUs,pipeline 16,"SET","630048.31","1.145","0.104","1.071","1.735","2.367","60.223"
valkey,pass 3,2 server CPUs,pipeline 16,"GET","680892.75","1.051","0.096","0.991","1.583","2.175","50.815"
valkey,pass 3,2 server CPUs,pipeline 16,"INCR","701610.31","1.027","0.088","0.975","1.535","2.191","55.391"
valkey,pass 3,2 server CPUs,pipeline 16,"LPUSH","1170409.75","0.608","0.080","0.583","0.991","1.447","47.711"
valkey,pass 3,2 server CPUs,pipeline 16,"RPUSH","1230523.75","0.581","0.072","0.559","0.895","1.287","48.287"
valkey,pass 3,2 server CPUs,pipeline 16,"LPOP","1034927.38","0.692","0.072","0.647","1.103","1.623","58.847"
valkey,pass 3,2 server CPUs,pipeline 16,"RPOP","1105888.50","0.646","0.072","0.623","1.015","1.519","14.287"
valkey,pass 3,2 server CPUs,pipeline 16,"SADD","808996.94","0.875","0.088","0.823","1.303","1.935","63.071"
valkey,pass 3,2 server CPUs,pipeline 16,"HSET","642788.75","1.128","0.112","1.063","1.695","2.367","44.255"
valkey,pass 3,2 server CPUs,pipeline 16,"SPOP","1442849.00","0.497","0.072","0.471","0.767","1.183","7.383"
valkey,pass 3,2 server CPUs,pipeline 16,"ZADD","216754.30","3.503","0.208","3.351","4.879","6.295","36.831"
valkey,pass 3,2 server CPUs,pipeline 16,"ZPOPMIN","1392867.62","0.509","0.072","0.487","0.783","1.247","9.367"
valkey,pass 3,2 server CPUs,pipeline 16,"LRANGE_100 (first 100 elements)","173267.11","3.839","0.152","3.655","6.015","7.607","44.415"
valkey,pass 3,2 server CPUs,pipeline 16,"LRANGE_300 (first 300 elements)","60528.84","9.181","0.288","8.591","15.759","19.583","49.663"
valkey,pass 3,2 server CPUs,pipeline 16,"LRANGE_500 (first 500 elements)","35527.52","14.336","0.448","13.631","24.607","31.055","59.263"
valkey,pass 3,2 server CPUs,pipeline 16,"LRANGE_600 (first 600 elements)","31150.49","15.915","0.472","15.263","26.143","32.703","46.463"
valkey,pass 3,2 server CPUs,pipeline 16,"MSET (10 keys)","135181.59","5.682","0.288","5.407","7.983","10.623","49.855"
valkey-io,pass 3,2 server CPUs,pipeline 1,"PING_INLINE","160302.56","0.240","0.048","0.191","0.407","0.751","82.815"
valkey-io,pass 3,2 server CPUs,pipeline 1,"PING_MBULK","169956.52","0.220","0.048","0.183","0.399","0.775","10.151"
valkey-io,pass 3,2 server CPUs,pipeline 1,"SET","132695.22","0.316","0.056","0.295","0.519","0.879","58.783"
valkey-io,pass 3,2 server CPUs,pipeline 1,"GET","137690.69","0.302","0.056","0.279","0.511","0.855","48.223"
valkey-io,pass 3,2 server CPUs,pipeline 1,"INCR","148853.36","0.283","0.048","0.263","0.471","0.815","13.463"
valkey-io,pass 3,2 server CPUs,pipeline 1,"LPUSH","158571.59","0.260","0.056","0.247","0.439","0.719","7.791"
valkey-io,pass 3,2 server CPUs,pipeline 1,"RPUSH","157990.02","0.262","0.048","0.239","0.447","0.783","13.247"
valkey-io,pass 3,2 server CPUs,pipeline 1,"LPOP","158859.80","0.254","0.048","0.223","0.447","0.847","47.455"
valkey-io,pass 3,2 server CPUs,pipeline 1,"RPOP","163736.75","0.243","0.048","0.215","0.431","0.711","12.767"
valkey-io,pass 3,2 server CPUs,pipeline 1,"SADD","149366.42","0.275","0.048","0.255","0.455","0.767","77.823"
valkey-io,pass 3,2 server CPUs,pipeline 1,"HSET","149366.42","0.282","0.056","0.279","0.439","0.727","20.063"
valkey-io,pass 3,2 server CPUs,pipeline 1,"SPOP","182454.27","0.218","0.056","0.191","0.383","0.647","20.095"
valkey-io,pass 3,2 server CPUs,pipeline 1,"ZADD","90961.68","0.475","0.072","0.455","0.735","1.271","114.239"
valkey-io,pass 3,2 server CPUs,pipeline 1,"ZPOPMIN","168748.75","0.228","0.040","0.191","0.415","0.735","14.559"
valkey-io,pass 3,2 server CPUs,pipeline 1,"LRANGE_100 (first 100 elements)","89753.21","0.476","0.080","0.471","0.687","1.071","8.087"
valkey-io,pass 3,2 server CPUs,pipeline 1,"LRANGE_300 (first 300 elements)","45961.49","0.874","0.088","0.831","1.343","2.087","55.263"
valkey-io,pass 3,2 server CPUs,pipeline 1,"LRANGE_500 (first 500 elements)","31906.79","1.241","0.088","1.191","1.911","2.711","36.095"
valkey-io,pass 3,2 server CPUs,pipeline 1,"LRANGE_600 (first 600 elements)","27317.63","1.400","0.088","1.335","2.303","3.183","18.511"
valkey-io,pass 3,2 server CPUs,pipeline 1,"MSET (10 keys)","56457.44","0.776","0.072","0.735","1.135","1.943","44.767"
valkey-io,pass 3,2 server CPUs,pipeline 16,"PING_INLINE","1297865.12","0.527","0.072","0.495","0.799","1.415","46.623"
valkey-io,pass 3,2 server CPUs,pipeline 16,"PING_MBULK","1692501.25","0.400","0.072","0.391","0.615","0.959","55.551"
valkey-io,pass 3,2 server CPUs,pipeline 16,"SET","646131.19","1.110","0.096","1.047","1.583","2.423","37.503"
valkey-io,pass 3,2 server CPUs,pipeline 16,"GET","693032.56","1.025","0.104","0.967","1.415","2.391","40.287"
valkey-io,pass 3,2 server CPUs,pipeline 16,"INCR","729135.44","0.979","0.088","0.927","1.399","2.239","41.855"
valkey-io,pass 3,2 server CPUs,pipeline 16,"LPUSH","1209838.75","0.578","0.072","0.559","0.863","1.351","55.263"
valkey-io,pass 3,2 server CPUs,pipeline 16,"RPUSH","1271598.62","0.548","0.080","0.543","0.823","1.263","16.879"
valkey-io,pass 3,2 server CPUs,pipeline 16,"LPOP","1124379.75","0.623","0.080","0.599","0.887","1.407","87.295"
valkey-io,pass 3,2 server CPUs,pipeline 16,"RPOP","1173765.25","0.593","0.080","0.583","0.863","1.239","13.359"
valkey-io,pass 3,2 server CPUs,pipeline 16,"SADD","895980.94","0.780","0.088","0.727","1.151","1.935","70.399"
valkey-io,pass 3,2 server CPUs,pipeline 16,"HSET","749064.12","0.946","0.104","0.903","1.319","1.863","65.023"
valkey-io,pass 3,2 server CPUs,pipeline 16,"SPOP","1470248.38","0.467","0.072","0.455","0.727","1.207","16.687"
valkey-io,pass 3,2 server CPUs,pipeline 16,"ZADD","251425.30","3.020","0.200","2.903","4.111","5.167","30.271"
valkey-io,pass 3,2 server CPUs,pipeline 16,"ZPOPMIN","1444202.62","0.472","0.072","0.455","0.727","1.263","13.935"
valkey-io,pass 3,2 server CPUs,pipeline 16,"LRANGE_100 (first 100 elements)","174843.92","3.831","0.168","3.631","6.055","7.567","70.527"
valkey-io,pass 3,2 server CPUs,pipeline 16,"LRANGE_300 (first 300 elements)","63289.02","8.898","0.312","8.519","15.351","18.463","28.399"
valkey-io,pass 3,2 server CPUs,pipeline 16,"LRANGE_500 (first 500 elements)","37167.39","14.226","0.440","13.607","24.607","31.343","80.063"
valkey-io,pass 3,2 server CPUs,pipeline 16,"LRANGE_600 (first 600 elements)","29082.76","17.958","0.520","16.847","32.095","39.327","84.287"
valkey-io,pass 3,2 server CPUs,pipeline 16,"MSET (10 keys)","114890.76","6.672","0.312","6.463","8.951","11.375","48.095"
dragonfly-2,pass 3,2 server CPUs,pipeline 1,"PING_INLINE","172619.44","0.162","0.032","0.151","0.231","0.423","21.039"
dragonfly-2,pass 3,2 server CPUs,pipeline 1,"PING_MBULK","173529.58","0.165","0.032","0.151","0.247","0.463","54.847"
dragonfly-2,pass 3,2 server CPUs,pipeline 1,"SET","178005.45","0.207","0.008","0.183","0.391","0.671","11.119"
dragonfly-2,pass 3,2 server CPUs,pipeline 1,"GET","177988.11","0.201","0.008","0.175","0.359","0.743","10.919"
dragonfly-2,pass 3,2 server CPUs,pipeline 1,"INCR","169615.88","0.222","0.008","0.183","0.415","0.775","48.127"
dragonfly-2,pass 3,2 server CPUs,pipeline 1,"LPUSH","173669.33","0.220","0.032","0.191","0.439","0.703","16.415"
dragonfly-2,pass 3,2 server CPUs,pipeline 1,"RPUSH","165092.45","0.232","0.040","0.191","0.455","0.791","17.583"
dragonfly-2,pass 3,2 server CPUs,pipeline 1,"LPOP","182697.48","0.196","0.040","0.167","0.343","0.759","16.319"
dragonfly-2,pass 3,2 server CPUs,pipeline 1,"RPOP","185072.06","0.187","0.024","0.159","0.327","0.671","20.303"
dragonfly-2,pass 3,2 server CPUs,pipeline 1,"SADD","166920.34","0.224","0.032","0.191","0.399","0.759","71.935"
dragonfly-2,pass 3,2 server CPUs,pipeline 1,"HSET","163686.41","0.241","0.040","0.215","0.415","0.703","44.639"
dragonfly-2,pass 3,2 server CPUs,pipeline 1,"SPOP","182454.27","0.183","0.032","0.159","0.311","0.647","8.415"
dragonfly-2,pass 3,2 server CPUs,pipeline 1,"ZADD","135502.17","0.318","0.048","0.279","0.591","0.895","50.079"
dragonfly-2,pass 3,2 server CPUs,pipeline 1,"ZPOPMIN","181381.70","0.186","0.032","0.159","0.327","0.639","12.071"
dragonfly-2,pass 3,2 server CPUs,pipeline 1,"LRANGE_100 (first 100 elements)","96055.77","0.449","0.040","0.399","0.815","1.215","38.783"
dragonfly-2,pass 3,2 server CPUs,pipeline 1,"LRANGE_300 (first 300 elements)","46763.96","0.917","0.064","0.775","1.783","2.303","53.119"
dragonfly-2,pass 3,2 server CPUs,pipeline 1,"LRANGE_500 (first 500 elements)","33276.02","1.332","0.064","1.215","2.199","2.791","42.591"
dragonfly-2,pass 3,2 server CPUs,pipeline 1,"LRANGE_600 (first 600 elements)","25064.99","1.808","0.096","1.655","2.687","3.767","184.319"
dragonfly-2,pass 3,2 server CPUs,pipeline 1,"MSET (10 keys)","80753.80","0.585","0.032","0.527","0.927","1.711","41.823"
dragonfly-2,pass 3,2 server CPUs,pipeline 16,"PING_INLINE","2071085.25","0.326","0.056","0.303","0.519","0.751","10.751"
dragonfly-2,pass 3,2 server CPUs,pipeline 16,"PING_MBULK","2004568.38","0.342","0.056","0.319","0.527","1.031","32.255"
dragonfly-2,pass 3,2 server CPUs,pipeline 16,"SET","778171.12","0.969","0.064","0.895","1.559","2.519","47.007"
dragonfly-2,pass 3,2 server CPUs,pipeline 16,"GET","867125.12","0.866","0.064","0.815","1.391","2.111","32.863"
dragonfly-2,pass 3,2 server CPUs,pipeline 16,"INCR","758187.75","0.995","0.048","0.919","1.647","2.471","73.855"
dragonfly-2,pass 3,2 server CPUs,pipeline 16,"LPUSH","648152.88","1.182","0.056","0.847","2.775","4.727","74.559"
dragonfly-2,pass 3,2 server CPUs,pipeline 16,"RPUSH","655788.88","1.161","0.056","0.823","2.695","4.551","141.695"
dragonfly-2,pass 3,2 server CPUs,pipeline 16,"LPOP","922032.56","0.820","0.048","0.599","1.719","2.695","42.239"
dragonfly-2,pass 3,2 server CPUs,pipeline 16,"RPOP","965763.81","0.785","0.064","0.583","1.615","2.351","49.151"
dragonfly-2,pass 3,2 server CPUs,pipeline 16,"SADD","700090.88","1.095","0.064","0.631","3.479","5.871","44.223"
dragonfly-2,pass 3,2 server CPUs,pipeline 16,"HSET","661911.25","1.164","0.080","0.639","4.119","7.167","44.479"
dragonfly-2,pass 3,2 server CPUs,pipeline 16,"SPOP","1141293.88","0.652","0.048","0.591","1.103","1.663","53.119"
dragonfly-2,pass 3,2 server CPUs,pipeline 16,"ZADD","448608.94","1.737","0.112","0.783","2.343","26.607","237.055"
dragonfly-2,pass 3,2 server CPUs,pipeline 16,"ZPOPMIN","994998.50","0.757","0.056","0.671","1.303","1.847","25.215"
dragonfly-2,pass 3,2 server CPUs,pipeline 16,"LRANGE_100 (first 100 elements)","97830.45","7.833","0.352","6.255","10.791","64.959","115.903"
dragonfly-2,pass 3,2 server CPUs,pipeline 16,"LRANGE_300 (first 300 elements)","38405.57","19.524","0.648","16.215","46.591","88.383","130.559"
dragonfly-2,pass 3,2 server CPUs,pipeline 16,"LRANGE_500 (first 500 elements)","24162.31","30.630","0.488","26.111","72.511","97.791","150.783"
dragonfly-2,pass 3,2 server CPUs,pipeline 16,"LRANGE_600 (first 600 elements)","19689.71","37.389","0.656","32.431","82.367","102.911","139.007"
dragonfly-2,pass 3,2 server CPUs,pipeline 16,"MSET (10 keys)","108451.54","7.311","0.840","6.583","11.839","15.639","57.439"
garnet-2,pass 3,2 server CPUs,pipeline 1,"PING_INLINE","134148.88","0.236","0.008","0.199","0.423","0.927","45.407"
garnet-2,pass 3,2 server CPUs,pipeline 1,"PING_MBULK","128787.81","0.245","0.008","0.207","0.463","1.039","50.079"
garnet-2,pass 3,2 server CPUs,pipeline 1,"SET","121478.30","0.309","0.008","0.231","0.695","1.863","38.239"
garnet-2,pass 3,2 server CPUs,pipeline 1,"GET","140326.78","0.248","0.008","0.215","0.463","0.799","16.591"
garnet-2,pass 3,2 server CPUs,pipeline 1,"INCR","132609.89","0.283","0.008","0.239","0.519","0.935","26.111"
garnet-2,pass 3,2 server CPUs,pipeline 1,"LPUSH","137591.39","0.252","0.008","0.215","0.455","0.799","26.431"
garnet-2,pass 3,2 server CPUs,pipeline 1,"RPUSH","132138.77","0.268","0.008","0.223","0.495","0.863","191.103"
garnet-2,pass 3,2 server CPUs,pipeline 1,"LPOP","132872.11","0.253","0.008","0.215","0.455","0.839","17.263"
garnet-2,pass 3,2 server CPUs,pipeline 1,"RPOP","135110.36","0.262","0.008","0.223","0.479","0.839","32.447"
garnet-2,pass 3,2 server CPUs,pipeline 1,"SADD","128971.96","0.282","0.008","0.247","0.535","0.815","15.479"
garnet-2,pass 3,2 server CPUs,pipeline 1,"HSET","123395.68","0.320","0.008","0.271","0.607","1.095","15.351"
garnet-2,pass 3,2 server CPUs,pipeline 1,"SPOP","42888.80","1.038","0.008","0.207","6.503","20.911","74.367"
garnet-2,pass 3,2 server CPUs,pipeline 1,"ZADD","67753.97","0.718","0.008","0.743","1.119","1.639","76.223"
garnet-2,pass 3,2 server CPUs,pipeline 1,"ZPOPMIN","139540.48","0.241","0.008","0.207","0.463","0.839","12.975"
garnet-2,pass 3,2 server CPUs,pipeline 1,"LRANGE_100 (first 100 elements)","101382.72","0.289","0.008","0.255","0.455","0.943","31.711"
garnet-2,pass 3,2 server CPUs,pipeline 1,"LRANGE_300 (first 300 elements)","63730.82","0.416","0.024","0.383","0.615","1.199","43.615"
garnet-2,pass 3,2 server CPUs,pipeline 1,"LRANGE_500 (first 500 elements)","45190.06","0.583","0.024","0.527","0.927","1.543","13.615"
garnet-2,pass 3,2 server CPUs,pipeline 1,"LRANGE_600 (first 600 elements)","41612.40","0.613","0.032","0.575","0.919","1.439","13.335"
garnet-2,pass 3,2 server CPUs,pipeline 1,"MSET (10 keys)","76956.01","0.627","0.008","0.623","0.911","1.319","33.887"
garnet-2,pass 3,2 server CPUs,pipeline 16,"PING_INLINE","1823879.75","0.253","0.008","0.223","0.399","0.871","20.975"
garnet-2,pass 3,2 server CPUs,pipeline 16,"PING_MBULK","1813175.38","0.254","0.008","0.231","0.383","0.775","17.583"
garnet-2,pass 3,2 server CPUs,pipeline 16,"SET","1004284.56","0.768","0.016","0.759","1.087","1.591","40.095"
garnet-2,pass 3,2 server CPUs,pipeline 16,"GET","1090346.50","0.701","0.016","0.695","1.007","1.503","10.703"
garnet-2,pass 3,2 server CPUs,pipeline 16,"INCR","995256.81","0.774","0.016","0.767","1.071","1.527","12.951"
garnet-2,pass 3,2 server CPUs,pipeline 16,"LPUSH","677055.94","1.145","0.008","0.959","2.175","3.535","1184.767"
garnet-2,pass 3,2 server CPUs,pipeline 16,"RPUSH","548841.81","1.431","0.016","1.135","2.359","3.911","2109.439"
garnet-2,pass 3,2 server CPUs,pipeline 16,"LPOP","1178890.12","0.640","0.016","0.551","1.383","2.383","41.375"
garnet-2,pass 3,2 server CPUs,pipeline 16,"RPOP","1192391.88","0.642","0.008","0.559","1.407","2.471","67.967"
garnet-2,pass 3,2 server CPUs,pipeline 16,"SADD","615660.56","1.275","0.016","1.087","2.471","3.911","531.455"
garnet-2,pass 3,2 server CPUs,pipeline 16,"HSET","717934.00","1.096","0.024","0.999","2.031","3.055","23.055"
garnet-2,pass 3,2 server CPUs,pipeline 16,"SPOP","489330.34","1.538","0.008","0.263","0.959","2.431","1257.471"
garnet-2,pass 3,2 server CPUs,pipeline 16,"ZADD","183384.19","4.340","0.016","4.087","6.551","8.871","134.655"
garnet-2,pass 3,2 server CPUs,pipeline 16,"ZPOPMIN","1532566.50","0.458","0.008","0.343","1.199","2.167","38.879"
garnet-2,pass 3,2 server CPUs,pipeline 16,"LRANGE_100 (first 100 elements)","363432.69","1.167","0.056","1.063","1.839","2.759","20.671"
garnet-2,pass 3,2 server CPUs,pipeline 16,"LRANGE_300 (first 300 elements)","127918.88","2.187","0.184","2.015","4.039","5.783","24.767"
garnet-2,pass 3,2 server CPUs,pipeline 16,"LRANGE_500 (first 500 elements)","71810.95","2.691","0.304","2.431","4.919","6.991","36.767"
garnet-2,pass 3,2 server CPUs,pipeline 16,"LRANGE_600 (first 600 elements)","63025.68","2.837","0.320","2.567","5.023","7.847","62.943"
garnet-2,pass 3,2 server CPUs,pipeline 16,"MSET (10 keys)","273140.06","2.900","0.096","2.767","4.023","8.175","100.351"
firn-2,pass 3,2 server CPUs,pipeline 1,"PING_INLINE","157585.56","0.178","0.016","0.159","0.271","0.727","12.863"
firn-2,pass 3,2 server CPUs,pipeline 1,"PING_MBULK","166402.78","0.169","0.016","0.151","0.247","0.591","22.799"
firn-2,pass 3,2 server CPUs,pipeline 1,"SET","169712.67","0.172","0.024","0.159","0.263","0.471","24.623"
firn-2,pass 3,2 server CPUs,pipeline 1,"GET","165856.97","0.174","0.032","0.159","0.263","0.471","10.047"
firn-2,pass 3,2 server CPUs,pipeline 1,"INCR","173652.80","0.167","0.016","0.151","0.247","0.455","18.367"
firn-2,pass 3,2 server CPUs,pipeline 1,"LPUSH","173586.69","0.170","0.016","0.151","0.263","0.527","16.095"
firn-2,pass 3,2 server CPUs,pipeline 1,"RPUSH","165152.45","0.178","0.024","0.159","0.271","0.519","18.527"
firn-2,pass 3,2 server CPUs,pipeline 1,"LPOP","169497.59","0.172","0.016","0.151","0.247","0.447","54.719"
firn-2,pass 3,2 server CPUs,pipeline 1,"RPOP","177378.06","0.162","0.024","0.151","0.239","0.439","29.615"
firn-2,pass 3,2 server CPUs,pipeline 1,"SADD","166894.17","0.171","0.024","0.151","0.255","0.463","22.175"
firn-2,pass 3,2 server CPUs,pipeline 1,"HSET","173702.30","0.165","0.024","0.151","0.247","0.455","22.687"
firn-2,pass 3,2 server CPUs,pipeline 1,"SPOP","173718.83","0.167","0.024","0.151","0.231","0.495","24.175"
firn-2,pass 3,2 server CPUs,pipeline 1,"ZADD","176891.81","0.200","0.032","0.175","0.335","0.543","27.903"
firn-2,pass 3,2 server CPUs,pipeline 1,"ZPOPMIN","176890.92","0.162","0.016","0.151","0.231","0.431","8.423"
firn-2,pass 3,2 server CPUs,pipeline 1,"LRANGE_100 (first 100 elements)","116109.13","0.233","0.032","0.215","0.335","0.559","57.343"
firn-2,pass 3,2 server CPUs,pipeline 1,"LRANGE_300 (first 300 elements)","70117.91","0.366","0.024","0.343","0.519","0.783","8.847"
firn-2,pass 3,2 server CPUs,pipeline 1,"LRANGE_500 (first 500 elements)","46963.96","0.531","0.032","0.495","0.775","1.319","38.783"
firn-2,pass 3,2 server CPUs,pipeline 1,"LRANGE_600 (first 600 elements)","42517.26","0.586","0.072","0.551","0.839","1.263","19.391"
firn-2,pass 3,2 server CPUs,pipeline 1,"MSET (10 keys)","145174.80","0.291","0.016","0.263","0.495","0.751","8.559"
firn-2,pass 3,2 server CPUs,pipeline 16,"PING_INLINE","2187905.75","0.202","0.016","0.183","0.279","0.543","45.119"
firn-2,pass 3,2 server CPUs,pipeline 16,"PING_MBULK","2175852.00","0.198","0.016","0.183","0.279","0.471","16.295"
firn-2,pass 3,2 server CPUs,pipeline 16,"SET","1901885.88","0.352","0.048","0.335","0.551","0.783","57.119"
firn-2,pass 3,2 server CPUs,pipeline 16,"GET","1907970.00","0.315","0.040","0.287","0.511","0.775","8.679"
firn-2,pass 3,2 server CPUs,pipeline 16,"INCR","1782150.38","0.389","0.032","0.383","0.583","0.831","16.223"
firn-2,pass 3,2 server CPUs,pipeline 16,"LPUSH","2197849.00","0.301","0.016","0.271","0.487","0.735","121.471"
firn-2,pass 3,2 server CPUs,pipeline 16,"RPUSH","2243496.50","0.290","0.024","0.263","0.455","0.687","255.871"
firn-2,pass 3,2 server CPUs,pipeline 16,"LPOP","2393116.00","0.228","0.040","0.207","0.375","0.575","7.583"
firn-2,pass 3,2 server CPUs,pipeline 16,"RPOP","2384485.75","0.231","0.032","0.207","0.383","0.607","16.175"
firn-2,pass 3,2 server CPUs,pipeline 16,"SADD","1310804.00","0.563","0.040","0.519","0.807","1.231","281.343"
firn-2,pass 3,2 server CPUs,pipeline 16,"HSET","1243326.75","0.622","0.040","0.599","0.927","1.311","9.919"
firn-2,pass 3,2 server CPUs,pipeline 16,"SPOP","2248767.75","0.210","0.032","0.175","0.295","0.583","219.135"
firn-2,pass 3,2 server CPUs,pipeline 16,"ZADD","402019.56","1.938","0.072","1.895","2.775","3.695","34.687"
firn-2,pass 3,2 server CPUs,pipeline 16,"ZPOPMIN","2394312.00","0.202","0.032","0.183","0.319","0.655","12.671"
firn-2,pass 3,2 server CPUs,pipeline 16,"LRANGE_100 (first 100 elements)","354667.16","1.103","0.096","1.023","1.679","2.247","48.927"
firn-2,pass 3,2 server CPUs,pipeline 16,"LRANGE_300 (first 300 elements)","125109.71","2.085","0.112","1.887","3.695","5.103","75.647"
firn-2,pass 3,2 server CPUs,pipeline 16,"LRANGE_500 (first 500 elements)","71869.52","2.534","0.144","2.295","4.831","6.359","13.767"
firn-2,pass 3,2 server CPUs,pipeline 16,"LRANGE_600 (first 600 elements)","64276.77","2.656","0.232","2.303","4.759","7.175","270.591"
firn-2,pass 3,2 server CPUs,pipeline 16,"MSET (10 keys)","340181.56","2.301","0.080","2.135","3.903","4.839","24.319"
firn-base-2,pass 3,2 server CPUs,pipeline 1,"PING_INLINE","164775.23","0.171","0.016","0.151","0.239","0.455","13.863"
firn-base-2,pass 3,2 server CPUs,pipeline 1,"PING_MBULK","173650.27","0.163","0.016","0.151","0.231","0.415","40.479"
firn-base-2,pass 3,2 server CPUs,pipeline 1,"SET","169728.44","0.168","0.024","0.151","0.239","0.431","69.631"
firn-base-2,pass 3,2 server CPUs,pipeline 1,"GET","173751.91","0.166","0.024","0.151","0.239","0.439","15.783"
firn-base-2,pass 3,2 server CPUs,pipeline 1,"INCR","165762.36","0.178","0.024","0.159","0.271","0.487","65.215"
firn-base-2,pass 3,2 server CPUs,pipeline 1,"LPUSH","173669.33","0.166","0.024","0.151","0.247","0.447","44.479"
firn-base-2,pass 3,2 server CPUs,pipeline 1,"RPUSH","181710.62","0.159","0.016","0.143","0.223","0.407","14.431"
firn-base-2,pass 3,2 server CPUs,pipeline 1,"LPOP","173983.53","0.163","0.024","0.151","0.239","0.447","33.407"
firn-base-2,pass 3,2 server CPUs,pipeline 1,"RPOP","170271.03","0.165","0.016","0.151","0.239","0.423","14.031"
firn-base-2,pass 3,2 server CPUs,pipeline 1,"SADD","166933.44","0.172","0.016","0.159","0.247","0.479","23.375"
firn-base-2,pass 3,2 server CPUs,pipeline 1,"HSET","170257.42","0.169","0.024","0.151","0.247","0.487","16.071"
firn-base-2,pass 3,2 server CPUs,pipeline 1,"SPOP","165872.03","0.175","0.016","0.151","0.239","0.527","32.959"
firn-base-2,pass 3,2 server CPUs,pipeline 1,"ZADD","172112.50","0.205","0.016","0.175","0.351","0.647","30.527"
firn-base-2,pass 3,2 server CPUs,pipeline 1,"ZPOPMIN","176977.19","0.160","0.016","0.151","0.223","0.415","15.615"
firn-base-2,pass 3,2 server CPUs,pipeline 1,"LRANGE_100 (first 100 elements)","111722.84","0.241","0.024","0.223","0.343","0.567","10.703"
firn-base-2,pass 3,2 server CPUs,pipeline 1,"LRANGE_300 (first 300 elements)","70110.90","0.365","0.024","0.343","0.503","0.727","39.295"
firn-base-2,pass 3,2 server CPUs,pipeline 1,"LRANGE_500 (first 500 elements)","46058.17","0.549","0.024","0.511","0.783","1.063","63.231"
firn-base-2,pass 3,2 server CPUs,pipeline 1,"LRANGE_600 (first 600 elements)","40727.94","0.602","0.048","0.567","0.887","1.215","15.423"
firn-base-2,pass 3,2 server CPUs,pipeline 1,"MSET (10 keys)","141885.94","0.265","0.016","0.223","0.487","0.799","26.015"
firn-base-2,pass 3,2 server CPUs,pipeline 16,"PING_INLINE","2321783.50","0.187","0.032","0.175","0.263","0.391","8.327"
firn-base-2,pass 3,2 server CPUs,pipeline 16,"PING_MBULK","2239817.50","0.195","0.008","0.183","0.271","0.463","11.487"
firn-base-2,pass 3,2 server CPUs,pipeline 16,"SET","1090221.88","0.716","0.024","0.687","1.143","1.623","17.311"
firn-base-2,pass 3,2 server CPUs,pipeline 16,"GET","1293663.88","0.595","0.016","0.583","0.927","1.247","8.495"
firn-base-2,pass 3,2 server CPUs,pipeline 16,"INCR","1298656.75","0.590","0.024","0.575","0.895","1.271","18.831"
firn-base-2,pass 3,2 server CPUs,pipeline 16,"LPUSH","1634482.62","0.464","0.016","0.431","0.703","0.975","155.135"
firn-base-2,pass 3,2 server CPUs,pipeline 16,"RPUSH","1695728.50","0.445","0.032","0.415","0.679","0.943","266.239"
firn-base-2,pass 3,2 server CPUs,pipeline 16,"LPOP","1915976.38","0.384","0.016","0.367","0.599","0.855","9.023"
firn-base-2,pass 3,2 server CPUs,pipeline 16,"RPOP","1816275.50","0.397","0.024","0.375","0.623","0.895","61.567"
firn-base-2,pass 3,2 server CPUs,pipeline 16,"SADD","1420013.38","0.521","0.024","0.487","0.783","1.151","284.927"
firn-base-2,pass 3,2 server CPUs,pipeline 16,"HSET","1274524.75","0.601","0.016","0.567","0.991","1.375","38.047"
firn-base-2,pass 3,2 server CPUs,pipeline 16,"SPOP","2317159.75","0.217","0.024","0.183","0.303","0.575","210.047"
firn-base-2,pass 3,2 server CPUs,pipeline 16,"ZADD","419764.12","1.879","0.080","1.783","3.247","4.735","36.767"
firn-base-2,pass 3,2 server CPUs,pipeline 16,"ZPOPMIN","2394312.00","0.198","0.040","0.175","0.279","0.703","8.535"
firn-base-2,pass 3,2 server CPUs,pipeline 16,"LRANGE_100 (first 100 elements)","346785.69","1.118","0.120","1.063","1.631","2.143","19.279"
firn-base-2,pass 3,2 server CPUs,pipeline 16,"LRANGE_300 (first 300 elements)","127988.41","2.017","0.136","1.807","3.631","5.559","44.031"
firn-base-2,pass 3,2 server CPUs,pipeline 16,"LRANGE_500 (first 500 elements)","73521.69","2.377","0.184","2.143","4.639","6.255","17.087"
firn-base-2,pass 3,2 server CPUs,pipeline 16,"LRANGE_600 (first 600 elements)","63008.16","2.528","0.064","2.327","4.839","6.519","24.767"
firn-base-2,pass 3,2 server CPUs,pipeline 16,"MSET (10 keys)","268618.41","2.932","0.112","2.687","5.447","7.639","34.399"
reference,pass 3,1 server CPU,pipeline 1,"PING_INLINE","120819.81","0.394","0.032","0.375","0.631","0.887","9.535"
reference,pass 3,1 server CPU,pipeline 1,"PING_MBULK","117451.58","0.405","0.032","0.383","0.671","0.967","22.751"
reference,pass 3,1 server CPU,pipeline 1,"SET","104207.49","0.454","0.040","0.431","0.719","1.055","32.831"
reference,pass 3,1 server CPU,pipeline 1,"GET","105771.66","0.451","0.040","0.431","0.719","1.023","9.167"
reference,pass 3,1 server CPU,pipeline 1,"INCR","104189.70","0.453","0.032","0.431","0.727","1.031","39.807"
reference,pass 3,1 server CPU,pipeline 1,"LPUSH","115746.49","0.410","0.032","0.383","0.679","0.991","26.703"
reference,pass 3,1 server CPU,pipeline 1,"RPUSH","119163.09","0.399","0.032","0.383","0.639","0.927","33.695"
reference,pass 3,1 server CPU,pipeline 1,"LPOP","114191.64","0.416","0.032","0.399","0.671","0.959","18.383"
reference,pass 3,1 server CPU,pipeline 1,"RPOP","112020.88","0.422","0.032","0.399","0.695","0.999","42.751"
reference,pass 3,1 server CPU,pipeline 1,"SADD","105092.50","0.452","0.040","0.423","0.727","1.031","45.951"
reference,pass 3,1 server CPU,pipeline 1,"HSET","105102.88","0.452","0.032","0.431","0.719","1.015","14.687"
reference,pass 3,1 server CPU,pipeline 1,"SPOP","117717.37","0.404","0.032","0.383","0.655","0.927","41.247"
reference,pass 3,1 server CPU,pipeline 1,"ZADD","82670.11","0.553","0.048","0.519","0.879","1.239","118.527"
reference,pass 3,1 server CPU,pipeline 1,"ZPOPMIN","117048.77","0.402","0.024","0.383","0.655","0.935","42.303"
reference,pass 3,1 server CPU,pipeline 1,"LRANGE_100 (first 100 elements)","82795.68","0.539","0.056","0.519","0.831","1.183","44.863"
reference,pass 3,1 server CPU,pipeline 1,"LRANGE_300 (first 300 elements)","47507.95","0.886","0.056","0.855","1.343","1.759","13.279"
reference,pass 3,1 server CPU,pipeline 1,"LRANGE_500 (first 500 elements)","33202.29","1.266","0.064","1.223","1.919","2.567","58.879"
reference,pass 3,1 server CPU,pipeline 1,"LRANGE_600 (first 600 elements)","29405.31","1.416","0.064","1.383","2.111","2.695","43.103"
reference,pass 3,1 server CPU,pipeline 1,"MSET (10 keys)","59643.27","0.763","0.048","0.735","1.167","1.663","49.663"
reference,pass 3,1 server CPU,pipeline 16,"PING_INLINE","1320584.38","0.542","0.056","0.519","0.847","1.167","17.103"
reference,pass 3,1 server CPU,pipeline 16,"PING_MBULK","1464396.75","0.494","0.048","0.463","0.799","1.103","42.431"
reference,pass 3,1 server CPU,pipeline 16,"SET","646131.19","1.143","0.080","1.095","1.647","2.279","44.767"
reference,pass 3,1 server CPU,pipeline 16,"GET","699586.69","1.044","0.080","1.015","1.487","2.031","66.175"
reference,pass 3,1 server CPU,pipeline 16,"INCR","708720.62","1.031","0.072","0.983","1.551","2.263","29.679"
reference,pass 3,1 server CPU,pipeline 16,"LPUSH","1183056.12","0.608","0.056","0.591","0.935","1.303","62.527"
reference,pass 3,1 server CPU,pipeline 16,"RPUSH","1191349.75","0.605","0.056","0.575","0.927","1.391","67.263"
reference,pass 3,1 server CPU,pipeline 16,"LPOP","1089350.75","0.660","0.056","0.631","0.991","1.535","96.959"
reference,pass 3,1 server CPU,pipeline 16,"RPOP","1138680.50","0.629","0.056","0.615","0.919","1.335","13.119"
reference,pass 3,1 server CPU,pipeline 16,"SADD","762388.00","0.947","0.072","0.927","1.351","1.911","30.831"
reference,pass 3,1 server CPU,pipeline 16,"HSET","706789.69","1.034","0.080","0.999","1.455","2.047","311.039"
reference,pass 3,1 server CPU,pipeline 16,"SPOP","1414880.12","0.512","0.040","0.487","0.799","1.247","18.911"
reference,pass 3,1 server CPU,pipeline 16,"ZADD","251572.48","3.040","0.232","2.959","4.055","5.535","12.167"
reference,pass 3,1 server CPU,pipeline 16,"ZPOPMIN","1367714.50","0.530","0.056","0.495","0.831","1.399","49.087"
reference,pass 3,1 server CPU,pipeline 16,"LRANGE_100 (first 100 elements)","181440.39","3.864","0.184","3.775","5.079","6.639","33.119"
reference,pass 3,1 server CPU,pipeline 16,"LRANGE_300 (first 300 elements)","66300.52","9.567","0.512","9.439","12.863","16.975","34.431"
reference,pass 3,1 server CPU,pipeline 16,"LRANGE_500 (first 500 elements)","39531.10","14.668","0.464","14.175","21.487","27.087","51.551"
reference,pass 3,1 server CPU,pipeline 16,"LRANGE_600 (first 600 elements)","31891.19","17.288","0.576","16.767","26.863","34.783","48.703"
reference,pass 3,1 server CPU,pipeline 16,"MSET (10 keys)","140230.84","5.487","0.504","5.287","7.463","9.567","37.919"
valkey,pass 3,1 server CPU,pipeline 1,"PING_INLINE","118863.30","0.401","0.024","0.383","0.647","0.911","10.743"
valkey,pass 3,1 server CPU,pipeline 1,"PING_MBULK","121031.20","0.392","0.032","0.375","0.639","0.903","8.959"
valkey,pass 3,1 server CPU,pipeline 1,"SET","105759.40","0.448","0.040","0.431","0.711","0.991","9.991"
valkey,pass 3,1 server CPU,pipeline 1,"GET","107326.67","0.440","0.040","0.423","0.695","0.983","28.991"
valkey,pass 3,1 server CPU,pipeline 1,"INCR","105705.20","0.452","0.032","0.431","0.719","1.023","9.967"
valkey,pass 3,1 server CPU,pipeline 1,"LPUSH","113960.32","0.414","0.032","0.391","0.671","0.943","50.047"
valkey,pass 3,1 server CPU,pipeline 1,"RPUSH","115293.52","0.410","0.032","0.383","0.655","0.943","63.295"
valkey,pass 3,1 server CPU,pipeline 1,"LPOP","114184.51","0.417","0.032","0.399","0.671","0.927","27.327"
valkey,pass 3,1 server CPU,pipeline 1,"RPOP","116457.12","0.408","0.032","0.383","0.671","0.959","51.039"
valkey,pass 3,1 server CPU,pipeline 1,"SADD","107768.22","0.440","0.032","0.415","0.719","0.999","16.031"
valkey,pass 3,1 server CPU,pipeline 1,"HSET","105087.31","0.450","0.040","0.431","0.711","1.007","37.599"
valkey,pass 3,1 server CPU,pipeline 1,"SPOP","115841.95","0.406","0.032","0.383","0.671","0.975","27.087"
valkey,pass 3,1 server CPU,pipeline 1,"ZADD","84782.63","0.539","0.040","0.503","0.855","1.239","27.055"
valkey,pass 3,1 server CPU,pipeline 1,"ZPOPMIN","115059.85","0.411","0.024","0.383","0.663","0.967","35.391"
valkey,pass 3,1 server CPU,pipeline 1,"LRANGE_100 (first 100 elements)","84185.37","0.528","0.048","0.503","0.815","1.119","41.855"
valkey,pass 3,1 server CPU,pipeline 1,"LRANGE_300 (first 300 elements)","48342.52","0.877","0.056","0.847","1.311","1.727","76.607"
valkey,pass 3,1 server CPU,pipeline 1,"LRANGE_500 (first 500 elements)","34693.58","1.215","0.064","1.191","1.743","2.199","78.975"
valkey,pass 3,1 server CPU,pipeline 1,"LRANGE_600 (first 600 elements)","28976.65","1.444","0.064","1.399","2.191","2.823","34.527"
valkey,pass 3,1 server CPU,pipeline 1,"MSET (10 keys)","61957.09","0.734","0.056","0.703","1.135","1.655","35.871"
valkey,pass 3,1 server CPU,pipeline 16,"PING_INLINE","1320493.50","0.545","0.056","0.535","0.823","1.095","8.519"
valkey,pass 3,1 server CPU,pipeline 16,"PING_MBULK","1458007.38","0.498","0.048","0.463","0.775","1.119","66.943"
valkey,pass 3,1 server CPU,pipeline 16,"SET","646043.75","1.140","0.064","1.087","1.687","2.239","40.543"
valkey,pass 3,1 server CPU,pipeline 16,"GET","712621.31","1.027","0.064","0.991","1.495","2.111","9.823"
valkey,pass 3,1 server CPU,pipeline 16,"INCR","758037.81","0.961","0.080","0.927","1.399","1.911","43.711"
valkey,pass 3,1 server CPU,pipeline 16,"LPUSH","1170257.12","0.617","0.056","0.599","0.951","1.335","30.959"
valkey,pass 3,1 server CPU,pipeline 16,"RPUSH","1173621.00","0.615","0.056","0.583","1.007","1.415","41.375"
valkey,pass 3,1 server CPU,pipeline 16,"LPOP","1078680.50","0.674","0.056","0.647","1.063","1.479","9.863"
valkey,pass 3,1 server CPU,pipeline 16,"RPOP","1105504.12","0.649","0.048","0.623","0.983","1.439","60.575"
valkey,pass 3,1 server CPU,pipeline 16,"SADD","851119.25","0.846","0.064","0.823","1.239","1.743","21.103"
valkey,pass 3,1 server CPU,pipeline 16,"HSET","652093.06","1.120","0.072","1.071","1.631","2.415","48.351"
valkey,pass 3,1 server CPU,pipeline 16,"SPOP","1390093.75","0.522","0.056","0.503","0.807","1.119","17.055"
valkey,pass 3,1 server CPU,pipeline 16,"ZADD","241470.53","3.165","0.184","3.007","4.623","5.807","56.319"
valkey,pass 3,1 server CPU,pipeline 16,"ZPOPMIN","1294620.62","0.553","0.056","0.519","0.887","1.303","90.751"
valkey,pass 3,1 server CPU,pipeline 16,"LRANGE_100 (first 100 elements)","179388.73","3.922","0.176","3.775","5.687","6.599","19.871"
valkey,pass 3,1 server CPU,pipeline 16,"LRANGE_300 (first 300 elements)","63982.61","9.710","0.504","9.287","15.367","18.527","85.631"
valkey,pass 3,1 server CPU,pipeline 16,"LRANGE_500 (first 500 elements)","39067.68","14.924","0.544","14.367","22.047","29.343","49.119"
valkey,pass 3,1 server CPU,pipeline 16,"LRANGE_600 (first 600 elements)","33071.54","16.732","0.512","16.479","24.175","30.639","57.151"
valkey,pass 3,1 server CPU,pipeline 16,"MSET (10 keys)","138837.80","5.559","0.304","5.303","7.807","9.583","84.799"
dragonfly-1,pass 3,1 server CPU,pipeline 1,"PING_INLINE","122858.44","0.379","0.056","0.351","0.591","0.919","14.159"
dragonfly-1,pass 3,1 server CPU,pipeline 1,"PING_MBULK","126736.82","0.366","0.048","0.343","0.559","0.831","29.871"
dragonfly-1,pass 3,1 server CPU,pipeline 1,"SET","112271.77","0.414","0.048","0.399","0.567","0.791","8.183"
dragonfly-1,pass 3,1 server CPU,pipeline 1,"GET","115819.90","0.405","0.056","0.391","0.551","0.759","35.391"
dragonfly-1,pass 3,1 server CPU,pipeline 1,"INCR","101279.79","0.456","0.056","0.431","0.663","0.935","29.231"
dragonfly-1,pass 3,1 server CPU,pipeline 1,"LPUSH","108807.51","0.426","0.040","0.399","0.639","0.887","71.871"
dragonfly-1,pass 3,1 server CPU,pipeline 1,"RPUSH","113557.79","0.413","0.048","0.391","0.615","0.847","9.671"
dragonfly-1,pass 3,1 server CPU,pipeline 1,"LPOP","114070.47","0.408","0.056","0.383","0.607","0.863","38.751"
dragonfly-1,pass 3,1 server CPU,pipeline 1,"RPOP","113507.97","0.409","0.048","0.383","0.631","0.807","17.631"
dragonfly-1,pass 3,1 server CPU,pipeline 1,"SADD","109004.15","0.429","0.048","0.407","0.607","0.823","38.719"
dragonfly-1,pass 3,1 server CPU,pipeline 1,"HSET","102551.38","0.456","0.056","0.431","0.663","0.927","41.951"
dragonfly-1,pass 3,1 server CPU,pipeline 1,"SPOP","117702.18","0.395","0.048","0.367","0.599","0.839","8.967"
dragonfly-1,pass 3,1 server CPU,pipeline 1,"ZADD","84405.18","0.551","0.064","0.511","0.791","1.111","135.807"
dragonfly-1,pass 3,1 server CPU,pipeline 1,"ZPOPMIN","122990.45","0.381","0.048","0.359","0.575","0.743","81.151"
dragonfly-1,pass 3,1 server CPU,pipeline 1,"LRANGE_100 (first 100 elements)","67565.13","0.671","0.072","0.647","0.927","1.215","28.287"
dragonfly-1,pass 3,1 server CPU,pipeline 1,"LRANGE_300 (first 300 elements)","37874.57","1.160","0.088","1.103","1.711","2.383","11.103"
dragonfly-1,pass 3,1 server CPU,pipeline 1,"LRANGE_500 (first 500 elements)","26586.87","1.642","0.104","1.583","2.303","2.903","36.991"
dragonfly-1,pass 3,1 server CPU,pipeline 1,"LRANGE_600 (first 600 elements)","20109.23","2.201","0.112","2.119","3.039","3.639","69.183"
dragonfly-1,pass 3,1 server CPU,pipeline 1,"MSET (10 keys)","64382.33","0.716","0.064","0.679","1.031","1.399","48.703"
dragonfly-1,pass 3,1 server CPU,pipeline 16,"PING_INLINE","1142957.38","0.642","0.080","0.615","0.943","1.279","13.759"
dragonfly-1,pass 3,1 server CPU,pipeline 16,"PING_MBULK","1087491.25","0.671","0.080","0.631","1.007","1.455","36.607"
dragonfly-1,pass 3,1 server CPU,pipeline 16,"SET","518104.72","1.426","0.072","1.495","2.151","2.679","66.687"
dragonfly-1,pass 3,1 server CPU,pipeline 16,"GET","586215.69","1.246","0.080","1.295","1.935","2.463","46.111"
dragonfly-1,pass 3,1 server CPU,pipeline 16,"INCR","490357.00","1.518","0.080","1.583","2.295","2.951","47.103"
dragonfly-1,pass 3,1 server CPU,pipeline 16,"LPUSH","556661.81","1.339","0.072","1.375","2.055","2.631","38.463"
dragonfly-1,pass 3,1 server CPU,pipeline 16,"RPUSH","577209.25","1.292","0.064","1.327","1.959","2.519","94.399"
dragonfly-1,pass 3,1 server CPU,pipeline 16,"LPOP","621910.31","1.195","0.072","1.199","1.911","2.479","44.127"
dragonfly-1,pass 3,1 server CPU,pipeline 16,"RPOP","640192.69","1.161","0.072","1.167","1.807","2.351","29.871"
dragonfly-1,pass 3,1 server CPU,pipeline 16,"SADD","486118.06","1.520","0.088","1.591","2.287","2.919","15.831"
dragonfly-1,pass 3,1 server CPU,pipeline 16,"HSET","424191.38","1.765","0.080","1.791","2.695","3.423","40.575"
dragonfly-1,pass 3,1 server CPU,pipeline 16,"SPOP","763261.62","0.961","0.064","0.911","1.583","2.151","42.111"
dragonfly-1,pass 3,1 server CPU,pipeline 16,"ZADD","269518.38","2.834","0.120","2.743","3.991","5.135","69.375"
dragonfly-1,pass 3,1 server CPU,pipeline 16,"ZPOPMIN","689244.25","1.064","0.072","0.983","1.791","2.511","47.295"
dragonfly-1,pass 3,1 server CPU,pipeline 16,"LRANGE_100 (first 100 elements)","89824.85","8.329","1.272","6.671","10.951","74.239","150.399"
dragonfly-1,pass 3,1 server CPU,pipeline 16,"LRANGE_300 (first 300 elements)","32253.46","22.399","1.088","18.447","53.951","106.495","532.479"
dragonfly-1,pass 3,1 server CPU,pipeline 16,"LRANGE_500 (first 500 elements)","20985.63","34.200","2.344","28.959","82.815","114.943","154.111"
dragonfly-1,pass 3,1 server CPU,pipeline 16,"LRANGE_600 (first 600 elements)","16869.29","42.394","2.320","36.383","95.487","121.471","149.119"
dragonfly-1,pass 3,1 server CPU,pipeline 16,"MSET (10 keys)","132860.02","5.798","0.176","5.503","8.159","10.079","35.135"
garnet-1,pass 3,1 server CPU,pipeline 1,"PING_INLINE","35490.30","1.388","0.008","0.159","3.815","8.711","933.887"
garnet-1,pass 3,1 server CPU,pipeline 1,"PING_MBULK","33971.65","1.440","0.016","0.151","1.359","4.727","3000.319"
garnet-1,pass 3,1 server CPU,pipeline 1,"SET","30912.25","1.609","0.024","0.175","0.687","5.583","2996.223"
garnet-1,pass 3,1 server CPU,pipeline 1,"GET","31721.94","1.533","0.032","0.167","0.623","4.143","3000.319"
garnet-1,pass 3,1 server CPU,pipeline 1,"INCR","30638.26","1.618","0.024","0.167","0.687","4.791","2658.303"
garnet-1,pass 3,1 server CPU,pipeline 1,"LPUSH","31978.42","1.555","0.024","0.159","0.727","6.967","2785.279"
garnet-1,pass 3,1 server CPU,pipeline 1,"RPUSH","31446.59","1.579","0.024","0.175","0.703","7.735","1589.247"
garnet-1,pass 3,1 server CPU,pipeline 1,"LPOP","31744.91","1.566","0.032","0.167","0.679","7.087","2217.983"
garnet-1,pass 3,1 server CPU,pipeline 1,"RPOP","32113.14","1.417","0.016","0.151","0.575","3.215","3000.319"
garnet-1,pass 3,1 server CPU,pipeline 1,"SADD","30839.98","1.287","0.016","0.159","0.607","2.903","3000.319"
garnet-1,pass 3,1 server CPU,pipeline 1,"HSET","31513.75","1.351","0.024","0.167","0.591","3.295","3000.319"
garnet-1,pass 3,1 server CPU,pipeline 1,"SPOP","20949.39","1.940","0.024","0.151","2.183","7.431","3000.319"
garnet-1,pass 3,1 server CPU,pipeline 1,"ZADD","25461.36","1.888","0.032","0.183","0.735","3.767","3000.319"
garnet-1,pass 3,1 server CPU,pipeline 1,"ZPOPMIN","32524.27","1.524","0.024","0.167","0.615","5.287","3000.319"
garnet-1,pass 3,1 server CPU,pipeline 1,"LRANGE_100 (first 100 elements)","32396.61","1.438","0.032","0.175","0.687","3.495","3000.319"
garnet-1,pass 3,1 server CPU,pipeline 1,"LRANGE_300 (first 300 elements)","30830.81","1.581","0.024","0.191","3.239","36.319","606.719"
garnet-1,pass 3,1 server CPU,pipeline 1,"LRANGE_500 (first 500 elements)","32831.30","1.450","0.032","0.311","6.135","14.783","134.143"
garnet-1,pass 3,1 server CPU,pipeline 1,"LRANGE_600 (first 600 elements)","36129.57","1.286","0.040","0.399","3.943","16.479","435.967"
garnet-1,pass 3,1 server CPU,pipeline 1,"MSET (10 keys)","27382.69","1.426","0.032","0.271","1.383","7.095","3000.319"
garnet-1,pass 3,1 server CPU,pipeline 16,"PING_INLINE","535646.44","1.459","0.024","0.151","0.607","3.207","3000.319"
garnet-1,pass 3,1 server CPU,pipeline 16,"PING_MBULK","528698.12","1.358","0.024","0.151","0.639","3.359","3000.319"
garnet-1,pass 3,1 server CPU,pipeline 16,"SET","357713.09","2.211","0.040","0.255","0.903","5.863","3000.319"
garnet-1,pass 3,1 server CPU,pipeline 16,"GET","357840.53","2.217","0.032","0.207","0.951","5.031","3000.319"
garnet-1,pass 3,1 server CPU,pipeline 16,"INCR","341611.66","2.239","0.032","0.223","1.095","5.223","3000.319"
garnet-1,pass 3,1 server CPU,pipeline 16,"LPUSH","321692.16","2.153","0.024","0.215","1.183","7.511","3000.319"
garnet-1,pass 3,1 server CPU,pipeline 16,"RPUSH","295092.81","2.670","0.032","0.255","1.767","13.319","3000.319"
garnet-1,pass 3,1 server CPU,pipeline 16,"LPOP","407089.03","1.913","0.032","0.191","0.791","4.023","3000.319"
garnet-1,pass 3,1 server CPU,pipeline 16,"RPOP","405770.69","1.923","0.032","0.183","0.831","4.639","3000.319"
garnet-1,pass 3,1 server CPU,pipeline 16,"SADD","331594.31","2.354","0.040","0.215","1.055","5.983","3000.319"
garnet-1,pass 3,1 server CPU,pipeline 16,"HSET","328821.62","2.411","0.040","0.223","1.095","6.567","1936.383"
garnet-1,pass 3,1 server CPU,pipeline 16,"SPOP","272737.28","2.093","0.024","0.183","0.751","8.671","3000.319"
garnet-1,pass 3,1 server CPU,pipeline 16,"ZADD","155873.23","5.114","0.072","0.487","2.535","24.351","2611.199"
garnet-1,pass 3,1 server CPU,pipeline 16,"ZPOPMIN","435265.22","1.749","0.024","0.175","0.719","3.631","3000.319"
garnet-1,pass 3,1 server CPU,pipeline 16,"LRANGE_100 (first 100 elements)","339608.44","2.159","0.048","2.303","4.087","5.927","33.855"
garnet-1,pass 3,1 server CPU,pipeline 16,"LRANGE_300 (first 300 elements)","181882.59","2.180","0.152","1.991","4.087","5.647","30.063"
garnet-1,pass 3,1 server CPU,pipeline 16,"LRANGE_500 (first 500 elements)","109144.35","2.089","0.440","1.823","3.727","5.879","101.055"
garnet-1,pass 3,1 server CPU,pipeline 16,"LRANGE_600 (first 600 elements)","100500.15","2.002","0.352","1.823","3.631","5.423","26.895"
garnet-1,pass 3,1 server CPU,pipeline 16,"MSET (10 keys)","134177.44","4.713","0.216","1.271","2.687","10.599","3000.319"
firn-1,pass 3,1 server CPU,pipeline 1,"PING_INLINE","134079.42","0.349","0.056","0.319","0.551","0.975","35.647"
firn-1,pass 3,1 server CPU,pipeline 1,"PING_MBULK","140145.86","0.333","0.056","0.311","0.511","0.671","39.167"
firn-1,pass 3,1 server CPU,pipeline 1,"SET","121648.34","0.382","0.056","0.359","0.567","0.759","25.967"
firn-1,pass 3,1 server CPU,pipeline 1,"GET","128022.59","0.367","0.056","0.351","0.527","0.695","5.927"
firn-1,pass 3,1 server CPU,pipeline 1,"INCR","123622.43","0.379","0.056","0.359","0.551","0.727","14.247"
firn-1,pass 3,1 server CPU,pipeline 1,"LPUSH","132629.17","0.352","0.056","0.327","0.535","0.695","38.975"
firn-1,pass 3,1 server CPU,pipeline 1,"RPUSH","132177.19","0.350","0.048","0.327","0.527","0.695","34.271"
firn-1,pass 3,1 server CPU,pipeline 1,"LPOP","137884.64","0.335","0.056","0.319","0.495","0.663","38.431"
firn-1,pass 3,1 server CPU,pipeline 1,"RPOP","137217.64","0.342","0.056","0.319","0.503","0.679","39.423"
firn-1,pass 3,1 server CPU,pipeline 1,"SADD","127070.67","0.370","0.056","0.343","0.535","0.671","159.359"
firn-1,pass 3,1 server CPU,pipeline 1,"HSET","129003.21","0.364","0.056","0.343","0.503","0.687","43.391"
firn-1,pass 3,1 server CPU,pipeline 1,"SPOP","132695.22","0.353","0.048","0.319","0.535","0.719","52.511"
firn-1,pass 3,1 server CPU,pipeline 1,"ZADD","101076.23","0.476","0.056","0.463","0.647","0.855","16.207"
firn-1,pass 3,1 server CPU,pipeline 1,"ZPOPMIN","139529.77","0.337","0.056","0.319","0.495","0.655","35.167"
firn-1,pass 3,1 server CPU,pipeline 1,"LRANGE_100 (first 100 elements)","121648.46","0.375","0.072","0.359","0.535","0.703","8.255"
firn-1,pass 3,1 server CPU,pipeline 1,"LRANGE_300 (first 300 elements)","96765.03","0.438","0.072","0.431","0.615","0.887","15.527"
firn-1,pass 3,1 server CPU,pipeline 1,"LRANGE_500 (first 500 elements)","88773.84","0.391","0.104","0.375","0.599","0.967","8.783"
firn-1,pass 3,1 server CPU,pipeline 1,"LRANGE_600 (first 600 elements)","76609.95","0.402","0.096","0.351","0.743","0.999","13.071"
firn-1,pass 3,1 server CPU,pipeline 1,"MSET (10 keys)","87477.02","0.552","0.072","0.543","0.719","0.983","7.455"
firn-1,pass 3,1 server CPU,pipeline 16,"PING_INLINE","1964494.62","0.384","0.072","0.367","0.575","0.727","39.839"
firn-1,pass 3,1 server CPU,pipeline 16,"PING_MBULK","2004568.38","0.368","0.072","0.351","0.519","0.623","5.919"
firn-1,pass 3,1 server CPU,pipeline 16,"SET","1003967.56","0.771","0.104","0.759","0.999","1.255","25.711"
firn-1,pass 3,1 server CPU,pipeline 16,"GET","1031198.62","0.750","0.096","0.743","0.975","1.215","5.743"
firn-1,pass 3,1 server CPU,pipeline 16,"INCR","933987.12","0.823","0.096","0.815","1.023","1.279","89.791"
firn-1,pass 3,1 server CPU,pipeline 16,"LPUSH","1495787.25","0.513","0.072","0.503","0.655","0.815","119.807"
firn-1,pass 3,1 server CPU,pipeline 16,"RPUSH","1526223.38","0.494","0.072","0.487","0.599","0.711","237.055"
firn-1,pass 3,1 server CPU,pipeline 16,"LPOP","1741337.75","0.436","0.072","0.415","0.591","0.759","151.807"
firn-1,pass 3,1 server CPU,pipeline 16,"RPOP","1734565.50","0.434","0.072","0.423","0.591","0.767","5.959"
firn-1,pass 3,1 server CPU,pipeline 16,"SADD","1135859.25","0.685","0.104","0.671","0.871","1.239","7.951"
firn-1,pass 3,1 server CPU,pipeline 16,"HSET","1019517.94","0.765","0.120","0.751","0.991","1.287","4.975"
firn-1,pass 3,1 server CPU,pipeline 16,"SPOP","1737869.88","0.432","0.064","0.415","0.543","0.791","114.751"
firn-1,pass 3,1 server CPU,pipeline 16,"ZADD","401746.19","1.958","0.312","1.943","2.247","2.751","9.055"
firn-1,pass 3,1 server CPU,pipeline 16,"ZPOPMIN","1741337.75","0.430","0.064","0.415","0.583","0.743","5.623"
firn-1,pass 3,1 server CPU,pipeline 16,"LRANGE_100 (first 100 elements)","664115.31","0.661","0.136","0.599","1.135","1.575","3.567"
firn-1,pass 3,1 server CPU,pipeline 16,"LRANGE_300 (first 300 elements)","208879.95","1.404","0.160","1.279","2.727","4.031","12.623"
firn-1,pass 3,1 server CPU,pipeline 16,"LRANGE_500 (first 500 elements)","117226.13","1.696","0.168","1.519","2.999","4.759","25.791"
firn-1,pass 3,1 server CPU,pipeline 16,"LRANGE_600 (first 600 elements)","104372.07","1.740","0.120","1.599","3.023","4.159","23.647"
firn-1,pass 3,1 server CPU,pipeline 16,"MSET (10 keys)","339909.81","2.330","0.232","2.319","2.767","3.807","9.015"
firn-base-1,pass 3,1 server CPU,pipeline 1,"PING_INLINE","145018.56","0.324","0.048","0.303","0.495","0.647","12.175"
firn-base-1,pass 3,1 server CPU,pipeline 1,"PING_MBULK","147930.02","0.317","0.056","0.303","0.471","0.623","5.311"
firn-base-1,pass 3,1 server CPU,pipeline 1,"SET","135161.81","0.344","0.056","0.335","0.463","0.647","28.399"
firn-base-1,pass 3,1 server CPU,pipeline 1,"GET","132656.62","0.351","0.048","0.335","0.495","0.623","6.343"
firn-base-1,pass 3,1 server CPU,pipeline 1,"INCR","132629.17","0.356","0.064","0.343","0.495","0.631","56.543"
firn-base-1,pass 3,1 server CPU,pipeline 1,"LPUSH","140279.09","0.332","0.056","0.319","0.487","0.623","16.527"
firn-base-1,pass 3,1 server CPU,pipeline 1,"RPUSH","142530.42","0.331","0.056","0.311","0.503","0.607","14.287"
firn-base-1,pass 3,1 server CPU,pipeline 1,"LPOP","137884.64","0.337","0.056","0.319","0.519","0.655","6.087"
firn-base-1,pass 3,1 server CPU,pipeline 1,"RPOP","141900.09","0.332","0.056","0.311","0.503","0.639","8.207"
firn-base-1,pass 3,1 server CPU,pipeline 1,"SADD","133033.56","0.350","0.056","0.335","0.495","0.631","8.551"
firn-base-1,pass 3,1 server CPU,pipeline 1,"HSET","130979.34","0.358","0.056","0.343","0.487","0.671","12.423"
firn-base-1,pass 3,1 server CPU,pipeline 1,"SPOP","140359.14","0.336","0.040","0.311","0.495","0.647","22.783"
firn-base-1,pass 3,1 server CPU,pipeline 1,"ZADD","104388.90","0.457","0.048","0.455","0.559","0.679","7.575"
firn-base-1,pass 3,1 server CPU,pipeline 1,"ZPOPMIN","139497.58","0.332","0.032","0.311","0.519","0.639","5.935"
firn-base-1,pass 3,1 server CPU,pipeline 1,"LRANGE_100 (first 100 elements)","124456.92","0.365","0.072","0.359","0.495","0.639","8.583"
firn-base-1,pass 3,1 server CPU,pipeline 1,"LRANGE_300 (first 300 elements)","96711.69","0.439","0.072","0.439","0.591","0.895","5.391"
firn-base-1,pass 3,1 server CPU,pipeline 1,"LRANGE_500 (first 500 elements)","88721.28","0.367","0.088","0.351","0.527","0.815","19.711"
firn-base-1,pass 3,1 server CPU,pipeline 1,"LRANGE_600 (first 600 elements)","76597.70","0.373","0.096","0.327","0.735","0.991","60.639"
firn-base-1,pass 3,1 server CPU,pipeline 1,"MSET (10 keys)","92551.46","0.523","0.080","0.511","0.687","0.855","6.135"
firn-base-1,pass 3,1 server CPU,pipeline 16,"PING_INLINE","1964696.00","0.380","0.064","0.359","0.559","0.695","5.079"
firn-base-1,pass 3,1 server CPU,pipeline 16,"PING_MBULK","1952779.25","0.385","0.064","0.375","0.559","0.655","5.951"
firn-base-1,pass 3,1 server CPU,pipeline 16,"SET","1031031.50","0.750","0.096","0.743","0.943","1.127","5.679"
firn-base-1,pass 3,1 server CPU,pipeline 16,"GET","1138884.38","0.682","0.080","0.671","0.855","1.127","8.951"
firn-base-1,pass 3,1 server CPU,pipeline 16,"INCR","1064124.00","0.728","0.096","0.727","0.903","1.023","4.159"
firn-base-1,pass 3,1 server CPU,pipeline 16,"LPUSH","1538594.75","0.497","0.072","0.487","0.607","0.759","112.127"
firn-base-1,pass 3,1 server CPU,pipeline 16,"RPUSH","1526223.38","0.495","0.072","0.479","0.631","0.839","234.239"
firn-base-1,pass 3,1 server CPU,pipeline 16,"LPOP","1702957.75","0.441","0.080","0.431","0.599","0.743","6.647"
firn-base-1,pass 3,1 server CPU,pipeline 16,"RPOP","1774892.88","0.428","0.072","0.415","0.591","0.727","3.895"
firn-base-1,pass 3,1 server CPU,pipeline 16,"SADD","1161559.25","0.664","0.088","0.655","0.823","1.103","9.575"
firn-base-1,pass 3,1 server CPU,pipeline 16,"HSET","1040146.19","0.740","0.096","0.727","0.983","1.207","4.663"
firn-base-1,pass 3,1 server CPU,pipeline 16,"SPOP","1778105.00","0.422","0.064","0.391","0.583","0.799","161.023"
firn-base-1,pass 3,1 server CPU,pipeline 16,"ZADD","401677.91","1.948","0.256","1.943","2.199","2.839","8.775"
firn-base-1,pass 3,1 server CPU,pipeline 16,"ZPOPMIN","1824400.62","0.408","0.064","0.399","0.535","0.695","5.015"
firn-base-1,pass 3,1 server CPU,pipeline 16,"LRANGE_100 (first 100 elements)","636688.06","0.662","0.192","0.615","0.999","1.527","12.039"
firn-base-1,pass 3,1 server CPU,pipeline 16,"LRANGE_300 (first 300 elements)","216896.53","1.335","0.168","1.263","2.359","3.111","17.215"
firn-base-1,pass 3,1 server CPU,pipeline 16,"LRANGE_500 (first 500 elements)","121761.13","1.646","0.184","1.511","2.863","3.655","20.079"
firn-base-1,pass 3,1 server CPU,pipeline 16,"LRANGE_600 (first 600 elements)","108485.00","1.765","0.232","1.599","3.295","5.031","11.071"
firn-base-1,pass 3,1 server CPU,pipeline 16,"MSET (10 keys)","273198.53","2.909","0.272","2.855","3.679","4.775","19.423"
