algorithm,count,key_bytes,key_shape,order,pass,iterations,total_ns,ns_per_prepare_release,allocations,allocated_bytes,memcpy_bytes,memmove_bytes
ordered_insert,4,8,rank_at_head,sorted,1,8388608,409571000,48.824668,0,0,0,0
heap,4,8,rank_at_head,sorted,1,8388608,136500000,16.272068,0,0,0,0
binary,4,8,rank_at_head,sorted,1,8388608,138435000,16.502738,0,0,0,0
binary_identical,4,8,rank_at_head,sorted,1,8388608,138079000,16.460299,0,0,0,0
binary_identical,4,8,rank_at_head,sorted,2,8388608,139648000,16.647339,0,0,0,0
binary,4,8,rank_at_head,sorted,2,8388608,140442000,16.741991,0,0,0,0
heap,4,8,rank_at_head,sorted,2,8388608,138044000,16.456127,0,0,0,0
ordered_insert,4,8,rank_at_head,sorted,2,8388608,406471000,48.455119,0,0,0,0
heap,4,8,rank_at_head,sorted,3,8388608,140413000,16.738534,0,0,0,0
binary,4,8,rank_at_head,sorted,3,8388608,142109000,16.940713,0,0,0,0
binary_identical,4,8,rank_at_head,sorted,3,8388608,141658000,16.886950,0,0,0,0
ordered_insert,4,8,rank_at_head,sorted,3,8388608,432338000,51.538706,0,0,0,0
ordered_insert,4,8,rank_at_head,sorted,4,8388608,407273000,48.550725,0,0,0,0
binary_identical,4,8,rank_at_head,sorted,4,8388608,140041000,16.694188,0,0,0,0
binary,4,8,rank_at_head,sorted,4,8388608,138895000,16.557574,0,0,0,0
heap,4,8,rank_at_head,sorted,4,8388608,136417000,16.262174,0,0,0,0
binary,4,8,rank_at_head,sorted,5,8388608,138274000,16.483545,0,0,0,0
binary_identical,4,8,rank_at_head,sorted,5,8388608,138684000,16.532421,0,0,0,0
ordered_insert,4,8,rank_at_head,sorted,5,8388608,408380000,48.682690,0,0,0,0
heap,4,8,rank_at_head,sorted,5,8388608,138030000,16.454458,0,0,0,0
heap,4,8,rank_at_head,sorted,6,8388608,137934000,16.443014,0,0,0,0
ordered_insert,4,8,rank_at_head,sorted,6,8388608,408769000,48.729062,0,0,0,0
binary_identical,4,8,rank_at_head,sorted,6,8388608,137968000,16.447067,0,0,0,0
binary,4,8,rank_at_head,sorted,6,8388608,138116000,16.464710,0,0,0,0
ordered_insert,4,8,rank_at_head,reverse,1,2097152,135779000,64.744473,0,0,0,0
heap,4,8,rank_at_head,reverse,1,2097152,112639000,53.710461,0,0,0,0
binary,4,8,rank_at_head,reverse,1,2097152,158486000,75.572014,0,0,0,0
binary_identical,4,8,rank_at_head,reverse,1,2097152,160815000,76.682568,0,0,0,0
binary_identical,4,8,rank_at_head,reverse,2,2097152,158826000,75.734138,0,0,0,0
binary,4,8,rank_at_head,reverse,2,2097152,159205000,75.914860,0,0,0,0
heap,4,8,rank_at_head,reverse,2,2097152,111877000,53.347111,0,0,0,0
ordered_insert,4,8,rank_at_head,reverse,2,2097152,135439000,64.582348,0,0,0,0
heap,4,8,rank_at_head,reverse,3,2097152,114656000,54.672241,0,0,0,0
binary,4,8,rank_at_head,reverse,3,2097152,158368000,75.515747,0,0,0,0
binary_identical,4,8,rank_at_head,reverse,3,2097152,158619000,75.635433,0,0,0,0
ordered_insert,4,8,rank_at_head,reverse,3,2097152,135313000,64.522266,0,0,0,0
ordered_insert,4,8,rank_at_head,reverse,4,2097152,136295000,64.990520,0,0,0,0
binary_identical,4,8,rank_at_head,reverse,4,2097152,159414000,76.014519,0,0,0,0
binary,4,8,rank_at_head,reverse,4,2097152,158241000,75.455189,0,0,0,0
heap,4,8,rank_at_head,reverse,4,2097152,112725000,53.751469,0,0,0,0
binary,4,8,rank_at_head,reverse,5,2097152,158129000,75.401783,0,0,0,0
binary_identical,4,8,rank_at_head,reverse,5,2097152,160151000,76.365948,0,0,0,0
ordered_insert,4,8,rank_at_head,reverse,5,2097152,139609000,66.570759,0,0,0,0
heap,4,8,rank_at_head,reverse,5,2097152,113435000,54.090023,0,0,0,0
heap,4,8,rank_at_head,reverse,6,2097152,115048000,54.859161,0,0,0,0
ordered_insert,4,8,rank_at_head,reverse,6,2097152,135278000,64.505577,0,0,0,0
binary_identical,4,8,rank_at_head,reverse,6,2097152,158488000,75.572968,0,0,0,0
binary,4,8,rank_at_head,reverse,6,2097152,158040000,75.359344,0,0,0,0
ordered_insert,4,8,rank_at_head,shuffled,1,2097152,113756000,54.243088,0,0,0,0
heap,4,8,rank_at_head,shuffled,1,2097152,123573000,58.924198,0,0,0,0
binary,4,8,rank_at_head,shuffled,1,2097152,111572000,53.201675,0,0,0,0
binary_identical,4,8,rank_at_head,shuffled,1,2097152,111848000,53.333282,0,0,0,0
binary_identical,4,8,rank_at_head,shuffled,2,2097152,112367000,53.580761,0,0,0,0
binary,4,8,rank_at_head,shuffled,2,2097152,111469000,53.152561,0,0,0,0
heap,4,8,rank_at_head,shuffled,2,2097152,122387000,58.358669,0,0,0,0
ordered_insert,4,8,rank_at_head,shuffled,2,2097152,112450000,53.620338,0,0,0,0
heap,4,8,rank_at_head,shuffled,3,2097152,124550000,59.390068,0,0,0,0
binary,4,8,rank_at_head,shuffled,3,2097152,111946000,53.380013,0,0,0,0
binary_identical,4,8,rank_at_head,shuffled,3,2097152,111792000,53.306580,0,0,0,0
ordered_insert,4,8,rank_at_head,shuffled,3,2097152,112855000,53.813457,0,0,0,0
ordered_insert,4,8,rank_at_head,shuffled,4,2097152,111855000,53.336620,0,0,0,0
binary_identical,4,8,rank_at_head,shuffled,4,2097152,112481000,53.635120,0,0,0,0
binary,4,8,rank_at_head,shuffled,4,2097152,111758000,53.290367,0,0,0,0
heap,4,8,rank_at_head,shuffled,4,2097152,123817000,59.040546,0,0,0,0
binary,4,8,rank_at_head,shuffled,5,2097152,111787000,53.304195,0,0,0,0
binary_identical,4,8,rank_at_head,shuffled,5,2097152,111877000,53.347111,0,0,0,0
ordered_insert,4,8,rank_at_head,shuffled,5,2097152,111150000,53.000450,0,0,0,0
heap,4,8,rank_at_head,shuffled,5,2097152,122955000,58.629513,0,0,0,0
heap,4,8,rank_at_head,shuffled,6,2097152,122708000,58.511734,0,0,0,0
ordered_insert,4,8,rank_at_head,shuffled,6,2097152,111481000,53.158283,0,0,0,0
binary_identical,4,8,rank_at_head,shuffled,6,2097152,112675000,53.727627,0,0,0,0
binary,4,8,rank_at_head,shuffled,6,2097152,113574000,54.156303,0,0,0,0
ordered_insert,4,8,rank_at_tail,sorted,1,8388608,408395000,48.684478,0,0,0,0
heap,4,8,rank_at_tail,sorted,1,8388608,136464000,16.267776,0,0,0,0
binary,4,8,rank_at_tail,sorted,1,8388608,138743000,16.539454,0,0,0,0
binary_identical,4,8,rank_at_tail,sorted,1,8388608,138100000,16.462803,0,0,0,0
binary_identical,4,8,rank_at_tail,sorted,2,8388608,138029000,16.454339,0,0,0,0
binary,4,8,rank_at_tail,sorted,2,8388608,138218000,16.476870,0,0,0,0
heap,4,8,rank_at_tail,sorted,2,8388608,136280000,16.245842,0,0,0,0
ordered_insert,4,8,rank_at_tail,sorted,2,8388608,406575000,48.467517,0,0,0,0
heap,4,8,rank_at_tail,sorted,3,8388608,136981000,16.329408,0,0,0,0
binary,4,8,rank_at_tail,sorted,3,8388608,138512000,16.511917,0,0,0,0
binary_identical,4,8,rank_at_tail,sorted,3,8388608,137888000,16.437531,0,0,0,0
ordered_insert,4,8,rank_at_tail,sorted,3,8388608,408962000,48.752069,0,0,0,0
ordered_insert,4,8,rank_at_tail,sorted,4,8388608,407100000,48.530102,0,0,0,0
binary_identical,4,8,rank_at_tail,sorted,4,8388608,137726000,16.418219,0,0,0,0
binary,4,8,rank_at_tail,sorted,4,8388608,139409000,16.618848,0,0,0,0
heap,4,8,rank_at_tail,sorted,4,8388608,136195000,16.235709,0,0,0,0
binary,4,8,rank_at_tail,sorted,5,8388608,137782000,16.424894,0,0,0,0
binary_identical,4,8,rank_at_tail,sorted,5,8388608,138314000,16.488314,0,0,0,0
ordered_insert,4,8,rank_at_tail,sorted,5,8388608,407480000,48.575401,0,0,0,0
heap,4,8,rank_at_tail,sorted,5,8388608,139305000,16.606450,0,0,0,0
heap,4,8,rank_at_tail,sorted,6,8388608,137658000,16.410112,0,0,0,0
ordered_insert,4,8,rank_at_tail,sorted,6,8388608,408237000,48.665643,0,0,0,0
binary_identical,4,8,rank_at_tail,sorted,6,8388608,138762000,16.541719,0,0,0,0
binary,4,8,rank_at_tail,sorted,6,8388608,139608000,16.642570,0,0,0,0
ordered_insert,4,8,rank_at_tail,reverse,1,2097152,136304000,64.994812,0,0,0,0
heap,4,8,rank_at_tail,reverse,1,2097152,112879000,53.824902,0,0,0,0
binary,4,8,rank_at_tail,reverse,1,2097152,159043000,75.837612,0,0,0,0
binary_identical,4,8,rank_at_tail,reverse,1,2097152,158656000,75.653076,0,0,0,0
binary_identical,4,8,rank_at_tail,reverse,2,2097152,161626000,77.069283,0,0,0,0
binary,4,8,rank_at_tail,reverse,2,2097152,158104000,75.389862,0,0,0,0
heap,4,8,rank_at_tail,reverse,2,2097152,112617000,53.699970,0,0,0,0
ordered_insert,4,8,rank_at_tail,reverse,2,2097152,138367000,65.978527,0,0,0,0
heap,4,8,rank_at_tail,reverse,3,2097152,113163000,53.960323,0,0,0,0
binary,4,8,rank_at_tail,reverse,3,2097152,179313000,85.503101,0,0,0,0
binary_identical,4,8,rank_at_tail,reverse,3,2097152,158488000,75.572968,0,0,0,0
ordered_insert,4,8,rank_at_tail,reverse,3,2097152,137673000,65.647602,0,0,0,0
ordered_insert,4,8,rank_at_tail,reverse,4,2097152,135633000,64.674854,0,0,0,0
binary_identical,4,8,rank_at_tail,reverse,4,2097152,158103000,75.389385,0,0,0,0
binary,4,8,rank_at_tail,reverse,4,2097152,157934000,75.308800,0,0,0,0
heap,4,8,rank_at_tail,reverse,4,2097152,112984000,53.874969,0,0,0,0
binary,4,8,rank_at_tail,reverse,5,2097152,158078000,75.377464,0,0,0,0
binary_identical,4,8,rank_at_tail,reverse,5,2097152,157727000,75.210094,0,0,0,0
ordered_insert,4,8,rank_at_tail,reverse,5,2097152,135287000,64.509869,0,0,0,0
heap,4,8,rank_at_tail,reverse,5,2097152,113766000,54.247856,0,0,0,0
heap,4,8,rank_at_tail,reverse,6,2097152,113066000,53.914070,0,0,0,0
ordered_insert,4,8,rank_at_tail,reverse,6,2097152,135490000,64.606667,0,0,0,0
binary_identical,4,8,rank_at_tail,reverse,6,2097152,157931000,75.307369,0,0,0,0
binary,4,8,rank_at_tail,reverse,6,2097152,160506000,76.535225,0,0,0,0
ordered_insert,4,8,rank_at_tail,shuffled,1,2097152,111169000,53.009510,0,0,0,0
heap,4,8,rank_at_tail,shuffled,1,2097152,123399000,58.841228,0,0,0,0
binary,4,8,rank_at_tail,shuffled,1,2097152,111648000,53.237915,0,0,0,0
binary_identical,4,8,rank_at_tail,shuffled,1,2097152,111993000,53.402424,0,0,0,0
binary_identical,4,8,rank_at_tail,shuffled,2,2097152,111545000,53.188801,0,0,0,0
binary,4,8,rank_at_tail,shuffled,2,2097152,111621000,53.225040,0,0,0,0
heap,4,8,rank_at_tail,shuffled,2,2097152,122483000,58.404446,0,0,0,0
ordered_insert,4,8,rank_at_tail,shuffled,2,2097152,111070000,52.962303,0,0,0,0
heap,4,8,rank_at_tail,shuffled,3,2097152,122408000,58.368683,0,0,0,0
binary,4,8,rank_at_tail,shuffled,3,2097152,112518000,53.652763,0,0,0,0
binary_identical,4,8,rank_at_tail,shuffled,3,2097152,111687000,53.256512,0,0,0,0
ordered_insert,4,8,rank_at_tail,shuffled,3,2097152,114361000,54.531574,0,0,0,0
ordered_insert,4,8,rank_at_tail,shuffled,4,2097152,112657000,53.719044,0,0,0,0
binary_identical,4,8,rank_at_tail,shuffled,4,2097152,112182000,53.492546,0,0,0,0
binary,4,8,rank_at_tail,shuffled,4,2097152,112962000,53.864479,0,0,0,0
heap,4,8,rank_at_tail,shuffled,4,2097152,123303000,58.795452,0,0,0,0
binary,4,8,rank_at_tail,shuffled,5,2097152,111875000,53.346157,0,0,0,0
binary_identical,4,8,rank_at_tail,shuffled,5,2097152,112491000,53.639889,0,0,0,0
ordered_insert,4,8,rank_at_tail,shuffled,5,2097152,113900000,54.311752,0,0,0,0
heap,4,8,rank_at_tail,shuffled,5,2097152,122242000,58.289528,0,0,0,0
heap,4,8,rank_at_tail,shuffled,6,2097152,123784000,59.024811,0,0,0,0
ordered_insert,4,8,rank_at_tail,shuffled,6,2097152,111280000,53.062439,0,0,0,0
binary_identical,4,8,rank_at_tail,shuffled,6,2097152,111510000,53.172112,0,0,0,0
binary,4,8,rank_at_tail,shuffled,6,2097152,113777000,54.253101,0,0,0,0
ordered_insert,4,16,rank_at_head,sorted,1,8388608,429860000,51.243305,0,0,0,0
heap,4,16,rank_at_head,sorted,1,8388608,136734000,16.299963,0,0,0,0
binary,4,16,rank_at_head,sorted,1,8388608,137495000,16.390681,0,0,0,0
binary_identical,4,16,rank_at_head,sorted,1,8388608,136899000,16.319633,0,0,0,0
binary_identical,4,16,rank_at_head,sorted,2,8388608,137156000,16.350269,0,0,0,0
binary,4,16,rank_at_head,sorted,2,8388608,137028000,16.335011,0,0,0,0
heap,4,16,rank_at_head,sorted,2,8388608,135210000,16.118288,0,0,0,0
ordered_insert,4,16,rank_at_head,sorted,2,8388608,433885000,51.723123,0,0,0,0
heap,4,16,rank_at_head,sorted,3,8388608,136444000,16.265392,0,0,0,0
binary,4,16,rank_at_head,sorted,3,8388608,138244000,16.479969,0,0,0,0
binary_identical,4,16,rank_at_head,sorted,3,8388608,137362000,16.374826,0,0,0,0
ordered_insert,4,16,rank_at_head,sorted,3,8388608,431623000,51.453471,0,0,0,0
ordered_insert,4,16,rank_at_head,sorted,4,8388608,429114000,51.154375,0,0,0,0
binary_identical,4,16,rank_at_head,sorted,4,8388608,137080000,16.341209,0,0,0,0
binary,4,16,rank_at_head,sorted,4,8388608,137296000,16.366959,0,0,0,0
heap,4,16,rank_at_head,sorted,4,8388608,135075000,16.102195,0,0,0,0
binary,4,16,rank_at_head,sorted,5,8388608,138003000,16.451240,0,0,0,0
binary_identical,4,16,rank_at_head,sorted,5,8388608,137181000,16.353250,0,0,0,0
ordered_insert,4,16,rank_at_head,sorted,5,8388608,431003000,51.379561,0,0,0,0
heap,4,16,rank_at_head,sorted,5,8388608,135928000,16.203880,0,0,0,0
heap,4,16,rank_at_head,sorted,6,8388608,136320000,16.250610,0,0,0,0
ordered_insert,4,16,rank_at_head,sorted,6,8388608,431618000,51.452875,0,0,0,0
binary_identical,4,16,rank_at_head,sorted,6,8388608,138908000,16.559124,0,0,0,0
binary,4,16,rank_at_head,sorted,6,8388608,137434000,16.383410,0,0,0,0
ordered_insert,4,16,rank_at_head,reverse,1,2097152,149318000,71.200371,0,0,0,0
heap,4,16,rank_at_head,reverse,1,2097152,105086000,50.108910,0,0,0,0
binary,4,16,rank_at_head,reverse,1,2097152,195329000,93.140125,0,0,0,0
binary_identical,4,16,rank_at_head,reverse,1,2097152,194624000,92.803955,0,0,0,0
binary_identical,4,16,rank_at_head,reverse,2,2097152,195077000,93.019962,0,0,0,0
binary,4,16,rank_at_head,reverse,2,2097152,194400000,92.697144,0,0,0,0
heap,4,16,rank_at_head,reverse,2,2097152,106010000,50.549507,0,0,0,0
ordered_insert,4,16,rank_at_head,reverse,2,2097152,151869000,72.416782,0,0,0,0
heap,4,16,rank_at_head,reverse,3,2097152,105596000,50.352097,0,0,0,0
binary,4,16,rank_at_head,reverse,3,2097152,195084000,93.023300,0,0,0,0
binary_identical,4,16,rank_at_head,reverse,3,2097152,195256000,93.105316,0,0,0,0
ordered_insert,4,16,rank_at_head,reverse,3,2097152,149749000,71.405888,0,0,0,0
ordered_insert,4,16,rank_at_head,reverse,4,2097152,149864000,71.460724,0,0,0,0
binary_identical,4,16,rank_at_head,reverse,4,2097152,194586000,92.785835,0,0,0,0
binary,4,16,rank_at_head,reverse,4,2097152,194489000,92.739582,0,0,0,0
heap,4,16,rank_at_head,reverse,4,2097152,105460000,50.287247,0,0,0,0
binary,4,16,rank_at_head,reverse,5,2097152,194632000,92.807770,0,0,0,0
binary_identical,4,16,rank_at_head,reverse,5,2097152,195141000,93.050480,0,0,0,0
ordered_insert,4,16,rank_at_head,reverse,5,2097152,151994000,72.476387,0,0,0,0
heap,4,16,rank_at_head,reverse,5,2097152,112225000,53.513050,0,0,0,0
heap,4,16,rank_at_head,reverse,6,2097152,108355000,51.667690,0,0,0,0
ordered_insert,4,16,rank_at_head,reverse,6,2097152,151889000,72.426319,0,0,0,0
binary_identical,4,16,rank_at_head,reverse,6,2097152,194507000,92.748165,0,0,0,0
binary,4,16,rank_at_head,reverse,6,2097152,195191000,93.074322,0,0,0,0
ordered_insert,4,16,rank_at_head,shuffled,1,2097152,114440000,54.569244,0,0,0,0
heap,4,16,rank_at_head,shuffled,1,2097152,115522000,55.085182,0,0,0,0
binary,4,16,rank_at_head,shuffled,1,2097152,132677000,63.265324,0,0,0,0
binary_identical,4,16,rank_at_head,shuffled,1,2097152,130639000,62.293530,0,0,0,0
binary_identical,4,16,rank_at_head,shuffled,2,2097152,130921000,62.427998,0,0,0,0
binary,4,16,rank_at_head,shuffled,2,2097152,130840000,62.389374,0,0,0,0
heap,4,16,rank_at_head,shuffled,2,2097152,115099000,54.883480,0,0,0,0
ordered_insert,4,16,rank_at_head,shuffled,2,2097152,114596000,54.643631,0,0,0,0
heap,4,16,rank_at_head,shuffled,3,2097152,114973000,54.823399,0,0,0,0
binary,4,16,rank_at_head,shuffled,3,2097152,130589000,62.269688,0,0,0,0
binary_identical,4,16,rank_at_head,shuffled,3,2097152,130761000,62.351704,0,0,0,0
ordered_insert,4,16,rank_at_head,shuffled,3,2097152,114734000,54.709435,0,0,0,0
ordered_insert,4,16,rank_at_head,shuffled,4,2097152,113865000,54.295063,0,0,0,0
binary_identical,4,16,rank_at_head,shuffled,4,2097152,131031000,62.480450,0,0,0,0
binary,4,16,rank_at_head,shuffled,4,2097152,130581000,62.265873,0,0,0,0
heap,4,16,rank_at_head,shuffled,4,2097152,115132000,54.899216,0,0,0,0
binary,4,16,rank_at_head,shuffled,5,2097152,131645000,62.773228,0,0,0,0
binary_identical,4,16,rank_at_head,shuffled,5,2097152,132530000,63.195229,0,0,0,0
ordered_insert,4,16,rank_at_head,shuffled,5,2097152,113921000,54.321766,0,0,0,0
heap,4,16,rank_at_head,shuffled,5,2097152,115918000,55.274010,0,0,0,0
heap,4,16,rank_at_head,shuffled,6,2097152,115279000,54.969311,0,0,0,0
ordered_insert,4,16,rank_at_head,shuffled,6,2097152,114230000,54.469109,0,0,0,0
binary_identical,4,16,rank_at_head,shuffled,6,2097152,130755000,62.348843,0,0,0,0
binary,4,16,rank_at_head,shuffled,6,2097152,130684000,62.314987,0,0,0,0
ordered_insert,4,16,rank_at_tail,sorted,1,8388608,429477000,51.197648,0,0,0,0
heap,4,16,rank_at_tail,sorted,1,8388608,135544000,16.158104,0,0,0,0
binary,4,16,rank_at_tail,sorted,1,8388608,136959000,16.326785,0,0,0,0
binary_identical,4,16,rank_at_tail,sorted,1,8388608,137253000,16.361833,0,0,0,0
binary_identical,4,16,rank_at_tail,sorted,2,8388608,137184000,16.353607,0,0,0,0
binary,4,16,rank_at_tail,sorted,2,8388608,136919000,16.322017,0,0,0,0
heap,4,16,rank_at_tail,sorted,2,8388608,135640000,16.169548,0,0,0,0
ordered_insert,4,16,rank_at_tail,sorted,2,8388608,430224000,51.286697,0,0,0,0
heap,4,16,rank_at_tail,sorted,3,8388608,135533000,16.156793,0,0,0,0
binary,4,16,rank_at_tail,sorted,3,8388608,137128000,16.346931,0,0,0,0
binary_identical,4,16,rank_at_tail,sorted,3,8388608,137330000,16.371012,0,0,0,0
ordered_insert,4,16,rank_at_tail,sorted,3,8388608,429371000,51.185012,0,0,0,0
ordered_insert,4,16,rank_at_tail,sorted,4,8388608,429642000,51.217318,0,0,0,0
binary_identical,4,16,rank_at_tail,sorted,4,8388608,137119000,16.345859,0,0,0,0
binary,4,16,rank_at_tail,sorted,4,8388608,137426000,16.382456,0,0,0,0
heap,4,16,rank_at_tail,sorted,4,8388608,135259000,16.124129,0,0,0,0
binary,4,16,rank_at_tail,sorted,5,8388608,137963000,16.446471,0,0,0,0
binary_identical,4,16,rank_at_tail,sorted,5,8388608,137286000,16.365767,0,0,0,0
ordered_insert,4,16,rank_at_tail,sorted,5,8388608,429896000,51.247597,0,0,0,0
heap,4,16,rank_at_tail,sorted,5,8388608,136880000,16.317368,0,0,0,0
heap,4,16,rank_at_tail,sorted,6,8388608,135724000,16.179562,0,0,0,0
ordered_insert,4,16,rank_at_tail,sorted,6,8388608,430886000,51.365614,0,0,0,0
binary_identical,4,16,rank_at_tail,sorted,6,8388608,138830000,16.549826,0,0,0,0
binary,4,16,rank_at_tail,sorted,6,8388608,140728000,16.776085,0,0,0,0
ordered_insert,4,16,rank_at_tail,reverse,1,2097152,149383000,71.231365,0,0,0,0
heap,4,16,rank_at_tail,reverse,1,2097152,105082000,50.107002,0,0,0,0
binary,4,16,rank_at_tail,reverse,1,2097152,194366000,92.680931,0,0,0,0
binary_identical,4,16,rank_at_tail,reverse,1,2097152,195357000,93.153477,0,0,0,0
binary_identical,4,16,rank_at_tail,reverse,2,2097152,194256000,92.628479,0,0,0,0
binary,4,16,rank_at_tail,reverse,2,2097152,194472000,92.731476,0,0,0,0
heap,4,16,rank_at_tail,reverse,2,2097152,104762000,49.954414,0,0,0,0
ordered_insert,4,16,rank_at_tail,reverse,2,2097152,149781000,71.421146,0,0,0,0
heap,4,16,rank_at_tail,reverse,3,2097152,105119000,50.124645,0,0,0,0
binary,4,16,rank_at_tail,reverse,3,2097152,194624000,92.803955,0,0,0,0
binary_identical,4,16,rank_at_tail,reverse,3,2097152,195044000,93.004227,0,0,0,0
ordered_insert,4,16,rank_at_tail,reverse,3,2097152,149540000,71.306229,0,0,0,0
ordered_insert,4,16,rank_at_tail,reverse,4,2097152,149649000,71.358204,0,0,0,0
binary_identical,4,16,rank_at_tail,reverse,4,2097152,194205000,92.604160,0,0,0,0
binary,4,16,rank_at_tail,reverse,4,2097152,194120000,92.563629,0,0,0,0
heap,4,16,rank_at_tail,reverse,4,2097152,105167000,50.147533,0,0,0,0
binary,4,16,rank_at_tail,reverse,5,2097152,196370000,93.636513,0,0,0,0
binary_identical,4,16,rank_at_tail,reverse,5,2097152,194246000,92.623711,0,0,0,0
ordered_insert,4,16,rank_at_tail,reverse,5,2097152,150613000,71.817875,0,0,0,0
heap,4,16,rank_at_tail,reverse,5,2097152,105184000,50.155640,0,0,0,0
heap,4,16,rank_at_tail,reverse,6,2097152,105044000,50.088882,0,0,0,0
ordered_insert,4,16,rank_at_tail,reverse,6,2097152,149453000,71.264744,0,0,0,0
binary_identical,4,16,rank_at_tail,reverse,6,2097152,194759000,92.868328,0,0,0,0
binary,4,16,rank_at_tail,reverse,6,2097152,195756000,93.343735,0,0,0,0
ordered_insert,4,16,rank_at_tail,shuffled,1,2097152,115575000,55.110455,0,0,0,0
heap,4,16,rank_at_tail,shuffled,1,2097152,115870000,55.251122,0,0,0,0
binary,4,16,rank_at_tail,shuffled,1,2097152,131471000,62.690258,0,0,0,0
binary_identical,4,16,rank_at_tail,shuffled,1,2097152,131134000,62.529564,0,0,0,0
binary_identical,4,16,rank_at_tail,shuffled,2,2097152,130858000,62.397957,0,0,0,0
binary,4,16,rank_at_tail,shuffled,2,2097152,130851000,62.394619,0,0,0,0
heap,4,16,rank_at_tail,shuffled,2,2097152,117037000,55.807590,0,0,0,0
ordered_insert,4,16,rank_at_tail,shuffled,2,2097152,115075000,54.872036,0,0,0,0
heap,4,16,rank_at_tail,shuffled,3,2097152,115598000,55.121422,0,0,0,0
binary,4,16,rank_at_tail,shuffled,3,2097152,130612000,62.280655,0,0,0,0
binary_identical,4,16,rank_at_tail,shuffled,3,2097152,132609000,63.232899,0,0,0,0
ordered_insert,4,16,rank_at_tail,shuffled,3,2097152,114292000,54.498672,0,0,0,0
ordered_insert,4,16,rank_at_tail,shuffled,4,2097152,114489000,54.592609,0,0,0,0
binary_identical,4,16,rank_at_tail,shuffled,4,2097152,131028000,62.479019,0,0,0,0
binary,4,16,rank_at_tail,shuffled,4,2097152,132846000,63.345909,0,0,0,0
heap,4,16,rank_at_tail,shuffled,4,2097152,118950000,56.719780,0,0,0,0
binary,4,16,rank_at_tail,shuffled,5,2097152,131828000,62.860489,0,0,0,0
binary_identical,4,16,rank_at_tail,shuffled,5,2097152,130916000,62.425613,0,0,0,0
ordered_insert,4,16,rank_at_tail,shuffled,5,2097152,114725000,54.705143,0,0,0,0
heap,4,16,rank_at_tail,shuffled,5,2097152,116402000,55.504799,0,0,0,0
heap,4,16,rank_at_tail,shuffled,6,2097152,115582000,55.113792,0,0,0,0
ordered_insert,4,16,rank_at_tail,shuffled,6,2097152,114476000,54.586411,0,0,0,0
binary_identical,4,16,rank_at_tail,shuffled,6,2097152,130720000,62.332153,0,0,0,0
binary,4,16,rank_at_tail,shuffled,6,2097152,131052000,62.490463,0,0,0,0
ordered_insert,4,32,rank_at_head,sorted,1,8388608,440015000,52.453876,0,0,0,0
heap,4,32,rank_at_head,sorted,1,8388608,133949000,15.967965,0,0,0,0
binary,4,32,rank_at_head,sorted,1,8388608,136118000,16.226530,0,0,0,0
binary_identical,4,32,rank_at_head,sorted,1,8388608,137190000,16.354322,0,0,0,0
binary_identical,4,32,rank_at_head,sorted,2,8388608,135738000,16.181231,0,0,0,0
binary,4,32,rank_at_head,sorted,2,8388608,135705000,16.177297,0,0,0,0
heap,4,32,rank_at_head,sorted,2,8388608,134468000,16.029835,0,0,0,0
ordered_insert,4,32,rank_at_head,sorted,2,8388608,439692000,52.415371,0,0,0,0
heap,4,32,rank_at_head,sorted,3,8388608,134586000,16.043901,0,0,0,0
binary,4,32,rank_at_head,sorted,3,8388608,135681000,16.174436,0,0,0,0
binary_identical,4,32,rank_at_head,sorted,3,8388608,135691000,16.175628,0,0,0,0
ordered_insert,4,32,rank_at_head,sorted,3,8388608,441457000,52.625775,0,0,0,0
ordered_insert,4,32,rank_at_head,sorted,4,8388608,441143000,52.588344,0,0,0,0
binary_identical,4,32,rank_at_head,sorted,4,8388608,136512000,16.273499,0,0,0,0
binary,4,32,rank_at_head,sorted,4,8388608,135883000,16.198516,0,0,0,0
heap,4,32,rank_at_head,sorted,4,8388608,134796000,16.068935,0,0,0,0
binary,4,32,rank_at_head,sorted,5,8388608,135851000,16.194701,0,0,0,0
binary_identical,4,32,rank_at_head,sorted,5,8388608,135931000,16.204238,0,0,0,0
ordered_insert,4,32,rank_at_head,sorted,5,8388608,439660000,52.411556,0,0,0,0
heap,4,32,rank_at_head,sorted,5,8388608,133841000,15.955091,0,0,0,0
heap,4,32,rank_at_head,sorted,6,8388608,133919000,15.964389,0,0,0,0
ordered_insert,4,32,rank_at_head,sorted,6,8388608,440832000,52.551270,0,0,0,0
binary_identical,4,32,rank_at_head,sorted,6,8388608,136652000,16.290188,0,0,0,0
binary,4,32,rank_at_head,sorted,6,8388608,137644000,16.408443,0,0,0,0
ordered_insert,4,32,rank_at_head,reverse,1,4194304,297238000,70.867062,0,0,0,0
heap,4,32,rank_at_head,reverse,1,4194304,194377000,46.343088,0,0,0,0
binary,4,32,rank_at_head,reverse,1,4194304,393449000,93.805552,0,0,0,0
binary_identical,4,32,rank_at_head,reverse,1,4194304,389818000,92.939854,0,0,0,0
binary_identical,4,32,rank_at_head,reverse,2,4194304,390241000,93.040705,0,0,0,0
binary,4,32,rank_at_head,reverse,2,4194304,389843000,92.945814,0,0,0,0
heap,4,32,rank_at_head,reverse,2,4194304,193997000,46.252489,0,0,0,0
ordered_insert,4,32,rank_at_head,reverse,2,4194304,297840000,71.010590,0,0,0,0
heap,4,32,rank_at_head,reverse,3,4194304,214862000,51.227093,0,0,0,0
binary,4,32,rank_at_head,reverse,3,4194304,390123000,93.012571,0,0,0,0
binary_identical,4,32,rank_at_head,reverse,3,4194304,388913000,92.724085,0,0,0,0
ordered_insert,4,32,rank_at_head,reverse,3,4194304,297660000,70.967674,0,0,0,0
ordered_insert,4,32,rank_at_head,reverse,4,4194304,297497000,70.928812,0,0,0,0
binary_identical,4,32,rank_at_head,reverse,4,4194304,390395000,93.077421,0,0,0,0
binary,4,32,rank_at_head,reverse,4,4194304,390479000,93.097448,0,0,0,0
heap,4,32,rank_at_head,reverse,4,4194304,193944000,46.239853,0,0,0,0
binary,4,32,rank_at_head,reverse,5,4194304,390460000,93.092918,0,0,0,0
binary_identical,4,32,rank_at_head,reverse,5,4194304,389673000,92.905283,0,0,0,0
ordered_insert,4,32,rank_at_head,reverse,5,4194304,298223000,71.101904,0,0,0,0
heap,4,32,rank_at_head,reverse,5,4194304,194125000,46.283007,0,0,0,0
heap,4,32,rank_at_head,reverse,6,4194304,194013000,46.256304,0,0,0,0
ordered_insert,4,32,rank_at_head,reverse,6,4194304,296863000,70.777655,0,0,0,0
binary_identical,4,32,rank_at_head,reverse,6,4194304,389866000,92.951298,0,0,0,0
binary,4,32,rank_at_head,reverse,6,4194304,389717000,92.915773,0,0,0,0
ordered_insert,4,32,rank_at_head,shuffled,1,2097152,115746000,55.191994,0,0,0,0
heap,4,32,rank_at_head,shuffled,1,2097152,106846000,50.948143,0,0,0,0
binary,4,32,rank_at_head,shuffled,1,2097152,133451000,63.634396,0,0,0,0
binary_identical,4,32,rank_at_head,shuffled,1,2097152,133426000,63.622475,0,0,0,0
binary_identical,4,32,rank_at_head,shuffled,2,2097152,134269000,64.024448,0,0,0,0
binary,4,32,rank_at_head,shuffled,2,2097152,133011000,63.424587,0,0,0,0
heap,4,32,rank_at_head,shuffled,2,2097152,106834000,50.942421,0,0,0,0
ordered_insert,4,32,rank_at_head,shuffled,2,2097152,116805000,55.696964,0,0,0,0
heap,4,32,rank_at_head,shuffled,3,2097152,106452000,50.760269,0,0,0,0
binary,4,32,rank_at_head,shuffled,3,2097152,133208000,63.518524,0,0,0,0
binary_identical,4,32,rank_at_head,shuffled,3,2097152,133296000,63.560486,0,0,0,0
ordered_insert,4,32,rank_at_head,shuffled,3,2097152,116219000,55.417538,0,0,0,0
ordered_insert,4,32,rank_at_head,shuffled,4,2097152,117227000,55.898190,0,0,0,0
binary_identical,4,32,rank_at_head,shuffled,4,2097152,133720000,63.762665,0,0,0,0
binary,4,32,rank_at_head,shuffled,4,2097152,133145000,63.488483,0,0,0,0
heap,4,32,rank_at_head,shuffled,4,2097152,106534000,50.799370,0,0,0,0
binary,4,32,rank_at_head,shuffled,5,2097152,133733000,63.768864,0,0,0,0
binary_identical,4,32,rank_at_head,shuffled,5,2097152,133020000,63.428879,0,0,0,0
ordered_insert,4,32,rank_at_head,shuffled,5,2097152,116041000,55.332661,0,0,0,0
heap,4,32,rank_at_head,shuffled,5,2097152,106721000,50.888538,0,0,0,0
heap,4,32,rank_at_head,shuffled,6,2097152,106495000,50.780773,0,0,0,0
ordered_insert,4,32,rank_at_head,shuffled,6,2097152,116399000,55.503368,0,0,0,0
binary_identical,4,32,rank_at_head,shuffled,6,2097152,132909000,63.375950,0,0,0,0
binary,4,32,rank_at_head,shuffled,6,2097152,132787000,63.317776,0,0,0,0
ordered_insert,4,32,rank_at_tail,sorted,1,8388608,454944000,54.233551,0,0,0,0
heap,4,32,rank_at_tail,sorted,1,8388608,143437000,17.099023,0,0,0,0
binary,4,32,rank_at_tail,sorted,1,8388608,144669000,17.245889,0,0,0,0
binary_identical,4,32,rank_at_tail,sorted,1,8388608,175377000,20.906568,0,0,0,0
binary_identical,4,32,rank_at_tail,sorted,2,8388608,145173000,17.305970,0,0,0,0
binary,4,32,rank_at_tail,sorted,2,8388608,144486000,17.224073,0,0,0,0
heap,4,32,rank_at_tail,sorted,2,8388608,142511000,16.988635,0,0,0,0
ordered_insert,4,32,rank_at_tail,sorted,2,8388608,451096000,53.774834,0,0,0,0
heap,4,32,rank_at_tail,sorted,3,8388608,143485000,17.104745,0,0,0,0
binary,4,32,rank_at_tail,sorted,3,8388608,145128000,17.300606,0,0,0,0
binary_identical,4,32,rank_at_tail,sorted,3,8388608,144004000,17.166615,0,0,0,0
ordered_insert,4,32,rank_at_tail,sorted,3,8388608,450628000,53.719044,0,0,0,0
ordered_insert,4,32,rank_at_tail,sorted,4,8388608,450768000,53.735733,0,0,0,0
binary_identical,4,32,rank_at_tail,sorted,4,8388608,144155000,17.184615,0,0,0,0
binary,4,32,rank_at_tail,sorted,4,8388608,143955000,17.160773,0,0,0,0
heap,4,32,rank_at_tail,sorted,4,8388608,142505000,16.987920,0,0,0,0
binary,4,32,rank_at_tail,sorted,5,8388608,143911000,17.155528,0,0,0,0
binary_identical,4,32,rank_at_tail,sorted,5,8388608,144788000,17.260075,0,0,0,0
ordered_insert,4,32,rank_at_tail,sorted,5,8388608,448701000,53.489327,0,0,0,0
heap,4,32,rank_at_tail,sorted,5,8388608,142468000,16.983509,0,0,0,0
heap,4,32,rank_at_tail,sorted,6,8388608,142469000,16.983628,0,0,0,0
ordered_insert,4,32,rank_at_tail,sorted,6,8388608,448710000,53.490400,0,0,0,0
binary_identical,4,32,rank_at_tail,sorted,6,8388608,143924000,17.157078,0,0,0,0
binary,4,32,rank_at_tail,sorted,6,8388608,144026000,17.169237,0,0,0,0
ordered_insert,4,32,rank_at_tail,reverse,1,2097152,160995000,76.768398,0,0,0,0
heap,4,32,rank_at_tail,reverse,1,2097152,106008000,50.548553,0,0,0,0
binary,4,32,rank_at_tail,reverse,1,2097152,209091000,99.702358,0,0,0,0
binary_identical,4,32,rank_at_tail,reverse,1,2097152,209827000,100.053310,0,0,0,0
binary_identical,4,32,rank_at_tail,reverse,2,2097152,209445000,99.871159,0,0,0,0
binary,4,32,rank_at_tail,reverse,2,2097152,208952000,99.636078,0,0,0,0
heap,4,32,rank_at_tail,reverse,2,2097152,106393000,50.732136,0,0,0,0
ordered_insert,4,32,rank_at_tail,reverse,2,2097152,160995000,76.768398,0,0,0,0
heap,4,32,rank_at_tail,reverse,3,2097152,105907000,50.500393,0,0,0,0
binary,4,32,rank_at_tail,reverse,3,2097152,210743000,100.490093,0,0,0,0
binary_identical,4,32,rank_at_tail,reverse,3,2097152,208829000,99.577427,0,0,0,0
ordered_insert,4,32,rank_at_tail,reverse,3,2097152,161550000,77.033043,0,0,0,0
ordered_insert,4,32,rank_at_tail,reverse,4,2097152,160405000,76.487064,0,0,0,0
binary_identical,4,32,rank_at_tail,reverse,4,2097152,208841000,99.583149,0,0,0,0
binary,4,32,rank_at_tail,reverse,4,2097152,211047000,100.635052,0,0,0,0
heap,4,32,rank_at_tail,reverse,4,2097152,106592000,50.827026,0,0,0,0
binary,4,32,rank_at_tail,reverse,5,2097152,208744000,99.536896,0,0,0,0
binary_identical,4,32,rank_at_tail,reverse,5,2097152,209471000,99.883556,0,0,0,0
ordered_insert,4,32,rank_at_tail,reverse,5,2097152,160711000,76.632977,0,0,0,0
heap,4,32,rank_at_tail,reverse,5,2097152,106147000,50.614834,0,0,0,0
heap,4,32,rank_at_tail,reverse,6,2097152,108721000,51.842213,0,0,0,0
ordered_insert,4,32,rank_at_tail,reverse,6,2097152,164139000,78.267574,0,0,0,0
binary_identical,4,32,rank_at_tail,reverse,6,2097152,209446000,99.871635,0,0,0,0
binary,4,32,rank_at_tail,reverse,6,2097152,210100000,100.183487,0,0,0,0
ordered_insert,4,32,rank_at_tail,shuffled,1,2097152,120480000,57.449341,0,0,0,0
heap,4,32,rank_at_tail,shuffled,1,2097152,115275000,54.967403,0,0,0,0
binary,4,32,rank_at_tail,shuffled,1,2097152,147814000,70.483208,0,0,0,0
binary_identical,4,32,rank_at_tail,shuffled,1,2097152,147049000,70.118427,0,0,0,0
binary_identical,4,32,rank_at_tail,shuffled,2,2097152,147046000,70.116997,0,0,0,0
binary,4,32,rank_at_tail,shuffled,2,2097152,147095000,70.140362,0,0,0,0
heap,4,32,rank_at_tail,shuffled,2,2097152,114974000,54.823875,0,0,0,0
ordered_insert,4,32,rank_at_tail,shuffled,2,2097152,120355000,57.389736,0,0,0,0
heap,4,32,rank_at_tail,shuffled,3,2097152,115089000,54.878712,0,0,0,0
binary,4,32,rank_at_tail,shuffled,3,2097152,149450000,71.263313,0,0,0,0
binary_identical,4,32,rank_at_tail,shuffled,3,2097152,148607000,70.861340,0,0,0,0
ordered_insert,4,32,rank_at_tail,shuffled,3,2097152,120503000,57.460308,0,0,0,0
ordered_insert,4,32,rank_at_tail,shuffled,4,2097152,120411000,57.416439,0,0,0,0
binary_identical,4,32,rank_at_tail,shuffled,4,2097152,147138000,70.160866,0,0,0,0
binary,4,32,rank_at_tail,shuffled,4,2097152,148497000,70.808887,0,0,0,0
heap,4,32,rank_at_tail,shuffled,4,2097152,115746000,55.191994,0,0,0,0
binary,4,32,rank_at_tail,shuffled,5,2097152,147161000,70.171833,0,0,0,0
binary_identical,4,32,rank_at_tail,shuffled,5,2097152,147974000,70.559502,0,0,0,0
ordered_insert,4,32,rank_at_tail,shuffled,5,2097152,120281000,57.354450,0,0,0,0
heap,4,32,rank_at_tail,shuffled,5,2097152,115742000,55.190086,0,0,0,0
heap,4,32,rank_at_tail,shuffled,6,2097152,114968000,54.821014,0,0,0,0
ordered_insert,4,32,rank_at_tail,shuffled,6,2097152,120833000,57.617664,0,0,0,0
binary_identical,4,32,rank_at_tail,shuffled,6,2097152,147140000,70.161819,0,0,0,0
binary,4,32,rank_at_tail,shuffled,6,2097152,147287000,70.231915,0,0,0,0
ordered_insert,4,256,rank_at_head,sorted,1,8388608,512326000,61.074018,0,0,0,0
heap,4,256,rank_at_head,sorted,1,8388608,138106000,16.463518,0,0,0,0
binary,4,256,rank_at_head,sorted,1,8388608,139182000,16.591787,0,0,0,0
binary_identical,4,256,rank_at_head,sorted,1,8388608,139076000,16.579151,0,0,0,0
binary_identical,4,256,rank_at_head,sorted,2,8388608,138687000,16.532779,0,0,0,0
binary,4,256,rank_at_head,sorted,2,8388608,139039000,16.574740,0,0,0,0
heap,4,256,rank_at_head,sorted,2,8388608,138607000,16.523242,0,0,0,0
ordered_insert,4,256,rank_at_head,sorted,2,8388608,509985000,60.794950,0,0,0,0
heap,4,256,rank_at_head,sorted,3,8388608,139639000,16.646266,0,0,0,0
binary,4,256,rank_at_head,sorted,3,8388608,138572000,16.519070,0,0,0,0
binary_identical,4,256,rank_at_head,sorted,3,8388608,138531000,16.514182,0,0,0,0
ordered_insert,4,256,rank_at_head,sorted,3,8388608,512572000,61.103344,0,0,0,0
ordered_insert,4,256,rank_at_head,sorted,4,8388608,509737000,60.765386,0,0,0,0
binary_identical,4,256,rank_at_head,sorted,4,8388608,138839000,16.550899,0,0,0,0
binary,4,256,rank_at_head,sorted,4,8388608,138640000,16.527176,0,0,0,0
heap,4,256,rank_at_head,sorted,4,8388608,138368000,16.494751,0,0,0,0
binary,4,256,rank_at_head,sorted,5,8388608,138769000,16.542554,0,0,0,0
binary_identical,4,256,rank_at_head,sorted,5,8388608,138927000,16.561389,0,0,0,0
ordered_insert,4,256,rank_at_head,sorted,5,8388608,517849000,61.732411,0,0,0,0
heap,4,256,rank_at_head,sorted,5,8388608,138111000,16.464114,0,0,0,0
heap,4,256,rank_at_head,sorted,6,8388608,138336000,16.490936,0,0,0,0
ordered_insert,4,256,rank_at_head,sorted,6,8388608,510953000,60.910344,0,0,0,0
binary_identical,4,256,rank_at_head,sorted,6,8388608,138772000,16.542912,0,0,0,0
binary,4,256,rank_at_head,sorted,6,8388608,139855000,16.672015,0,0,0,0
ordered_insert,4,256,rank_at_head,reverse,1,4194304,370973000,88.446856,0,0,0,0
heap,4,256,rank_at_head,reverse,1,4194304,195818000,46.686649,0,0,0,0
binary,4,256,rank_at_head,reverse,1,4194304,424825000,101.286173,0,0,0,0
binary_identical,4,256,rank_at_head,reverse,1,4194304,425759000,101.508856,0,0,0,0
binary_identical,4,256,rank_at_head,reverse,2,4194304,426026000,101.572514,0,0,0,0
binary,4,256,rank_at_head,reverse,2,4194304,428072000,102.060318,0,0,0,0
heap,4,256,rank_at_head,reverse,2,4194304,194859000,46.458006,0,0,0,0
ordered_insert,4,256,rank_at_head,reverse,2,4194304,369711000,88.145971,0,0,0,0
heap,4,256,rank_at_head,reverse,3,4194304,194662000,46.411037,0,0,0,0
binary,4,256,rank_at_head,reverse,3,4194304,426097000,101.589441,0,0,0,0
binary_identical,4,256,rank_at_head,reverse,3,4194304,425235000,101.383924,0,0,0,0
ordered_insert,4,256,rank_at_head,reverse,3,4194304,370219000,88.267088,0,0,0,0
ordered_insert,4,256,rank_at_head,reverse,4,4194304,368862000,87.943554,0,0,0,0
binary_identical,4,256,rank_at_head,reverse,4,4194304,429048000,102.293015,0,0,0,0
binary,4,256,rank_at_head,reverse,4,4194304,426580000,101.704597,0,0,0,0
heap,4,256,rank_at_head,reverse,4,4194304,196480000,46.844482,0,0,0,0
binary,4,256,rank_at_head,reverse,5,4194304,426485000,101.681948,0,0,0,0
binary_identical,4,256,rank_at_head,reverse,5,4194304,425294000,101.397991,0,0,0,0
ordered_insert,4,256,rank_at_head,reverse,5,4194304,371982000,88.687420,0,0,0,0
heap,4,256,rank_at_head,reverse,5,4194304,197381000,47.059298,0,0,0,0
heap,4,256,rank_at_head,reverse,6,4194304,195440000,46.596527,0,0,0,0
ordered_insert,4,256,rank_at_head,reverse,6,4194304,379538000,90.488911,0,0,0,0
binary_identical,4,256,rank_at_head,reverse,6,4194304,431913000,102.976084,0,0,0,0
binary,4,256,rank_at_head,reverse,6,4194304,435198000,103.759289,0,0,0,0
ordered_insert,4,256,rank_at_head,shuffled,1,2097152,164740000,78.554153,0,0,0,0
heap,4,256,rank_at_head,shuffled,1,2097152,109072000,52.009583,0,0,0,0
binary,4,256,rank_at_head,shuffled,1,2097152,148516000,70.817947,0,0,0,0
binary_identical,4,256,rank_at_head,shuffled,1,2097152,148403000,70.764065,0,0,0,0
binary_identical,4,256,rank_at_head,shuffled,2,2097152,147947000,70.546627,0,0,0,0
binary,4,256,rank_at_head,shuffled,2,2097152,149599000,71.334362,0,0,0,0
heap,4,256,rank_at_head,shuffled,2,2097152,111313000,53.078175,0,0,0,0
ordered_insert,4,256,rank_at_head,shuffled,2,2097152,157296000,75.004578,0,0,0,0
heap,4,256,rank_at_head,shuffled,3,2097152,109847000,52.379131,0,0,0,0
binary,4,256,rank_at_head,shuffled,3,2097152,154627000,73.731899,0,0,0,0
binary_identical,4,256,rank_at_head,shuffled,3,2097152,152164000,72.557449,0,0,0,0
ordered_insert,4,256,rank_at_head,shuffled,3,2097152,167002000,79.632759,0,0,0,0
ordered_insert,4,256,rank_at_head,shuffled,4,2097152,166634000,79.457283,0,0,0,0
binary_identical,4,256,rank_at_head,shuffled,4,2097152,152508000,72.721481,0,0,0,0
binary,4,256,rank_at_head,shuffled,4,2097152,150218000,71.629524,0,0,0,0
heap,4,256,rank_at_head,shuffled,4,2097152,112412000,53.602219,0,0,0,0
binary,4,256,rank_at_head,shuffled,5,2097152,154533000,73.687077,0,0,0,0
binary_identical,4,256,rank_at_head,shuffled,5,2097152,152747000,72.835445,0,0,0,0
ordered_insert,4,256,rank_at_head,shuffled,5,2097152,166237000,79.267979,0,0,0,0
heap,4,256,rank_at_head,shuffled,5,2097152,113948000,54.334641,0,0,0,0
heap,4,256,rank_at_head,shuffled,6,2097152,114341000,54.522038,0,0,0,0
ordered_insert,4,256,rank_at_head,shuffled,6,2097152,159670000,76.136589,0,0,0,0
binary_identical,4,256,rank_at_head,shuffled,6,2097152,154205000,73.530674,0,0,0,0
binary,4,256,rank_at_head,shuffled,6,2097152,156140000,74.453354,0,0,0,0
ordered_insert,4,256,rank_at_tail,sorted,1,4194304,342934000,81.761837,0,0,0,0
heap,4,256,rank_at_tail,sorted,1,4194304,138963000,33.131361,0,0,0,0
binary,4,256,rank_at_tail,sorted,1,4194304,141779000,33.802748,0,0,0,0
binary_identical,4,256,rank_at_tail,sorted,1,4194304,143396000,34.188271,0,0,0,0
binary_identical,4,256,rank_at_tail,sorted,2,4194304,143264000,34.156799,0,0,0,0
binary,4,256,rank_at_tail,sorted,2,4194304,139864000,33.346176,0,0,0,0
heap,4,256,rank_at_tail,sorted,2,4194304,142197000,33.902407,0,0,0,0
ordered_insert,4,256,rank_at_tail,sorted,2,4194304,340996000,81.299782,0,0,0,0
heap,4,256,rank_at_tail,sorted,3,4194304,146306000,34.882069,0,0,0,0
binary,4,256,rank_at_tail,sorted,3,4194304,144543000,34.461737,0,0,0,0
binary_identical,4,256,rank_at_tail,sorted,3,4194304,138867000,33.108473,0,0,0,0
ordered_insert,4,256,rank_at_tail,sorted,3,4194304,344583000,82.154989,0,0,0,0
ordered_insert,4,256,rank_at_tail,sorted,4,4194304,338143000,80.619574,0,0,0,0
binary_identical,4,256,rank_at_tail,sorted,4,4194304,142848000,34.057617,0,0,0,0
binary,4,256,rank_at_tail,sorted,4,4194304,139414000,33.238888,0,0,0,0
heap,4,256,rank_at_tail,sorted,4,4194304,145693000,34.735918,0,0,0,0
binary,4,256,rank_at_tail,sorted,5,4194304,142099000,33.879042,0,0,0,0
binary_identical,4,256,rank_at_tail,sorted,5,4194304,141396000,33.711433,0,0,0,0
ordered_insert,4,256,rank_at_tail,sorted,5,4194304,347037000,82.740068,0,0,0,0
heap,4,256,rank_at_tail,sorted,5,4194304,143324000,34.171104,0,0,0,0
heap,4,256,rank_at_tail,sorted,6,4194304,139861000,33.345461,0,0,0,0
ordered_insert,4,256,rank_at_tail,sorted,6,4194304,341167000,81.340551,0,0,0,0
binary_identical,4,256,rank_at_tail,sorted,6,4194304,142534000,33.982754,0,0,0,0
binary,4,256,rank_at_tail,sorted,6,4194304,143447000,34.200430,0,0,0,0
ordered_insert,4,256,rank_at_tail,reverse,1,1048576,116764000,111.354828,0,0,0,0
heap,4,256,rank_at_tail,reverse,1,1048576,126943000,121.062279,0,0,0,0
binary,4,256,rank_at_tail,reverse,1,1048576,166207000,158.507347,0,0,0,0
binary_identical,4,256,rank_at_tail,reverse,1,1048576,171245000,163.311958,0,0,0,0
binary_identical,4,256,rank_at_tail,reverse,2,1048576,168758000,160.940170,0,0,0,0
binary,4,256,rank_at_tail,reverse,2,1048576,167137000,159.394264,0,0,0,0
heap,4,256,rank_at_tail,reverse,2,1048576,127353000,121.453285,0,0,0,0
ordered_insert,4,256,rank_at_tail,reverse,2,1048576,117633000,112.183571,0,0,0,0
heap,4,256,rank_at_tail,reverse,3,1048576,122973000,117.276192,0,0,0,0
binary,4,256,rank_at_tail,reverse,3,1048576,169456000,161.605835,0,0,0,0
binary_identical,4,256,rank_at_tail,reverse,3,1048576,168256000,160.461426,0,0,0,0
ordered_insert,4,256,rank_at_tail,reverse,3,1048576,113979000,108.698845,0,0,0,0
ordered_insert,4,256,rank_at_tail,reverse,4,1048576,116064000,110.687256,0,0,0,0
binary_identical,4,256,rank_at_tail,reverse,4,1048576,170309000,162.419319,0,0,0,0
binary,4,256,rank_at_tail,reverse,4,1048576,166469000,158.757210,0,0,0,0
heap,4,256,rank_at_tail,reverse,4,1048576,124680000,118.904114,0,0,0,0
binary,4,256,rank_at_tail,reverse,5,1048576,172859000,164.851189,0,0,0,0
binary_identical,4,256,rank_at_tail,reverse,5,1048576,168492000,160.686493,0,0,0,0
ordered_insert,4,256,rank_at_tail,reverse,5,1048576,115575000,110.220909,0,0,0,0
heap,4,256,rank_at_tail,reverse,5,1048576,126454000,120.595932,0,0,0,0
heap,4,256,rank_at_tail,reverse,6,1048576,127400000,121.498108,0,0,0,0
ordered_insert,4,256,rank_at_tail,reverse,6,1048576,113849000,108.574867,0,0,0,0
binary_identical,4,256,rank_at_tail,reverse,6,1048576,167755000,159.983635,0,0,0,0
binary,4,256,rank_at_tail,reverse,6,1048576,163425000,155.854225,0,0,0,0
ordered_insert,4,256,rank_at_tail,shuffled,1,2097152,198500000,94.652176,0,0,0,0
heap,4,256,rank_at_tail,shuffled,1,2097152,269933000,128.714085,0,0,0,0
binary,4,256,rank_at_tail,shuffled,1,2097152,271523000,129.472256,0,0,0,0
binary_identical,4,256,rank_at_tail,shuffled,1,2097152,270584000,129.024506,0,0,0,0
binary_identical,4,256,rank_at_tail,shuffled,2,2097152,269407000,128.463268,0,0,0,0
binary,4,256,rank_at_tail,shuffled,2,2097152,270529000,128.998280,0,0,0,0
heap,4,256,rank_at_tail,shuffled,2,2097152,266708000,127.176285,0,0,0,0
ordered_insert,4,256,rank_at_tail,shuffled,2,2097152,199775000,95.260143,0,0,0,0
heap,4,256,rank_at_tail,shuffled,3,2097152,266172000,126.920700,0,0,0,0
binary,4,256,rank_at_tail,shuffled,3,2097152,275846000,131.533623,0,0,0,0
binary_identical,4,256,rank_at_tail,shuffled,3,2097152,271282000,129.357338,0,0,0,0
ordered_insert,4,256,rank_at_tail,shuffled,3,2097152,199662000,95.206261,0,0,0,0
ordered_insert,4,256,rank_at_tail,shuffled,4,2097152,204952000,97.728729,0,0,0,0
binary_identical,4,256,rank_at_tail,shuffled,4,2097152,270472000,128.971100,0,0,0,0
binary,4,256,rank_at_tail,shuffled,4,2097152,270726000,129.092216,0,0,0,0
heap,4,256,rank_at_tail,shuffled,4,2097152,265235000,126.473904,0,0,0,0
binary,4,256,rank_at_tail,shuffled,5,2097152,270183000,128.833294,0,0,0,0
binary_identical,4,256,rank_at_tail,shuffled,5,2097152,269195000,128.362179,0,0,0,0
ordered_insert,4,256,rank_at_tail,shuffled,5,2097152,198214000,94.515800,0,0,0,0
heap,4,256,rank_at_tail,shuffled,5,2097152,265156000,126.436234,0,0,0,0
heap,4,256,rank_at_tail,shuffled,6,2097152,265700000,126.695633,0,0,0,0
ordered_insert,4,256,rank_at_tail,shuffled,6,2097152,198465000,94.635487,0,0,0,0
binary_identical,4,256,rank_at_tail,shuffled,6,2097152,270022000,128.756523,0,0,0,0
binary,4,256,rank_at_tail,shuffled,6,2097152,269546000,128.529549,0,0,0,0
ordered_insert,10,8,rank_at_head,sorted,1,4194304,773480000,184.412003,0,0,0,0
heap,10,8,rank_at_head,sorted,1,4194304,159638000,38.060665,0,0,0,0
binary,10,8,rank_at_head,sorted,1,4194304,158866000,37.876606,0,0,0,0
binary_identical,10,8,rank_at_head,sorted,1,4194304,159465000,38.019419,0,0,0,0
binary_identical,10,8,rank_at_head,sorted,2,4194304,159351000,37.992239,0,0,0,0
binary,10,8,rank_at_head,sorted,2,4194304,158727000,37.843466,0,0,0,0
heap,10,8,rank_at_head,sorted,2,4194304,159216000,37.960052,0,0,0,0
ordered_insert,10,8,rank_at_head,sorted,2,4194304,665685000,158.711672,0,0,0,0
heap,10,8,rank_at_head,sorted,3,4194304,160606000,38.291454,0,0,0,0
binary,10,8,rank_at_head,sorted,3,4194304,159709000,38.077593,0,0,0,0
binary_identical,10,8,rank_at_head,sorted,3,4194304,160391000,38.240194,0,0,0,0
ordered_insert,10,8,rank_at_head,sorted,3,4194304,670666000,159.899235,0,0,0,0
ordered_insert,10,8,rank_at_head,sorted,4,4194304,684094000,163.100719,0,0,0,0
binary_identical,10,8,rank_at_head,sorted,4,4194304,177161000,42.238474,0,0,0,0
binary,10,8,rank_at_head,sorted,4,4194304,163927000,39.083242,0,0,0,0
heap,10,8,rank_at_head,sorted,4,4194304,158974000,37.902355,0,0,0,0
binary,10,8,rank_at_head,sorted,5,4194304,163214000,38.913250,0,0,0,0
binary_identical,10,8,rank_at_head,sorted,5,4194304,162048000,38.635254,0,0,0,0
ordered_insert,10,8,rank_at_head,sorted,5,4194304,666380000,158.877373,0,0,0,0
heap,10,8,rank_at_head,sorted,5,4194304,160929000,38.368464,0,0,0,0
heap,10,8,rank_at_head,sorted,6,4194304,159109000,37.934542,0,0,0,0
ordered_insert,10,8,rank_at_head,sorted,6,4194304,670387000,159.832716,0,0,0,0
binary_identical,10,8,rank_at_head,sorted,6,4194304,162294000,38.693905,0,0,0,0
binary,10,8,rank_at_head,sorted,6,4194304,159281000,37.975550,0,0,0,0
ordered_insert,10,8,rank_at_head,reverse,1,524288,143022000,272.792816,0,0,0,0
heap,10,8,rank_at_head,reverse,1,524288,110574000,210.903168,0,0,0,0
binary,10,8,rank_at_head,reverse,1,524288,193728000,369.506836,0,0,0,0
binary_identical,10,8,rank_at_head,reverse,1,524288,189250000,360.965729,0,0,0,0
binary_identical,10,8,rank_at_head,reverse,2,524288,187961000,358.507156,0,0,0,0
binary,10,8,rank_at_head,reverse,2,524288,188892000,360.282898,0,0,0,0
heap,10,8,rank_at_head,reverse,2,524288,103053000,196.557999,0,0,0,0
ordered_insert,10,8,rank_at_head,reverse,2,524288,143020000,272.789001,0,0,0,0
heap,10,8,rank_at_head,reverse,3,524288,102893000,196.252823,0,0,0,0
binary,10,8,rank_at_head,reverse,3,524288,188320000,359.191895,0,0,0,0
binary_identical,10,8,rank_at_head,reverse,3,524288,194606000,371.181488,0,0,0,0
ordered_insert,10,8,rank_at_head,reverse,3,524288,141384000,269.668579,0,0,0,0
ordered_insert,10,8,rank_at_head,reverse,4,524288,147419000,281.179428,0,0,0,0
binary_identical,10,8,rank_at_head,reverse,4,524288,189265000,360.994339,0,0,0,0
binary,10,8,rank_at_head,reverse,4,524288,191494000,365.245819,0,0,0,0
heap,10,8,rank_at_head,reverse,4,524288,102708000,195.899963,0,0,0,0
binary,10,8,rank_at_head,reverse,5,524288,186871000,356.428146,0,0,0,0
binary_identical,10,8,rank_at_head,reverse,5,524288,185836000,354.454041,0,0,0,0
ordered_insert,10,8,rank_at_head,reverse,5,524288,141677000,270.227432,0,0,0,0
heap,10,8,rank_at_head,reverse,5,524288,101404000,193.412781,0,0,0,0
heap,10,8,rank_at_head,reverse,6,524288,101784000,194.137573,0,0,0,0
ordered_insert,10,8,rank_at_head,reverse,6,524288,143141000,273.019791,0,0,0,0
binary_identical,10,8,rank_at_head,reverse,6,524288,188666000,359.851837,0,0,0,0
binary,10,8,rank_at_head,reverse,6,524288,188361000,359.270096,0,0,0,0
ordered_insert,10,8,rank_at_head,shuffled,1,524288,111034000,211.780548,0,0,0,0
heap,10,8,rank_at_head,shuffled,1,524288,108899000,207.708359,0,0,0,0
binary,10,8,rank_at_head,shuffled,1,524288,148682000,283.588409,0,0,0,0
binary_identical,10,8,rank_at_head,shuffled,1,524288,161840000,308.685303,0,0,0,0
binary_identical,10,8,rank_at_head,shuffled,2,524288,210071000,400.678635,0,0,0,0
binary,10,8,rank_at_head,shuffled,2,524288,188565000,359.659195,0,0,0,0
heap,10,8,rank_at_head,shuffled,2,524288,118902000,226.787567,0,0,0,0
ordered_insert,10,8,rank_at_head,shuffled,2,524288,228650000,436.115265,0,0,0,0
heap,10,8,rank_at_head,shuffled,3,524288,108993000,207.887650,0,0,0,0
binary,10,8,rank_at_head,shuffled,3,524288,149666000,285.465240,0,0,0,0
binary_identical,10,8,rank_at_head,shuffled,3,524288,150392000,286.849976,0,0,0,0
ordered_insert,10,8,rank_at_head,shuffled,3,524288,115979000,221.212387,0,0,0,0
ordered_insert,10,8,rank_at_head,shuffled,4,524288,109673000,209.184647,0,0,0,0
binary_identical,10,8,rank_at_head,shuffled,4,524288,156018000,297.580719,0,0,0,0
binary,10,8,rank_at_head,shuffled,4,524288,151986000,289.890289,0,0,0,0
heap,10,8,rank_at_head,shuffled,4,524288,108767000,207.456589,0,0,0,0
binary,10,8,rank_at_head,shuffled,5,524288,151519000,288.999557,0,0,0,0
binary_identical,10,8,rank_at_head,shuffled,5,524288,153237000,292.276382,0,0,0,0
ordered_insert,10,8,rank_at_head,shuffled,5,524288,112062000,213.741302,0,0,0,0
heap,10,8,rank_at_head,shuffled,5,524288,108409000,206.773758,0,0,0,0
heap,10,8,rank_at_head,shuffled,6,524288,107734000,205.486298,0,0,0,0
ordered_insert,10,8,rank_at_head,shuffled,6,524288,110250000,210.285187,0,0,0,0
binary_identical,10,8,rank_at_head,shuffled,6,524288,151455000,288.877487,0,0,0,0
binary,10,8,rank_at_head,shuffled,6,524288,148930000,284.061432,0,0,0,0
ordered_insert,10,8,rank_at_tail,sorted,1,4194304,678812000,161.841393,0,0,0,0
heap,10,8,rank_at_tail,sorted,1,4194304,161453000,38.493395,0,0,0,0
binary,10,8,rank_at_tail,sorted,1,4194304,164637000,39.252520,0,0,0,0
binary_identical,10,8,rank_at_tail,sorted,1,4194304,160549000,38.277864,0,0,0,0
binary_identical,10,8,rank_at_tail,sorted,2,4194304,159385000,38.000345,0,0,0,0
binary,10,8,rank_at_tail,sorted,2,4194304,160338000,38.227558,0,0,0,0
heap,10,8,rank_at_tail,sorted,2,4194304,161326000,38.463116,0,0,0,0
ordered_insert,10,8,rank_at_tail,sorted,2,4194304,673111000,160.482168,0,0,0,0
heap,10,8,rank_at_tail,sorted,3,4194304,159587000,38.048506,0,0,0,0
binary,10,8,rank_at_tail,sorted,3,4194304,158796000,37.859917,0,0,0,0
binary_identical,10,8,rank_at_tail,sorted,3,4194304,161281000,38.452387,0,0,0,0
ordered_insert,10,8,rank_at_tail,sorted,3,4194304,671167000,160.018682,0,0,0,0
ordered_insert,10,8,rank_at_tail,sorted,4,4194304,673493000,160.573244,0,0,0,0
binary_identical,10,8,rank_at_tail,sorted,4,4194304,159348000,37.991524,0,0,0,0
binary,10,8,rank_at_tail,sorted,4,4194304,158820000,37.865639,0,0,0,0
heap,10,8,rank_at_tail,sorted,4,4194304,162298000,38.694859,0,0,0,0
binary,10,8,rank_at_tail,sorted,5,4194304,161706000,38.553715,0,0,0,0
binary_identical,10,8,rank_at_tail,sorted,5,4194304,159722000,38.080692,0,0,0,0
ordered_insert,10,8,rank_at_tail,sorted,5,4194304,667876000,159.234047,0,0,0,0
heap,10,8,rank_at_tail,sorted,5,4194304,162399000,38.718939,0,0,0,0
heap,10,8,rank_at_tail,sorted,6,4194304,162051000,38.635969,0,0,0,0
ordered_insert,10,8,rank_at_tail,sorted,6,4194304,676924000,161.391258,0,0,0,0
binary_identical,10,8,rank_at_tail,sorted,6,4194304,171779000,40.955305,0,0,0,0
binary,10,8,rank_at_tail,sorted,6,4194304,164410000,39.198399,0,0,0,0
ordered_insert,10,8,rank_at_tail,reverse,1,524288,143688000,274.063110,0,0,0,0
heap,10,8,rank_at_tail,reverse,1,524288,103388000,197.196960,0,0,0,0
binary,10,8,rank_at_tail,reverse,1,524288,188011000,358.602524,0,0,0,0
binary_identical,10,8,rank_at_tail,reverse,1,524288,189844000,362.098694,0,0,0,0
binary_identical,10,8,rank_at_tail,reverse,2,524288,187550000,357.723236,0,0,0,0
binary,10,8,rank_at_tail,reverse,2,524288,188484000,359.504700,0,0,0,0
heap,10,8,rank_at_tail,reverse,2,524288,103095000,196.638107,0,0,0,0
ordered_insert,10,8,rank_at_tail,reverse,2,524288,144239000,275.114059,0,0,0,0
heap,10,8,rank_at_tail,reverse,3,524288,102551000,195.600510,0,0,0,0
binary,10,8,rank_at_tail,reverse,3,524288,189142000,360.759735,0,0,0,0
binary_identical,10,8,rank_at_tail,reverse,3,524288,188291000,359.136581,0,0,0,0
ordered_insert,10,8,rank_at_tail,reverse,3,524288,141226000,269.367218,0,0,0,0
ordered_insert,10,8,rank_at_tail,reverse,4,524288,143051000,272.848129,0,0,0,0
binary_identical,10,8,rank_at_tail,reverse,4,524288,188172000,358.909607,0,0,0,0
binary,10,8,rank_at_tail,reverse,4,524288,188405000,359.354019,0,0,0,0
heap,10,8,rank_at_tail,reverse,4,524288,103370000,197.162628,0,0,0,0
binary,10,8,rank_at_tail,reverse,5,524288,187118000,356.899261,0,0,0,0
binary_identical,10,8,rank_at_tail,reverse,5,524288,186146000,355.045319,0,0,0,0
ordered_insert,10,8,rank_at_tail,reverse,5,524288,146558000,279.537201,0,0,0,0
heap,10,8,rank_at_tail,reverse,5,524288,103009000,196.474075,0,0,0,0
heap,10,8,rank_at_tail,reverse,6,524288,103651000,197.698593,0,0,0,0
ordered_insert,10,8,rank_at_tail,reverse,6,524288,143578000,273.853302,0,0,0,0
binary_identical,10,8,rank_at_tail,reverse,6,524288,280871000,535.718918,0,0,0,0
binary,10,8,rank_at_tail,reverse,6,524288,236428000,450.950623,0,0,0,0
ordered_insert,10,8,rank_at_tail,shuffled,1,524288,109537000,208.925247,0,0,0,0
heap,10,8,rank_at_tail,shuffled,1,524288,108291000,206.548691,0,0,0,0
binary,10,8,rank_at_tail,shuffled,1,524288,150320000,286.712646,0,0,0,0
binary_identical,10,8,rank_at_tail,shuffled,1,524288,151754000,289.447784,0,0,0,0
binary_identical,10,8,rank_at_tail,shuffled,2,524288,151167000,288.328171,0,0,0,0
binary,10,8,rank_at_tail,shuffled,2,524288,150805000,287.637711,0,0,0,0
heap,10,8,rank_at_tail,shuffled,2,524288,109397000,208.658218,0,0,0,0
ordered_insert,10,8,rank_at_tail,shuffled,2,524288,110642000,211.032867,0,0,0,0
heap,10,8,rank_at_tail,shuffled,3,524288,110064000,209.930420,0,0,0,0
binary,10,8,rank_at_tail,shuffled,3,524288,151518000,288.997650,0,0,0,0
binary_identical,10,8,rank_at_tail,shuffled,3,524288,151051000,288.106918,0,0,0,0
ordered_insert,10,8,rank_at_tail,shuffled,3,524288,110571000,210.897446,0,0,0,0
ordered_insert,10,8,rank_at_tail,shuffled,4,524288,111158000,212.017059,0,0,0,0
binary_identical,10,8,rank_at_tail,shuffled,4,524288,149973000,286.050797,0,0,0,0
binary,10,8,rank_at_tail,shuffled,4,524288,150285000,286.645889,0,0,0,0
heap,10,8,rank_at_tail,shuffled,4,524288,108727000,207.380295,0,0,0,0
binary,10,8,rank_at_tail,shuffled,5,524288,160115000,305.395126,0,0,0,0
binary_identical,10,8,rank_at_tail,shuffled,5,524288,161811000,308.629990,0,0,0,0
ordered_insert,10,8,rank_at_tail,shuffled,5,524288,113145000,215.806961,0,0,0,0
heap,10,8,rank_at_tail,shuffled,5,524288,112886000,215.312958,0,0,0,0
heap,10,8,rank_at_tail,shuffled,6,524288,113900000,217.247009,0,0,0,0
ordered_insert,10,8,rank_at_tail,shuffled,6,524288,112489000,214.555740,0,0,0,0
binary_identical,10,8,rank_at_tail,shuffled,6,524288,165408000,315.490723,0,0,0,0
binary,10,8,rank_at_tail,shuffled,6,524288,164024000,312.850952,0,0,0,0
ordered_insert,10,16,rank_at_head,sorted,1,4194304,793551000,189.197302,0,0,0,0
heap,10,16,rank_at_head,sorted,1,4194304,162721000,38.795710,0,0,0,0
binary,10,16,rank_at_head,sorted,1,4194304,164788000,39.288521,0,0,0,0
binary_identical,10,16,rank_at_head,sorted,1,4194304,162058000,38.637638,0,0,0,0
binary_identical,10,16,rank_at_head,sorted,2,4194304,161486000,38.501263,0,0,0,0
binary,10,16,rank_at_head,sorted,2,4194304,165274000,39.404392,0,0,0,0
heap,10,16,rank_at_head,sorted,2,4194304,164326000,39.178371,0,0,0,0
ordered_insert,10,16,rank_at_head,sorted,2,4194304,779187000,185.772657,0,0,0,0
heap,10,16,rank_at_head,sorted,3,4194304,161246000,38.444042,0,0,0,0
binary,10,16,rank_at_head,sorted,3,4194304,163395000,38.956404,0,0,0,0
binary_identical,10,16,rank_at_head,sorted,3,4194304,164972000,39.332390,0,0,0,0
ordered_insert,10,16,rank_at_head,sorted,3,4194304,923858000,220.264912,0,0,0,0
ordered_insert,10,16,rank_at_head,sorted,4,4194304,806902000,192.380428,0,0,0,0
binary_identical,10,16,rank_at_head,sorted,4,4194304,173571000,41.382551,0,0,0,0
binary,10,16,rank_at_head,sorted,4,4194304,163670000,39.021969,0,0,0,0
heap,10,16,rank_at_head,sorted,4,4194304,161994000,38.622379,0,0,0,0
binary,10,16,rank_at_head,sorted,5,4194304,162984000,38.858414,0,0,0,0
binary_identical,10,16,rank_at_head,sorted,5,4194304,164062000,39.115429,0,0,0,0
ordered_insert,10,16,rank_at_head,sorted,5,4194304,776476000,185.126305,0,0,0,0
heap,10,16,rank_at_head,sorted,5,4194304,160146000,38.181782,0,0,0,0
heap,10,16,rank_at_head,sorted,6,4194304,160034000,38.155079,0,0,0,0
ordered_insert,10,16,rank_at_head,sorted,6,4194304,791953000,188.816309,0,0,0,0
binary_identical,10,16,rank_at_head,sorted,6,4194304,163866000,39.068699,0,0,0,0
binary,10,16,rank_at_head,sorted,6,4194304,160630000,38.297176,0,0,0,0
ordered_insert,10,16,rank_at_head,reverse,1,1048576,383160000,365.409851,0,0,0,0
heap,10,16,rank_at_head,reverse,1,1048576,191412000,182.544708,0,0,0,0
binary,10,16,rank_at_head,reverse,1,1048576,472006000,450.139999,0,0,0,0
binary_identical,10,16,rank_at_head,reverse,1,1048576,460855000,439.505577,0,0,0,0
binary_identical,10,16,rank_at_head,reverse,2,1048576,615647000,587.126732,0,0,0,0
binary,10,16,rank_at_head,reverse,2,1048576,462387000,440.966606,0,0,0,0
heap,10,16,rank_at_head,reverse,2,1048576,191938000,183.046341,0,0,0,0
ordered_insert,10,16,rank_at_head,reverse,2,1048576,380431000,362.807274,0,0,0,0
heap,10,16,rank_at_head,reverse,3,1048576,189426000,180.650711,0,0,0,0
binary,10,16,rank_at_head,reverse,3,1048576,460284000,438.961029,0,0,0,0
binary_identical,10,16,rank_at_head,reverse,3,1048576,458060000,436.840057,0,0,0,0
ordered_insert,10,16,rank_at_head,reverse,3,1048576,381491000,363.818169,0,0,0,0
ordered_insert,10,16,rank_at_head,reverse,4,1048576,381721000,364.037514,0,0,0,0
binary_identical,10,16,rank_at_head,reverse,4,1048576,457569000,436.371803,0,0,0,0
binary,10,16,rank_at_head,reverse,4,1048576,464992000,443.450928,0,0,0,0
heap,10,16,rank_at_head,reverse,4,1048576,191420000,182.552338,0,0,0,0
binary,10,16,rank_at_head,reverse,5,1048576,460635000,439.295769,0,0,0,0
binary_identical,10,16,rank_at_head,reverse,5,1048576,462573000,441.143990,0,0,0,0
ordered_insert,10,16,rank_at_head,reverse,5,1048576,380344000,362.724304,0,0,0,0
heap,10,16,rank_at_head,reverse,5,1048576,189593000,180.809975,0,0,0,0
heap,10,16,rank_at_head,reverse,6,1048576,190744000,181.907654,0,0,0,0
ordered_insert,10,16,rank_at_head,reverse,6,1048576,379380000,361.804962,0,0,0,0
binary_identical,10,16,rank_at_head,reverse,6,1048576,457174000,435.995102,0,0,0,0
binary,10,16,rank_at_head,reverse,6,1048576,466877000,445.248604,0,0,0,0
ordered_insert,10,16,rank_at_head,shuffled,1,524288,148613000,283.456802,0,0,0,0
heap,10,16,rank_at_head,shuffled,1,524288,100355000,191.411972,0,0,0,0
binary,10,16,rank_at_head,shuffled,1,524288,184437000,351.785660,0,0,0,0
binary_identical,10,16,rank_at_head,shuffled,1,524288,183429000,349.863052,0,0,0,0
binary_identical,10,16,rank_at_head,shuffled,2,524288,183073000,349.184036,0,0,0,0
binary,10,16,rank_at_head,shuffled,2,524288,183720000,350.418091,0,0,0,0
heap,10,16,rank_at_head,shuffled,2,524288,99825000,190.401077,0,0,0,0
ordered_insert,10,16,rank_at_head,shuffled,2,524288,146892000,280.174255,0,0,0,0
heap,10,16,rank_at_head,shuffled,3,524288,100063000,190.855026,0,0,0,0
binary,10,16,rank_at_head,shuffled,3,524288,182623000,348.325729,0,0,0,0
binary_identical,10,16,rank_at_head,shuffled,3,524288,181817000,346.788406,0,0,0,0
ordered_insert,10,16,rank_at_head,shuffled,3,524288,146486000,279.399872,0,0,0,0
ordered_insert,10,16,rank_at_head,shuffled,4,524288,146591000,279.600143,0,0,0,0
binary_identical,10,16,rank_at_head,shuffled,4,524288,182741000,348.550797,0,0,0,0
binary,10,16,rank_at_head,shuffled,4,524288,184338000,351.596832,0,0,0,0
heap,10,16,rank_at_head,shuffled,4,524288,99420000,189.628601,0,0,0,0
binary,10,16,rank_at_head,shuffled,5,524288,182211000,347.539902,0,0,0,0
binary_identical,10,16,rank_at_head,shuffled,5,524288,182410000,347.919464,0,0,0,0
ordered_insert,10,16,rank_at_head,shuffled,5,524288,146558000,279.537201,0,0,0,0
heap,10,16,rank_at_head,shuffled,5,524288,100065000,190.858841,0,0,0,0
heap,10,16,rank_at_head,shuffled,6,524288,100288000,191.284180,0,0,0,0
ordered_insert,10,16,rank_at_head,shuffled,6,524288,147261000,280.878067,0,0,0,0
binary_identical,10,16,rank_at_head,shuffled,6,524288,182385000,347.871780,0,0,0,0
binary,10,16,rank_at_head,shuffled,6,524288,182373000,347.848892,0,0,0,0
ordered_insert,10,16,rank_at_tail,sorted,1,4194304,769373000,183.432817,0,0,0,0
heap,10,16,rank_at_tail,sorted,1,4194304,159822000,38.104534,0,0,0,0
binary,10,16,rank_at_tail,sorted,1,4194304,160511000,38.268805,0,0,0,0
binary_identical,10,16,rank_at_tail,sorted,1,4194304,161993000,38.622141,0,0,0,0
binary_identical,10,16,rank_at_tail,sorted,2,4194304,162341000,38.705111,0,0,0,0
binary,10,16,rank_at_tail,sorted,2,4194304,161602000,38.528919,0,0,0,0
heap,10,16,rank_at_tail,sorted,2,4194304,161506000,38.506031,0,0,0,0
ordered_insert,10,16,rank_at_tail,sorted,2,4194304,765173000,182.431459,0,0,0,0
heap,10,16,rank_at_tail,sorted,3,4194304,163630000,39.012432,0,0,0,0
binary,10,16,rank_at_tail,sorted,3,4194304,167505000,39.936304,0,0,0,0
binary_identical,10,16,rank_at_tail,sorted,3,4194304,165246000,39.397717,0,0,0,0
ordered_insert,10,16,rank_at_tail,sorted,3,4194304,777917000,185.469866,0,0,0,0
ordered_insert,10,16,rank_at_tail,sorted,4,4194304,773385000,184.389353,0,0,0,0
binary_identical,10,16,rank_at_tail,sorted,4,4194304,162063000,38.638830,0,0,0,0
binary,10,16,rank_at_tail,sorted,4,4194304,161790000,38.573742,0,0,0,0
heap,10,16,rank_at_tail,sorted,4,4194304,160424000,38.248062,0,0,0,0
binary,10,16,rank_at_tail,sorted,5,4194304,161258000,38.446903,0,0,0,0
binary_identical,10,16,rank_at_tail,sorted,5,4194304,161905000,38.601160,0,0,0,0
ordered_insert,10,16,rank_at_tail,sorted,5,4194304,763162000,181.952000,0,0,0,0
heap,10,16,rank_at_tail,sorted,5,4194304,158765000,37.852526,0,0,0,0
heap,10,16,rank_at_tail,sorted,6,4194304,159996000,38.146019,0,0,0,0
ordered_insert,10,16,rank_at_tail,sorted,6,4194304,768847000,183.307409,0,0,0,0
binary_identical,10,16,rank_at_tail,sorted,6,4194304,160534000,38.274288,0,0,0,0
binary,10,16,rank_at_tail,sorted,6,4194304,161832000,38.583755,0,0,0,0
ordered_insert,10,16,rank_at_tail,reverse,1,1048576,378219000,360.697746,0,0,0,0
heap,10,16,rank_at_tail,reverse,1,1048576,190083000,181.277275,0,0,0,0
binary,10,16,rank_at_tail,reverse,1,1048576,456962000,435.792923,0,0,0,0
binary_identical,10,16,rank_at_tail,reverse,1,1048576,458045000,436.825752,0,0,0,0
binary_identical,10,16,rank_at_tail,reverse,2,1048576,459335000,438.055992,0,0,0,0
binary,10,16,rank_at_tail,reverse,2,1048576,459876000,438.571930,0,0,0,0
heap,10,16,rank_at_tail,reverse,2,1048576,189442000,180.665970,0,0,0,0
ordered_insert,10,16,rank_at_tail,reverse,2,1048576,384719000,366.896629,0,0,0,0
heap,10,16,rank_at_tail,reverse,3,1048576,189092000,180.332184,0,0,0,0
binary,10,16,rank_at_tail,reverse,3,1048576,459809000,438.508034,0,0,0,0
binary_identical,10,16,rank_at_tail,reverse,3,1048576,463604000,442.127228,0,0,0,0
ordered_insert,10,16,rank_at_tail,reverse,3,1048576,379490000,361.909866,0,0,0,0
ordered_insert,10,16,rank_at_tail,reverse,4,1048576,381020000,363.368988,0,0,0,0
binary_identical,10,16,rank_at_tail,reverse,4,1048576,458092000,436.870575,0,0,0,0
binary,10,16,rank_at_tail,reverse,4,1048576,461543000,440.161705,0,0,0,0
heap,10,16,rank_at_tail,reverse,4,1048576,193820000,184.841156,0,0,0,0
binary,10,16,rank_at_tail,reverse,5,1048576,458437000,437.199593,0,0,0,0
binary_identical,10,16,rank_at_tail,reverse,5,1048576,457837000,436.627388,0,0,0,0
ordered_insert,10,16,rank_at_tail,reverse,5,1048576,380742000,363.103867,0,0,0,0
heap,10,16,rank_at_tail,reverse,5,1048576,188269000,179.547310,0,0,0,0
heap,10,16,rank_at_tail,reverse,6,1048576,190346000,181.528091,0,0,0,0
ordered_insert,10,16,rank_at_tail,reverse,6,1048576,382484000,364.765167,0,0,0,0
binary_identical,10,16,rank_at_tail,reverse,6,1048576,459326000,438.047409,0,0,0,0
binary,10,16,rank_at_tail,reverse,6,1048576,457655000,436.453819,0,0,0,0
ordered_insert,10,16,rank_at_tail,shuffled,1,1048576,292506000,278.955460,0,0,0,0
heap,10,16,rank_at_tail,shuffled,1,1048576,199320000,190.086365,0,0,0,0
binary,10,16,rank_at_tail,shuffled,1,1048576,365424000,348.495483,0,0,0,0
binary_identical,10,16,rank_at_tail,shuffled,1,1048576,367331000,350.314140,0,0,0,0
binary_identical,10,16,rank_at_tail,shuffled,2,1048576,367228000,350.215912,0,0,0,0
binary,10,16,rank_at_tail,shuffled,2,1048576,366862000,349.866867,0,0,0,0
heap,10,16,rank_at_tail,shuffled,2,1048576,198913000,189.698219,0,0,0,0
ordered_insert,10,16,rank_at_tail,shuffled,2,1048576,293013000,279.438972,0,0,0,0
heap,10,16,rank_at_tail,shuffled,3,1048576,202485000,193.104744,0,0,0,0
binary,10,16,rank_at_tail,shuffled,3,1048576,369338000,352.228165,0,0,0,0
binary_identical,10,16,rank_at_tail,shuffled,3,1048576,382787000,365.054131,0,0,0,0
ordered_insert,10,16,rank_at_tail,shuffled,3,1048576,297185000,283.417702,0,0,0,0
ordered_insert,10,16,rank_at_tail,shuffled,4,1048576,324308000,309.284210,0,0,0,0
binary_identical,10,16,rank_at_tail,shuffled,4,1048576,373303000,356.009483,0,0,0,0
binary,10,16,rank_at_tail,shuffled,4,1048576,366091000,349.131584,0,0,0,0
heap,10,16,rank_at_tail,shuffled,4,1048576,198757000,189.549446,0,0,0,0
binary,10,16,rank_at_tail,shuffled,5,1048576,365564000,348.628998,0,0,0,0
binary_identical,10,16,rank_at_tail,shuffled,5,1048576,366396000,349.422455,0,0,0,0
ordered_insert,10,16,rank_at_tail,shuffled,5,1048576,296276000,282.550812,0,0,0,0
heap,10,16,rank_at_tail,shuffled,5,1048576,199641000,190.392494,0,0,0,0
heap,10,16,rank_at_tail,shuffled,6,1048576,199624000,190.376282,0,0,0,0
ordered_insert,10,16,rank_at_tail,shuffled,6,1048576,295065000,281.395912,0,0,0,0
binary_identical,10,16,rank_at_tail,shuffled,6,1048576,375257000,357.872963,0,0,0,0
binary,10,16,rank_at_tail,shuffled,6,1048576,374878000,357.511520,0,0,0,0
ordered_insert,10,32,rank_at_head,sorted,1,4194304,762719000,181.846380,0,0,0,0
heap,10,32,rank_at_head,sorted,1,4194304,157852000,37.634850,0,0,0,0
binary,10,32,rank_at_head,sorted,1,4194304,159864000,38.114548,0,0,0,0
binary_identical,10,32,rank_at_head,sorted,1,4194304,160695000,38.312674,0,0,0,0
binary_identical,10,32,rank_at_head,sorted,2,4194304,161910000,38.602352,0,0,0,0
binary,10,32,rank_at_head,sorted,2,4194304,160715000,38.317442,0,0,0,0
heap,10,32,rank_at_head,sorted,2,4194304,157715000,37.602186,0,0,0,0
ordered_insert,10,32,rank_at_head,sorted,2,4194304,759257000,181.020975,0,0,0,0
heap,10,32,rank_at_head,sorted,3,4194304,159641000,38.061380,0,0,0,0
binary,10,32,rank_at_head,sorted,3,4194304,162972000,38.855553,0,0,0,0
binary_identical,10,32,rank_at_head,sorted,3,4194304,162397000,38.718462,0,0,0,0
ordered_insert,10,32,rank_at_head,sorted,3,4194304,780469000,186.078310,0,0,0,0
ordered_insert,10,32,rank_at_head,sorted,4,4194304,767738000,183.043003,0,0,0,0
binary_identical,10,32,rank_at_head,sorted,4,4194304,163072000,38.879395,0,0,0,0
binary,10,32,rank_at_head,sorted,4,4194304,161033000,38.393259,0,0,0,0
heap,10,32,rank_at_head,sorted,4,4194304,159098000,37.931919,0,0,0,0
binary,10,32,rank_at_head,sorted,5,4194304,162393000,38.717508,0,0,0,0
binary_identical,10,32,rank_at_head,sorted,5,4194304,175186000,41.767597,0,0,0,0
ordered_insert,10,32,rank_at_head,sorted,5,4194304,761306000,181.509495,0,0,0,0
heap,10,32,rank_at_head,sorted,5,4194304,164541000,39.229631,0,0,0,0
heap,10,32,rank_at_head,sorted,6,4194304,158926000,37.890911,0,0,0,0
ordered_insert,10,32,rank_at_head,sorted,6,4194304,766101000,182.652712,0,0,0,0
binary_identical,10,32,rank_at_head,sorted,6,4194304,161270000,38.449764,0,0,0,0
binary,10,32,rank_at_head,sorted,6,4194304,161144000,38.419724,0,0,0,0
ordered_insert,10,32,rank_at_head,reverse,1,1048576,384892000,367.061615,0,0,0,0
heap,10,32,rank_at_head,reverse,1,1048576,177593000,169.365883,0,0,0,0
binary,10,32,rank_at_head,reverse,1,1048576,478340000,456.180573,0,0,0,0
binary_identical,10,32,rank_at_head,reverse,1,1048576,462985000,441.536903,0,0,0,0
binary_identical,10,32,rank_at_head,reverse,2,1048576,459536000,438.247681,0,0,0,0
binary,10,32,rank_at_head,reverse,2,1048576,460635000,439.295769,0,0,0,0
heap,10,32,rank_at_head,reverse,2,1048576,178091000,169.840813,0,0,0,0
ordered_insert,10,32,rank_at_head,reverse,2,1048576,385206000,367.361069,0,0,0,0
heap,10,32,rank_at_head,reverse,3,1048576,177670000,169.439316,0,0,0,0
binary,10,32,rank_at_head,reverse,3,1048576,462890000,441.446304,0,0,0,0
binary_identical,10,32,rank_at_head,reverse,3,1048576,460639000,439.299583,0,0,0,0
ordered_insert,10,32,rank_at_head,reverse,3,1048576,386847000,368.926048,0,0,0,0
ordered_insert,10,32,rank_at_head,reverse,4,1048576,389605000,371.556282,0,0,0,0
binary_identical,10,32,rank_at_head,reverse,4,1048576,460066000,438.753128,0,0,0,0
binary,10,32,rank_at_head,reverse,4,1048576,461134000,439.771652,0,0,0,0
heap,10,32,rank_at_head,reverse,4,1048576,177924000,169.681549,0,0,0,0
binary,10,32,rank_at_head,reverse,5,1048576,460177000,438.858986,0,0,0,0
binary_identical,10,32,rank_at_head,reverse,5,1048576,460733000,439.389229,0,0,0,0
ordered_insert,10,32,rank_at_head,reverse,5,1048576,383313000,365.555763,0,0,0,0
heap,10,32,rank_at_head,reverse,5,1048576,177507000,169.283867,0,0,0,0
heap,10,32,rank_at_head,reverse,6,1048576,178029000,169.781685,0,0,0,0
ordered_insert,10,32,rank_at_head,reverse,6,1048576,385332000,367.481232,0,0,0,0
binary_identical,10,32,rank_at_head,reverse,6,1048576,468024000,446.342468,0,0,0,0
binary,10,32,rank_at_head,reverse,6,1048576,465491000,443.926811,0,0,0,0
ordered_insert,10,32,rank_at_head,shuffled,1,1048576,294806000,281.148911,0,0,0,0
heap,10,32,rank_at_head,shuffled,1,1048576,188177000,179.459572,0,0,0,0
binary,10,32,rank_at_head,shuffled,1,1048576,362657000,345.856667,0,0,0,0
binary_identical,10,32,rank_at_head,shuffled,1,1048576,362426000,345.636368,0,0,0,0
binary_identical,10,32,rank_at_head,shuffled,2,1048576,363083000,346.262932,0,0,0,0
binary,10,32,rank_at_head,shuffled,2,1048576,362605000,345.807076,0,0,0,0
heap,10,32,rank_at_head,shuffled,2,1048576,192577000,183.655739,0,0,0,0
ordered_insert,10,32,rank_at_head,shuffled,2,1048576,295498000,281.808853,0,0,0,0
heap,10,32,rank_at_head,shuffled,3,1048576,187804000,179.103851,0,0,0,0
binary,10,32,rank_at_head,shuffled,3,1048576,361559000,344.809532,0,0,0,0
binary_identical,10,32,rank_at_head,shuffled,3,1048576,363643000,346.796989,0,0,0,0
ordered_insert,10,32,rank_at_head,shuffled,3,1048576,301994000,288.003922,0,0,0,0
ordered_insert,10,32,rank_at_head,shuffled,4,1048576,293242000,279.657364,0,0,0,0
binary_identical,10,32,rank_at_head,shuffled,4,1048576,361836000,345.073700,0,0,0,0
binary,10,32,rank_at_head,shuffled,4,1048576,367862000,350.820541,0,0,0,0
heap,10,32,rank_at_head,shuffled,4,1048576,188562000,179.826736,0,0,0,0
binary,10,32,rank_at_head,shuffled,5,1048576,362303000,345.519066,0,0,0,0
binary_identical,10,32,rank_at_head,shuffled,5,1048576,363922000,347.063065,0,0,0,0
ordered_insert,10,32,rank_at_head,shuffled,5,1048576,293826000,280.214310,0,0,0,0
heap,10,32,rank_at_head,shuffled,5,1048576,187591000,178.900719,0,0,0,0
heap,10,32,rank_at_head,shuffled,6,1048576,187035000,178.370476,0,0,0,0
ordered_insert,10,32,rank_at_head,shuffled,6,1048576,293410000,279.817581,0,0,0,0
binary_identical,10,32,rank_at_head,shuffled,6,1048576,362977000,346.161842,0,0,0,0
binary,10,32,rank_at_head,shuffled,6,1048576,363327000,346.495628,0,0,0,0
ordered_insert,10,32,rank_at_tail,sorted,1,4194304,920944000,219.570160,0,0,0,0
heap,10,32,rank_at_tail,sorted,1,4194304,171830000,40.967464,0,0,0,0
binary,10,32,rank_at_tail,sorted,1,4194304,172629000,41.157961,0,0,0,0
binary_identical,10,32,rank_at_tail,sorted,1,4194304,171851000,40.972471,0,0,0,0
binary_identical,10,32,rank_at_tail,sorted,2,4194304,171636000,40.921211,0,0,0,0
binary,10,32,rank_at_tail,sorted,2,4194304,171533000,40.896654,0,0,0,0
heap,10,32,rank_at_tail,sorted,2,4194304,171456000,40.878296,0,0,0,0
ordered_insert,10,32,rank_at_tail,sorted,2,4194304,919300000,219.178200,0,0,0,0
heap,10,32,rank_at_tail,sorted,3,4194304,174137000,41.517496,0,0,0,0
binary,10,32,rank_at_tail,sorted,3,4194304,171883000,40.980101,0,0,0,0
binary_identical,10,32,rank_at_tail,sorted,3,4194304,173282000,41.313648,0,0,0,0
ordered_insert,10,32,rank_at_tail,sorted,3,4194304,927145000,221.048594,0,0,0,0
ordered_insert,10,32,rank_at_tail,sorted,4,4194304,924262000,220.361233,0,0,0,0
binary_identical,10,32,rank_at_tail,sorted,4,4194304,173136000,41.278839,0,0,0,0
binary,10,32,rank_at_tail,sorted,4,4194304,171994000,41.006565,0,0,0,0
heap,10,32,rank_at_tail,sorted,4,4194304,171130000,40.800571,0,0,0,0
binary,10,32,rank_at_tail,sorted,5,4194304,172064000,41.023254,0,0,0,0
binary_identical,10,32,rank_at_tail,sorted,5,4194304,171736000,40.945053,0,0,0,0
ordered_insert,10,32,rank_at_tail,sorted,5,4194304,919066000,219.122410,0,0,0,0
heap,10,32,rank_at_tail,sorted,5,4194304,171513000,40.891886,0,0,0,0
heap,10,32,rank_at_tail,sorted,6,4194304,171737000,40.945292,0,0,0,0
ordered_insert,10,32,rank_at_tail,sorted,6,4194304,919926000,219.327450,0,0,0,0
binary_identical,10,32,rank_at_tail,sorted,6,4194304,171710000,40.938854,0,0,0,0
binary,10,32,rank_at_tail,sorted,6,4194304,172712000,41.177750,0,0,0,0
ordered_insert,10,32,rank_at_tail,reverse,1,1048576,420487000,401.007652,0,0,0,0
heap,10,32,rank_at_tail,reverse,1,1048576,196036000,186.954498,0,0,0,0
binary,10,32,rank_at_tail,reverse,1,1048576,495270000,472.326279,0,0,0,0
binary_identical,10,32,rank_at_tail,reverse,1,1048576,499489000,476.349831,0,0,0,0
binary_identical,10,32,rank_at_tail,reverse,2,1048576,495241000,472.298622,0,0,0,0
binary,10,32,rank_at_tail,reverse,2,1048576,494331000,471.430779,0,0,0,0
heap,10,32,rank_at_tail,reverse,2,1048576,199306000,190.073013,0,0,0,0
ordered_insert,10,32,rank_at_tail,reverse,2,1048576,422856000,403.266907,0,0,0,0
heap,10,32,rank_at_tail,reverse,3,1048576,195670000,186.605453,0,0,0,0
binary,10,32,rank_at_tail,reverse,3,1048576,494407000,471.503258,0,0,0,0
binary_identical,10,32,rank_at_tail,reverse,3,1048576,495153000,472.214699,0,0,0,0
ordered_insert,10,32,rank_at_tail,reverse,3,1048576,423299000,403.689384,0,0,0,0
ordered_insert,10,32,rank_at_tail,reverse,4,1048576,422778000,403.192520,0,0,0,0
binary_identical,10,32,rank_at_tail,reverse,4,1048576,494394000,471.490860,0,0,0,0
binary,10,32,rank_at_tail,reverse,4,1048576,496107000,473.124504,0,0,0,0
heap,10,32,rank_at_tail,reverse,4,1048576,195642000,186.578751,0,0,0,0
binary,10,32,rank_at_tail,reverse,5,1048576,495756000,472.789764,0,0,0,0
binary_identical,10,32,rank_at_tail,reverse,5,1048576,509687000,486.075401,0,0,0,0
ordered_insert,10,32,rank_at_tail,reverse,5,1048576,419740000,400.295258,0,0,0,0
heap,10,32,rank_at_tail,reverse,5,1048576,197134000,188.001633,0,0,0,0
heap,10,32,rank_at_tail,reverse,6,1048576,197051000,187.922478,0,0,0,0
ordered_insert,10,32,rank_at_tail,reverse,6,1048576,420659000,401.171684,0,0,0,0
binary_identical,10,32,rank_at_tail,reverse,6,1048576,498342000,475.255966,0,0,0,0
binary,10,32,rank_at_tail,reverse,6,1048576,495084000,472.148895,0,0,0,0
ordered_insert,10,32,rank_at_tail,shuffled,1,524288,159224000,303.695679,0,0,0,0
heap,10,32,rank_at_tail,shuffled,1,524288,103944000,198.257446,0,0,0,0
binary,10,32,rank_at_tail,shuffled,1,524288,197284000,376.289368,0,0,0,0
binary_identical,10,32,rank_at_tail,shuffled,1,524288,196314000,374.439240,0,0,0,0
binary_identical,10,32,rank_at_tail,shuffled,2,524288,196762000,375.293732,0,0,0,0
binary,10,32,rank_at_tail,shuffled,2,524288,197666000,377.017975,0,0,0,0
heap,10,32,rank_at_tail,shuffled,2,524288,104227000,198.797226,0,0,0,0
ordered_insert,10,32,rank_at_tail,shuffled,2,524288,159782000,304.759979,0,0,0,0
heap,10,32,rank_at_tail,shuffled,3,524288,104953000,200.181961,0,0,0,0
binary,10,32,rank_at_tail,shuffled,3,524288,196688000,375.152588,0,0,0,0
binary_identical,10,32,rank_at_tail,shuffled,3,524288,196390000,374.584198,0,0,0,0
ordered_insert,10,32,rank_at_tail,shuffled,3,524288,160067000,305.303574,0,0,0,0
ordered_insert,10,32,rank_at_tail,shuffled,4,524288,162414000,309.780121,0,0,0,0
binary_identical,10,32,rank_at_tail,shuffled,4,524288,197719000,377.119064,0,0,0,0
binary,10,32,rank_at_tail,shuffled,4,524288,196306000,374.423981,0,0,0,0
heap,10,32,rank_at_tail,shuffled,4,524288,106776000,203.659058,0,0,0,0
binary,10,32,rank_at_tail,shuffled,5,524288,196184000,374.191284,0,0,0,0
binary_identical,10,32,rank_at_tail,shuffled,5,524288,199610000,380.725861,0,0,0,0
ordered_insert,10,32,rank_at_tail,shuffled,5,524288,163631000,312.101364,0,0,0,0
heap,10,32,rank_at_tail,shuffled,5,524288,103551000,197.507858,0,0,0,0
heap,10,32,rank_at_tail,shuffled,6,524288,104398000,199.123383,0,0,0,0
ordered_insert,10,32,rank_at_tail,shuffled,6,524288,159608000,304.428101,0,0,0,0
binary_identical,10,32,rank_at_tail,shuffled,6,524288,196197000,374.216080,0,0,0,0
binary,10,32,rank_at_tail,shuffled,6,524288,196005000,373.849869,0,0,0,0
ordered_insert,10,256,rank_at_head,sorted,1,4194304,1018663000,242.868185,0,0,0,0
heap,10,256,rank_at_head,sorted,1,4194304,174067000,41.500807,0,0,0,0
binary,10,256,rank_at_head,sorted,1,4194304,176108000,41.987419,0,0,0,0
binary_identical,10,256,rank_at_head,sorted,1,4194304,176825000,42.158365,0,0,0,0
binary_identical,10,256,rank_at_head,sorted,2,4194304,178190000,42.483807,0,0,0,0
binary,10,256,rank_at_head,sorted,2,4194304,175650000,41.878223,0,0,0,0
heap,10,256,rank_at_head,sorted,2,4194304,173821000,41.442156,0,0,0,0
ordered_insert,10,256,rank_at_head,sorted,2,4194304,1025834000,244.577885,0,0,0,0
heap,10,256,rank_at_head,sorted,3,4194304,177842000,42.400837,0,0,0,0
binary,10,256,rank_at_head,sorted,3,4194304,177075000,42.217970,0,0,0,0
binary_identical,10,256,rank_at_head,sorted,3,4194304,175223000,41.776419,0,0,0,0
ordered_insert,10,256,rank_at_head,sorted,3,4194304,1043784000,248.857498,0,0,0,0
ordered_insert,10,256,rank_at_head,sorted,4,4194304,1054916000,251.511574,0,0,0,0
binary_identical,10,256,rank_at_head,sorted,4,4194304,177284000,42.267799,0,0,0,0
binary,10,256,rank_at_head,sorted,4,4194304,183344000,43.712616,0,0,0,0
heap,10,256,rank_at_head,sorted,4,4194304,173664000,41.404724,0,0,0,0
binary,10,256,rank_at_head,sorted,5,4194304,176876000,42.170525,0,0,0,0
binary_identical,10,256,rank_at_head,sorted,5,4194304,175364000,41.810036,0,0,0,0
ordered_insert,10,256,rank_at_head,sorted,5,4194304,1048040000,249.872208,0,0,0,0
heap,10,256,rank_at_head,sorted,5,4194304,174420000,41.584969,0,0,0,0
heap,10,256,rank_at_head,sorted,6,4194304,173983000,41.480780,0,0,0,0
ordered_insert,10,256,rank_at_head,sorted,6,4194304,1050323000,250.416517,0,0,0,0
binary_identical,10,256,rank_at_head,sorted,6,4194304,176068000,41.977882,0,0,0,0
binary,10,256,rank_at_head,sorted,6,4194304,176165000,42.001009,0,0,0,0
ordered_insert,10,256,rank_at_head,reverse,1,1048576,422510000,402.936935,0,0,0,0
heap,10,256,rank_at_head,reverse,1,1048576,186532000,177.890778,0,0,0,0
binary,10,256,rank_at_head,reverse,1,1048576,503432000,480.110168,0,0,0,0
binary_identical,10,256,rank_at_head,reverse,1,1048576,501321000,478.096962,0,0,0,0
binary_identical,10,256,rank_at_head,reverse,2,1048576,505327000,481.917381,0,0,0,0
binary,10,256,rank_at_head,reverse,2,1048576,502866000,479.570389,0,0,0,0
heap,10,256,rank_at_head,reverse,2,1048576,188153000,179.436684,0,0,0,0
ordered_insert,10,256,rank_at_head,reverse,2,1048576,423645000,404.019356,0,0,0,0
heap,10,256,rank_at_head,reverse,3,1048576,185336000,176.750183,0,0,0,0
binary,10,256,rank_at_head,reverse,3,1048576,506176000,482.727051,0,0,0,0
binary_identical,10,256,rank_at_head,reverse,3,1048576,504566000,481.191635,0,0,0,0
ordered_insert,10,256,rank_at_head,reverse,3,1048576,421335000,401.816368,0,0,0,0
ordered_insert,10,256,rank_at_head,reverse,4,1048576,422879000,403.288841,0,0,0,0
binary_identical,10,256,rank_at_head,reverse,4,1048576,499836000,476.680756,0,0,0,0
binary,10,256,rank_at_head,reverse,4,1048576,501522000,478.288651,0,0,0,0
heap,10,256,rank_at_head,reverse,4,1048576,185628000,177.028656,0,0,0,0
binary,10,256,rank_at_head,reverse,5,1048576,501156000,477.939606,0,0,0,0
binary_identical,10,256,rank_at_head,reverse,5,1048576,511031000,487.357140,0,0,0,0
ordered_insert,10,256,rank_at_head,reverse,5,1048576,423535000,403.914452,0,0,0,0
heap,10,256,rank_at_head,reverse,5,1048576,187305000,178.627968,0,0,0,0
heap,10,256,rank_at_head,reverse,6,1048576,188722000,179.979324,0,0,0,0
ordered_insert,10,256,rank_at_head,reverse,6,1048576,423666000,404.039383,0,0,0,0
binary_identical,10,256,rank_at_head,reverse,6,1048576,500920000,477.714539,0,0,0,0
binary,10,256,rank_at_head,reverse,6,1048576,502740000,479.450226,0,0,0,0
ordered_insert,10,256,rank_at_head,shuffled,1,1048576,346228000,330.188751,0,0,0,0
heap,10,256,rank_at_head,shuffled,1,1048576,200930000,191.621780,0,0,0,0
binary,10,256,rank_at_head,shuffled,1,1048576,411733000,392.659187,0,0,0,0
binary_identical,10,256,rank_at_head,shuffled,1,1048576,409593000,390.618324,0,0,0,0
binary_identical,10,256,rank_at_head,shuffled,2,1048576,403741000,385.037422,0,0,0,0
binary,10,256,rank_at_head,shuffled,2,1048576,406950000,388.097763,0,0,0,0
heap,10,256,rank_at_head,shuffled,2,1048576,198662000,189.458847,0,0,0,0
ordered_insert,10,256,rank_at_head,shuffled,2,1048576,345728000,329.711914,0,0,0,0
heap,10,256,rank_at_head,shuffled,3,1048576,200973000,191.662788,0,0,0,0
binary,10,256,rank_at_head,shuffled,3,1048576,401338000,382.745743,0,0,0,0
binary_identical,10,256,rank_at_head,shuffled,3,1048576,400776000,382.209778,0,0,0,0
ordered_insert,10,256,rank_at_head,shuffled,3,1048576,347373000,331.280708,0,0,0,0
ordered_insert,10,256,rank_at_head,shuffled,4,1048576,347517000,331.418037,0,0,0,0
binary_identical,10,256,rank_at_head,shuffled,4,1048576,400680000,382.118225,0,0,0,0
binary,10,256,rank_at_head,shuffled,4,1048576,401500000,382.900238,0,0,0,0
heap,10,256,rank_at_head,shuffled,4,1048576,198328000,189.140320,0,0,0,0
binary,10,256,rank_at_head,shuffled,5,1048576,401234000,382.646561,0,0,0,0
binary_identical,10,256,rank_at_head,shuffled,5,1048576,404360000,385.627747,0,0,0,0
ordered_insert,10,256,rank_at_head,shuffled,5,1048576,348305000,332.169533,0,0,0,0
heap,10,256,rank_at_head,shuffled,5,1048576,198301000,189.114571,0,0,0,0
heap,10,256,rank_at_head,shuffled,6,1048576,198161000,188.981056,0,0,0,0
ordered_insert,10,256,rank_at_head,shuffled,6,1048576,346311000,330.267906,0,0,0,0
binary_identical,10,256,rank_at_head,shuffled,6,1048576,400312000,381.767273,0,0,0,0
binary,10,256,rank_at_head,shuffled,6,1048576,399505000,380.997658,0,0,0,0
ordered_insert,10,256,rank_at_tail,sorted,1,2097152,779610000,371.747017,0,0,0,0
heap,10,256,rank_at_tail,sorted,1,2097152,203239000,96.911907,0,0,0,0
binary,10,256,rank_at_tail,sorted,1,2097152,203087000,96.839428,0,0,0,0
binary_identical,10,256,rank_at_tail,sorted,1,2097152,196269000,93.588352,0,0,0,0
binary_identical,10,256,rank_at_tail,sorted,2,2097152,197441000,94.147205,0,0,0,0
binary,10,256,rank_at_tail,sorted,2,2097152,198076000,94.449997,0,0,0,0
heap,10,256,rank_at_tail,sorted,2,2097152,196380000,93.641281,0,0,0,0
ordered_insert,10,256,rank_at_tail,sorted,2,2097152,771259000,367.764950,0,0,0,0
heap,10,256,rank_at_tail,sorted,3,2097152,195577000,93.258381,0,0,0,0
binary,10,256,rank_at_tail,sorted,3,2097152,195374000,93.161583,0,0,0,0
binary_identical,10,256,rank_at_tail,sorted,3,2097152,193698000,92.362404,0,0,0,0
ordered_insert,10,256,rank_at_tail,sorted,3,2097152,766765000,365.622044,0,0,0,0
ordered_insert,10,256,rank_at_tail,sorted,4,2097152,766894000,365.683556,0,0,0,0
binary_identical,10,256,rank_at_tail,sorted,4,2097152,194946000,92.957497,0,0,0,0
binary,10,256,rank_at_tail,sorted,4,2097152,196266000,93.586922,0,0,0,0
heap,10,256,rank_at_tail,sorted,4,2097152,195565000,93.252659,0,0,0,0
binary,10,256,rank_at_tail,sorted,5,2097152,194907000,92.938900,0,0,0,0
binary_identical,10,256,rank_at_tail,sorted,5,2097152,193988000,92.500687,0,0,0,0
ordered_insert,10,256,rank_at_tail,sorted,5,2097152,789181000,376.310825,0,0,0,0
heap,10,256,rank_at_tail,sorted,5,2097152,195296000,93.124390,0,0,0,0
heap,10,256,rank_at_tail,sorted,6,2097152,195550000,93.245506,0,0,0,0
ordered_insert,10,256,rank_at_tail,sorted,6,2097152,776885000,370.447636,0,0,0,0
binary_identical,10,256,rank_at_tail,sorted,6,2097152,196362000,93.632698,0,0,0,0
binary,10,256,rank_at_tail,sorted,6,2097152,193990000,92.501640,0,0,0,0
ordered_insert,10,256,rank_at_tail,reverse,1,262144,131011000,499.767303,0,0,0,0
heap,10,256,rank_at_tail,reverse,1,262144,130746000,498.756409,0,0,0,0
binary,10,256,rank_at_tail,reverse,1,262144,181654000,692.955017,0,0,0,0
binary_identical,10,256,rank_at_tail,reverse,1,262144,180421000,688.251495,0,0,0,0
binary_identical,10,256,rank_at_tail,reverse,2,262144,181028000,690.567017,0,0,0,0
binary,10,256,rank_at_tail,reverse,2,262144,183404000,699.630737,0,0,0,0
heap,10,256,rank_at_tail,reverse,2,262144,130331000,497.173309,0,0,0,0
ordered_insert,10,256,rank_at_tail,reverse,2,262144,131252000,500.686646,0,0,0,0
heap,10,256,rank_at_tail,reverse,3,262144,130759000,498.806000,0,0,0,0
binary,10,256,rank_at_tail,reverse,3,262144,182268000,695.297241,0,0,0,0
binary_identical,10,256,rank_at_tail,reverse,3,262144,180387000,688.121796,0,0,0,0
ordered_insert,10,256,rank_at_tail,reverse,3,262144,131387000,501.201630,0,0,0,0
ordered_insert,10,256,rank_at_tail,reverse,4,262144,131183000,500.423431,0,0,0,0
binary_identical,10,256,rank_at_tail,reverse,4,262144,180295000,687.770844,0,0,0,0
binary,10,256,rank_at_tail,reverse,4,262144,180310000,687.828064,0,0,0,0
heap,10,256,rank_at_tail,reverse,4,262144,134378000,512.611389,0,0,0,0
binary,10,256,rank_at_tail,reverse,5,262144,186909000,713.001251,0,0,0,0
binary_identical,10,256,rank_at_tail,reverse,5,262144,180207000,687.435150,0,0,0,0
ordered_insert,10,256,rank_at_tail,reverse,5,262144,132402000,505.073547,0,0,0,0
heap,10,256,rank_at_tail,reverse,5,262144,131050000,499.916077,0,0,0,0
heap,10,256,rank_at_tail,reverse,6,262144,131002000,499.732971,0,0,0,0
ordered_insert,10,256,rank_at_tail,reverse,6,262144,132430000,505.180359,0,0,0,0
binary_identical,10,256,rank_at_tail,reverse,6,262144,193426000,737.861633,0,0,0,0
binary,10,256,rank_at_tail,reverse,6,262144,180327000,687.892914,0,0,0,0
ordered_insert,10,256,rank_at_tail,shuffled,1,262144,121914000,465.065002,0,0,0,0
heap,10,256,rank_at_tail,shuffled,1,262144,139899000,533.672333,0,0,0,0
binary,10,256,rank_at_tail,shuffled,1,262144,163392000,623.291016,0,0,0,0
binary_identical,10,256,rank_at_tail,shuffled,1,262144,163698000,624.458313,0,0,0,0
binary_identical,10,256,rank_at_tail,shuffled,2,262144,164864000,628.906250,0,0,0,0
binary,10,256,rank_at_tail,shuffled,2,262144,161135000,614.681244,0,0,0,0
heap,10,256,rank_at_tail,shuffled,2,262144,141165000,538.501740,0,0,0,0
ordered_insert,10,256,rank_at_tail,shuffled,2,262144,118695000,452.785492,0,0,0,0
heap,10,256,rank_at_tail,shuffled,3,262144,140686000,536.674500,0,0,0,0
binary,10,256,rank_at_tail,shuffled,3,262144,162905000,621.433258,0,0,0,0
binary_identical,10,256,rank_at_tail,shuffled,3,262144,160799000,613.399506,0,0,0,0
ordered_insert,10,256,rank_at_tail,shuffled,3,262144,122094000,465.751648,0,0,0,0
ordered_insert,10,256,rank_at_tail,shuffled,4,262144,120348000,459.091187,0,0,0,0
binary_identical,10,256,rank_at_tail,shuffled,4,262144,162253000,618.946075,0,0,0,0
binary,10,256,rank_at_tail,shuffled,4,262144,163153000,622.379303,0,0,0,0
heap,10,256,rank_at_tail,shuffled,4,262144,140535000,536.098480,0,0,0,0
binary,10,256,rank_at_tail,shuffled,5,262144,164218000,626.441956,0,0,0,0
binary_identical,10,256,rank_at_tail,shuffled,5,262144,161439000,615.840912,0,0,0,0
ordered_insert,10,256,rank_at_tail,shuffled,5,262144,121051000,461.772919,0,0,0,0
heap,10,256,rank_at_tail,shuffled,5,262144,140061000,534.290314,0,0,0,0
heap,10,256,rank_at_tail,shuffled,6,262144,141205000,538.654327,0,0,0,0
ordered_insert,10,256,rank_at_tail,shuffled,6,262144,125462000,478.599548,0,0,0,0
binary_identical,10,256,rank_at_tail,shuffled,6,262144,163215000,622.615814,0,0,0,0
binary,10,256,rank_at_tail,shuffled,6,262144,160930000,613.899231,0,0,0,0
ordered_insert,16,8,rank_at_head,sorted,1,2097152,593498000,283.001900,0,0,0,0
heap,16,8,rank_at_head,sorted,1,2097152,125010000,59.609413,0,0,0,0
binary,16,8,rank_at_head,sorted,1,2097152,125710000,59.943199,0,0,0,0
binary_identical,16,8,rank_at_head,sorted,1,2097152,125340000,59.766769,0,0,0,0
binary_identical,16,8,rank_at_head,sorted,2,2097152,126023000,60.092449,0,0,0,0
binary,16,8,rank_at_head,sorted,2,2097152,126597000,60.366154,0,0,0,0
heap,16,8,rank_at_head,sorted,2,2097152,125202000,59.700966,0,0,0,0
ordered_insert,16,8,rank_at_head,sorted,2,2097152,586454000,279.643059,0,0,0,0
heap,16,8,rank_at_head,sorted,3,2097152,125212000,59.705734,0,0,0,0
binary,16,8,rank_at_head,sorted,3,2097152,125576000,59.879303,0,0,0,0
binary_identical,16,8,rank_at_head,sorted,3,2097152,126420000,60.281754,0,0,0,0
ordered_insert,16,8,rank_at_head,sorted,3,2097152,587772000,280.271530,0,0,0,0
ordered_insert,16,8,rank_at_head,sorted,4,2097152,590265000,281.460285,0,0,0,0
binary_identical,16,8,rank_at_head,sorted,4,2097152,125570000,59.876442,0,0,0,0
binary,16,8,rank_at_head,sorted,4,2097152,125594000,59.887886,0,0,0,0
heap,16,8,rank_at_head,sorted,4,2097152,127436000,60.766220,0,0,0,0
binary,16,8,rank_at_head,sorted,5,2097152,125227000,59.712887,0,0,0,0
binary_identical,16,8,rank_at_head,sorted,5,2097152,125753000,59.963703,0,0,0,0
ordered_insert,16,8,rank_at_head,sorted,5,2097152,585608000,279.239655,0,0,0,0
heap,16,8,rank_at_head,sorted,5,2097152,125072000,59.638977,0,0,0,0
heap,16,8,rank_at_head,sorted,6,2097152,146646000,69.926262,0,0,0,0
ordered_insert,16,8,rank_at_head,sorted,6,2097152,586755000,279.786587,0,0,0,0
binary_identical,16,8,rank_at_head,sorted,6,2097152,125361000,59.776783,0,0,0,0
binary,16,8,rank_at_head,sorted,6,2097152,126408000,60.276031,0,0,0,0
ordered_insert,16,8,rank_at_head,reverse,1,524288,294246000,561.229706,0,0,0,0
heap,16,8,rank_at_head,reverse,1,524288,190147000,362.676620,0,0,0,0
binary,16,8,rank_at_head,reverse,1,524288,358865000,684.480667,0,0,0,0
binary_identical,16,8,rank_at_head,reverse,1,524288,358779000,684.316635,0,0,0,0
binary_identical,16,8,rank_at_head,reverse,2,524288,351207000,669.874191,0,0,0,0
binary,16,8,rank_at_head,reverse,2,524288,354596000,676.338196,0,0,0,0
heap,16,8,rank_at_head,reverse,2,524288,189790000,361.995697,0,0,0,0
ordered_insert,16,8,rank_at_head,reverse,2,524288,294040000,560.836792,0,0,0,0
heap,16,8,rank_at_head,reverse,3,524288,189290000,361.042023,0,0,0,0
binary,16,8,rank_at_head,reverse,3,524288,356552000,680.068970,0,0,0,0
binary_identical,16,8,rank_at_head,reverse,3,524288,364178000,694.614410,0,0,0,0
ordered_insert,16,8,rank_at_head,reverse,3,524288,297277000,567.010880,0,0,0,0
ordered_insert,16,8,rank_at_head,reverse,4,524288,295678000,563.961029,0,0,0,0
binary_identical,16,8,rank_at_head,reverse,4,524288,356939000,680.807114,0,0,0,0
binary,16,8,rank_at_head,reverse,4,524288,357430000,681.743622,0,0,0,0
heap,16,8,rank_at_head,reverse,4,524288,189853000,362.115860,0,0,0,0
binary,16,8,rank_at_head,reverse,5,524288,356189000,679.376602,0,0,0,0
binary_identical,16,8,rank_at_head,reverse,5,524288,362611000,691.625595,0,0,0,0
ordered_insert,16,8,rank_at_head,reverse,5,524288,292128000,557.189941,0,0,0,0
heap,16,8,rank_at_head,reverse,5,524288,190912000,364.135742,0,0,0,0
heap,16,8,rank_at_head,reverse,6,524288,193802000,369.647980,0,0,0,0
ordered_insert,16,8,rank_at_head,reverse,6,524288,294394000,561.511993,0,0,0,0
binary_identical,16,8,rank_at_head,reverse,6,524288,355405000,677.881241,0,0,0,0
binary,16,8,rank_at_head,reverse,6,524288,360529000,687.654495,0,0,0,0
ordered_insert,16,8,rank_at_head,shuffled,1,262144,101325000,386.524200,0,0,0,0
heap,16,8,rank_at_head,shuffled,1,262144,107964000,411.849976,0,0,0,0
binary,16,8,rank_at_head,shuffled,1,262144,136298000,519.935608,0,0,0,0
binary_identical,16,8,rank_at_head,shuffled,1,262144,136284000,519.882202,0,0,0,0
binary_identical,16,8,rank_at_head,shuffled,2,262144,136742000,521.629333,0,0,0,0
binary,16,8,rank_at_head,shuffled,2,262144,136146000,519.355774,0,0,0,0
heap,16,8,rank_at_head,shuffled,2,262144,107935000,411.739349,0,0,0,0
ordered_insert,16,8,rank_at_head,shuffled,2,262144,100938000,385.047913,0,0,0,0
heap,16,8,rank_at_head,shuffled,3,262144,107111000,408.596039,0,0,0,0
binary,16,8,rank_at_head,shuffled,3,262144,136083000,519.115448,0,0,0,0
binary_identical,16,8,rank_at_head,shuffled,3,262144,137876000,525.955200,0,0,0,0
ordered_insert,16,8,rank_at_head,shuffled,3,262144,101353000,386.631012,0,0,0,0
ordered_insert,16,8,rank_at_head,shuffled,4,262144,101237000,386.188507,0,0,0,0
binary_identical,16,8,rank_at_head,shuffled,4,262144,136817000,521.915436,0,0,0,0
binary,16,8,rank_at_head,shuffled,4,262144,136350000,520.133972,0,0,0,0
heap,16,8,rank_at_head,shuffled,4,262144,108587000,414.226532,0,0,0,0
binary,16,8,rank_at_head,shuffled,5,262144,135934000,518.547058,0,0,0,0
binary_identical,16,8,rank_at_head,shuffled,5,262144,135949000,518.604279,0,0,0,0
ordered_insert,16,8,rank_at_head,shuffled,5,262144,101057000,385.501862,0,0,0,0
heap,16,8,rank_at_head,shuffled,5,262144,108827000,415.142059,0,0,0,0
heap,16,8,rank_at_head,shuffled,6,262144,107308000,409.347534,0,0,0,0
ordered_insert,16,8,rank_at_head,shuffled,6,262144,102878000,392.448425,0,0,0,0
binary_identical,16,8,rank_at_head,shuffled,6,262144,136968000,522.491455,0,0,0,0
binary,16,8,rank_at_head,shuffled,6,262144,136045000,518.970490,0,0,0,0
ordered_insert,16,8,rank_at_tail,sorted,1,2097152,593723000,283.109188,0,0,0,0
heap,16,8,rank_at_tail,sorted,1,2097152,126106000,60.132027,0,0,0,0
binary,16,8,rank_at_tail,sorted,1,2097152,125854000,60.011864,0,0,0,0
binary_identical,16,8,rank_at_tail,sorted,1,2097152,125956000,60.060501,0,0,0,0
binary_identical,16,8,rank_at_tail,sorted,2,2097152,126318000,60.233116,0,0,0,0
binary,16,8,rank_at_tail,sorted,2,2097152,125355000,59.773922,0,0,0,0
heap,16,8,rank_at_tail,sorted,2,2097152,125764000,59.968948,0,0,0,0
ordered_insert,16,8,rank_at_tail,sorted,2,2097152,589199000,280.951977,0,0,0,0
heap,16,8,rank_at_tail,sorted,3,2097152,125320000,59.757233,0,0,0,0
binary,16,8,rank_at_tail,sorted,3,2097152,125288000,59.741974,0,0,0,0
binary_identical,16,8,rank_at_tail,sorted,3,2097152,125287000,59.741497,0,0,0,0
ordered_insert,16,8,rank_at_tail,sorted,3,2097152,588005000,280.382633,0,0,0,0
ordered_insert,16,8,rank_at_tail,sorted,4,2097152,585908000,279.382706,0,0,0,0
binary_identical,16,8,rank_at_tail,sorted,4,2097152,127629000,60.858250,0,0,0,0
binary,16,8,rank_at_tail,sorted,4,2097152,127254000,60.679436,0,0,0,0
heap,16,8,rank_at_tail,sorted,4,2097152,125256000,59.726715,0,0,0,0
binary,16,8,rank_at_tail,sorted,5,2097152,127684000,60.884476,0,0,0,0
binary_identical,16,8,rank_at_tail,sorted,5,2097152,129113000,61.565876,0,0,0,0
ordered_insert,16,8,rank_at_tail,sorted,5,2097152,588363000,280.553341,0,0,0,0
heap,16,8,rank_at_tail,sorted,5,2097152,124962000,59.586525,0,0,0,0
heap,16,8,rank_at_tail,sorted,6,2097152,125156000,59.679031,0,0,0,0
ordered_insert,16,8,rank_at_tail,sorted,6,2097152,585944000,279.399872,0,0,0,0
binary_identical,16,8,rank_at_tail,sorted,6,2097152,126564000,60.350418,0,0,0,0
binary,16,8,rank_at_tail,sorted,6,2097152,125643000,59.911251,0,0,0,0
ordered_insert,16,8,rank_at_tail,reverse,1,524288,296117000,564.798355,0,0,0,0
heap,16,8,rank_at_tail,reverse,1,524288,189725000,361.871719,0,0,0,0
binary,16,8,rank_at_tail,reverse,1,524288,357117000,681.146622,0,0,0,0
binary_identical,16,8,rank_at_tail,reverse,1,524288,354902000,676.921844,0,0,0,0
binary_identical,16,8,rank_at_tail,reverse,2,524288,355344000,677.764893,0,0,0,0
binary,16,8,rank_at_tail,reverse,2,524288,360620000,687.828064,0,0,0,0
heap,16,8,rank_at_tail,reverse,2,524288,194214000,370.433807,0,0,0,0
ordered_insert,16,8,rank_at_tail,reverse,2,524288,331812000,632.881165,0,0,0,0
heap,16,8,rank_at_tail,reverse,3,524288,196643000,375.066757,0,0,0,0
binary,16,8,rank_at_tail,reverse,3,524288,378039000,721.052170,0,0,0,0
binary_identical,16,8,rank_at_tail,reverse,3,524288,429375000,818.967819,0,0,0,0
ordered_insert,16,8,rank_at_tail,reverse,3,524288,301043000,574.193954,0,0,0,0
ordered_insert,16,8,rank_at_tail,reverse,4,524288,299155000,570.592880,0,0,0,0
binary_identical,16,8,rank_at_tail,reverse,4,524288,355908000,678.840637,0,0,0,0
binary,16,8,rank_at_tail,reverse,4,524288,490825000,936.174393,0,0,0,0
heap,16,8,rank_at_tail,reverse,4,524288,226115000,431.280136,0,0,0,0
binary,16,8,rank_at_tail,reverse,5,524288,358608000,683.990479,0,0,0,0
binary_identical,16,8,rank_at_tail,reverse,5,524288,361993000,690.446854,0,0,0,0
ordered_insert,16,8,rank_at_tail,reverse,5,524288,293800000,560.379028,0,0,0,0
heap,16,8,rank_at_tail,reverse,5,524288,189790000,361.995697,0,0,0,0
heap,16,8,rank_at_tail,reverse,6,524288,190138000,362.659454,0,0,0,0
ordered_insert,16,8,rank_at_tail,reverse,6,524288,295496000,563.613892,0,0,0,0
binary_identical,16,8,rank_at_tail,reverse,6,524288,362150000,690.746307,0,0,0,0
binary,16,8,rank_at_tail,reverse,6,524288,358672000,684.112549,0,0,0,0
ordered_insert,16,8,rank_at_tail,shuffled,1,262144,101600000,387.573242,0,0,0,0
heap,16,8,rank_at_tail,shuffled,1,262144,107383000,409.633636,0,0,0,0
binary,16,8,rank_at_tail,shuffled,1,262144,136257000,519.779205,0,0,0,0
binary_identical,16,8,rank_at_tail,shuffled,1,262144,135986000,518.745422,0,0,0,0
binary_identical,16,8,rank_at_tail,shuffled,2,262144,138015000,526.485443,0,0,0,0
binary,16,8,rank_at_tail,shuffled,2,262144,137188000,523.330688,0,0,0,0
heap,16,8,rank_at_tail,shuffled,2,262144,108266000,413.002014,0,0,0,0
ordered_insert,16,8,rank_at_tail,shuffled,2,262144,102534000,391.136169,0,0,0,0
heap,16,8,rank_at_tail,shuffled,3,262144,109323000,417.034149,0,0,0,0
binary,16,8,rank_at_tail,shuffled,3,262144,136527000,520.809174,0,0,0,0
binary_identical,16,8,rank_at_tail,shuffled,3,262144,135966000,518.669128,0,0,0,0
ordered_insert,16,8,rank_at_tail,shuffled,3,262144,101387000,386.760712,0,0,0,0
ordered_insert,16,8,rank_at_tail,shuffled,4,262144,101185000,385.990143,0,0,0,0
binary_identical,16,8,rank_at_tail,shuffled,4,262144,136968000,522.491455,0,0,0,0
binary,16,8,rank_at_tail,shuffled,4,262144,136300000,519.943237,0,0,0,0
heap,16,8,rank_at_tail,shuffled,4,262144,107192000,408.905029,0,0,0,0
binary,16,8,rank_at_tail,shuffled,5,262144,136919000,522.304535,0,0,0,0
binary_identical,16,8,rank_at_tail,shuffled,5,262144,136113000,519.229889,0,0,0,0
ordered_insert,16,8,rank_at_tail,shuffled,5,262144,101020000,385.360718,0,0,0,0
heap,16,8,rank_at_tail,shuffled,5,262144,107598000,410.453796,0,0,0,0
heap,16,8,rank_at_tail,shuffled,6,262144,107481000,410.007477,0,0,0,0
ordered_insert,16,8,rank_at_tail,shuffled,6,262144,100880000,384.826660,0,0,0,0
binary_identical,16,8,rank_at_tail,shuffled,6,262144,138414000,528.007507,0,0,0,0
binary,16,8,rank_at_tail,shuffled,6,262144,136773000,521.747589,0,0,0,0
ordered_insert,16,16,rank_at_head,sorted,1,2097152,673826000,321.305275,0,0,0,0
heap,16,16,rank_at_head,sorted,1,2097152,126757000,60.442448,0,0,0,0
binary,16,16,rank_at_head,sorted,1,2097152,127910000,60.992241,0,0,0,0
binary_identical,16,16,rank_at_head,sorted,1,2097152,128034000,61.051369,0,0,0,0
binary_identical,16,16,rank_at_head,sorted,2,2097152,130142000,62.056541,0,0,0,0
binary,16,16,rank_at_head,sorted,2,2097152,128403000,61.227322,0,0,0,0
heap,16,16,rank_at_head,sorted,2,2097152,126693000,60.411930,0,0,0,0
ordered_insert,16,16,rank_at_head,sorted,2,2097152,673971000,321.374416,0,0,0,0
heap,16,16,rank_at_head,sorted,3,2097152,128505000,61.275959,0,0,0,0
binary,16,16,rank_at_head,sorted,3,2097152,128286000,61.171532,0,0,0,0
binary_identical,16,16,rank_at_head,sorted,3,2097152,127953000,61.012745,0,0,0,0
ordered_insert,16,16,rank_at_head,sorted,3,2097152,672741000,320.787907,0,0,0,0
ordered_insert,16,16,rank_at_head,sorted,4,2097152,676375000,322.520733,0,0,0,0
binary_identical,16,16,rank_at_head,sorted,4,2097152,127900000,60.987473,0,0,0,0
binary,16,16,rank_at_head,sorted,4,2097152,128065000,61.066151,0,0,0,0
heap,16,16,rank_at_head,sorted,4,2097152,126960000,60.539246,0,0,0,0
binary,16,16,rank_at_head,sorted,5,2097152,128885000,61.457157,0,0,0,0
binary_identical,16,16,rank_at_head,sorted,5,2097152,128053000,61.060429,0,0,0,0
ordered_insert,16,16,rank_at_head,sorted,5,2097152,679359000,323.943615,0,0,0,0
heap,16,16,rank_at_head,sorted,5,2097152,127313000,60.707569,0,0,0,0
heap,16,16,rank_at_head,sorted,6,2097152,128080000,61.073303,0,0,0,0
ordered_insert,16,16,rank_at_head,sorted,6,2097152,672308000,320.581436,0,0,0,0
binary_identical,16,16,rank_at_head,sorted,6,2097152,128698000,61.367989,0,0,0,0
binary,16,16,rank_at_head,sorted,6,2097152,128876000,61.452866,0,0,0,0
ordered_insert,16,16,rank_at_head,reverse,1,524288,386344000,736.892700,0,0,0,0
heap,16,16,rank_at_head,reverse,1,524288,176360000,336.380005,0,0,0,0
binary,16,16,rank_at_head,reverse,1,524288,446784000,852.172852,0,0,0,0
binary_identical,16,16,rank_at_head,reverse,1,524288,442366000,843.746185,0,0,0,0
binary_identical,16,16,rank_at_head,reverse,2,524288,447164000,852.897644,0,0,0,0
binary,16,16,rank_at_head,reverse,2,524288,441255000,841.627121,0,0,0,0
heap,16,16,rank_at_head,reverse,2,524288,175119000,334.012985,0,0,0,0
ordered_insert,16,16,rank_at_head,reverse,2,524288,387761000,739.595413,0,0,0,0
heap,16,16,rank_at_head,reverse,3,524288,175558000,334.850311,0,0,0,0
binary,16,16,rank_at_head,reverse,3,524288,442073000,843.187332,0,0,0,0
binary_identical,16,16,rank_at_head,reverse,3,524288,438490000,836.353302,0,0,0,0
ordered_insert,16,16,rank_at_head,reverse,3,524288,388211000,740.453720,0,0,0,0
ordered_insert,16,16,rank_at_head,reverse,4,524288,394894000,753.200531,0,0,0,0
binary_identical,16,16,rank_at_head,reverse,4,524288,441990000,843.029022,0,0,0,0
binary,16,16,rank_at_head,reverse,4,524288,444725000,848.245621,0,0,0,0
heap,16,16,rank_at_head,reverse,4,524288,176218000,336.109161,0,0,0,0
binary,16,16,rank_at_head,reverse,5,524288,441646000,842.372894,0,0,0,0
binary_identical,16,16,rank_at_head,reverse,5,524288,443251000,845.434189,0,0,0,0
ordered_insert,16,16,rank_at_head,reverse,5,524288,391052000,745.872498,0,0,0,0
heap,16,16,rank_at_head,reverse,5,524288,175452000,334.648132,0,0,0,0
heap,16,16,rank_at_head,reverse,6,524288,176075000,335.836411,0,0,0,0
ordered_insert,16,16,rank_at_head,reverse,6,524288,385329000,734.956741,0,0,0,0
binary_identical,16,16,rank_at_head,reverse,6,524288,440126000,839.473724,0,0,0,0
binary,16,16,rank_at_head,reverse,6,524288,444326000,847.484589,0,0,0,0
ordered_insert,16,16,rank_at_head,shuffled,1,262144,143532000,547.531128,0,0,0,0
heap,16,16,rank_at_head,shuffled,1,262144,101623000,387.660980,0,0,0,0
binary,16,16,rank_at_head,shuffled,1,262144,164361000,626.987457,0,0,0,0
binary_identical,16,16,rank_at_head,shuffled,1,262144,163179000,622.478485,0,0,0,0
binary_identical,16,16,rank_at_head,shuffled,2,262144,162812000,621.078491,0,0,0,0
binary,16,16,rank_at_head,shuffled,2,262144,163673000,624.362946,0,0,0,0
heap,16,16,rank_at_head,shuffled,2,262144,102247000,390.041351,0,0,0,0
ordered_insert,16,16,rank_at_head,shuffled,2,262144,143629000,547.901154,0,0,0,0
heap,16,16,rank_at_head,shuffled,3,262144,100063000,381.710052,0,0,0,0
binary,16,16,rank_at_head,shuffled,3,262144,163702000,624.473572,0,0,0,0
binary_identical,16,16,rank_at_head,shuffled,3,262144,163523000,623.790741,0,0,0,0
ordered_insert,16,16,rank_at_head,shuffled,3,262144,144657000,551.822662,0,0,0,0
ordered_insert,16,16,rank_at_head,shuffled,4,262144,144321000,550.540924,0,0,0,0
binary_identical,16,16,rank_at_head,shuffled,4,262144,163371000,623.210907,0,0,0,0
binary,16,16,rank_at_head,shuffled,4,262144,163455000,623.531342,0,0,0,0
heap,16,16,rank_at_head,shuffled,4,262144,100706000,384.162903,0,0,0,0
binary,16,16,rank_at_head,shuffled,5,262144,164086000,625.938416,0,0,0,0
binary_identical,16,16,rank_at_head,shuffled,5,262144,167020000,637.130737,0,0,0,0
ordered_insert,16,16,rank_at_head,shuffled,5,262144,146211000,557.750702,0,0,0,0
heap,16,16,rank_at_head,shuffled,5,262144,104501000,398.639679,0,0,0,0
heap,16,16,rank_at_head,shuffled,6,262144,100831000,384.639740,0,0,0,0
ordered_insert,16,16,rank_at_head,shuffled,6,262144,142343000,542.995453,0,0,0,0
binary_identical,16,16,rank_at_head,shuffled,6,262144,163089000,622.135162,0,0,0,0
binary,16,16,rank_at_head,shuffled,6,262144,163942000,625.389099,0,0,0,0
ordered_insert,16,16,rank_at_tail,sorted,1,2097152,678874000,323.712349,0,0,0,0
heap,16,16,rank_at_tail,sorted,1,2097152,127021000,60.568333,0,0,0,0
binary,16,16,rank_at_tail,sorted,1,2097152,128052000,61.059952,0,0,0,0
binary_identical,16,16,rank_at_tail,sorted,1,2097152,127950000,61.011314,0,0,0,0
binary_identical,16,16,rank_at_tail,sorted,2,2097152,127994000,61.032295,0,0,0,0
binary,16,16,rank_at_tail,sorted,2,2097152,128783000,61.408520,0,0,0,0
heap,16,16,rank_at_tail,sorted,2,2097152,127930000,61.001778,0,0,0,0
ordered_insert,16,16,rank_at_tail,sorted,2,2097152,675368000,322.040558,0,0,0,0
heap,16,16,rank_at_tail,sorted,3,2097152,126998000,60.557365,0,0,0,0
binary,16,16,rank_at_tail,sorted,3,2097152,128066000,61.066628,0,0,0,0
binary_identical,16,16,rank_at_tail,sorted,3,2097152,132255000,63.064098,0,0,0,0
ordered_insert,16,16,rank_at_tail,sorted,3,2097152,683211000,325.780392,0,0,0,0
ordered_insert,16,16,rank_at_tail,sorted,4,2097152,675445000,322.077274,0,0,0,0
binary_identical,16,16,rank_at_tail,sorted,4,2097152,127875000,60.975552,0,0,0,0
binary,16,16,rank_at_tail,sorted,4,2097152,127851000,60.964108,0,0,0,0
heap,16,16,rank_at_tail,sorted,4,2097152,130980000,62.456131,0,0,0,0
binary,16,16,rank_at_tail,sorted,5,2097152,128762000,61.398506,0,0,0,0
binary_identical,16,16,rank_at_tail,sorted,5,2097152,128335000,61.194897,0,0,0,0
ordered_insert,16,16,rank_at_tail,sorted,5,2097152,679518000,324.019432,0,0,0,0
heap,16,16,rank_at_tail,sorted,5,2097152,130615000,62.282085,0,0,0,0
heap,16,16,rank_at_tail,sorted,6,2097152,128390000,61.221123,0,0,0,0
ordered_insert,16,16,rank_at_tail,sorted,6,2097152,676828000,322.736740,0,0,0,0
binary_identical,16,16,rank_at_tail,sorted,6,2097152,128304000,61.180115,0,0,0,0
binary,16,16,rank_at_tail,sorted,6,2097152,127972000,61.021805,0,0,0,0
ordered_insert,16,16,rank_at_tail,reverse,1,524288,389576000,743.057251,0,0,0,0
heap,16,16,rank_at_tail,reverse,1,524288,176398000,336.452484,0,0,0,0
binary,16,16,rank_at_tail,reverse,1,524288,438938000,837.207794,0,0,0,0
binary_identical,16,16,rank_at_tail,reverse,1,524288,438670000,836.696625,0,0,0,0
binary_identical,16,16,rank_at_tail,reverse,2,524288,446999000,852.582932,0,0,0,0
binary,16,16,rank_at_tail,reverse,2,524288,451337000,860.857010,0,0,0,0
heap,16,16,rank_at_tail,reverse,2,524288,175883000,335.470200,0,0,0,0
ordered_insert,16,16,rank_at_tail,reverse,2,524288,384678000,733.715057,0,0,0,0
heap,16,16,rank_at_tail,reverse,3,524288,175875000,335.454941,0,0,0,0
binary,16,16,rank_at_tail,reverse,3,524288,447738000,853.992462,0,0,0,0
binary_identical,16,16,rank_at_tail,reverse,3,524288,440136000,839.492798,0,0,0,0
ordered_insert,16,16,rank_at_tail,reverse,3,524288,389481000,742.876053,0,0,0,0
ordered_insert,16,16,rank_at_tail,reverse,4,524288,392045000,747.766495,0,0,0,0
binary_identical,16,16,rank_at_tail,reverse,4,524288,450704000,859.649658,0,0,0,0
binary,16,16,rank_at_tail,reverse,4,524288,440118000,839.458466,0,0,0,0
heap,16,16,rank_at_tail,reverse,4,524288,176193000,336.061478,0,0,0,0
binary,16,16,rank_at_tail,reverse,5,524288,441571000,842.229843,0,0,0,0
binary_identical,16,16,rank_at_tail,reverse,5,524288,439291000,837.881088,0,0,0,0
ordered_insert,16,16,rank_at_tail,reverse,5,524288,386404000,737.007141,0,0,0,0
heap,16,16,rank_at_tail,reverse,5,524288,175097000,333.971024,0,0,0,0
heap,16,16,rank_at_tail,reverse,6,524288,174881000,333.559036,0,0,0,0
ordered_insert,16,16,rank_at_tail,reverse,6,524288,388824000,741.622925,0,0,0,0
binary_identical,16,16,rank_at_tail,reverse,6,524288,442916000,844.795227,0,0,0,0
binary,16,16,rank_at_tail,reverse,6,524288,442406000,843.822479,0,0,0,0
ordered_insert,16,16,rank_at_tail,shuffled,1,262144,143482000,547.340393,0,0,0,0
heap,16,16,rank_at_tail,shuffled,1,262144,103698000,395.576477,0,0,0,0
binary,16,16,rank_at_tail,shuffled,1,262144,166407000,634.792328,0,0,0,0
binary_identical,16,16,rank_at_tail,shuffled,1,262144,163588000,624.038696,0,0,0,0
binary_identical,16,16,rank_at_tail,shuffled,2,262144,163099000,622.173309,0,0,0,0
binary,16,16,rank_at_tail,shuffled,2,262144,162739000,620.800018,0,0,0,0
heap,16,16,rank_at_tail,shuffled,2,262144,100849000,384.708405,0,0,0,0
ordered_insert,16,16,rank_at_tail,shuffled,2,262144,142435000,543.346405,0,0,0,0
heap,16,16,rank_at_tail,shuffled,3,262144,101696000,387.939453,0,0,0,0
binary,16,16,rank_at_tail,shuffled,3,262144,163692000,624.435425,0,0,0,0
binary_identical,16,16,rank_at_tail,shuffled,3,262144,163798000,624.839783,0,0,0,0
ordered_insert,16,16,rank_at_tail,shuffled,3,262144,142860000,544.967651,0,0,0,0
ordered_insert,16,16,rank_at_tail,shuffled,4,262144,142913000,545.169830,0,0,0,0
binary_identical,16,16,rank_at_tail,shuffled,4,262144,163070000,622.062683,0,0,0,0
binary,16,16,rank_at_tail,shuffled,4,262144,162759000,620.876312,0,0,0,0
heap,16,16,rank_at_tail,shuffled,4,262144,101177000,385.959625,0,0,0,0
binary,16,16,rank_at_tail,shuffled,5,262144,163115000,622.234344,0,0,0,0
binary_identical,16,16,rank_at_tail,shuffled,5,262144,163797000,624.835968,0,0,0,0
ordered_insert,16,16,rank_at_tail,shuffled,5,262144,142343000,542.995453,0,0,0,0
heap,16,16,rank_at_tail,shuffled,5,262144,104970000,400.428772,0,0,0,0
heap,16,16,rank_at_tail,shuffled,6,262144,101425000,386.905670,0,0,0,0
ordered_insert,16,16,rank_at_tail,shuffled,6,262144,144356000,550.674438,0,0,0,0
binary_identical,16,16,rank_at_tail,shuffled,6,262144,163191000,622.524261,0,0,0,0
binary,16,16,rank_at_tail,shuffled,6,262144,163568000,623.962402,0,0,0,0
ordered_insert,16,32,rank_at_head,sorted,1,2097152,681698000,325.058937,0,0,0,0
heap,16,32,rank_at_head,sorted,1,2097152,124155000,59.201717,0,0,0,0
binary,16,32,rank_at_head,sorted,1,2097152,127166000,60.637474,0,0,0,0
binary_identical,16,32,rank_at_head,sorted,1,2097152,127487000,60.790539,0,0,0,0
binary_identical,16,32,rank_at_head,sorted,2,2097152,126896000,60.508728,0,0,0,0
binary,16,32,rank_at_head,sorted,2,2097152,126840000,60.482025,0,0,0,0
heap,16,32,rank_at_head,sorted,2,2097152,124346000,59.292793,0,0,0,0
ordered_insert,16,32,rank_at_head,sorted,2,2097152,676708000,322.679520,0,0,0,0
heap,16,32,rank_at_head,sorted,3,2097152,124646000,59.435844,0,0,0,0
binary,16,32,rank_at_head,sorted,3,2097152,127264000,60.684204,0,0,0,0
binary_identical,16,32,rank_at_head,sorted,3,2097152,126769000,60.448170,0,0,0,0
ordered_insert,16,32,rank_at_head,sorted,3,2097152,675532000,322.118759,0,0,0,0
ordered_insert,16,32,rank_at_head,sorted,4,2097152,675341000,322.027683,0,0,0,0
binary_identical,16,32,rank_at_head,sorted,4,2097152,126849000,60.486317,0,0,0,0
binary,16,32,rank_at_head,sorted,4,2097152,128603000,61.322689,0,0,0,0
heap,16,32,rank_at_head,sorted,4,2097152,126324000,60.235977,0,0,0,0
binary,16,32,rank_at_head,sorted,5,2097152,127195000,60.651302,0,0,0,0
binary_identical,16,32,rank_at_head,sorted,5,2097152,127260000,60.682297,0,0,0,0
ordered_insert,16,32,rank_at_head,sorted,5,2097152,683017000,325.687885,0,0,0,0
heap,16,32,rank_at_head,sorted,5,2097152,124341000,59.290409,0,0,0,0
heap,16,32,rank_at_head,sorted,6,2097152,125368000,59.780121,0,0,0,0
ordered_insert,16,32,rank_at_head,sorted,6,2097152,680459000,324.468136,0,0,0,0
binary_identical,16,32,rank_at_head,sorted,6,2097152,127356000,60.728073,0,0,0,0
binary,16,32,rank_at_head,sorted,6,2097152,126819000,60.472012,0,0,0,0
ordered_insert,16,32,rank_at_head,reverse,1,524288,384950000,734.233856,0,0,0,0
heap,16,32,rank_at_head,reverse,1,524288,172090000,328.235626,0,0,0,0
binary,16,32,rank_at_head,reverse,1,524288,446426000,851.490021,0,0,0,0
binary_identical,16,32,rank_at_head,reverse,1,524288,447553000,853.639603,0,0,0,0
binary_identical,16,32,rank_at_head,reverse,2,524288,445509000,849.740982,0,0,0,0
binary,16,32,rank_at_head,reverse,2,524288,445253000,849.252701,0,0,0,0
heap,16,32,rank_at_head,reverse,2,524288,171467000,327.047348,0,0,0,0
ordered_insert,16,32,rank_at_head,reverse,2,524288,384763000,733.877182,0,0,0,0
heap,16,32,rank_at_head,reverse,3,524288,167386000,319.263458,0,0,0,0
binary,16,32,rank_at_head,reverse,3,524288,445020000,848.808289,0,0,0,0
binary_identical,16,32,rank_at_head,reverse,3,524288,445703000,850.111008,0,0,0,0
ordered_insert,16,32,rank_at_head,reverse,3,524288,382180000,728.950500,0,0,0,0
ordered_insert,16,32,rank_at_head,reverse,4,524288,383828000,732.093811,0,0,0,0
binary_identical,16,32,rank_at_head,reverse,4,524288,446907000,852.407455,0,0,0,0
binary,16,32,rank_at_head,reverse,4,524288,447410000,853.366852,0,0,0,0
heap,16,32,rank_at_head,reverse,4,524288,167672000,319.808960,0,0,0,0
binary,16,32,rank_at_head,reverse,5,524288,445420000,849.571228,0,0,0,0
binary_identical,16,32,rank_at_head,reverse,5,524288,451452000,861.076355,0,0,0,0
ordered_insert,16,32,rank_at_head,reverse,5,524288,386506000,737.201691,0,0,0,0
heap,16,32,rank_at_head,reverse,5,524288,167976000,320.388794,0,0,0,0
heap,16,32,rank_at_head,reverse,6,524288,167656000,319.778442,0,0,0,0
ordered_insert,16,32,rank_at_head,reverse,6,524288,390584000,744.979858,0,0,0,0
binary_identical,16,32,rank_at_head,reverse,6,524288,449912000,858.139038,0,0,0,0
binary,16,32,rank_at_head,reverse,6,524288,451982000,862.087250,0,0,0,0
ordered_insert,16,32,rank_at_head,shuffled,1,524288,286851000,547.124863,0,0,0,0
heap,16,32,rank_at_head,shuffled,1,524288,184668000,352.226257,0,0,0,0
binary,16,32,rank_at_head,shuffled,1,524288,327457000,624.574661,0,0,0,0
binary_identical,16,32,rank_at_head,shuffled,1,524288,328055000,625.715256,0,0,0,0
binary_identical,16,32,rank_at_head,shuffled,2,524288,326540000,622.825623,0,0,0,0
binary,16,32,rank_at_head,shuffled,2,524288,327063000,623.823166,0,0,0,0
heap,16,32,rank_at_head,shuffled,2,524288,184168000,351.272583,0,0,0,0
ordered_insert,16,32,rank_at_head,shuffled,2,524288,287957000,549.234390,0,0,0,0
heap,16,32,rank_at_head,shuffled,3,524288,187641000,357.896805,0,0,0,0
binary,16,32,rank_at_head,shuffled,3,524288,331377000,632.051468,0,0,0,0
binary_identical,16,32,rank_at_head,shuffled,3,524288,327247000,624.174118,0,0,0,0
ordered_insert,16,32,rank_at_head,shuffled,3,524288,286782000,546.993256,0,0,0,0
ordered_insert,16,32,rank_at_head,shuffled,4,524288,286586000,546.619415,0,0,0,0
binary_identical,16,32,rank_at_head,shuffled,4,524288,326411000,622.579575,0,0,0,0
binary,16,32,rank_at_head,shuffled,4,524288,327016000,623.733521,0,0,0,0
heap,16,32,rank_at_head,shuffled,4,524288,184389000,351.694107,0,0,0,0
binary,16,32,rank_at_head,shuffled,5,524288,328401000,626.375198,0,0,0,0
binary_identical,16,32,rank_at_head,shuffled,5,524288,325892000,621.589661,0,0,0,0
ordered_insert,16,32,rank_at_head,shuffled,5,524288,286832000,547.088623,0,0,0,0
heap,16,32,rank_at_head,shuffled,5,524288,184688000,352.264404,0,0,0,0
heap,16,32,rank_at_head,shuffled,6,524288,184396000,351.707458,0,0,0,0
ordered_insert,16,32,rank_at_head,shuffled,6,524288,287331000,548.040390,0,0,0,0
binary_identical,16,32,rank_at_head,shuffled,6,524288,327325000,624.322891,0,0,0,0
binary,16,32,rank_at_head,shuffled,6,524288,325425000,620.698929,0,0,0,0
ordered_insert,16,32,rank_at_tail,sorted,1,2097152,773235000,368.707180,0,0,0,0
heap,16,32,rank_at_tail,sorted,1,2097152,136906000,65.281868,0,0,0,0
binary,16,32,rank_at_tail,sorted,1,2097152,136391000,65.036297,0,0,0,0
binary_identical,16,32,rank_at_tail,sorted,1,2097152,136735000,65.200329,0,0,0,0
binary_identical,16,32,rank_at_tail,sorted,2,2097152,136715000,65.190792,0,0,0,0
binary,16,32,rank_at_tail,sorted,2,2097152,136677000,65.172672,0,0,0,0
heap,16,32,rank_at_tail,sorted,2,2097152,136919000,65.288067,0,0,0,0
ordered_insert,16,32,rank_at_tail,sorted,2,2097152,771483000,367.871761,0,0,0,0
heap,16,32,rank_at_tail,sorted,3,2097152,137335000,65.486431,0,0,0,0
binary,16,32,rank_at_tail,sorted,3,2097152,136247000,64.967632,0,0,0,0
binary_identical,16,32,rank_at_tail,sorted,3,2097152,139379000,66.461086,0,0,0,0
ordered_insert,16,32,rank_at_tail,sorted,3,2097152,768527000,366.462231,0,0,0,0
ordered_insert,16,32,rank_at_tail,sorted,4,2097152,775830000,369.944572,0,0,0,0
binary_identical,16,32,rank_at_tail,sorted,4,2097152,137466000,65.548897,0,0,0,0
binary,16,32,rank_at_tail,sorted,4,2097152,136139000,64.916134,0,0,0,0
heap,16,32,rank_at_tail,sorted,4,2097152,136833000,65.247059,0,0,0,0
binary,16,32,rank_at_tail,sorted,5,2097152,136986000,65.320015,0,0,0,0
binary_identical,16,32,rank_at_tail,sorted,5,2097152,136511000,65.093517,0,0,0,0
ordered_insert,16,32,rank_at_tail,sorted,5,2097152,768979000,366.677761,0,0,0,0
heap,16,32,rank_at_tail,sorted,5,2097152,137141000,65.393925,0,0,0,0
heap,16,32,rank_at_tail,sorted,6,2097152,136710000,65.188408,0,0,0,0
ordered_insert,16,32,rank_at_tail,sorted,6,2097152,768732000,366.559982,0,0,0,0
binary_identical,16,32,rank_at_tail,sorted,6,2097152,136856000,65.258026,0,0,0,0
binary,16,32,rank_at_tail,sorted,6,2097152,136042000,64.869881,0,0,0,0
ordered_insert,16,32,rank_at_tail,reverse,1,524288,424313000,809.312820,0,0,0,0
heap,16,32,rank_at_tail,reverse,1,524288,185600000,354.003906,0,0,0,0
binary,16,32,rank_at_tail,reverse,1,524288,482179000,919.683456,0,0,0,0
binary_identical,16,32,rank_at_tail,reverse,1,524288,480457000,916.399002,0,0,0,0
binary_identical,16,32,rank_at_tail,reverse,2,524288,480044000,915.611267,0,0,0,0
binary,16,32,rank_at_tail,reverse,2,524288,481260000,917.930603,0,0,0,0
heap,16,32,rank_at_tail,reverse,2,524288,186409000,355.546951,0,0,0,0
ordered_insert,16,32,rank_at_tail,reverse,2,524288,422030000,804.958344,0,0,0,0
heap,16,32,rank_at_tail,reverse,3,524288,186517000,355.752945,0,0,0,0
binary,16,32,rank_at_tail,reverse,3,524288,480201000,915.910721,0,0,0,0
binary_identical,16,32,rank_at_tail,reverse,3,524288,479852000,915.245056,0,0,0,0
ordered_insert,16,32,rank_at_tail,reverse,3,524288,420682000,802.387238,0,0,0,0
ordered_insert,16,32,rank_at_tail,reverse,4,524288,418058000,797.382355,0,0,0,0
binary_identical,16,32,rank_at_tail,reverse,4,524288,483524000,922.248840,0,0,0,0
binary,16,32,rank_at_tail,reverse,4,524288,478834000,913.303375,0,0,0,0
heap,16,32,rank_at_tail,reverse,4,524288,187225000,357.103348,0,0,0,0
binary,16,32,rank_at_tail,reverse,5,524288,480522000,916.522980,0,0,0,0
binary_identical,16,32,rank_at_tail,reverse,5,524288,482240000,919.799805,0,0,0,0
ordered_insert,16,32,rank_at_tail,reverse,5,524288,419848000,800.796509,0,0,0,0
heap,16,32,rank_at_tail,reverse,5,524288,186535000,355.787277,0,0,0,0
heap,16,32,rank_at_tail,reverse,6,524288,187743000,358.091354,0,0,0,0
ordered_insert,16,32,rank_at_tail,reverse,6,524288,420847000,802.701950,0,0,0,0
binary_identical,16,32,rank_at_tail,reverse,6,524288,481195000,917.806625,0,0,0,0
binary,16,32,rank_at_tail,reverse,6,524288,481521000,918.428421,0,0,0,0
ordered_insert,16,32,rank_at_tail,shuffled,1,262144,159200000,607.299805,0,0,0,0
heap,16,32,rank_at_tail,shuffled,1,262144,102849000,392.337799,0,0,0,0
binary,16,32,rank_at_tail,shuffled,1,262144,180417000,688.236237,0,0,0,0
binary_identical,16,32,rank_at_tail,shuffled,1,262144,180794000,689.674377,0,0,0,0
binary_identical,16,32,rank_at_tail,shuffled,2,262144,179310000,684.013367,0,0,0,0
binary,16,32,rank_at_tail,shuffled,2,262144,180291000,687.755585,0,0,0,0
heap,16,32,rank_at_tail,shuffled,2,262144,102638000,391.532898,0,0,0,0
ordered_insert,16,32,rank_at_tail,shuffled,2,262144,159882000,609.901428,0,0,0,0
heap,16,32,rank_at_tail,shuffled,3,262144,102702000,391.777039,0,0,0,0
binary,16,32,rank_at_tail,shuffled,3,262144,178439000,680.690765,0,0,0,0
binary_identical,16,32,rank_at_tail,shuffled,3,262144,179721000,685.581207,0,0,0,0
ordered_insert,16,32,rank_at_tail,shuffled,3,262144,159810000,609.626770,0,0,0,0
ordered_insert,16,32,rank_at_tail,shuffled,4,262144,159653000,609.027863,0,0,0,0
binary_identical,16,32,rank_at_tail,shuffled,4,262144,178262000,680.015564,0,0,0,0
binary,16,32,rank_at_tail,shuffled,4,262144,178952000,682.647705,0,0,0,0
heap,16,32,rank_at_tail,shuffled,4,262144,102686000,391.716003,0,0,0,0
binary,16,32,rank_at_tail,shuffled,5,262144,178372000,680.435181,0,0,0,0
binary_identical,16,32,rank_at_tail,shuffled,5,262144,179821000,685.962677,0,0,0,0
ordered_insert,16,32,rank_at_tail,shuffled,5,262144,159588000,608.779907,0,0,0,0
heap,16,32,rank_at_tail,shuffled,5,262144,102843000,392.314911,0,0,0,0
heap,16,32,rank_at_tail,shuffled,6,262144,102557000,391.223907,0,0,0,0
ordered_insert,16,32,rank_at_tail,shuffled,6,262144,159207000,607.326508,0,0,0,0
binary_identical,16,32,rank_at_tail,shuffled,6,262144,178489000,680.881500,0,0,0,0
binary,16,32,rank_at_tail,shuffled,6,262144,178690000,681.648254,0,0,0,0
ordered_insert,16,256,rank_at_head,sorted,1,2097152,714486000,340.693474,0,0,0,0
heap,16,256,rank_at_head,sorted,1,2097152,139978000,66.746712,0,0,0,0
binary,16,256,rank_at_head,sorted,1,2097152,144783000,69.037914,0,0,0,0
binary_identical,16,256,rank_at_head,sorted,1,2097152,141554000,67.498207,0,0,0,0
binary_identical,16,256,rank_at_head,sorted,2,2097152,141434000,67.440987,0,0,0,0
binary,16,256,rank_at_head,sorted,2,2097152,141819000,67.624569,0,0,0,0
heap,16,256,rank_at_head,sorted,2,2097152,139259000,66.403866,0,0,0,0
ordered_insert,16,256,rank_at_head,sorted,2,2097152,714411000,340.657711,0,0,0,0
heap,16,256,rank_at_head,sorted,3,2097152,139313000,66.429615,0,0,0,0
binary,16,256,rank_at_head,sorted,3,2097152,141224000,67.340851,0,0,0,0
binary_identical,16,256,rank_at_head,sorted,3,2097152,142011000,67.716122,0,0,0,0
ordered_insert,16,256,rank_at_head,sorted,3,2097152,716241000,341.530323,0,0,0,0
ordered_insert,16,256,rank_at_head,sorted,4,2097152,715301000,341.082096,0,0,0,0
binary_identical,16,256,rank_at_head,sorted,4,2097152,141431000,67.439556,0,0,0,0
binary,16,256,rank_at_head,sorted,4,2097152,141228000,67.342758,0,0,0,0
heap,16,256,rank_at_head,sorted,4,2097152,139209000,66.380024,0,0,0,0
binary,16,256,rank_at_head,sorted,5,2097152,141474000,67.460060,0,0,0,0
binary_identical,16,256,rank_at_head,sorted,5,2097152,141182000,67.320824,0,0,0,0
ordered_insert,16,256,rank_at_head,sorted,5,2097152,718716000,342.710495,0,0,0,0
heap,16,256,rank_at_head,sorted,5,2097152,138972000,66.267014,0,0,0,0
heap,16,256,rank_at_head,sorted,6,2097152,140594000,67.040443,0,0,0,0
ordered_insert,16,256,rank_at_head,sorted,6,2097152,713520000,340.232849,0,0,0,0
binary_identical,16,256,rank_at_head,sorted,6,2097152,141017000,67.242146,0,0,0,0
binary,16,256,rank_at_head,sorted,6,2097152,141040000,67.253113,0,0,0,0
ordered_insert,16,256,rank_at_head,reverse,1,524288,386605000,737.390518,0,0,0,0
heap,16,256,rank_at_head,reverse,1,524288,179031000,341.474533,0,0,0,0
binary,16,256,rank_at_head,reverse,1,524288,485582000,926.174164,0,0,0,0
binary_identical,16,256,rank_at_head,reverse,1,524288,488322000,931.400299,0,0,0,0
binary_identical,16,256,rank_at_head,reverse,2,524288,487437000,929.712296,0,0,0,0
binary,16,256,rank_at_head,reverse,2,524288,491214000,936.916351,0,0,0,0
heap,16,256,rank_at_head,reverse,2,524288,178912000,341.247559,0,0,0,0
ordered_insert,16,256,rank_at_head,reverse,2,524288,382209000,729.005814,0,0,0,0
heap,16,256,rank_at_head,reverse,3,524288,177803000,339.132309,0,0,0,0
binary,16,256,rank_at_head,reverse,3,524288,486533000,927.988052,0,0,0,0
binary_identical,16,256,rank_at_head,reverse,3,524288,487022000,928.920746,0,0,0,0
ordered_insert,16,256,rank_at_head,reverse,3,524288,392206000,748.073578,0,0,0,0
ordered_insert,16,256,rank_at_head,reverse,4,524288,382288000,729.156494,0,0,0,0
binary_identical,16,256,rank_at_head,reverse,4,524288,485145000,925.340652,0,0,0,0
binary,16,256,rank_at_head,reverse,4,524288,485184000,925.415039,0,0,0,0
heap,16,256,rank_at_head,reverse,4,524288,178378000,340.229034,0,0,0,0
binary,16,256,rank_at_head,reverse,5,524288,487922000,930.637360,0,0,0,0
binary_identical,16,256,rank_at_head,reverse,5,524288,493670000,941.600800,0,0,0,0
ordered_insert,16,256,rank_at_head,reverse,5,524288,385581000,735.437393,0,0,0,0
heap,16,256,rank_at_head,reverse,5,524288,178173000,339.838028,0,0,0,0
heap,16,256,rank_at_head,reverse,6,524288,179669000,342.691422,0,0,0,0
ordered_insert,16,256,rank_at_head,reverse,6,524288,386555000,737.295151,0,0,0,0
binary_identical,16,256,rank_at_head,reverse,6,524288,486096000,927.154541,0,0,0,0
binary,16,256,rank_at_head,reverse,6,524288,484892000,924.858093,0,0,0,0
ordered_insert,16,256,rank_at_head,shuffled,1,524288,294223000,561.185837,0,0,0,0
heap,16,256,rank_at_head,shuffled,1,524288,198566000,378.734589,0,0,0,0
binary,16,256,rank_at_head,shuffled,1,524288,357969000,682.771683,0,0,0,0
binary_identical,16,256,rank_at_head,shuffled,1,524288,363455000,693.235397,0,0,0,0
binary_identical,16,256,rank_at_head,shuffled,2,524288,356901000,680.734634,0,0,0,0
binary,16,256,rank_at_head,shuffled,2,524288,357791000,682.432175,0,0,0,0
heap,16,256,rank_at_head,shuffled,2,524288,199453000,380.426407,0,0,0,0
ordered_insert,16,256,rank_at_head,shuffled,2,524288,293467000,559.743881,0,0,0,0
heap,16,256,rank_at_head,shuffled,3,524288,201315000,383.977890,0,0,0,0
binary,16,256,rank_at_head,shuffled,3,524288,357156000,681.221008,0,0,0,0
binary_identical,16,256,rank_at_head,shuffled,3,524288,358489000,683.763504,0,0,0,0
ordered_insert,16,256,rank_at_head,shuffled,3,524288,293887000,560.544968,0,0,0,0
ordered_insert,16,256,rank_at_head,shuffled,4,524288,292251000,557.424545,0,0,0,0
binary_identical,16,256,rank_at_head,shuffled,4,524288,358788000,684.333801,0,0,0,0
binary,16,256,rank_at_head,shuffled,4,524288,358908000,684.562683,0,0,0,0
heap,16,256,rank_at_head,shuffled,4,524288,198717000,379.022598,0,0,0,0
binary,16,256,rank_at_head,shuffled,5,524288,358023000,682.874680,0,0,0,0
binary_identical,16,256,rank_at_head,shuffled,5,524288,362019000,690.496445,0,0,0,0
ordered_insert,16,256,rank_at_head,shuffled,5,524288,293196000,559.226990,0,0,0,0
heap,16,256,rank_at_head,shuffled,5,524288,198786000,379.154205,0,0,0,0
heap,16,256,rank_at_head,shuffled,6,524288,209471000,399.534225,0,0,0,0
ordered_insert,16,256,rank_at_head,shuffled,6,524288,296801000,566.102982,0,0,0,0
binary_identical,16,256,rank_at_head,shuffled,6,524288,357002000,680.927277,0,0,0,0
binary,16,256,rank_at_head,shuffled,6,524288,357892000,682.624817,0,0,0,0
ordered_insert,16,256,rank_at_tail,sorted,1,1048576,648551000,618.506432,0,0,0,0
heap,16,256,rank_at_tail,sorted,1,1048576,156481000,149.231911,0,0,0,0
binary,16,256,rank_at_tail,sorted,1,1048576,153172000,146.076202,0,0,0,0
binary_identical,16,256,rank_at_tail,sorted,1,1048576,153545000,146.431923,0,0,0,0
binary_identical,16,256,rank_at_tail,sorted,2,1048576,154290000,147.142410,0,0,0,0
binary,16,256,rank_at_tail,sorted,2,1048576,153764000,146.640778,0,0,0,0
heap,16,256,rank_at_tail,sorted,2,1048576,157244000,149.959564,0,0,0,0
ordered_insert,16,256,rank_at_tail,sorted,2,1048576,646232000,616.294861,0,0,0,0
heap,16,256,rank_at_tail,sorted,3,1048576,160732000,153.285980,0,0,0,0
binary,16,256,rank_at_tail,sorted,3,1048576,156013000,148.785591,0,0,0,0
binary_identical,16,256,rank_at_tail,sorted,3,1048576,153452000,146.343231,0,0,0,0
ordered_insert,16,256,rank_at_tail,sorted,3,1048576,645162000,615.274429,0,0,0,0
ordered_insert,16,256,rank_at_tail,sorted,4,1048576,646937000,616.967201,0,0,0,0
binary_identical,16,256,rank_at_tail,sorted,4,1048576,152982000,145.895004,0,0,0,0
binary,16,256,rank_at_tail,sorted,4,1048576,153654000,146.535873,0,0,0,0
heap,16,256,rank_at_tail,sorted,4,1048576,157375000,150.084496,0,0,0,0
binary,16,256,rank_at_tail,sorted,5,1048576,155222000,148.031235,0,0,0,0
binary_identical,16,256,rank_at_tail,sorted,5,1048576,154054000,146.917343,0,0,0,0
ordered_insert,16,256,rank_at_tail,sorted,5,1048576,644580000,614.719391,0,0,0,0
heap,16,256,rank_at_tail,sorted,5,1048576,156983000,149.710655,0,0,0,0
heap,16,256,rank_at_tail,sorted,6,1048576,157818000,150.506973,0,0,0,0
ordered_insert,16,256,rank_at_tail,sorted,6,1048576,645830000,615.911484,0,0,0,0
binary_identical,16,256,rank_at_tail,sorted,6,1048576,155236000,148.044586,0,0,0,0
binary,16,256,rank_at_tail,sorted,6,1048576,153774000,146.650314,0,0,0,0
ordered_insert,16,256,rank_at_tail,reverse,1,131072,123436000,941.741943,0,0,0,0
heap,16,256,rank_at_tail,reverse,1,131072,143425000,1094.245911,0,0,0,0
binary,16,256,rank_at_tail,reverse,1,131072,171818000,1310.867310,0,0,0,0
binary_identical,16,256,rank_at_tail,reverse,1,131072,170881000,1303.718567,0,0,0,0
binary_identical,16,256,rank_at_tail,reverse,2,131072,171102000,1305.404663,0,0,0,0
binary,16,256,rank_at_tail,reverse,2,131072,173531000,1323.936462,0,0,0,0
heap,16,256,rank_at_tail,reverse,2,131072,141580000,1080.169678,0,0,0,0
ordered_insert,16,256,rank_at_tail,reverse,2,131072,121727000,928.703308,0,0,0,0
heap,16,256,rank_at_tail,reverse,3,131072,141072000,1076.293945,0,0,0,0
binary,16,256,rank_at_tail,reverse,3,131072,170891000,1303.794861,0,0,0,0
binary_identical,16,256,rank_at_tail,reverse,3,131072,171117000,1305.519104,0,0,0,0
ordered_insert,16,256,rank_at_tail,reverse,3,131072,120630000,920.333862,0,0,0,0
ordered_insert,16,256,rank_at_tail,reverse,4,131072,123007000,938.468933,0,0,0,0
binary_identical,16,256,rank_at_tail,reverse,4,131072,172246000,1314.132690,0,0,0,0
binary,16,256,rank_at_tail,reverse,4,131072,171401000,1307.685852,0,0,0,0
heap,16,256,rank_at_tail,reverse,4,131072,142740000,1089.019775,0,0,0,0
binary,16,256,rank_at_tail,reverse,5,131072,171419000,1307.823181,0,0,0,0
binary_identical,16,256,rank_at_tail,reverse,5,131072,171532000,1308.685303,0,0,0,0
ordered_insert,16,256,rank_at_tail,reverse,5,131072,121699000,928.489685,0,0,0,0
heap,16,256,rank_at_tail,reverse,5,131072,140441000,1071.479797,0,0,0,0
heap,16,256,rank_at_tail,reverse,6,131072,141729000,1081.306458,0,0,0,0
ordered_insert,16,256,rank_at_tail,reverse,6,131072,120279000,917.655945,0,0,0,0
binary_identical,16,256,rank_at_tail,reverse,6,131072,172280000,1314.392090,0,0,0,0
binary,16,256,rank_at_tail,reverse,6,131072,170959000,1304.313660,0,0,0,0
ordered_insert,16,256,rank_at_tail,shuffled,1,131072,109564000,835.906982,0,0,0,0
heap,16,256,rank_at_tail,shuffled,1,131072,151392000,1155.029297,0,0,0,0
binary,16,256,rank_at_tail,shuffled,1,131072,155812000,1188.751221,0,0,0,0
binary_identical,16,256,rank_at_tail,shuffled,1,131072,153689000,1172.554016,0,0,0,0
binary_identical,16,256,rank_at_tail,shuffled,2,131072,151643000,1156.944275,0,0,0,0
binary,16,256,rank_at_tail,shuffled,2,131072,156486000,1193.893433,0,0,0,0
heap,16,256,rank_at_tail,shuffled,2,131072,153050000,1167.678833,0,0,0,0
ordered_insert,16,256,rank_at_tail,shuffled,2,131072,110780000,845.184326,0,0,0,0
heap,16,256,rank_at_tail,shuffled,3,131072,153835000,1173.667908,0,0,0,0
binary,16,256,rank_at_tail,shuffled,3,131072,150810000,1150.588989,0,0,0,0
binary_identical,16,256,rank_at_tail,shuffled,3,131072,152425000,1162.910461,0,0,0,0
ordered_insert,16,256,rank_at_tail,shuffled,3,131072,110789000,845.252991,0,0,0,0
ordered_insert,16,256,rank_at_tail,shuffled,4,131072,109884000,838.348389,0,0,0,0
binary_identical,16,256,rank_at_tail,shuffled,4,131072,152909000,1166.603088,0,0,0,0
binary,16,256,rank_at_tail,shuffled,4,131072,154059000,1175.376892,0,0,0,0
heap,16,256,rank_at_tail,shuffled,4,131072,152161000,1160.896301,0,0,0,0
binary,16,256,rank_at_tail,shuffled,5,131072,155780000,1188.507080,0,0,0,0
binary_identical,16,256,rank_at_tail,shuffled,5,131072,156377000,1193.061829,0,0,0,0
ordered_insert,16,256,rank_at_tail,shuffled,5,131072,108652000,828.948975,0,0,0,0
heap,16,256,rank_at_tail,shuffled,5,131072,152317000,1162.086487,0,0,0,0
heap,16,256,rank_at_tail,shuffled,6,131072,152261000,1161.659241,0,0,0,0
ordered_insert,16,256,rank_at_tail,shuffled,6,131072,110586000,843.704224,0,0,0,0
binary_identical,16,256,rank_at_tail,shuffled,6,131072,154613000,1179.603577,0,0,0,0
binary,16,256,rank_at_tail,shuffled,6,131072,154742000,1180.587769,0,0,0,0
ordered_insert,17,8,rank_at_head,sorted,1,2097152,629800000,300.312042,0,0,0,0
heap,17,8,rank_at_head,sorted,1,2097152,192610000,91.843605,0,0,0,0
binary,17,8,rank_at_head,sorted,1,2097152,192026000,91.565132,0,0,0,0
binary_identical,17,8,rank_at_head,sorted,1,2097152,191393000,91.263294,0,0,0,0
binary_identical,17,8,rank_at_head,sorted,2,2097152,191422000,91.277122,0,0,0,0
binary,17,8,rank_at_head,sorted,2,2097152,192179000,91.638088,0,0,0,0
heap,17,8,rank_at_head,sorted,2,2097152,189866000,90.535164,0,0,0,0
ordered_insert,17,8,rank_at_head,sorted,2,2097152,628515000,299.699306,0,0,0,0
heap,17,8,rank_at_head,sorted,3,2097152,190476000,90.826035,0,0,0,0
binary,17,8,rank_at_head,sorted,3,2097152,191623000,91.372967,0,0,0,0
binary_identical,17,8,rank_at_head,sorted,3,2097152,193811000,92.416286,0,0,0,0
ordered_insert,17,8,rank_at_head,sorted,3,2097152,626183000,298.587322,0,0,0,0
ordered_insert,17,8,rank_at_head,sorted,4,2097152,631389000,301.069736,0,0,0,0
binary_identical,17,8,rank_at_head,sorted,4,2097152,192547000,91.813564,0,0,0,0
binary,17,8,rank_at_head,sorted,4,2097152,191278000,91.208458,0,0,0,0
heap,17,8,rank_at_head,sorted,4,2097152,189996000,90.597153,0,0,0,0
binary,17,8,rank_at_head,sorted,5,2097152,191948000,91.527939,0,0,0,0
binary_identical,17,8,rank_at_head,sorted,5,2097152,193642000,92.335701,0,0,0,0
ordered_insert,17,8,rank_at_head,sorted,5,2097152,636769000,303.635120,0,0,0,0
heap,17,8,rank_at_head,sorted,5,2097152,196467000,93.682766,0,0,0,0
heap,17,8,rank_at_head,sorted,6,2097152,192663000,91.868877,0,0,0,0
ordered_insert,17,8,rank_at_head,sorted,6,2097152,626715000,298.841000,0,0,0,0
binary_identical,17,8,rank_at_head,sorted,6,2097152,191258000,91.198921,0,0,0,0
binary,17,8,rank_at_head,sorted,6,2097152,190780000,90.970993,0,0,0,0
ordered_insert,17,8,rank_at_head,reverse,1,262144,160367000,611.751556,0,0,0,0
heap,17,8,rank_at_head,reverse,1,262144,112246000,428.184509,0,0,0,0
binary,17,8,rank_at_head,reverse,1,262144,112906000,430.702209,0,0,0,0
binary_identical,17,8,rank_at_head,reverse,1,262144,113686000,433.677673,0,0,0,0
binary_identical,17,8,rank_at_head,reverse,2,262144,112272000,428.283691,0,0,0,0
binary,17,8,rank_at_head,reverse,2,262144,112144000,427.795410,0,0,0,0
heap,17,8,rank_at_head,reverse,2,262144,112086000,427.574158,0,0,0,0
ordered_insert,17,8,rank_at_head,reverse,2,262144,160663000,612.880707,0,0,0,0
heap,17,8,rank_at_head,reverse,3,262144,114847000,438.106537,0,0,0,0
binary,17,8,rank_at_head,reverse,3,262144,112552000,429.351807,0,0,0,0
binary_identical,17,8,rank_at_head,reverse,3,262144,112108000,427.658081,0,0,0,0
ordered_insert,17,8,rank_at_head,reverse,3,262144,159931000,610.088348,0,0,0,0
ordered_insert,17,8,rank_at_head,reverse,4,262144,160603000,612.651825,0,0,0,0
binary_identical,17,8,rank_at_head,reverse,4,262144,112258000,428.230286,0,0,0,0
binary,17,8,rank_at_head,reverse,4,262144,112626000,429.634094,0,0,0,0
heap,17,8,rank_at_head,reverse,4,262144,112644000,429.702759,0,0,0,0
binary,17,8,rank_at_head,reverse,5,262144,113150000,431.632996,0,0,0,0
binary_identical,17,8,rank_at_head,reverse,5,262144,112193000,427.982330,0,0,0,0
ordered_insert,17,8,rank_at_head,reverse,5,262144,159366000,607.933044,0,0,0,0
heap,17,8,rank_at_head,reverse,5,262144,112325000,428.485870,0,0,0,0
heap,17,8,rank_at_head,reverse,6,262144,112860000,430.526733,0,0,0,0
ordered_insert,17,8,rank_at_head,reverse,6,262144,160996000,614.151001,0,0,0,0
binary_identical,17,8,rank_at_head,reverse,6,262144,112646000,429.710388,0,0,0,0
binary,17,8,rank_at_head,reverse,6,262144,113638000,433.494568,0,0,0,0
ordered_insert,17,8,rank_at_head,shuffled,1,262144,137526000,524.620056,0,0,0,0
heap,17,8,rank_at_head,shuffled,1,262144,121134000,462.089539,0,0,0,0
binary,17,8,rank_at_head,shuffled,1,262144,123199000,469.966888,0,0,0,0
binary_identical,17,8,rank_at_head,shuffled,1,262144,125870000,480.155945,0,0,0,0
binary_identical,17,8,rank_at_head,shuffled,2,262144,123501000,471.118927,0,0,0,0
binary,17,8,rank_at_head,shuffled,2,262144,122114000,465.827942,0,0,0,0
heap,17,8,rank_at_head,shuffled,2,262144,122060000,465.621948,0,0,0,0
ordered_insert,17,8,rank_at_head,shuffled,2,262144,138121000,526.889801,0,0,0,0
heap,17,8,rank_at_head,shuffled,3,262144,121086000,461.906433,0,0,0,0
binary,17,8,rank_at_head,shuffled,3,262144,122666000,467.933655,0,0,0,0
binary_identical,17,8,rank_at_head,shuffled,3,262144,122696000,468.048096,0,0,0,0
ordered_insert,17,8,rank_at_head,shuffled,3,262144,137615000,524.959564,0,0,0,0
ordered_insert,17,8,rank_at_head,shuffled,4,262144,137483000,524.456024,0,0,0,0
binary_identical,17,8,rank_at_head,shuffled,4,262144,122460000,467.147827,0,0,0,0
binary,17,8,rank_at_head,shuffled,4,262144,121980000,465.316772,0,0,0,0
heap,17,8,rank_at_head,shuffled,4,262144,122138000,465.919495,0,0,0,0
binary,17,8,rank_at_head,shuffled,5,262144,123155000,469.799042,0,0,0,0
binary_identical,17,8,rank_at_head,shuffled,5,262144,122332000,466.659546,0,0,0,0
ordered_insert,17,8,rank_at_head,shuffled,5,262144,137380000,524.063110,0,0,0,0
heap,17,8,rank_at_head,shuffled,5,262144,120912000,461.242676,0,0,0,0
heap,17,8,rank_at_head,shuffled,6,262144,120671000,460.323334,0,0,0,0
ordered_insert,17,8,rank_at_head,shuffled,6,262144,137553000,524.723053,0,0,0,0
binary_identical,17,8,rank_at_head,shuffled,6,262144,122627000,467.784882,0,0,0,0
binary,17,8,rank_at_head,shuffled,6,262144,122993000,469.181061,0,0,0,0
ordered_insert,17,8,rank_at_tail,sorted,1,2097152,634100000,302.362442,0,0,0,0
heap,17,8,rank_at_tail,sorted,1,2097152,193609000,92.319965,0,0,0,0
binary,17,8,rank_at_tail,sorted,1,2097152,193843000,92.431545,0,0,0,0
binary_identical,17,8,rank_at_tail,sorted,1,2097152,194664000,92.823029,0,0,0,0
binary_identical,17,8,rank_at_tail,sorted,2,2097152,194212000,92.607498,0,0,0,0
binary,17,8,rank_at_tail,sorted,2,2097152,194676000,92.828751,0,0,0,0
heap,17,8,rank_at_tail,sorted,2,2097152,193384000,92.212677,0,0,0,0
ordered_insert,17,8,rank_at_tail,sorted,2,2097152,644545000,307.343006,0,0,0,0
heap,17,8,rank_at_tail,sorted,3,2097152,194752000,92.864990,0,0,0,0
binary,17,8,rank_at_tail,sorted,3,2097152,196244000,93.576431,0,0,0,0
binary_identical,17,8,rank_at_tail,sorted,3,2097152,196170000,93.541145,0,0,0,0
ordered_insert,17,8,rank_at_tail,sorted,3,2097152,643340000,306.768417,0,0,0,0
ordered_insert,17,8,rank_at_tail,sorted,4,2097152,639813000,305.086613,0,0,0,0
binary_identical,17,8,rank_at_tail,sorted,4,2097152,194989000,92.978001,0,0,0,0
binary,17,8,rank_at_tail,sorted,4,2097152,195303000,93.127728,0,0,0,0
heap,17,8,rank_at_tail,sorted,4,2097152,196476000,93.687057,0,0,0,0
binary,17,8,rank_at_tail,sorted,5,2097152,196046000,93.482018,0,0,0,0
binary_identical,17,8,rank_at_tail,sorted,5,2097152,194880000,92.926025,0,0,0,0
ordered_insert,17,8,rank_at_tail,sorted,5,2097152,641277000,305.784702,0,0,0,0
heap,17,8,rank_at_tail,sorted,5,2097152,195454000,93.199730,0,0,0,0
heap,17,8,rank_at_tail,sorted,6,2097152,194388000,92.691422,0,0,0,0
ordered_insert,17,8,rank_at_tail,sorted,6,2097152,639394000,304.886818,0,0,0,0
binary_identical,17,8,rank_at_tail,sorted,6,2097152,195388000,93.168259,0,0,0,0
binary,17,8,rank_at_tail,sorted,6,2097152,196523000,93.709469,0,0,0,0
ordered_insert,17,8,rank_at_tail,reverse,1,262144,163345000,623.111725,0,0,0,0
heap,17,8,rank_at_tail,reverse,1,262144,114809000,437.961578,0,0,0,0
binary,17,8,rank_at_tail,reverse,1,262144,115285000,439.777374,0,0,0,0
binary_identical,17,8,rank_at_tail,reverse,1,262144,115499000,440.593719,0,0,0,0
binary_identical,17,8,rank_at_tail,reverse,2,262144,114812000,437.973022,0,0,0,0
binary,17,8,rank_at_tail,reverse,2,262144,113576000,433.258057,0,0,0,0
heap,17,8,rank_at_tail,reverse,2,262144,115108000,439.102173,0,0,0,0
ordered_insert,17,8,rank_at_tail,reverse,2,262144,163485000,623.645782,0,0,0,0
heap,17,8,rank_at_tail,reverse,3,262144,114711000,437.587738,0,0,0,0
binary,17,8,rank_at_tail,reverse,3,262144,114778000,437.843323,0,0,0,0
binary_identical,17,8,rank_at_tail,reverse,3,262144,114771000,437.816620,0,0,0,0
ordered_insert,17,8,rank_at_tail,reverse,3,262144,163895000,625.209808,0,0,0,0
ordered_insert,17,8,rank_at_tail,reverse,4,262144,165842000,632.637024,0,0,0,0
binary_identical,17,8,rank_at_tail,reverse,4,262144,114213000,435.688019,0,0,0,0
binary,17,8,rank_at_tail,reverse,4,262144,115914000,442.176819,0,0,0,0
heap,17,8,rank_at_tail,reverse,4,262144,115066000,438.941956,0,0,0,0
binary,17,8,rank_at_tail,reverse,5,262144,112605000,429.553986,0,0,0,0
binary_identical,17,8,rank_at_tail,reverse,5,262144,112424000,428.863525,0,0,0,0
ordered_insert,17,8,rank_at_tail,reverse,5,262144,160152000,610.931396,0,0,0,0
heap,17,8,rank_at_tail,reverse,5,262144,113263000,432.064056,0,0,0,0
heap,17,8,rank_at_tail,reverse,6,262144,112094000,427.604675,0,0,0,0
ordered_insert,17,8,rank_at_tail,reverse,6,262144,161410000,615.730286,0,0,0,0
binary_identical,17,8,rank_at_tail,reverse,6,262144,112625000,429.630280,0,0,0,0
binary,17,8,rank_at_tail,reverse,6,262144,112577000,429.447174,0,0,0,0
ordered_insert,17,8,rank_at_tail,shuffled,1,262144,141990000,541.648865,0,0,0,0
heap,17,8,rank_at_tail,shuffled,1,262144,121864000,464.874268,0,0,0,0
binary,17,8,rank_at_tail,shuffled,1,262144,122511000,467.342377,0,0,0,0
binary_identical,17,8,rank_at_tail,shuffled,1,262144,124075000,473.308563,0,0,0,0
binary_identical,17,8,rank_at_tail,shuffled,2,262144,123149000,469.776154,0,0,0,0
binary,17,8,rank_at_tail,shuffled,2,262144,122490000,467.262268,0,0,0,0
heap,17,8,rank_at_tail,shuffled,2,262144,121228000,462.448120,0,0,0,0
ordered_insert,17,8,rank_at_tail,shuffled,2,262144,137423000,524.227142,0,0,0,0
heap,17,8,rank_at_tail,shuffled,3,262144,122173000,466.053009,0,0,0,0
binary,17,8,rank_at_tail,shuffled,3,262144,123418000,470.802307,0,0,0,0
binary_identical,17,8,rank_at_tail,shuffled,3,262144,122385000,466.861725,0,0,0,0
ordered_insert,17,8,rank_at_tail,shuffled,3,262144,138184000,527.130127,0,0,0,0
ordered_insert,17,8,rank_at_tail,shuffled,4,262144,137302000,523.765564,0,0,0,0
binary_identical,17,8,rank_at_tail,shuffled,4,262144,122897000,468.814850,0,0,0,0
binary,17,8,rank_at_tail,shuffled,4,262144,122373000,466.815948,0,0,0,0
heap,17,8,rank_at_tail,shuffled,4,262144,121461000,463.336945,0,0,0,0
binary,17,8,rank_at_tail,shuffled,5,262144,122643000,467.845917,0,0,0,0
binary_identical,17,8,rank_at_tail,shuffled,5,262144,123295000,470.333099,0,0,0,0
ordered_insert,17,8,rank_at_tail,shuffled,5,262144,137679000,525.203705,0,0,0,0
heap,17,8,rank_at_tail,shuffled,5,262144,120697000,460.422516,0,0,0,0
heap,17,8,rank_at_tail,shuffled,6,262144,121128000,462.066650,0,0,0,0
ordered_insert,17,8,rank_at_tail,shuffled,6,262144,137858000,525.886536,0,0,0,0
binary_identical,17,8,rank_at_tail,shuffled,6,262144,122447000,467.098236,0,0,0,0
binary,17,8,rank_at_tail,shuffled,6,262144,122876000,468.734741,0,0,0,0
ordered_insert,17,16,rank_at_head,sorted,1,2097152,719669000,343.164921,0,0,0,0
heap,17,16,rank_at_head,sorted,1,2097152,187103000,89.217663,0,0,0,0
binary,17,16,rank_at_head,sorted,1,2097152,180921000,86.269855,0,0,0,0
binary_identical,17,16,rank_at_head,sorted,1,2097152,182211000,86.884975,0,0,0,0
binary_identical,17,16,rank_at_head,sorted,2,2097152,181435000,86.514950,0,0,0,0
binary,17,16,rank_at_head,sorted,2,2097152,181069000,86.340427,0,0,0,0
heap,17,16,rank_at_head,sorted,2,2097152,187113000,89.222431,0,0,0,0
ordered_insert,17,16,rank_at_head,sorted,2,2097152,722868000,344.690323,0,0,0,0
heap,17,16,rank_at_head,sorted,3,2097152,187375000,89.347363,0,0,0,0
binary,17,16,rank_at_head,sorted,3,2097152,180950000,86.283684,0,0,0,0
binary_identical,17,16,rank_at_head,sorted,3,2097152,180877000,86.248875,0,0,0,0
ordered_insert,17,16,rank_at_head,sorted,3,2097152,723998000,345.229149,0,0,0,0
ordered_insert,17,16,rank_at_head,sorted,4,2097152,719657000,343.159199,0,0,0,0
binary_identical,17,16,rank_at_head,sorted,4,2097152,181550000,86.569786,0,0,0,0
binary,17,16,rank_at_head,sorted,4,2097152,181050000,86.331367,0,0,0,0
heap,17,16,rank_at_head,sorted,4,2097152,187368000,89.344025,0,0,0,0
binary,17,16,rank_at_head,sorted,5,2097152,192530000,91.805458,0,0,0,0
binary_identical,17,16,rank_at_head,sorted,5,2097152,183553000,87.524891,0,0,0,0
ordered_insert,17,16,rank_at_head,sorted,5,2097152,718859000,342.778683,0,0,0,0
heap,17,16,rank_at_head,sorted,5,2097152,187200000,89.263916,0,0,0,0
heap,17,16,rank_at_head,sorted,6,2097152,189100000,90.169907,0,0,0,0
ordered_insert,17,16,rank_at_head,sorted,6,2097152,717975000,342.357159,0,0,0,0
binary_identical,17,16,rank_at_head,sorted,6,2097152,180623000,86.127758,0,0,0,0
binary,17,16,rank_at_head,sorted,6,2097152,182395000,86.972713,0,0,0,0
ordered_insert,17,16,rank_at_head,reverse,1,262144,214300000,817.489624,0,0,0,0
heap,17,16,rank_at_head,reverse,1,262144,107145000,408.725739,0,0,0,0
binary,17,16,rank_at_head,reverse,1,262144,103592000,395.172119,0,0,0,0
binary_identical,17,16,rank_at_head,reverse,1,262144,103484000,394.760132,0,0,0,0
binary_identical,17,16,rank_at_head,reverse,2,262144,103714000,395.637512,0,0,0,0
binary,17,16,rank_at_head,reverse,2,262144,103227000,393.779755,0,0,0,0
heap,17,16,rank_at_head,reverse,2,262144,105577000,402.744293,0,0,0,0
ordered_insert,17,16,rank_at_head,reverse,2,262144,209022000,797.355652,0,0,0,0
heap,17,16,rank_at_head,reverse,3,262144,105251000,401.500702,0,0,0,0
binary,17,16,rank_at_head,reverse,3,262144,104114000,397.163391,0,0,0,0
binary_identical,17,16,rank_at_head,reverse,3,262144,103941000,396.503448,0,0,0,0
ordered_insert,17,16,rank_at_head,reverse,3,262144,210253000,802.051544,0,0,0,0
ordered_insert,17,16,rank_at_head,reverse,4,262144,209700000,799.942017,0,0,0,0
binary_identical,17,16,rank_at_head,reverse,4,262144,103508000,394.851685,0,0,0,0
binary,17,16,rank_at_head,reverse,4,262144,103477000,394.733429,0,0,0,0
heap,17,16,rank_at_head,reverse,4,262144,105833000,403.720856,0,0,0,0
binary,17,16,rank_at_head,reverse,5,262144,105034000,400.672913,0,0,0,0
binary_identical,17,16,rank_at_head,reverse,5,262144,103689000,395.542145,0,0,0,0
ordered_insert,17,16,rank_at_head,reverse,5,262144,210101000,801.471710,0,0,0,0
heap,17,16,rank_at_head,reverse,5,262144,104809000,399.814606,0,0,0,0
heap,17,16,rank_at_head,reverse,6,262144,105347000,401.866913,0,0,0,0
ordered_insert,17,16,rank_at_head,reverse,6,262144,211097000,805.271149,0,0,0,0
binary_identical,17,16,rank_at_head,reverse,6,262144,104349000,398.059845,0,0,0,0
binary,17,16,rank_at_head,reverse,6,262144,103844000,396.133423,0,0,0,0
ordered_insert,17,16,rank_at_head,shuffled,1,262144,181114000,690.895081,0,0,0,0
heap,17,16,rank_at_head,shuffled,1,262144,112909000,430.713654,0,0,0,0
binary,17,16,rank_at_head,shuffled,1,262144,111482000,425.270081,0,0,0,0
binary_identical,17,16,rank_at_head,shuffled,1,262144,111837000,426.624298,0,0,0,0
binary_identical,17,16,rank_at_head,shuffled,2,262144,111784000,426.422119,0,0,0,0
binary,17,16,rank_at_head,shuffled,2,262144,111331000,424.694061,0,0,0,0
heap,17,16,rank_at_head,shuffled,2,262144,111274000,424.476624,0,0,0,0
ordered_insert,17,16,rank_at_head,shuffled,2,262144,177525000,677.204132,0,0,0,0
heap,17,16,rank_at_head,shuffled,3,262144,112781000,430.225372,0,0,0,0
binary,17,16,rank_at_head,shuffled,3,262144,111367000,424.831390,0,0,0,0
binary_identical,17,16,rank_at_head,shuffled,3,262144,111338000,424.720764,0,0,0,0
ordered_insert,17,16,rank_at_head,shuffled,3,262144,181749000,693.317413,0,0,0,0
ordered_insert,17,16,rank_at_head,shuffled,4,262144,179280000,683.898926,0,0,0,0
binary_identical,17,16,rank_at_head,shuffled,4,262144,111382000,424.888611,0,0,0,0
binary,17,16,rank_at_head,shuffled,4,262144,110949000,423.236847,0,0,0,0
heap,17,16,rank_at_head,shuffled,4,262144,112152000,427.825928,0,0,0,0
binary,17,16,rank_at_head,shuffled,5,262144,111404000,424.972534,0,0,0,0
binary_identical,17,16,rank_at_head,shuffled,5,262144,111671000,425.991058,0,0,0,0
ordered_insert,17,16,rank_at_head,shuffled,5,262144,178810000,682.106018,0,0,0,0
heap,17,16,rank_at_head,shuffled,5,262144,113407000,432.613373,0,0,0,0
heap,17,16,rank_at_head,shuffled,6,262144,111730000,426.216125,0,0,0,0
ordered_insert,17,16,rank_at_head,shuffled,6,262144,178845000,682.239532,0,0,0,0
binary_identical,17,16,rank_at_head,shuffled,6,262144,115161000,439.304352,0,0,0,0
binary,17,16,rank_at_head,shuffled,6,262144,112339000,428.539276,0,0,0,0
ordered_insert,17,16,rank_at_tail,sorted,1,2097152,717755000,342.252254,0,0,0,0
heap,17,16,rank_at_tail,sorted,1,2097152,188336000,89.805603,0,0,0,0
binary,17,16,rank_at_tail,sorted,1,2097152,180750000,86.188316,0,0,0,0
binary_identical,17,16,rank_at_tail,sorted,1,2097152,181512000,86.551666,0,0,0,0
binary_identical,17,16,rank_at_tail,sorted,2,2097152,184146000,87.807655,0,0,0,0
binary,17,16,rank_at_tail,sorted,2,2097152,184169000,87.818623,0,0,0,0
heap,17,16,rank_at_tail,sorted,2,2097152,187183000,89.255810,0,0,0,0
ordered_insert,17,16,rank_at_tail,sorted,2,2097152,718281000,342.503071,0,0,0,0
heap,17,16,rank_at_tail,sorted,3,2097152,187679000,89.492321,0,0,0,0
binary,17,16,rank_at_tail,sorted,3,2097152,181378000,86.487770,0,0,0,0
binary_identical,17,16,rank_at_tail,sorted,3,2097152,181128000,86.368561,0,0,0,0
ordered_insert,17,16,rank_at_tail,sorted,3,2097152,718695000,342.700481,0,0,0,0
ordered_insert,17,16,rank_at_tail,sorted,4,2097152,716555000,341.680050,0,0,0,0
binary_identical,17,16,rank_at_tail,sorted,4,2097152,181443000,86.518764,0,0,0,0
binary,17,16,rank_at_tail,sorted,4,2097152,182934000,87.229729,0,0,0,0
heap,17,16,rank_at_tail,sorted,4,2097152,187001000,89.169025,0,0,0,0
binary,17,16,rank_at_tail,sorted,5,2097152,181112000,86.360931,0,0,0,0
binary_identical,17,16,rank_at_tail,sorted,5,2097152,180629000,86.130619,0,0,0,0
ordered_insert,17,16,rank_at_tail,sorted,5,2097152,719231000,342.956066,0,0,0,0
heap,17,16,rank_at_tail,sorted,5,2097152,187190000,89.259148,0,0,0,0
heap,17,16,rank_at_tail,sorted,6,2097152,187342000,89.331627,0,0,0,0
ordered_insert,17,16,rank_at_tail,sorted,6,2097152,723757000,345.114231,0,0,0,0
binary_identical,17,16,rank_at_tail,sorted,6,2097152,181489000,86.540699,0,0,0,0
binary,17,16,rank_at_tail,sorted,6,2097152,181311000,86.455822,0,0,0,0
ordered_insert,17,16,rank_at_tail,reverse,1,262144,209536000,799.316406,0,0,0,0
heap,17,16,rank_at_tail,reverse,1,262144,105400000,402.069092,0,0,0,0
binary,17,16,rank_at_tail,reverse,1,262144,103878000,396.263123,0,0,0,0
binary_identical,17,16,rank_at_tail,reverse,1,262144,103683000,395.519257,0,0,0,0
binary_identical,17,16,rank_at_tail,reverse,2,262144,104139000,397.258759,0,0,0,0
binary,17,16,rank_at_tail,reverse,2,262144,103861000,396.198273,0,0,0,0
heap,17,16,rank_at_tail,reverse,2,262144,104462000,398.490906,0,0,0,0
ordered_insert,17,16,rank_at_tail,reverse,2,262144,209446000,798.973083,0,0,0,0
heap,17,16,rank_at_tail,reverse,3,262144,104647000,399.196625,0,0,0,0
binary,17,16,rank_at_tail,reverse,3,262144,103467000,394.695282,0,0,0,0
binary_identical,17,16,rank_at_tail,reverse,3,262144,104010000,396.766663,0,0,0,0
ordered_insert,17,16,rank_at_tail,reverse,3,262144,210786000,804.084778,0,0,0,0
ordered_insert,17,16,rank_at_tail,reverse,4,262144,210674000,803.657532,0,0,0,0
binary_identical,17,16,rank_at_tail,reverse,4,262144,105648000,403.015137,0,0,0,0
binary,17,16,rank_at_tail,reverse,4,262144,104563000,398.876190,0,0,0,0
heap,17,16,rank_at_tail,reverse,4,262144,104942000,400.321960,0,0,0,0
binary,17,16,rank_at_tail,reverse,5,262144,103330000,394.172668,0,0,0,0
binary_identical,17,16,rank_at_tail,reverse,5,262144,103838000,396.110535,0,0,0,0
ordered_insert,17,16,rank_at_tail,reverse,5,262144,211822000,808.036804,0,0,0,0
heap,17,16,rank_at_tail,reverse,5,262144,105191000,401.271820,0,0,0,0
heap,17,16,rank_at_tail,reverse,6,262144,105072000,400.817871,0,0,0,0
ordered_insert,17,16,rank_at_tail,reverse,6,262144,210482000,802.925110,0,0,0,0
binary_identical,17,16,rank_at_tail,reverse,6,262144,103572000,395.095825,0,0,0,0
binary,17,16,rank_at_tail,reverse,6,262144,103713000,395.633698,0,0,0,0
ordered_insert,17,16,rank_at_tail,shuffled,1,262144,178316000,680.221558,0,0,0,0
heap,17,16,rank_at_tail,shuffled,1,262144,111328000,424.682617,0,0,0,0
binary,17,16,rank_at_tail,shuffled,1,262144,111229000,424.304962,0,0,0,0
binary_identical,17,16,rank_at_tail,shuffled,1,262144,111451000,425.151825,0,0,0,0
binary_identical,17,16,rank_at_tail,shuffled,2,262144,111642000,425.880432,0,0,0,0
binary,17,16,rank_at_tail,shuffled,2,262144,111364000,424.819946,0,0,0,0
heap,17,16,rank_at_tail,shuffled,2,262144,112217000,428.073883,0,0,0,0
ordered_insert,17,16,rank_at_tail,shuffled,2,262144,178991000,682.796478,0,0,0,0
heap,17,16,rank_at_tail,shuffled,3,262144,111910000,426.902771,0,0,0,0
binary,17,16,rank_at_tail,shuffled,3,262144,112353000,428.592682,0,0,0,0
binary_identical,17,16,rank_at_tail,shuffled,3,262144,114275000,435.924530,0,0,0,0
ordered_insert,17,16,rank_at_tail,shuffled,3,262144,178904000,682.464600,0,0,0,0
ordered_insert,17,16,rank_at_tail,shuffled,4,262144,179143000,683.376312,0,0,0,0
binary_identical,17,16,rank_at_tail,shuffled,4,262144,114040000,435.028076,0,0,0,0
binary,17,16,rank_at_tail,shuffled,4,262144,112455000,428.981781,0,0,0,0
heap,17,16,rank_at_tail,shuffled,4,262144,112273000,428.287506,0,0,0,0
binary,17,16,rank_at_tail,shuffled,5,262144,111658000,425.941467,0,0,0,0
binary_identical,17,16,rank_at_tail,shuffled,5,262144,111622000,425.804138,0,0,0,0
ordered_insert,17,16,rank_at_tail,shuffled,5,262144,181877000,693.805695,0,0,0,0
heap,17,16,rank_at_tail,shuffled,5,262144,110974000,423.332214,0,0,0,0
heap,17,16,rank_at_tail,shuffled,6,262144,111243000,424.358368,0,0,0,0
ordered_insert,17,16,rank_at_tail,shuffled,6,262144,178450000,680.732727,0,0,0,0
binary_identical,17,16,rank_at_tail,shuffled,6,262144,111589000,425.678253,0,0,0,0
binary,17,16,rank_at_tail,shuffled,6,262144,112253000,428.211212,0,0,0,0
ordered_insert,17,32,rank_at_head,sorted,1,2097152,745263000,355.369091,0,0,0,0
heap,17,32,rank_at_head,sorted,1,2097152,190946000,91.050148,0,0,0,0
binary,17,32,rank_at_head,sorted,1,2097152,217501000,103.712559,0,0,0,0
binary_identical,17,32,rank_at_head,sorted,1,2097152,180403000,86.022854,0,0,0,0
binary_identical,17,32,rank_at_head,sorted,2,2097152,180495000,86.066723,0,0,0,0
binary,17,32,rank_at_head,sorted,2,2097152,194120000,92.563629,0,0,0,0
heap,17,32,rank_at_head,sorted,2,2097152,189996000,90.597153,0,0,0,0
ordered_insert,17,32,rank_at_head,sorted,2,2097152,736442000,351.162910,0,0,0,0
heap,17,32,rank_at_head,sorted,3,2097152,186677000,89.014530,0,0,0,0
binary,17,32,rank_at_head,sorted,3,2097152,182796000,87.163925,0,0,0,0
binary_identical,17,32,rank_at_head,sorted,3,2097152,181548000,86.568832,0,0,0,0
ordered_insert,17,32,rank_at_head,sorted,3,2097152,738371000,352.082729,0,0,0,0
ordered_insert,17,32,rank_at_head,sorted,4,2097152,736140000,351.018906,0,0,0,0
binary_identical,17,32,rank_at_head,sorted,4,2097152,186649000,89.001179,0,0,0,0
binary,17,32,rank_at_head,sorted,4,2097152,183038000,87.279320,0,0,0,0
heap,17,32,rank_at_head,sorted,4,2097152,186570000,88.963509,0,0,0,0
binary,17,32,rank_at_head,sorted,5,2097152,183708000,87.598801,0,0,0,0
binary_identical,17,32,rank_at_head,sorted,5,2097152,181338000,86.468697,0,0,0,0
ordered_insert,17,32,rank_at_head,sorted,5,2097152,738658000,352.219582,0,0,0,0
heap,17,32,rank_at_head,sorted,5,2097152,187342000,89.331627,0,0,0,0
heap,17,32,rank_at_head,sorted,6,2097152,187655000,89.480877,0,0,0,0
ordered_insert,17,32,rank_at_head,sorted,6,2097152,736946000,351.403236,0,0,0,0
binary_identical,17,32,rank_at_head,sorted,6,2097152,181906000,86.739540,0,0,0,0
binary,17,32,rank_at_head,sorted,6,2097152,185386000,88.398933,0,0,0,0
ordered_insert,17,32,rank_at_head,reverse,1,524288,424948000,810.523987,0,0,0,0
heap,17,32,rank_at_head,reverse,1,524288,199308000,380.149841,0,0,0,0
binary,17,32,rank_at_head,reverse,1,524288,196135000,374.097824,0,0,0,0
binary_identical,17,32,rank_at_head,reverse,1,524288,204136000,389.358521,0,0,0,0
binary_identical,17,32,rank_at_head,reverse,2,524288,198126000,377.895355,0,0,0,0
binary,17,32,rank_at_head,reverse,2,524288,195579000,373.037338,0,0,0,0
heap,17,32,rank_at_head,reverse,2,524288,197613000,376.916885,0,0,0,0
ordered_insert,17,32,rank_at_head,reverse,2,524288,424077000,808.862686,0,0,0,0
heap,17,32,rank_at_head,reverse,3,524288,197824000,377.319336,0,0,0,0
binary,17,32,rank_at_head,reverse,3,524288,194813000,371.576309,0,0,0,0
binary_identical,17,32,rank_at_head,reverse,3,524288,194259000,370.519638,0,0,0,0
ordered_insert,17,32,rank_at_head,reverse,3,524288,417781000,796.854019,0,0,0,0
ordered_insert,17,32,rank_at_head,reverse,4,524288,417698000,796.695709,0,0,0,0
binary_identical,17,32,rank_at_head,reverse,4,524288,194303000,370.603561,0,0,0,0
binary,17,32,rank_at_head,reverse,4,524288,193076000,368.263245,0,0,0,0
heap,17,32,rank_at_head,reverse,4,524288,193458000,368.991852,0,0,0,0
binary,17,32,rank_at_head,reverse,5,524288,192944000,368.011475,0,0,0,0
binary_identical,17,32,rank_at_head,reverse,5,524288,192337000,366.853714,0,0,0,0
ordered_insert,17,32,rank_at_head,reverse,5,524288,420904000,802.810669,0,0,0,0
heap,17,32,rank_at_head,reverse,5,524288,193360000,368.804932,0,0,0,0
heap,17,32,rank_at_head,reverse,6,524288,194938000,371.814728,0,0,0,0
ordered_insert,17,32,rank_at_head,reverse,6,524288,420657000,802.339554,0,0,0,0
binary_identical,17,32,rank_at_head,reverse,6,524288,197257000,376.237869,0,0,0,0
binary,17,32,rank_at_head,reverse,6,524288,199635000,380.773544,0,0,0,0
ordered_insert,17,32,rank_at_head,shuffled,1,262144,178599000,681.301117,0,0,0,0
heap,17,32,rank_at_head,shuffled,1,262144,107928000,411.712646,0,0,0,0
binary,17,32,rank_at_head,shuffled,1,262144,107996000,411.972046,0,0,0,0
binary_identical,17,32,rank_at_head,shuffled,1,262144,107829000,411.334991,0,0,0,0
binary_identical,17,32,rank_at_head,shuffled,2,262144,106763000,407.268524,0,0,0,0
binary,17,32,rank_at_head,shuffled,2,262144,106851000,407.604218,0,0,0,0
heap,17,32,rank_at_head,shuffled,2,262144,110816000,422.729492,0,0,0,0
ordered_insert,17,32,rank_at_head,shuffled,2,262144,180184000,687.347412,0,0,0,0
heap,17,32,rank_at_head,shuffled,3,262144,108410000,413.551331,0,0,0,0
binary,17,32,rank_at_head,shuffled,3,262144,106838000,407.554626,0,0,0,0
binary_identical,17,32,rank_at_head,shuffled,3,262144,107444000,409.866333,0,0,0,0
ordered_insert,17,32,rank_at_head,shuffled,3,262144,178491000,680.889130,0,0,0,0
ordered_insert,17,32,rank_at_head,shuffled,4,262144,178442000,680.702209,0,0,0,0
binary_identical,17,32,rank_at_head,shuffled,4,262144,106731000,407.146454,0,0,0,0
binary,17,32,rank_at_head,shuffled,4,262144,107437000,409.839630,0,0,0,0
heap,17,32,rank_at_head,shuffled,4,262144,107541000,410.236359,0,0,0,0
binary,17,32,rank_at_head,shuffled,5,262144,110047000,419.795990,0,0,0,0
binary_identical,17,32,rank_at_head,shuffled,5,262144,108106000,412.391663,0,0,0,0
ordered_insert,17,32,rank_at_head,shuffled,5,262144,178156000,679.611206,0,0,0,0
heap,17,32,rank_at_head,shuffled,5,262144,108359000,413.356781,0,0,0,0
heap,17,32,rank_at_head,shuffled,6,262144,108009000,412.021637,0,0,0,0
ordered_insert,17,32,rank_at_head,shuffled,6,262144,179068000,683.090210,0,0,0,0
binary_identical,17,32,rank_at_head,shuffled,6,262144,107473000,409.976959,0,0,0,0
binary,17,32,rank_at_head,shuffled,6,262144,107515000,410.137177,0,0,0,0
ordered_insert,17,32,rank_at_tail,sorted,1,2097152,875947000,417.684078,0,0,0,0
heap,17,32,rank_at_tail,sorted,1,2097152,198159000,94.489574,0,0,0,0
binary,17,32,rank_at_tail,sorted,1,2097152,192145000,91.621876,0,0,0,0
binary_identical,17,32,rank_at_tail,sorted,1,2097152,193417000,92.228413,0,0,0,0
binary_identical,17,32,rank_at_tail,sorted,2,2097152,191910000,91.509819,0,0,0,0
binary,17,32,rank_at_tail,sorted,2,2097152,192789000,91.928959,0,0,0,0
heap,17,32,rank_at_tail,sorted,2,2097152,199167000,94.970226,0,0,0,0
ordered_insert,17,32,rank_at_tail,sorted,2,2097152,868907000,414.327145,0,0,0,0
heap,17,32,rank_at_tail,sorted,3,2097152,198562000,94.681740,0,0,0,0
binary,17,32,rank_at_tail,sorted,3,2097152,191604000,91.363907,0,0,0,0
binary_identical,17,32,rank_at_tail,sorted,3,2097152,191607000,91.365337,0,0,0,0
ordered_insert,17,32,rank_at_tail,sorted,3,2097152,874767000,417.121410,0,0,0,0
ordered_insert,17,32,rank_at_tail,sorted,4,2097152,873963000,416.738033,0,0,0,0
binary_identical,17,32,rank_at_tail,sorted,4,2097152,194582000,92.783928,0,0,0,0
binary,17,32,rank_at_tail,sorted,4,2097152,191955000,91.531277,0,0,0,0
heap,17,32,rank_at_tail,sorted,4,2097152,201678000,96.167564,0,0,0,0
binary,17,32,rank_at_tail,sorted,5,2097152,199438000,95.099449,0,0,0,0
binary_identical,17,32,rank_at_tail,sorted,5,2097152,193111000,92.082500,0,0,0,0
ordered_insert,17,32,rank_at_tail,sorted,5,2097152,866941000,413.389683,0,0,0,0
heap,17,32,rank_at_tail,sorted,5,2097152,198970000,94.876289,0,0,0,0
heap,17,32,rank_at_tail,sorted,6,2097152,198502000,94.653130,0,0,0,0
ordered_insert,17,32,rank_at_tail,sorted,6,2097152,874029000,416.769505,0,0,0,0
binary_identical,17,32,rank_at_tail,sorted,6,2097152,192402000,91.744423,0,0,0,0
binary,17,32,rank_at_tail,sorted,6,2097152,195279000,93.116283,0,0,0,0
ordered_insert,17,32,rank_at_tail,reverse,1,262144,227150000,866.508484,0,0,0,0
heap,17,32,rank_at_tail,reverse,1,262144,107037000,408.313751,0,0,0,0
binary,17,32,rank_at_tail,reverse,1,262144,106489000,406.223297,0,0,0,0
binary_identical,17,32,rank_at_tail,reverse,1,262144,106489000,406.223297,0,0,0,0
binary_identical,17,32,rank_at_tail,reverse,2,262144,106936000,407.928467,0,0,0,0
binary,17,32,rank_at_tail,reverse,2,262144,107583000,410.396576,0,0,0,0
heap,17,32,rank_at_tail,reverse,2,262144,107669000,410.724640,0,0,0,0
ordered_insert,17,32,rank_at_tail,reverse,2,262144,228708000,872.451782,0,0,0,0
heap,17,32,rank_at_tail,reverse,3,262144,107324000,409.408569,0,0,0,0
binary,17,32,rank_at_tail,reverse,3,262144,107348000,409.500122,0,0,0,0
binary_identical,17,32,rank_at_tail,reverse,3,262144,106842000,407.569885,0,0,0,0
ordered_insert,17,32,rank_at_tail,reverse,3,262144,228930000,873.298645,0,0,0,0
ordered_insert,17,32,rank_at_tail,reverse,4,262144,227793000,868.961334,0,0,0,0
binary_identical,17,32,rank_at_tail,reverse,4,262144,107504000,410.095215,0,0,0,0
binary,17,32,rank_at_tail,reverse,4,262144,107163000,408.794403,0,0,0,0
heap,17,32,rank_at_tail,reverse,4,262144,110134000,420.127869,0,0,0,0
binary,17,32,rank_at_tail,reverse,5,262144,108105000,412.387848,0,0,0,0
binary_identical,17,32,rank_at_tail,reverse,5,262144,108412000,413.558960,0,0,0,0
ordered_insert,17,32,rank_at_tail,reverse,5,262144,226755000,865.001678,0,0,0,0
heap,17,32,rank_at_tail,reverse,5,262144,107731000,410.961151,0,0,0,0
heap,17,32,rank_at_tail,reverse,6,262144,107321000,409.397125,0,0,0,0
ordered_insert,17,32,rank_at_tail,reverse,6,262144,228413000,871.326447,0,0,0,0
binary_identical,17,32,rank_at_tail,reverse,6,262144,106606000,406.669617,0,0,0,0
binary,17,32,rank_at_tail,reverse,6,262144,106536000,406.402588,0,0,0,0
ordered_insert,17,32,rank_at_tail,shuffled,1,262144,201608000,769.073486,0,0,0,0
heap,17,32,rank_at_tail,shuffled,1,262144,119190000,454.673767,0,0,0,0
binary,17,32,rank_at_tail,shuffled,1,262144,120352000,459.106445,0,0,0,0
binary_identical,17,32,rank_at_tail,shuffled,1,262144,119648000,456.420898,0,0,0,0
binary_identical,17,32,rank_at_tail,shuffled,2,262144,121613000,463.916779,0,0,0,0
binary,17,32,rank_at_tail,shuffled,2,262144,121336000,462.860107,0,0,0,0
heap,17,32,rank_at_tail,shuffled,2,262144,119699000,456.615448,0,0,0,0
ordered_insert,17,32,rank_at_tail,shuffled,2,262144,201124000,767.227173,0,0,0,0
heap,17,32,rank_at_tail,shuffled,3,262144,119506000,455.879211,0,0,0,0
binary,17,32,rank_at_tail,shuffled,3,262144,120085000,458.087921,0,0,0,0
binary_identical,17,32,rank_at_tail,shuffled,3,262144,122270000,466.423035,0,0,0,0
ordered_insert,17,32,rank_at_tail,shuffled,3,262144,202125000,771.045685,0,0,0,0
ordered_insert,17,32,rank_at_tail,shuffled,4,262144,201989000,770.526886,0,0,0,0
binary_identical,17,32,rank_at_tail,shuffled,4,262144,120157000,458.362579,0,0,0,0
binary,17,32,rank_at_tail,shuffled,4,262144,122657000,467.899323,0,0,0,0
heap,17,32,rank_at_tail,shuffled,4,262144,119480000,455.780029,0,0,0,0
binary,17,32,rank_at_tail,shuffled,5,262144,119024000,454.040527,0,0,0,0
binary_identical,17,32,rank_at_tail,shuffled,5,262144,120412000,459.335327,0,0,0,0
ordered_insert,17,32,rank_at_tail,shuffled,5,262144,201132000,767.257690,0,0,0,0
heap,17,32,rank_at_tail,shuffled,5,262144,119532000,455.978394,0,0,0,0
heap,17,32,rank_at_tail,shuffled,6,262144,120900000,461.196899,0,0,0,0
ordered_insert,17,32,rank_at_tail,shuffled,6,262144,202023000,770.656586,0,0,0,0
binary_identical,17,32,rank_at_tail,shuffled,6,262144,119027000,454.051971,0,0,0,0
binary,17,32,rank_at_tail,shuffled,6,262144,119303000,455.104828,0,0,0,0
ordered_insert,17,256,rank_at_head,sorted,1,2097152,889026000,423.920631,0,0,0,0
heap,17,256,rank_at_head,sorted,1,2097152,198386000,94.597816,0,0,0,0
binary,17,256,rank_at_head,sorted,1,2097152,192956000,92.008591,0,0,0,0
binary_identical,17,256,rank_at_head,sorted,1,2097152,192532000,91.806412,0,0,0,0
binary_identical,17,256,rank_at_head,sorted,2,2097152,192698000,91.885567,0,0,0,0
binary,17,256,rank_at_head,sorted,2,2097152,191862000,91.486931,0,0,0,0
heap,17,256,rank_at_head,sorted,2,2097152,203777000,97.168446,0,0,0,0
ordered_insert,17,256,rank_at_head,sorted,2,2097152,909591000,433.726788,0,0,0,0
heap,17,256,rank_at_head,sorted,3,2097152,201275000,95.975399,0,0,0,0
binary,17,256,rank_at_head,sorted,3,2097152,194643000,92.813015,0,0,0,0
binary_identical,17,256,rank_at_head,sorted,3,2097152,194849000,92.911243,0,0,0,0
ordered_insert,17,256,rank_at_head,sorted,3,2097152,900353000,429.321766,0,0,0,0
ordered_insert,17,256,rank_at_head,sorted,4,2097152,903941000,431.032658,0,0,0,0
binary_identical,17,256,rank_at_head,sorted,4,2097152,196092000,93.503952,0,0,0,0
binary,17,256,rank_at_head,sorted,4,2097152,194742000,92.860222,0,0,0,0
heap,17,256,rank_at_head,sorted,4,2097152,201762000,96.207619,0,0,0,0
binary,17,256,rank_at_head,sorted,5,2097152,194645000,92.813969,0,0,0,0
binary_identical,17,256,rank_at_head,sorted,5,2097152,195696000,93.315125,0,0,0,0
ordered_insert,17,256,rank_at_head,sorted,5,2097152,897810000,428.109169,0,0,0,0
heap,17,256,rank_at_head,sorted,5,2097152,200392000,95.554352,0,0,0,0
heap,17,256,rank_at_head,sorted,6,2097152,200354000,95.536232,0,0,0,0
ordered_insert,17,256,rank_at_head,sorted,6,2097152,895913000,427.204609,0,0,0,0
binary_identical,17,256,rank_at_head,sorted,6,2097152,192948000,92.004776,0,0,0,0
binary,17,256,rank_at_head,sorted,6,2097152,192757000,91.913700,0,0,0,0
ordered_insert,17,256,rank_at_head,reverse,1,262144,208442000,795.143127,0,0,0,0
heap,17,256,rank_at_head,reverse,1,262144,104453000,398.456573,0,0,0,0
binary,17,256,rank_at_head,reverse,1,262144,104121000,397.190094,0,0,0,0
binary_identical,17,256,rank_at_head,reverse,1,262144,104270000,397.758484,0,0,0,0
binary_identical,17,256,rank_at_head,reverse,2,262144,105429000,402.179718,0,0,0,0
binary,17,256,rank_at_head,reverse,2,262144,105138000,401.069641,0,0,0,0
heap,17,256,rank_at_head,reverse,2,262144,103640000,395.355225,0,0,0,0
ordered_insert,17,256,rank_at_head,reverse,2,262144,208042000,793.617249,0,0,0,0
heap,17,256,rank_at_head,reverse,3,262144,103460000,394.668579,0,0,0,0
binary,17,256,rank_at_head,reverse,3,262144,103377000,394.351959,0,0,0,0
binary_identical,17,256,rank_at_head,reverse,3,262144,103712000,395.629883,0,0,0,0
ordered_insert,17,256,rank_at_head,reverse,3,262144,209020000,797.348022,0,0,0,0
ordered_insert,17,256,rank_at_head,reverse,4,262144,208341000,794.757843,0,0,0,0
binary_identical,17,256,rank_at_head,reverse,4,262144,102357000,390.460968,0,0,0,0
binary,17,256,rank_at_head,reverse,4,262144,102321000,390.323639,0,0,0,0
heap,17,256,rank_at_head,reverse,4,262144,103924000,396.438599,0,0,0,0
binary,17,256,rank_at_head,reverse,5,262144,103597000,395.191193,0,0,0,0
binary_identical,17,256,rank_at_head,reverse,5,262144,102896000,392.517090,0,0,0,0
ordered_insert,17,256,rank_at_head,reverse,5,262144,206918000,789.329529,0,0,0,0
heap,17,256,rank_at_head,reverse,5,262144,104114000,397.163391,0,0,0,0
heap,17,256,rank_at_head,reverse,6,262144,104346000,398.048401,0,0,0,0
ordered_insert,17,256,rank_at_head,reverse,6,262144,209948000,800.888062,0,0,0,0
binary_identical,17,256,rank_at_head,reverse,6,262144,102368000,390.502930,0,0,0,0
binary,17,256,rank_at_head,reverse,6,262144,102057000,389.316559,0,0,0,0
ordered_insert,17,256,rank_at_head,shuffled,1,262144,177909000,678.668976,0,0,0,0
heap,17,256,rank_at_head,shuffled,1,262144,116966000,446.189880,0,0,0,0
binary,17,256,rank_at_head,shuffled,1,262144,115474000,440.498352,0,0,0,0
binary_identical,17,256,rank_at_head,shuffled,1,262144,115517000,440.662384,0,0,0,0
binary_identical,17,256,rank_at_head,shuffled,2,262144,116820000,445.632935,0,0,0,0
binary,17,256,rank_at_head,shuffled,2,262144,118672000,452.697754,0,0,0,0
heap,17,256,rank_at_head,shuffled,2,262144,117815000,449.428558,0,0,0,0
ordered_insert,17,256,rank_at_head,shuffled,2,262144,177446000,676.902771,0,0,0,0
heap,17,256,rank_at_head,shuffled,3,262144,116194000,443.244934,0,0,0,0
binary,17,256,rank_at_head,shuffled,3,262144,117543000,448.390961,0,0,0,0
binary_identical,17,256,rank_at_head,shuffled,3,262144,114539000,436.931610,0,0,0,0
ordered_insert,17,256,rank_at_head,shuffled,3,262144,178672000,681.579590,0,0,0,0
ordered_insert,17,256,rank_at_head,shuffled,4,262144,178467000,680.797577,0,0,0,0
binary_identical,17,256,rank_at_head,shuffled,4,262144,118361000,451.511383,0,0,0,0
binary,17,256,rank_at_head,shuffled,4,262144,118208000,450.927734,0,0,0,0
heap,17,256,rank_at_head,shuffled,4,262144,116868000,445.816040,0,0,0,0
binary,17,256,rank_at_head,shuffled,5,262144,114884000,438.247681,0,0,0,0
binary_identical,17,256,rank_at_head,shuffled,5,262144,116405000,444.049835,0,0,0,0
ordered_insert,17,256,rank_at_head,shuffled,5,262144,178437000,680.683136,0,0,0,0
heap,17,256,rank_at_head,shuffled,5,262144,116931000,446.056366,0,0,0,0
heap,17,256,rank_at_head,shuffled,6,262144,116901000,445.941925,0,0,0,0
ordered_insert,17,256,rank_at_head,shuffled,6,262144,177786000,678.199768,0,0,0,0
binary_identical,17,256,rank_at_head,shuffled,6,262144,114434000,436.531067,0,0,0,0
binary,17,256,rank_at_head,shuffled,6,262144,114608000,437.194824,0,0,0,0
ordered_insert,17,256,rank_at_tail,sorted,1,1048576,773017000,737.206459,0,0,0,0
heap,17,256,rank_at_tail,sorted,1,1048576,196009000,186.928749,0,0,0,0
binary,17,256,rank_at_tail,sorted,1,1048576,190140000,181.331635,0,0,0,0
binary_identical,17,256,rank_at_tail,sorted,1,1048576,192699000,183.772087,0,0,0,0
binary_identical,17,256,rank_at_tail,sorted,2,1048576,191687000,182.806969,0,0,0,0
binary,17,256,rank_at_tail,sorted,2,1048576,192399000,183.485985,0,0,0,0
heap,17,256,rank_at_tail,sorted,2,1048576,199184000,189.956665,0,0,0,0
ordered_insert,17,256,rank_at_tail,sorted,2,1048576,750383000,715.620995,0,0,0,0
heap,17,256,rank_at_tail,sorted,3,1048576,195008000,185.974121,0,0,0,0
binary,17,256,rank_at_tail,sorted,3,1048576,190822000,181.982040,0,0,0,0
binary_identical,17,256,rank_at_tail,sorted,3,1048576,191191000,182.333946,0,0,0,0
ordered_insert,17,256,rank_at_tail,sorted,3,1048576,746849000,712.250710,0,0,0,0
ordered_insert,17,256,rank_at_tail,sorted,4,1048576,755897000,720.879555,0,0,0,0
binary_identical,17,256,rank_at_tail,sorted,4,1048576,194509000,185.498238,0,0,0,0
binary,17,256,rank_at_tail,sorted,4,1048576,192300000,183.391571,0,0,0,0
heap,17,256,rank_at_tail,sorted,4,1048576,199385000,190.148354,0,0,0,0
binary,17,256,rank_at_tail,sorted,5,1048576,189210000,180.444717,0,0,0,0
binary_identical,17,256,rank_at_tail,sorted,5,1048576,194711000,185.690880,0,0,0,0
ordered_insert,17,256,rank_at_tail,sorted,5,1048576,754764000,719.799042,0,0,0,0
heap,17,256,rank_at_tail,sorted,5,1048576,195940000,186.862946,0,0,0,0
heap,17,256,rank_at_tail,sorted,6,1048576,198282000,189.096451,0,0,0,0
ordered_insert,17,256,rank_at_tail,sorted,6,1048576,756167000,721.137047,0,0,0,0
binary_identical,17,256,rank_at_tail,sorted,6,1048576,191857000,182.969093,0,0,0,0
binary,17,256,rank_at_tail,sorted,6,1048576,192299000,183.390617,0,0,0,0
ordered_insert,17,256,rank_at_tail,reverse,1,131072,131305000,1001.777649,0,0,0,0
heap,17,256,rank_at_tail,reverse,1,131072,158253000,1207.374573,0,0,0,0
binary,17,256,rank_at_tail,reverse,1,131072,157455000,1201.286316,0,0,0,0
binary_identical,17,256,rank_at_tail,reverse,1,131072,152250000,1161.575317,0,0,0,0
binary_identical,17,256,rank_at_tail,reverse,2,131072,155607000,1187.187195,0,0,0,0
binary,17,256,rank_at_tail,reverse,2,131072,154684000,1180.145264,0,0,0,0
heap,17,256,rank_at_tail,reverse,2,131072,156769000,1196.052551,0,0,0,0
ordered_insert,17,256,rank_at_tail,reverse,2,131072,133894000,1021.530151,0,0,0,0
heap,17,256,rank_at_tail,reverse,3,131072,159436000,1216.400146,0,0,0,0
binary,17,256,rank_at_tail,reverse,3,131072,155963000,1189.903259,0,0,0,0
binary_identical,17,256,rank_at_tail,reverse,3,131072,160125000,1221.656799,0,0,0,0
ordered_insert,17,256,rank_at_tail,reverse,3,131072,139224000,1062.194824,0,0,0,0
ordered_insert,17,256,rank_at_tail,reverse,4,131072,141210000,1077.346802,0,0,0,0
binary_identical,17,256,rank_at_tail,reverse,4,131072,164870000,1257.858276,0,0,0,0
binary,17,256,rank_at_tail,reverse,4,131072,167256000,1276.062012,0,0,0,0
heap,17,256,rank_at_tail,reverse,4,131072,166674000,1271.621704,0,0,0,0
binary,17,256,rank_at_tail,reverse,5,131072,152186000,1161.087036,0,0,0,0
binary_identical,17,256,rank_at_tail,reverse,5,131072,150786000,1150.405884,0,0,0,0
ordered_insert,17,256,rank_at_tail,reverse,5,131072,128922000,983.596802,0,0,0,0
heap,17,256,rank_at_tail,reverse,5,131072,155423000,1185.783386,0,0,0,0
heap,17,256,rank_at_tail,reverse,6,131072,155375000,1185.417175,0,0,0,0
ordered_insert,17,256,rank_at_tail,reverse,6,131072,131810000,1005.630493,0,0,0,0
binary_identical,17,256,rank_at_tail,reverse,6,131072,153610000,1171.951294,0,0,0,0
binary,17,256,rank_at_tail,reverse,6,131072,152177000,1161.018372,0,0,0,0
ordered_insert,17,256,rank_at_tail,shuffled,1,131072,131287000,1001.640320,0,0,0,0
heap,17,256,rank_at_tail,shuffled,1,131072,183671000,1401.298523,0,0,0,0
binary,17,256,rank_at_tail,shuffled,1,131072,184411000,1406.944275,0,0,0,0
binary_identical,17,256,rank_at_tail,shuffled,1,131072,183316000,1398.590088,0,0,0,0
binary_identical,17,256,rank_at_tail,shuffled,2,131072,182844000,1394.989014,0,0,0,0
binary,17,256,rank_at_tail,shuffled,2,131072,182901000,1395.423889,0,0,0,0
heap,17,256,rank_at_tail,shuffled,2,131072,185638000,1416.305542,0,0,0,0
ordered_insert,17,256,rank_at_tail,shuffled,2,131072,124347000,948.692322,0,0,0,0
heap,17,256,rank_at_tail,shuffled,3,131072,185086000,1412.094116,0,0,0,0
binary,17,256,rank_at_tail,shuffled,3,131072,185960000,1418.762207,0,0,0,0
binary_identical,17,256,rank_at_tail,shuffled,3,131072,181028000,1381.134033,0,0,0,0
ordered_insert,17,256,rank_at_tail,shuffled,3,131072,125718000,959.152222,0,0,0,0
ordered_insert,17,256,rank_at_tail,shuffled,4,131072,130600000,996.398926,0,0,0,0
binary_identical,17,256,rank_at_tail,shuffled,4,131072,183171000,1397.483826,0,0,0,0
binary,17,256,rank_at_tail,shuffled,4,131072,186069000,1419.593811,0,0,0,0
heap,17,256,rank_at_tail,shuffled,4,131072,181527000,1384.941101,0,0,0,0
binary,17,256,rank_at_tail,shuffled,5,131072,182781000,1394.508362,0,0,0,0
binary_identical,17,256,rank_at_tail,shuffled,5,131072,183021000,1396.339417,0,0,0,0
ordered_insert,17,256,rank_at_tail,shuffled,5,131072,129241000,986.030579,0,0,0,0
heap,17,256,rank_at_tail,shuffled,5,131072,186168000,1420.349121,0,0,0,0
heap,17,256,rank_at_tail,shuffled,6,131072,181792000,1386.962891,0,0,0,0
ordered_insert,17,256,rank_at_tail,shuffled,6,131072,126547000,965.476990,0,0,0,0
binary_identical,17,256,rank_at_tail,shuffled,6,131072,183195000,1397.666931,0,0,0,0
binary,17,256,rank_at_tail,shuffled,6,131072,184341000,1406.410217,0,0,0,0
ordered_insert,64,8,rank_at_head,sorted,1,524288,847303000,1616.102219,0,0,0,0
heap,64,8,rank_at_head,sorted,1,524288,150496000,287.048340,0,0,0,0
binary,64,8,rank_at_head,sorted,1,524288,150774000,287.578583,0,0,0,0
binary_identical,64,8,rank_at_head,sorted,1,524288,154087000,293.897629,0,0,0,0
binary_identical,64,8,rank_at_head,sorted,2,524288,154602000,294.879913,0,0,0,0
binary,64,8,rank_at_head,sorted,2,524288,152134000,290.172577,0,0,0,0
heap,64,8,rank_at_head,sorted,2,524288,150632000,287.307739,0,0,0,0
ordered_insert,64,8,rank_at_head,sorted,2,524288,842359000,1606.672287,0,0,0,0
heap,64,8,rank_at_head,sorted,3,524288,151048000,288.101196,0,0,0,0
binary,64,8,rank_at_head,sorted,3,524288,153988000,293.708801,0,0,0,0
binary_identical,64,8,rank_at_head,sorted,3,524288,153058000,291.934967,0,0,0,0
ordered_insert,64,8,rank_at_head,sorted,3,524288,845073000,1611.848831,0,0,0,0
ordered_insert,64,8,rank_at_head,sorted,4,524288,847803000,1617.055893,0,0,0,0
binary_identical,64,8,rank_at_head,sorted,4,524288,152617000,291.093826,0,0,0,0
binary,64,8,rank_at_head,sorted,4,524288,150888000,287.796021,0,0,0,0
heap,64,8,rank_at_head,sorted,4,524288,151380000,288.734436,0,0,0,0
binary,64,8,rank_at_head,sorted,5,524288,151878000,289.684296,0,0,0,0
binary_identical,64,8,rank_at_head,sorted,5,524288,153475000,292.730331,0,0,0,0
ordered_insert,64,8,rank_at_head,sorted,5,524288,845507000,1612.676620,0,0,0,0
heap,64,8,rank_at_head,sorted,5,524288,150864000,287.750244,0,0,0,0
heap,64,8,rank_at_head,sorted,6,524288,148772000,283.760071,0,0,0,0
ordered_insert,64,8,rank_at_head,sorted,6,524288,851012000,1623.176575,0,0,0,0
binary_identical,64,8,rank_at_head,sorted,6,524288,148884000,283.973694,0,0,0,0
binary,64,8,rank_at_head,sorted,6,524288,154496000,294.677734,0,0,0,0
ordered_insert,64,8,rank_at_head,reverse,1,65536,257270000,3925.628662,0,0,0,0
heap,64,8,rank_at_head,reverse,1,65536,151160000,2306.518555,0,0,0,0
binary,64,8,rank_at_head,reverse,1,65536,157236000,2399.230957,0,0,0,0
binary_identical,64,8,rank_at_head,reverse,1,65536,150482000,2296.173096,0,0,0,0
binary_identical,64,8,rank_at_head,reverse,2,65536,158976000,2425.781250,0,0,0,0
binary,64,8,rank_at_head,reverse,2,65536,155075000,2366.256714,0,0,0,0
heap,64,8,rank_at_head,reverse,2,65536,152127000,2321.273804,0,0,0,0
ordered_insert,64,8,rank_at_head,reverse,2,65536,256295000,3910.751343,0,0,0,0
heap,64,8,rank_at_head,reverse,3,65536,146053000,2228.591919,0,0,0,0
binary,64,8,rank_at_head,reverse,3,65536,152369000,2324.966431,0,0,0,0
binary_identical,64,8,rank_at_head,reverse,3,65536,151989000,2319.168091,0,0,0,0
ordered_insert,64,8,rank_at_head,reverse,3,65536,252687000,3855.697632,0,0,0,0
ordered_insert,64,8,rank_at_head,reverse,4,65536,258798000,3948.944092,0,0,0,0
binary_identical,64,8,rank_at_head,reverse,4,65536,151372000,2309.753418,0,0,0,0
binary,64,8,rank_at_head,reverse,4,65536,150811000,2301.193237,0,0,0,0
heap,64,8,rank_at_head,reverse,4,65536,149523000,2281.539917,0,0,0,0
binary,64,8,rank_at_head,reverse,5,65536,156654000,2390.350342,0,0,0,0
binary_identical,64,8,rank_at_head,reverse,5,65536,153838000,2347.381592,0,0,0,0
ordered_insert,64,8,rank_at_head,reverse,5,65536,252987000,3860.275269,0,0,0,0
heap,64,8,rank_at_head,reverse,5,65536,150956000,2303.405762,0,0,0,0
heap,64,8,rank_at_head,reverse,6,65536,151664000,2314.208984,0,0,0,0
ordered_insert,64,8,rank_at_head,reverse,6,65536,256298000,3910.797119,0,0,0,0
binary_identical,64,8,rank_at_head,reverse,6,65536,153983000,2349.594116,0,0,0,0
binary,64,8,rank_at_head,reverse,6,65536,151364000,2309.631348,0,0,0,0
ordered_insert,64,8,rank_at_head,shuffled,1,65536,217068000,3312.194824,0,0,0,0
heap,64,8,rank_at_head,shuffled,1,65536,162460000,2478.942871,0,0,0,0
binary,64,8,rank_at_head,shuffled,1,65536,162484000,2479.309082,0,0,0,0
binary_identical,64,8,rank_at_head,shuffled,1,65536,160322000,2446.319580,0,0,0,0
binary_identical,64,8,rank_at_head,shuffled,2,65536,164291000,2506.881714,0,0,0,0
binary,64,8,rank_at_head,shuffled,2,65536,164813000,2514.846802,0,0,0,0
heap,64,8,rank_at_head,shuffled,2,65536,161539000,2464.889526,0,0,0,0
ordered_insert,64,8,rank_at_head,shuffled,2,65536,219148000,3343.933105,0,0,0,0
heap,64,8,rank_at_head,shuffled,3,65536,168681000,2573.867798,0,0,0,0
binary,64,8,rank_at_head,shuffled,3,65536,164603000,2511.642456,0,0,0,0
binary_identical,64,8,rank_at_head,shuffled,3,65536,159305000,2430.801392,0,0,0,0
ordered_insert,64,8,rank_at_head,shuffled,3,65536,221301000,3376.785278,0,0,0,0
ordered_insert,64,8,rank_at_head,shuffled,4,65536,216830000,3308.563232,0,0,0,0
binary_identical,64,8,rank_at_head,shuffled,4,65536,165857000,2530.776978,0,0,0,0
binary,64,8,rank_at_head,shuffled,4,65536,164181000,2505.203247,0,0,0,0
heap,64,8,rank_at_head,shuffled,4,65536,164092000,2503.845215,0,0,0,0
binary,64,8,rank_at_head,shuffled,5,65536,165163000,2520.187378,0,0,0,0
binary_identical,64,8,rank_at_head,shuffled,5,65536,173869000,2653.030396,0,0,0,0
ordered_insert,64,8,rank_at_head,shuffled,5,65536,235224000,3589.233398,0,0,0,0
heap,64,8,rank_at_head,shuffled,5,65536,177773000,2712.600708,0,0,0,0
heap,64,8,rank_at_head,shuffled,6,65536,172638000,2634.246826,0,0,0,0
ordered_insert,64,8,rank_at_head,shuffled,6,65536,226594000,3457.550049,0,0,0,0
binary_identical,64,8,rank_at_head,shuffled,6,65536,161133000,2458.694458,0,0,0,0
binary,64,8,rank_at_head,shuffled,6,65536,160380000,2447.204590,0,0,0,0
ordered_insert,64,8,rank_at_tail,sorted,1,524288,841012000,1604.103088,0,0,0,0
heap,64,8,rank_at_tail,sorted,1,524288,150663000,287.366867,0,0,0,0
binary,64,8,rank_at_tail,sorted,1,524288,153626000,293.018341,0,0,0,0
binary_identical,64,8,rank_at_tail,sorted,1,524288,152146000,290.195465,0,0,0,0
binary_identical,64,8,rank_at_tail,sorted,2,524288,151374000,288.722992,0,0,0,0
binary,64,8,rank_at_tail,sorted,2,524288,155282000,296.176910,0,0,0,0
heap,64,8,rank_at_tail,sorted,2,524288,150607000,287.260056,0,0,0,0
ordered_insert,64,8,rank_at_tail,sorted,2,524288,842401000,1606.752396,0,0,0,0
heap,64,8,rank_at_tail,sorted,3,524288,152403000,290.685654,0,0,0,0
binary,64,8,rank_at_tail,sorted,3,524288,152137000,290.178299,0,0,0,0
binary_identical,64,8,rank_at_tail,sorted,3,524288,155098000,295.825958,0,0,0,0
ordered_insert,64,8,rank_at_tail,sorted,3,524288,843957000,1609.720230,0,0,0,0
ordered_insert,64,8,rank_at_tail,sorted,4,524288,848417000,1618.227005,0,0,0,0
binary_identical,64,8,rank_at_tail,sorted,4,524288,153937000,293.611526,0,0,0,0
binary,64,8,rank_at_tail,sorted,4,524288,154015000,293.760300,0,0,0,0
heap,64,8,rank_at_tail,sorted,4,524288,149646000,285.427094,0,0,0,0
binary,64,8,rank_at_tail,sorted,5,524288,156937000,299.333572,0,0,0,0
binary_identical,64,8,rank_at_tail,sorted,5,524288,150471000,287.000656,0,0,0,0
ordered_insert,64,8,rank_at_tail,sorted,5,524288,850049000,1621.339798,0,0,0,0
heap,64,8,rank_at_tail,sorted,5,524288,150718000,287.471771,0,0,0,0
heap,64,8,rank_at_tail,sorted,6,524288,148368000,282.989502,0,0,0,0
ordered_insert,64,8,rank_at_tail,sorted,6,524288,848579000,1618.535995,0,0,0,0
binary_identical,64,8,rank_at_tail,sorted,6,524288,154063000,293.851852,0,0,0,0
binary,64,8,rank_at_tail,sorted,6,524288,151736000,289.413452,0,0,0,0
ordered_insert,64,8,rank_at_tail,reverse,1,65536,249815000,3811.874390,0,0,0,0
heap,64,8,rank_at_tail,reverse,1,65536,145061000,2213.455200,0,0,0,0
binary,64,8,rank_at_tail,reverse,1,65536,149446000,2280.364990,0,0,0,0
binary_identical,64,8,rank_at_tail,reverse,1,65536,147164000,2245.544434,0,0,0,0
binary_identical,64,8,rank_at_tail,reverse,2,65536,147462000,2250.091553,0,0,0,0
binary,64,8,rank_at_tail,reverse,2,65536,147096000,2244.506836,0,0,0,0
heap,64,8,rank_at_tail,reverse,2,65536,149822000,2286.102295,0,0,0,0
ordered_insert,64,8,rank_at_tail,reverse,2,65536,250016000,3814.941406,0,0,0,0
heap,64,8,rank_at_tail,reverse,3,65536,147875000,2256.393433,0,0,0,0
binary,64,8,rank_at_tail,reverse,3,65536,149439000,2280.258179,0,0,0,0
binary_identical,64,8,rank_at_tail,reverse,3,65536,148296000,2262.817383,0,0,0,0
ordered_insert,64,8,rank_at_tail,reverse,3,65536,248335000,3789.291382,0,0,0,0
ordered_insert,64,8,rank_at_tail,reverse,4,65536,249260000,3803.405762,0,0,0,0
binary_identical,64,8,rank_at_tail,reverse,4,65536,146937000,2242.080688,0,0,0,0
binary,64,8,rank_at_tail,reverse,4,65536,147916000,2257.019043,0,0,0,0
heap,64,8,rank_at_tail,reverse,4,65536,145445000,2219.314575,0,0,0,0
binary,64,8,rank_at_tail,reverse,5,65536,145409000,2218.765259,0,0,0,0
binary_identical,64,8,rank_at_tail,reverse,5,65536,145893000,2226.150513,0,0,0,0
ordered_insert,64,8,rank_at_tail,reverse,5,65536,249370000,3805.084229,0,0,0,0
heap,64,8,rank_at_tail,reverse,5,65536,148336000,2263.427734,0,0,0,0
heap,64,8,rank_at_tail,reverse,6,65536,145930000,2226.715088,0,0,0,0
ordered_insert,64,8,rank_at_tail,reverse,6,65536,247935000,3783.187866,0,0,0,0
binary_identical,64,8,rank_at_tail,reverse,6,65536,146440000,2234.497070,0,0,0,0
binary,64,8,rank_at_tail,reverse,6,65536,148191000,2261.215210,0,0,0,0
ordered_insert,64,8,rank_at_tail,shuffled,1,65536,212866000,3248.077393,0,0,0,0
heap,64,8,rank_at_tail,shuffled,1,65536,160196000,2444.396973,0,0,0,0
binary,64,8,rank_at_tail,shuffled,1,65536,160318000,2446.258545,0,0,0,0
binary_identical,64,8,rank_at_tail,shuffled,1,65536,160084000,2442.687988,0,0,0,0
binary_identical,64,8,rank_at_tail,shuffled,2,65536,161351000,2462.020874,0,0,0,0
binary,64,8,rank_at_tail,shuffled,2,65536,158928000,2425.048828,0,0,0,0
heap,64,8,rank_at_tail,shuffled,2,65536,161016000,2456.909180,0,0,0,0
ordered_insert,64,8,rank_at_tail,shuffled,2,65536,212504000,3242.553711,0,0,0,0
heap,64,8,rank_at_tail,shuffled,3,65536,163854000,2500.213623,0,0,0,0
binary,64,8,rank_at_tail,shuffled,3,65536,159311000,2430.892944,0,0,0,0
binary_identical,64,8,rank_at_tail,shuffled,3,65536,158030000,2411.346436,0,0,0,0
ordered_insert,64,8,rank_at_tail,shuffled,3,65536,218756000,3337.951660,0,0,0,0
ordered_insert,64,8,rank_at_tail,shuffled,4,65536,214341000,3270.584106,0,0,0,0
binary_identical,64,8,rank_at_tail,shuffled,4,65536,160460000,2448.425293,0,0,0,0
binary,64,8,rank_at_tail,shuffled,4,65536,158836000,2423.645020,0,0,0,0
heap,64,8,rank_at_tail,shuffled,4,65536,159330000,2431.182861,0,0,0,0
binary,64,8,rank_at_tail,shuffled,5,65536,157794000,2407.745361,0,0,0,0
binary_identical,64,8,rank_at_tail,shuffled,5,65536,157743000,2406.967163,0,0,0,0
ordered_insert,64,8,rank_at_tail,shuffled,5,65536,213468000,3257.263184,0,0,0,0
heap,64,8,rank_at_tail,shuffled,5,65536,164441000,2509.170532,0,0,0,0
heap,64,8,rank_at_tail,shuffled,6,65536,161223000,2460.067749,0,0,0,0
ordered_insert,64,8,rank_at_tail,shuffled,6,65536,212114000,3236.602783,0,0,0,0
binary_identical,64,8,rank_at_tail,shuffled,6,65536,160849000,2454.360962,0,0,0,0
binary,64,8,rank_at_tail,shuffled,6,65536,158374000,2416.595459,0,0,0,0
ordered_insert,64,16,rank_at_head,sorted,1,524288,1014829000,1935.632706,0,0,0,0
heap,64,16,rank_at_head,sorted,1,524288,143769000,274.217606,0,0,0,0
binary,64,16,rank_at_head,sorted,1,524288,145299000,277.135849,0,0,0,0
binary_identical,64,16,rank_at_head,sorted,1,524288,145565000,277.643204,0,0,0,0
binary_identical,64,16,rank_at_head,sorted,2,524288,145283000,277.105331,0,0,0,0
binary,64,16,rank_at_head,sorted,2,524288,145222000,276.988983,0,0,0,0
heap,64,16,rank_at_head,sorted,2,524288,144001000,274.660110,0,0,0,0
ordered_insert,64,16,rank_at_head,sorted,2,524288,1016533000,1938.882828,0,0,0,0
heap,64,16,rank_at_head,sorted,3,524288,149267000,284.704208,0,0,0,0
binary,64,16,rank_at_head,sorted,3,524288,145915000,278.310776,0,0,0,0
binary_identical,64,16,rank_at_head,sorted,3,524288,147082000,280.536652,0,0,0,0
ordered_insert,64,16,rank_at_head,sorted,3,524288,1024848000,1954.742432,0,0,0,0
ordered_insert,64,16,rank_at_head,sorted,4,524288,1017232000,1940.216064,0,0,0,0
binary_identical,64,16,rank_at_head,sorted,4,524288,145093000,276.742935,0,0,0,0
binary,64,16,rank_at_head,sorted,4,524288,146016000,278.503418,0,0,0,0
heap,64,16,rank_at_head,sorted,4,524288,144152000,274.948120,0,0,0,0
binary,64,16,rank_at_head,sorted,5,524288,145224000,276.992798,0,0,0,0
binary_identical,64,16,rank_at_head,sorted,5,524288,146557000,279.535294,0,0,0,0
ordered_insert,64,16,rank_at_head,sorted,5,524288,1019796000,1945.106506,0,0,0,0
heap,64,16,rank_at_head,sorted,5,524288,144156000,274.955750,0,0,0,0
heap,64,16,rank_at_head,sorted,6,524288,144560000,275.726318,0,0,0,0
ordered_insert,64,16,rank_at_head,sorted,6,524288,1024150000,1953.411102,0,0,0,0
binary_identical,64,16,rank_at_head,sorted,6,524288,145372000,277.275085,0,0,0,0
binary,64,16,rank_at_head,sorted,6,524288,145342000,277.217865,0,0,0,0
ordered_insert,64,16,rank_at_head,reverse,1,65536,324002000,4943.878174,0,0,0,0
heap,64,16,rank_at_head,reverse,1,65536,132861000,2027.297974,0,0,0,0
binary,64,16,rank_at_head,reverse,1,65536,137891000,2104.049683,0,0,0,0
binary_identical,64,16,rank_at_head,reverse,1,65536,137352000,2095.825195,0,0,0,0
binary_identical,64,16,rank_at_head,reverse,2,65536,134820000,2057.189941,0,0,0,0
binary,64,16,rank_at_head,reverse,2,65536,134624000,2054.199219,0,0,0,0
heap,64,16,rank_at_head,reverse,2,65536,133129000,2031.387329,0,0,0,0
ordered_insert,64,16,rank_at_head,reverse,2,65536,324441000,4950.576782,0,0,0,0
heap,64,16,rank_at_head,reverse,3,65536,132671000,2024.398804,0,0,0,0
binary,64,16,rank_at_head,reverse,3,65536,136433000,2081.802368,0,0,0,0
binary_identical,64,16,rank_at_head,reverse,3,65536,133274000,2033.599854,0,0,0,0
ordered_insert,64,16,rank_at_head,reverse,3,65536,324000000,4943.847656,0,0,0,0
ordered_insert,64,16,rank_at_head,reverse,4,65536,324637000,4953.567505,0,0,0,0
binary_identical,64,16,rank_at_head,reverse,4,65536,136007000,2075.302124,0,0,0,0
binary,64,16,rank_at_head,reverse,4,65536,133880000,2042.846680,0,0,0,0
heap,64,16,rank_at_head,reverse,4,65536,138083000,2106.979370,0,0,0,0
binary,64,16,rank_at_head,reverse,5,65536,132503000,2021.835327,0,0,0,0
binary_identical,64,16,rank_at_head,reverse,5,65536,137009000,2090.591431,0,0,0,0
ordered_insert,64,16,rank_at_head,reverse,5,65536,326663000,4984.481812,0,0,0,0
heap,64,16,rank_at_head,reverse,5,65536,135091000,2061.325073,0,0,0,0
heap,64,16,rank_at_head,reverse,6,65536,132867000,2027.389526,0,0,0,0
ordered_insert,64,16,rank_at_head,reverse,6,65536,324067000,4944.869995,0,0,0,0
binary_identical,64,16,rank_at_head,reverse,6,65536,137392000,2096.435547,0,0,0,0
binary,64,16,rank_at_head,reverse,6,65536,138653000,2115.676880,0,0,0,0
ordered_insert,64,16,rank_at_head,shuffled,1,65536,275405000,4202.346802,0,0,0,0
heap,64,16,rank_at_head,shuffled,1,65536,150698000,2299.468994,0,0,0,0
binary,64,16,rank_at_head,shuffled,1,65536,145479000,2219.833374,0,0,0,0
binary_identical,64,16,rank_at_head,shuffled,1,65536,146505000,2235.488892,0,0,0,0
binary_identical,64,16,rank_at_head,shuffled,2,65536,145569000,2221.206665,0,0,0,0
binary,64,16,rank_at_head,shuffled,2,65536,147730000,2254.180908,0,0,0,0
heap,64,16,rank_at_head,shuffled,2,65536,145530000,2220.611572,0,0,0,0
ordered_insert,64,16,rank_at_head,shuffled,2,65536,279628000,4266.784668,0,0,0,0
heap,64,16,rank_at_head,shuffled,3,65536,149988000,2288.635254,0,0,0,0
binary,64,16,rank_at_head,shuffled,3,65536,149180000,2276.306152,0,0,0,0
binary_identical,64,16,rank_at_head,shuffled,3,65536,147493000,2250.564575,0,0,0,0
ordered_insert,64,16,rank_at_head,shuffled,3,65536,275772000,4207.946777,0,0,0,0
ordered_insert,64,16,rank_at_head,shuffled,4,65536,277117000,4228.469849,0,0,0,0
binary_identical,64,16,rank_at_head,shuffled,4,65536,148905000,2272.109985,0,0,0,0
binary,64,16,rank_at_head,shuffled,4,65536,147668000,2253.234863,0,0,0,0
heap,64,16,rank_at_head,shuffled,4,65536,149538000,2281.768799,0,0,0,0
binary,64,16,rank_at_head,shuffled,5,65536,147561000,2251.602173,0,0,0,0
binary_identical,64,16,rank_at_head,shuffled,5,65536,151209000,2307.266235,0,0,0,0
ordered_insert,64,16,rank_at_head,shuffled,5,65536,282904000,4316.772461,0,0,0,0
heap,64,16,rank_at_head,shuffled,5,65536,150310000,2293.548584,0,0,0,0
heap,64,16,rank_at_head,shuffled,6,65536,148367000,2263.900757,0,0,0,0
ordered_insert,64,16,rank_at_head,shuffled,6,65536,319056000,4868.408203,0,0,0,0
binary_identical,64,16,rank_at_head,shuffled,6,65536,148930000,2272.491455,0,0,0,0
binary,64,16,rank_at_head,shuffled,6,65536,148284000,2262.634277,0,0,0,0
ordered_insert,64,16,rank_at_tail,sorted,1,524288,1015324000,1936.576843,0,0,0,0
heap,64,16,rank_at_tail,sorted,1,524288,146343000,279.127121,0,0,0,0
binary,64,16,rank_at_tail,sorted,1,524288,144975000,276.517868,0,0,0,0
binary_identical,64,16,rank_at_tail,sorted,1,524288,148338000,282.932281,0,0,0,0
binary_identical,64,16,rank_at_tail,sorted,2,524288,148415000,283.079147,0,0,0,0
binary,64,16,rank_at_tail,sorted,2,524288,145074000,276.706696,0,0,0,0
heap,64,16,rank_at_tail,sorted,2,524288,144195000,275.030136,0,0,0,0
ordered_insert,64,16,rank_at_tail,sorted,2,524288,1017516000,1940.757751,0,0,0,0
heap,64,16,rank_at_tail,sorted,3,524288,145558000,277.629852,0,0,0,0
binary,64,16,rank_at_tail,sorted,3,524288,145269000,277.078629,0,0,0,0
binary_identical,64,16,rank_at_tail,sorted,3,524288,145323000,277.181625,0,0,0,0
ordered_insert,64,16,rank_at_tail,sorted,3,524288,1016118000,1938.091278,0,0,0,0
ordered_insert,64,16,rank_at_tail,sorted,4,524288,1017782000,1941.265106,0,0,0,0
binary_identical,64,16,rank_at_tail,sorted,4,524288,145301000,277.139664,0,0,0,0
binary,64,16,rank_at_tail,sorted,4,524288,145094000,276.744843,0,0,0,0
heap,64,16,rank_at_tail,sorted,4,524288,143711000,274.106979,0,0,0,0
binary,64,16,rank_at_tail,sorted,5,524288,144599000,275.800705,0,0,0,0
binary_identical,64,16,rank_at_tail,sorted,5,524288,145500000,277.519226,0,0,0,0
ordered_insert,64,16,rank_at_tail,sorted,5,524288,1024408000,1953.903198,0,0,0,0
heap,64,16,rank_at_tail,sorted,5,524288,144769000,276.124954,0,0,0,0
heap,64,16,rank_at_tail,sorted,6,524288,143615000,273.923874,0,0,0,0
ordered_insert,64,16,rank_at_tail,sorted,6,524288,1016459000,1938.741684,0,0,0,0
binary_identical,64,16,rank_at_tail,sorted,6,524288,145362000,277.256012,0,0,0,0
binary,64,16,rank_at_tail,sorted,6,524288,145438000,277.400970,0,0,0,0
ordered_insert,64,16,rank_at_tail,reverse,1,65536,322929000,4927.505493,0,0,0,0
heap,64,16,rank_at_tail,reverse,1,65536,133988000,2044.494629,0,0,0,0
binary,64,16,rank_at_tail,reverse,1,65536,133945000,2043.838501,0,0,0,0
binary_identical,64,16,rank_at_tail,reverse,1,65536,133754000,2040.924072,0,0,0,0
binary_identical,64,16,rank_at_tail,reverse,2,65536,132500000,2021.789551,0,0,0,0
binary,64,16,rank_at_tail,reverse,2,65536,132621000,2023.635864,0,0,0,0
heap,64,16,rank_at_tail,reverse,2,65536,135368000,2065.551758,0,0,0,0
ordered_insert,64,16,rank_at_tail,reverse,2,65536,324725000,4954.910278,0,0,0,0
heap,64,16,rank_at_tail,reverse,3,65536,132015000,2014.389038,0,0,0,0
binary,64,16,rank_at_tail,reverse,3,65536,138875000,2119.064331,0,0,0,0
binary_identical,64,16,rank_at_tail,reverse,3,65536,136070000,2076.263428,0,0,0,0
ordered_insert,64,16,rank_at_tail,reverse,3,65536,329031000,5020.614624,0,0,0,0
ordered_insert,64,16,rank_at_tail,reverse,4,65536,323589000,4937.576294,0,0,0,0
binary_identical,64,16,rank_at_tail,reverse,4,65536,137046000,2091.156006,0,0,0,0
binary,64,16,rank_at_tail,reverse,4,65536,135048000,2060.668945,0,0,0,0
heap,64,16,rank_at_tail,reverse,4,65536,134018000,2044.952393,0,0,0,0
binary,64,16,rank_at_tail,reverse,5,65536,133477000,2036.697388,0,0,0,0
binary_identical,64,16,rank_at_tail,reverse,5,65536,132094000,2015.594482,0,0,0,0
ordered_insert,64,16,rank_at_tail,reverse,5,65536,323280000,4932.861328,0,0,0,0
heap,64,16,rank_at_tail,reverse,5,65536,135665000,2070.083618,0,0,0,0
heap,64,16,rank_at_tail,reverse,6,65536,132171000,2016.769409,0,0,0,0
ordered_insert,64,16,rank_at_tail,reverse,6,65536,324508000,4951.599121,0,0,0,0
binary_identical,64,16,rank_at_tail,reverse,6,65536,132417000,2020.523071,0,0,0,0
binary,64,16,rank_at_tail,reverse,6,65536,131731000,2010.055542,0,0,0,0
ordered_insert,64,16,rank_at_tail,shuffled,1,65536,277151000,4228.988647,0,0,0,0
heap,64,16,rank_at_tail,shuffled,1,65536,147102000,2244.598389,0,0,0,0
binary,64,16,rank_at_tail,shuffled,1,65536,148334000,2263.397217,0,0,0,0
binary_identical,64,16,rank_at_tail,shuffled,1,65536,150114000,2290.557861,0,0,0,0
binary_identical,64,16,rank_at_tail,shuffled,2,65536,153403000,2340.744019,0,0,0,0
binary,64,16,rank_at_tail,shuffled,2,65536,146487000,2235.214233,0,0,0,0
heap,64,16,rank_at_tail,shuffled,2,65536,151701000,2314.773560,0,0,0,0
ordered_insert,64,16,rank_at_tail,shuffled,2,65536,279395000,4263.229370,0,0,0,0
heap,64,16,rank_at_tail,shuffled,3,65536,149962000,2288.238525,0,0,0,0
binary,64,16,rank_at_tail,shuffled,3,65536,151371000,2309.738159,0,0,0,0
binary_identical,64,16,rank_at_tail,shuffled,3,65536,147824000,2255.615234,0,0,0,0
ordered_insert,64,16,rank_at_tail,shuffled,3,65536,277846000,4239.593506,0,0,0,0
ordered_insert,64,16,rank_at_tail,shuffled,4,65536,276576000,4220.214844,0,0,0,0
binary_identical,64,16,rank_at_tail,shuffled,4,65536,149733000,2284.744263,0,0,0,0
binary,64,16,rank_at_tail,shuffled,4,65536,149044000,2274.230957,0,0,0,0
heap,64,16,rank_at_tail,shuffled,4,65536,144886000,2210.784912,0,0,0,0
binary,64,16,rank_at_tail,shuffled,5,65536,146553000,2236.221313,0,0,0,0
binary_identical,64,16,rank_at_tail,shuffled,5,65536,146822000,2240.325928,0,0,0,0
ordered_insert,64,16,rank_at_tail,shuffled,5,65536,277184000,4229.492188,0,0,0,0
heap,64,16,rank_at_tail,shuffled,5,65536,146091000,2229.171753,0,0,0,0
heap,64,16,rank_at_tail,shuffled,6,65536,145792000,2224.609375,0,0,0,0
ordered_insert,64,16,rank_at_tail,shuffled,6,65536,276374000,4217.132568,0,0,0,0
binary_identical,64,16,rank_at_tail,shuffled,6,65536,147187000,2245.895386,0,0,0,0
binary,64,16,rank_at_tail,shuffled,6,65536,144982000,2212.249756,0,0,0,0
ordered_insert,64,32,rank_at_head,sorted,1,524288,1028624000,1961.944580,0,0,0,0
heap,64,32,rank_at_head,sorted,1,524288,142132000,271.095276,0,0,0,0
binary,64,32,rank_at_head,sorted,1,524288,143316000,273.353577,0,0,0,0
binary_identical,64,32,rank_at_head,sorted,1,524288,143823000,274.320602,0,0,0,0
binary_identical,64,32,rank_at_head,sorted,2,524288,143623000,273.939133,0,0,0,0
binary,64,32,rank_at_head,sorted,2,524288,143386000,273.487091,0,0,0,0
heap,64,32,rank_at_head,sorted,2,524288,142018000,270.877838,0,0,0,0
ordered_insert,64,32,rank_at_head,sorted,2,524288,1034155000,1972.494125,0,0,0,0
heap,64,32,rank_at_head,sorted,3,524288,143593000,273.881912,0,0,0,0
binary,64,32,rank_at_head,sorted,3,524288,143437000,273.584366,0,0,0,0
binary_identical,64,32,rank_at_head,sorted,3,524288,143338000,273.395538,0,0,0,0
ordered_insert,64,32,rank_at_head,sorted,3,524288,1026631000,1958.143234,0,0,0,0
ordered_insert,64,32,rank_at_head,sorted,4,524288,1033363000,1970.983505,0,0,0,0
binary_identical,64,32,rank_at_head,sorted,4,524288,143463000,273.633957,0,0,0,0
binary,64,32,rank_at_head,sorted,4,524288,143691000,274.068832,0,0,0,0
heap,64,32,rank_at_head,sorted,4,524288,142608000,272.003174,0,0,0,0
binary,64,32,rank_at_head,sorted,5,524288,147245000,280.847549,0,0,0,0
binary_identical,64,32,rank_at_head,sorted,5,524288,147658000,281.635284,0,0,0,0
ordered_insert,64,32,rank_at_head,sorted,5,524288,1039642000,1982.959747,0,0,0,0
heap,64,32,rank_at_head,sorted,5,524288,142909000,272.577286,0,0,0,0
heap,64,32,rank_at_head,sorted,6,524288,142732000,272.239685,0,0,0,0
ordered_insert,64,32,rank_at_head,sorted,6,524288,1030866000,1966.220856,0,0,0,0
binary_identical,64,32,rank_at_head,sorted,6,524288,143543000,273.786545,0,0,0,0
binary,64,32,rank_at_head,sorted,6,524288,144882000,276.340485,0,0,0,0
ordered_insert,64,32,rank_at_head,reverse,1,65536,324369000,4949.478149,0,0,0,0
heap,64,32,rank_at_head,reverse,1,65536,133588000,2038.391113,0,0,0,0
binary,64,32,rank_at_head,reverse,1,65536,133461000,2036.453247,0,0,0,0
binary_identical,64,32,rank_at_head,reverse,1,65536,129589000,1977.371216,0,0,0,0
binary_identical,64,32,rank_at_head,reverse,2,65536,129583000,1977.279663,0,0,0,0
binary,64,32,rank_at_head,reverse,2,65536,129440000,1975.097656,0,0,0,0
heap,64,32,rank_at_head,reverse,2,65536,130586000,1992.584229,0,0,0,0
ordered_insert,64,32,rank_at_head,reverse,2,65536,324506000,4951.568604,0,0,0,0
heap,64,32,rank_at_head,reverse,3,65536,133942000,2043.792725,0,0,0,0
binary,64,32,rank_at_head,reverse,3,65536,131185000,2001.724243,0,0,0,0
binary_identical,64,32,rank_at_head,reverse,3,65536,129448000,1975.219727,0,0,0,0
ordered_insert,64,32,rank_at_head,reverse,3,65536,324539000,4952.072144,0,0,0,0
ordered_insert,64,32,rank_at_head,reverse,4,65536,325680000,4969.482422,0,0,0,0
binary_identical,64,32,rank_at_head,reverse,4,65536,133563000,2038.009644,0,0,0,0
binary,64,32,rank_at_head,reverse,4,65536,131633000,2008.560181,0,0,0,0
heap,64,32,rank_at_head,reverse,4,65536,134554000,2053.131104,0,0,0,0
binary,64,32,rank_at_head,reverse,5,65536,129235000,1971.969604,0,0,0,0
binary_identical,64,32,rank_at_head,reverse,5,65536,130080000,1984.863281,0,0,0,0
ordered_insert,64,32,rank_at_head,reverse,5,65536,326096000,4975.830078,0,0,0,0
heap,64,32,rank_at_head,reverse,5,65536,135676000,2070.251465,0,0,0,0
heap,64,32,rank_at_head,reverse,6,65536,131318000,2003.753662,0,0,0,0
ordered_insert,64,32,rank_at_head,reverse,6,65536,326568000,4983.032227,0,0,0,0
binary_identical,64,32,rank_at_head,reverse,6,65536,130160000,1986.083984,0,0,0,0
binary,64,32,rank_at_head,reverse,6,65536,130736000,1994.873047,0,0,0,0
ordered_insert,64,32,rank_at_head,shuffled,1,65536,273230000,4169.158936,0,0,0,0
heap,64,32,rank_at_head,shuffled,1,65536,140623000,2145.736694,0,0,0,0
binary,64,32,rank_at_head,shuffled,1,65536,141259000,2155.441284,0,0,0,0
binary_identical,64,32,rank_at_head,shuffled,1,65536,139634000,2130.645752,0,0,0,0
binary_identical,64,32,rank_at_head,shuffled,2,65536,139782000,2132.904053,0,0,0,0
binary,64,32,rank_at_head,shuffled,2,65536,139568000,2129.638672,0,0,0,0
heap,64,32,rank_at_head,shuffled,2,65536,139057000,2121.841431,0,0,0,0
ordered_insert,64,32,rank_at_head,shuffled,2,65536,271058000,4136.016846,0,0,0,0
heap,64,32,rank_at_head,shuffled,3,65536,139005000,2121.047974,0,0,0,0
binary,64,32,rank_at_head,shuffled,3,65536,140214000,2139.495850,0,0,0,0
binary_identical,64,32,rank_at_head,shuffled,3,65536,139635000,2130.661011,0,0,0,0
ordered_insert,64,32,rank_at_head,shuffled,3,65536,275598000,4205.291748,0,0,0,0
ordered_insert,64,32,rank_at_head,shuffled,4,65536,272582000,4159.271240,0,0,0,0
binary_identical,64,32,rank_at_head,shuffled,4,65536,139720000,2131.958008,0,0,0,0
binary,64,32,rank_at_head,shuffled,4,65536,140872000,2149.536133,0,0,0,0
heap,64,32,rank_at_head,shuffled,4,65536,139945000,2135.391235,0,0,0,0
binary,64,32,rank_at_head,shuffled,5,65536,140300000,2140.808105,0,0,0,0
binary_identical,64,32,rank_at_head,shuffled,5,65536,139118000,2122.772217,0,0,0,0
ordered_insert,64,32,rank_at_head,shuffled,5,65536,274115000,4182.662964,0,0,0,0
heap,64,32,rank_at_head,shuffled,5,65536,140703000,2146.957397,0,0,0,0
heap,64,32,rank_at_head,shuffled,6,65536,139829000,2133.621216,0,0,0,0
ordered_insert,64,32,rank_at_head,shuffled,6,65536,271450000,4141.998291,0,0,0,0
binary_identical,64,32,rank_at_head,shuffled,6,65536,141151000,2153.793335,0,0,0,0
binary,64,32,rank_at_head,shuffled,6,65536,140397000,2142.288208,0,0,0,0
ordered_insert,64,32,rank_at_tail,sorted,1,524288,1159385000,2211.351395,0,0,0,0
heap,64,32,rank_at_tail,sorted,1,524288,154993000,295.625687,0,0,0,0
binary,64,32,rank_at_tail,sorted,1,524288,155246000,296.108246,0,0,0,0
binary_identical,64,32,rank_at_tail,sorted,1,524288,155498000,296.588898,0,0,0,0
binary_identical,64,32,rank_at_tail,sorted,2,524288,157397000,300.210953,0,0,0,0
binary,64,32,rank_at_tail,sorted,2,524288,155844000,297.248840,0,0,0,0
heap,64,32,rank_at_tail,sorted,2,524288,154536000,294.754028,0,0,0,0
ordered_insert,64,32,rank_at_tail,sorted,2,524288,1162023000,2216.382980,0,0,0,0
heap,64,32,rank_at_tail,sorted,3,524288,154102000,293.926239,0,0,0,0
binary,64,32,rank_at_tail,sorted,3,524288,155203000,296.026230,0,0,0,0
binary_identical,64,32,rank_at_tail,sorted,3,524288,160350000,305.843353,0,0,0,0
ordered_insert,64,32,rank_at_tail,sorted,3,524288,1159190000,2210.979462,0,0,0,0
ordered_insert,64,32,rank_at_tail,sorted,4,524288,1156657000,2206.148148,0,0,0,0
binary_identical,64,32,rank_at_tail,sorted,4,524288,156167000,297.864914,0,0,0,0
binary,64,32,rank_at_tail,sorted,4,524288,155026000,295.688629,0,0,0,0
heap,64,32,rank_at_tail,sorted,4,524288,154178000,294.071198,0,0,0,0
binary,64,32,rank_at_tail,sorted,5,524288,155691000,296.957016,0,0,0,0
binary_identical,64,32,rank_at_tail,sorted,5,524288,155427000,296.453476,0,0,0,0
ordered_insert,64,32,rank_at_tail,sorted,5,524288,1158382000,2209.438324,0,0,0,0
heap,64,32,rank_at_tail,sorted,5,524288,153608000,292.984009,0,0,0,0
heap,64,32,rank_at_tail,sorted,6,524288,153679000,293.119431,0,0,0,0
ordered_insert,64,32,rank_at_tail,sorted,6,524288,1162988000,2218.223572,0,0,0,0
binary_identical,64,32,rank_at_tail,sorted,6,524288,155108000,295.845032,0,0,0,0
binary,64,32,rank_at_tail,sorted,6,524288,155417000,296.434402,0,0,0,0
ordered_insert,64,32,rank_at_tail,reverse,1,65536,375036000,5722.595215,0,0,0,0
heap,64,32,rank_at_tail,reverse,1,65536,150374000,2294.525146,0,0,0,0
binary,64,32,rank_at_tail,reverse,1,65536,150049000,2289.566040,0,0,0,0
binary_identical,64,32,rank_at_tail,reverse,1,65536,152065000,2320.327759,0,0,0,0
binary_identical,64,32,rank_at_tail,reverse,2,65536,153732000,2345.764160,0,0,0,0
binary,64,32,rank_at_tail,reverse,2,65536,192346000,2934.967041,0,0,0,0
heap,64,32,rank_at_tail,reverse,2,65536,147185000,2245.864868,0,0,0,0
ordered_insert,64,32,rank_at_tail,reverse,2,65536,361775000,5520.248413,0,0,0,0
heap,64,32,rank_at_tail,reverse,3,65536,142808000,2179.077148,0,0,0,0
binary,64,32,rank_at_tail,reverse,3,65536,145745000,2223.892212,0,0,0,0
binary_identical,64,32,rank_at_tail,reverse,3,65536,149671000,2283.798218,0,0,0,0
ordered_insert,64,32,rank_at_tail,reverse,3,65536,358006000,5462.738037,0,0,0,0
ordered_insert,64,32,rank_at_tail,reverse,4,65536,355211000,5420.089722,0,0,0,0
binary_identical,64,32,rank_at_tail,reverse,4,65536,149853000,2286.575317,0,0,0,0
binary,64,32,rank_at_tail,reverse,4,65536,148922000,2272.369385,0,0,0,0
heap,64,32,rank_at_tail,reverse,4,65536,145819000,2225.021362,0,0,0,0
binary,64,32,rank_at_tail,reverse,5,65536,146480000,2235.107422,0,0,0,0
binary_identical,64,32,rank_at_tail,reverse,5,65536,143067000,2183.029175,0,0,0,0
ordered_insert,64,32,rank_at_tail,reverse,5,65536,355736000,5428.100586,0,0,0,0
heap,64,32,rank_at_tail,reverse,5,65536,143936000,2196.289062,0,0,0,0
heap,64,32,rank_at_tail,reverse,6,65536,143480000,2189.331055,0,0,0,0
ordered_insert,64,32,rank_at_tail,reverse,6,65536,356828000,5444.763184,0,0,0,0
binary_identical,64,32,rank_at_tail,reverse,6,65536,144613000,2206.619263,0,0,0,0
binary,64,32,rank_at_tail,reverse,6,65536,144672000,2207.519531,0,0,0,0
ordered_insert,64,32,rank_at_tail,shuffled,1,65536,302578000,4616.973877,0,0,0,0
heap,64,32,rank_at_tail,shuffled,1,65536,157076000,2396.789551,0,0,0,0
binary,64,32,rank_at_tail,shuffled,1,65536,159119000,2427.963257,0,0,0,0
binary_identical,64,32,rank_at_tail,shuffled,1,65536,156899000,2394.088745,0,0,0,0
binary_identical,64,32,rank_at_tail,shuffled,2,65536,158376000,2416.625977,0,0,0,0
binary,64,32,rank_at_tail,shuffled,2,65536,158843000,2423.751831,0,0,0,0
heap,64,32,rank_at_tail,shuffled,2,65536,155402000,2371.246338,0,0,0,0
ordered_insert,64,32,rank_at_tail,shuffled,2,65536,298963000,4561.813354,0,0,0,0
heap,64,32,rank_at_tail,shuffled,3,65536,154698000,2360.504150,0,0,0,0
binary,64,32,rank_at_tail,shuffled,3,65536,158275000,2415.084839,0,0,0,0
binary_identical,64,32,rank_at_tail,shuffled,3,65536,159596000,2435.241699,0,0,0,0
ordered_insert,64,32,rank_at_tail,shuffled,3,65536,304132000,4640.686035,0,0,0,0
ordered_insert,64,32,rank_at_tail,shuffled,4,65536,297654000,4541.839600,0,0,0,0
binary_identical,64,32,rank_at_tail,shuffled,4,65536,156275000,2384.567261,0,0,0,0
binary,64,32,rank_at_tail,shuffled,4,65536,156825000,2392.959595,0,0,0,0
heap,64,32,rank_at_tail,shuffled,4,65536,158994000,2426.055908,0,0,0,0
binary,64,32,rank_at_tail,shuffled,5,65536,158762000,2422.515869,0,0,0,0
binary_identical,64,32,rank_at_tail,shuffled,5,65536,155427000,2371.627808,0,0,0,0
ordered_insert,64,32,rank_at_tail,shuffled,5,65536,296985000,4531.631470,0,0,0,0
heap,64,32,rank_at_tail,shuffled,5,65536,156489000,2387.832642,0,0,0,0
heap,64,32,rank_at_tail,shuffled,6,65536,156871000,2393.661499,0,0,0,0
ordered_insert,64,32,rank_at_tail,shuffled,6,65536,298631000,4556.747437,0,0,0,0
binary_identical,64,32,rank_at_tail,shuffled,6,65536,158602000,2420.074463,0,0,0,0
binary,64,32,rank_at_tail,shuffled,6,65536,156599000,2389.511108,0,0,0,0
ordered_insert,64,256,rank_at_head,sorted,1,524288,1160135000,2212.781906,0,0,0,0
heap,64,256,rank_at_head,sorted,1,524288,157372000,300.163269,0,0,0,0
binary,64,256,rank_at_head,sorted,1,524288,159228000,303.703308,0,0,0,0
binary_identical,64,256,rank_at_head,sorted,1,524288,158401000,302.125931,0,0,0,0
binary_identical,64,256,rank_at_head,sorted,2,524288,159710000,304.622650,0,0,0,0
binary,64,256,rank_at_head,sorted,2,524288,158438000,302.196503,0,0,0,0
heap,64,256,rank_at_head,sorted,2,524288,157657000,300.706863,0,0,0,0
ordered_insert,64,256,rank_at_head,sorted,2,524288,1159543000,2211.652756,0,0,0,0
heap,64,256,rank_at_head,sorted,3,524288,157432000,300.277710,0,0,0,0
binary,64,256,rank_at_head,sorted,3,524288,158019000,301.397324,0,0,0,0
binary_identical,64,256,rank_at_head,sorted,3,524288,158505000,302.324295,0,0,0,0
ordered_insert,64,256,rank_at_head,sorted,3,524288,1160782000,2214.015961,0,0,0,0
ordered_insert,64,256,rank_at_head,sorted,4,524288,1166296000,2224.533081,0,0,0,0
binary_identical,64,256,rank_at_head,sorted,4,524288,158526000,302.364349,0,0,0,0
binary,64,256,rank_at_head,sorted,4,524288,158838000,302.959442,0,0,0,0
heap,64,256,rank_at_head,sorted,4,524288,158235000,301.809311,0,0,0,0
binary,64,256,rank_at_head,sorted,5,524288,159175000,303.602219,0,0,0,0
binary_identical,64,256,rank_at_head,sorted,5,524288,158755000,302.801132,0,0,0,0
ordered_insert,64,256,rank_at_head,sorted,5,524288,1172150000,2235.698700,0,0,0,0
heap,64,256,rank_at_head,sorted,5,524288,158788000,302.864075,0,0,0,0
heap,64,256,rank_at_head,sorted,6,524288,157731000,300.848007,0,0,0,0
ordered_insert,64,256,rank_at_head,sorted,6,524288,1161237000,2214.883804,0,0,0,0
binary_identical,64,256,rank_at_head,sorted,6,524288,158978000,303.226471,0,0,0,0
binary,64,256,rank_at_head,sorted,6,524288,157980000,301.322937,0,0,0,0
ordered_insert,64,256,rank_at_head,reverse,1,65536,353199000,5389.389038,0,0,0,0
heap,64,256,rank_at_head,reverse,1,65536,143386000,2187.896729,0,0,0,0
binary,64,256,rank_at_head,reverse,1,65536,142196000,2169.738770,0,0,0,0
binary_identical,64,256,rank_at_head,reverse,1,65536,140966000,2150.970459,0,0,0,0
binary_identical,64,256,rank_at_head,reverse,2,65536,139542000,2129.241943,0,0,0,0
binary,64,256,rank_at_head,reverse,2,65536,141828000,2164.123535,0,0,0,0
heap,64,256,rank_at_head,reverse,2,65536,144641000,2207.046509,0,0,0,0
ordered_insert,64,256,rank_at_head,reverse,2,65536,353007000,5386.459351,0,0,0,0
heap,64,256,rank_at_head,reverse,3,65536,139500000,2128.601074,0,0,0,0
binary,64,256,rank_at_head,reverse,3,65536,142854000,2179.779053,0,0,0,0
binary_identical,64,256,rank_at_head,reverse,3,65536,140238000,2139.862061,0,0,0,0
ordered_insert,64,256,rank_at_head,reverse,3,65536,352444000,5377.868652,0,0,0,0
ordered_insert,64,256,rank_at_head,reverse,4,65536,353302000,5390.960693,0,0,0,0
binary_identical,64,256,rank_at_head,reverse,4,65536,140969000,2151.016235,0,0,0,0
binary,64,256,rank_at_head,reverse,4,65536,139687000,2131.454468,0,0,0,0
heap,64,256,rank_at_head,reverse,4,65536,143120000,2183.837891,0,0,0,0
binary,64,256,rank_at_head,reverse,5,65536,140246000,2139.984131,0,0,0,0
binary_identical,64,256,rank_at_head,reverse,5,65536,140099000,2137.741089,0,0,0,0
ordered_insert,64,256,rank_at_head,reverse,5,65536,352431000,5377.670288,0,0,0,0
heap,64,256,rank_at_head,reverse,5,65536,140762000,2147.857666,0,0,0,0
heap,64,256,rank_at_head,reverse,6,65536,139830000,2133.636475,0,0,0,0
ordered_insert,64,256,rank_at_head,reverse,6,65536,354013000,5401.809692,0,0,0,0
binary_identical,64,256,rank_at_head,reverse,6,65536,145169000,2215.103149,0,0,0,0
binary,64,256,rank_at_head,reverse,6,65536,140553000,2144.668579,0,0,0,0
ordered_insert,64,256,rank_at_head,shuffled,1,65536,294755000,4497.604370,0,0,0,0
heap,64,256,rank_at_head,shuffled,1,65536,157367000,2401.229858,0,0,0,0
binary,64,256,rank_at_head,shuffled,1,65536,156784000,2392.333984,0,0,0,0
binary_identical,64,256,rank_at_head,shuffled,1,65536,154111000,2351.547241,0,0,0,0
binary_identical,64,256,rank_at_head,shuffled,2,65536,152010000,2319.488525,0,0,0,0
binary,64,256,rank_at_head,shuffled,2,65536,154663000,2359.970093,0,0,0,0
heap,64,256,rank_at_head,shuffled,2,65536,156982000,2395.355225,0,0,0,0
ordered_insert,64,256,rank_at_head,shuffled,2,65536,295140000,4503.479004,0,0,0,0
heap,64,256,rank_at_head,shuffled,3,65536,152613000,2328.689575,0,0,0,0
binary,64,256,rank_at_head,shuffled,3,65536,152043000,2319.992065,0,0,0,0
binary_identical,64,256,rank_at_head,shuffled,3,65536,152261000,2323.318481,0,0,0,0
ordered_insert,64,256,rank_at_head,shuffled,3,65536,295427000,4507.858276,0,0,0,0
ordered_insert,64,256,rank_at_head,shuffled,4,65536,297459000,4538.864136,0,0,0,0
binary_identical,64,256,rank_at_head,shuffled,4,65536,152446000,2326.141357,0,0,0,0
binary,64,256,rank_at_head,shuffled,4,65536,151586000,2313.018799,0,0,0,0
heap,64,256,rank_at_head,shuffled,4,65536,153109000,2336.257935,0,0,0,0
binary,64,256,rank_at_head,shuffled,5,65536,154582000,2358.734131,0,0,0,0
binary_identical,64,256,rank_at_head,shuffled,5,65536,151719000,2315.048218,0,0,0,0
ordered_insert,64,256,rank_at_head,shuffled,5,65536,297996000,4547.058105,0,0,0,0
heap,64,256,rank_at_head,shuffled,5,65536,154984000,2364.868164,0,0,0,0
heap,64,256,rank_at_head,shuffled,6,65536,155785000,2377.090454,0,0,0,0
ordered_insert,64,256,rank_at_head,shuffled,6,65536,298012000,4547.302246,0,0,0,0
binary_identical,64,256,rank_at_head,shuffled,6,65536,153623000,2344.100952,0,0,0,0
binary,64,256,rank_at_head,shuffled,6,65536,152570000,2328.033447,0,0,0,0
ordered_insert,64,256,rank_at_tail,sorted,1,262144,1145983000,4371.578217,0,0,0,0
heap,64,256,rank_at_tail,sorted,1,262144,162491000,619.853973,0,0,0,0
binary,64,256,rank_at_tail,sorted,1,262144,161339000,615.459442,0,0,0,0
binary_identical,64,256,rank_at_tail,sorted,1,262144,164813000,628.711700,0,0,0,0
binary_identical,64,256,rank_at_tail,sorted,2,262144,161554000,616.279602,0,0,0,0
binary,64,256,rank_at_tail,sorted,2,262144,160897000,613.773346,0,0,0,0
heap,64,256,rank_at_tail,sorted,2,262144,161561000,616.306305,0,0,0,0
ordered_insert,64,256,rank_at_tail,sorted,2,262144,1148321000,4380.496979,0,0,0,0
heap,64,256,rank_at_tail,sorted,3,262144,162232000,618.865967,0,0,0,0
binary,64,256,rank_at_tail,sorted,3,262144,162033000,618.106842,0,0,0,0
binary_identical,64,256,rank_at_tail,sorted,3,262144,160277000,611.408234,0,0,0,0
ordered_insert,64,256,rank_at_tail,sorted,3,262144,1152436000,4396.194458,0,0,0,0
ordered_insert,64,256,rank_at_tail,sorted,4,262144,1157220000,4414.443970,0,0,0,0
binary_identical,64,256,rank_at_tail,sorted,4,262144,160916000,613.845825,0,0,0,0
binary,64,256,rank_at_tail,sorted,4,262144,161206000,614.952087,0,0,0,0
heap,64,256,rank_at_tail,sorted,4,262144,162362000,619.361877,0,0,0,0
binary,64,256,rank_at_tail,sorted,5,262144,161448000,615.875244,0,0,0,0
binary_identical,64,256,rank_at_tail,sorted,5,262144,165045000,629.596710,0,0,0,0
ordered_insert,64,256,rank_at_tail,sorted,5,262144,1153648000,4400.817871,0,0,0,0
heap,64,256,rank_at_tail,sorted,5,262144,162431000,619.625092,0,0,0,0
heap,64,256,rank_at_tail,sorted,6,262144,162072000,618.255615,0,0,0,0
ordered_insert,64,256,rank_at_tail,sorted,6,262144,1151184000,4391.418457,0,0,0,0
binary_identical,64,256,rank_at_tail,sorted,6,262144,160107000,610.759735,0,0,0,0
binary,64,256,rank_at_tail,sorted,6,262144,163093000,622.150421,0,0,0,0
ordered_insert,64,256,rank_at_tail,reverse,1,16384,109742000,6698.120117,0,0,0,0
heap,64,256,rank_at_tail,reverse,1,16384,125724000,7673.583984,0,0,0,0
binary,64,256,rank_at_tail,reverse,1,16384,125647000,7668.884277,0,0,0,0
binary_identical,64,256,rank_at_tail,reverse,1,16384,126016000,7691.406250,0,0,0,0
binary_identical,64,256,rank_at_tail,reverse,2,16384,125574000,7664.428711,0,0,0,0
binary,64,256,rank_at_tail,reverse,2,16384,125787000,7677.429199,0,0,0,0
heap,64,256,rank_at_tail,reverse,2,16384,128272000,7829.101562,0,0,0,0
ordered_insert,64,256,rank_at_tail,reverse,2,16384,110165000,6723.937988,0,0,0,0
heap,64,256,rank_at_tail,reverse,3,16384,126120000,7697.753906,0,0,0,0
binary,64,256,rank_at_tail,reverse,3,16384,125271000,7645.935059,0,0,0,0
binary_identical,64,256,rank_at_tail,reverse,3,16384,124948000,7626.220703,0,0,0,0
ordered_insert,64,256,rank_at_tail,reverse,3,16384,113563000,6931.335449,0,0,0,0
ordered_insert,64,256,rank_at_tail,reverse,4,16384,111997000,6835.754395,0,0,0,0
binary_identical,64,256,rank_at_tail,reverse,4,16384,125096000,7635.253906,0,0,0,0
binary,64,256,rank_at_tail,reverse,4,16384,125309000,7648.254395,0,0,0,0
heap,64,256,rank_at_tail,reverse,4,16384,128990000,7872.924805,0,0,0,0
binary,64,256,rank_at_tail,reverse,5,16384,125868000,7682.373047,0,0,0,0
binary_identical,64,256,rank_at_tail,reverse,5,16384,125366000,7651.733398,0,0,0,0
ordered_insert,64,256,rank_at_tail,reverse,5,16384,110087000,6719.177246,0,0,0,0
heap,64,256,rank_at_tail,reverse,5,16384,126119000,7697.692871,0,0,0,0
heap,64,256,rank_at_tail,reverse,6,16384,126529000,7722.717285,0,0,0,0
ordered_insert,64,256,rank_at_tail,reverse,6,16384,109813000,6702.453613,0,0,0,0
binary_identical,64,256,rank_at_tail,reverse,6,16384,125993000,7690.002441,0,0,0,0
binary,64,256,rank_at_tail,reverse,6,16384,126250000,7705.688477,0,0,0,0
ordered_insert,64,256,rank_at_tail,shuffled,1,16384,101929000,6221.252441,0,0,0,0
heap,64,256,rank_at_tail,shuffled,1,16384,143801000,8776.916504,0,0,0,0
binary,64,256,rank_at_tail,shuffled,1,16384,144374000,8811.889648,0,0,0,0
binary_identical,64,256,rank_at_tail,shuffled,1,16384,144125000,8796.691895,0,0,0,0
binary_identical,64,256,rank_at_tail,shuffled,2,16384,143867000,8780.944824,0,0,0,0
binary,64,256,rank_at_tail,shuffled,2,16384,144610000,8826.293945,0,0,0,0
heap,64,256,rank_at_tail,shuffled,2,16384,162038000,9890.014648,0,0,0,0
ordered_insert,64,256,rank_at_tail,shuffled,2,16384,136721000,8344.787598,0,0,0,0
heap,64,256,rank_at_tail,shuffled,3,16384,147488000,9001.953125,0,0,0,0
binary,64,256,rank_at_tail,shuffled,3,16384,146230000,8925.170898,0,0,0,0
binary_identical,64,256,rank_at_tail,shuffled,3,16384,144588000,8824.951172,0,0,0,0
ordered_insert,64,256,rank_at_tail,shuffled,3,16384,101379000,6187.683105,0,0,0,0
ordered_insert,64,256,rank_at_tail,shuffled,4,16384,101537000,6197.326660,0,0,0,0
binary_identical,64,256,rank_at_tail,shuffled,4,16384,144675000,8830.261230,0,0,0,0
binary,64,256,rank_at_tail,shuffled,4,16384,143972000,8787.353516,0,0,0,0
heap,64,256,rank_at_tail,shuffled,4,16384,143113000,8734.924316,0,0,0,0
binary,64,256,rank_at_tail,shuffled,5,16384,143300000,8746.337891,0,0,0,0
binary_identical,64,256,rank_at_tail,shuffled,5,16384,144177000,8799.865723,0,0,0,0
ordered_insert,64,256,rank_at_tail,shuffled,5,16384,101071000,6168.884277,0,0,0,0
heap,64,256,rank_at_tail,shuffled,5,16384,144401000,8813.537598,0,0,0,0
heap,64,256,rank_at_tail,shuffled,6,16384,143901000,8783.020020,0,0,0,0
ordered_insert,64,256,rank_at_tail,shuffled,6,16384,103426000,6312.622070,0,0,0,0
binary_identical,64,256,rank_at_tail,shuffled,6,16384,144844000,8840.576172,0,0,0,0
binary,64,256,rank_at_tail,shuffled,6,16384,144413000,8814.270020,0,0,0,0
